This is pdfTeX, Version 3.141592653-2.6-1.40.29 (MiKTeX 26.2) (preloaded format=pdflatex 2026.8.15)  9 SEP 2026 12:52
entering extended mode
 file:line:error style messages enabled.
 %&-line parsing enabled.
**./geometric_q_fabius_frontiers.tex
(geometric_q_fabius_frontiers.tex
LaTeX2e <2025-11-01>
L3 programming layer <2026-03-20>
(C:\Users\vresh\AppData\Local\Programs\MiKTeX\tex/latex/base\article.cls
Document Class: article 2025/01/22 v1.4n Standard LaTeX document class
(C:\Users\vresh\AppData\Local\Programs\MiKTeX\tex/latex/base\size11.clo
File: size11.clo 2025/01/22 v1.4n Standard LaTeX file (size option)
)
\c@part=\count275
\c@section=\count276
\c@subsection=\count277
\c@subsubsection=\count278
\c@paragraph=\count279
\c@subparagraph=\count280
\c@figure=\count281
\c@table=\count282
\abovecaptionskip=\skip49
\belowcaptionskip=\skip50
\bibindent=\dimen150
)
(C:\Users\vresh\AppData\Local\Programs\MiKTeX\tex/latex/geometry\geometry.sty
Package: geometry 2026/03/07 v6.0 Page Geometry

(C:\Users\vresh\AppData\Local\Programs\MiKTeX\tex/latex/graphics\keyval.sty
Package: keyval 2022/05/29 v1.15 key=value parser (DPC)
\KV@toks@=\toks17
)
(C:\Users\vresh\AppData\Local\Programs\MiKTeX\tex/generic/iftex\ifvtex.sty
Package: ifvtex 2019/10/25 v1.7 ifvtex legacy package. Use iftex instead.

(C:\Users\vresh\AppData\Local\Programs\MiKTeX\tex/generic/iftex\iftex.sty
Package: iftex 2024/12/12 v1.0g TeX engine tests
))
\Gm@cnth=\count283
\Gm@cntv=\count284
\c@Gm@tempcnt=\count285
\Gm@bindingoffset=\dimen151
\Gm@wd@mp=\dimen152
\Gm@odd@mp=\dimen153
\Gm@even@mp=\dimen154
\Gm@layoutwidth=\dimen155
\Gm@layoutheight=\dimen156
\Gm@layouthoffset=\dimen157
\Gm@layoutvoffset=\dimen158
\Gm@dimlist=\toks18

(C:\Users\vresh\AppData\Local\Programs\MiKTeX\tex/latex/geometry\geometry.cfg))
(C:\Users\vresh\AppData\Local\Programs\MiKTeX\tex/latex/base\fontenc.sty
Package: fontenc 2025/07/18 v2.1d Standard LaTeX package
)
(C:\Users\vresh\AppData\Local\Programs\MiKTeX\tex/latex/base\inputenc.sty
Package: inputenc 2024/02/08 v1.3d Input encoding file
\inpenc@prehook=\toks19
\inpenc@posthook=\toks20
)
(C:\Users\vresh\AppData\Local\Programs\MiKTeX\tex/latex/libertinus\libertinus.s
ty
Package: libertinus 2020/05/06 v. 0.02 (Herbert Voss) Supports libertinus fonts
 for pdflatex/lualatex/xelatex
 (C:\Users\vresh\AppData\Local\Programs\MiKTeX\tex/latex/xkeyval\xkeyval.sty
Package: xkeyval 2022/06/16 v2.9 package option processing (HA)

(C:\Users\vresh\AppData\Local\Programs\MiKTeX\tex/generic/xkeyval\xkeyval.tex
(C:\Users\vresh\AppData\Local\Programs\MiKTeX\tex/generic/xkeyval\xkvutils.tex
\XKV@toks=\toks21
\XKV@tempa@toks=\toks22
)
\XKV@depth=\count286
File: xkeyval.tex 2014/12/03 v2.7a key=value parser (HA)
))
(C:\Users\vresh\AppData\Local\Programs\MiKTeX\tex/latex/libertinus-type1\libert
inus-type1.sty
Package: libertinus-type1 2025/11/17 (Bob Tennent) Supports libertinus fonts fo
r latex/pdflatex.

(C:\Users\vresh\AppData\Local\Programs\MiKTeX\tex/generic/iftex\ifxetex.sty
Package: ifxetex 2019/10/25 v0.7 ifxetex legacy package. Use iftex instead.
)
(C:\Users\vresh\AppData\Local\Programs\MiKTeX\tex/generic/iftex\ifluatex.sty
Package: ifluatex 2019/10/25 v1.5 ifluatex legacy package. Use iftex instead.
)
(C:\Users\vresh\AppData\Local\Programs\MiKTeX\tex/latex/base\textcomp.sty
Package: textcomp 2024/04/24 v2.1b Standard LaTeX package
)
(C:\Users\vresh\AppData\Local\Programs\MiKTeX\tex/latex/base\fontenc.sty
Package: fontenc 2025/07/18 v2.1d Standard LaTeX package
)
(C:\Users\vresh\AppData\Local\Programs\MiKTeX\tex/latex/fontaxes\fontaxes.sty
Package: fontaxes 2026-01-02 v2.0.2 Font selection axes (deprecated)
Applying: [2024-11-01] Use figureversions if present on input line 74.

(C:\Users\vresh\AppData\Local\Programs\MiKTeX\tex/latex/figureversions\figureve
rsions.sty
Package: figureversions 2025-04-29 v1.0.1 Figure versions
)
Already applied: [0000-00-00] Fall back to v1 on input line 76.
)))
(C:\Users\vresh\AppData\Local\Programs\MiKTeX\tex/latex/microtype\microtype.sty
Package: microtype 2026/03/01 v3.2d Micro-typographical refinements (RS)
(C:\Users\vresh\AppData\Local\Programs\MiKTeX\tex/latex/etoolbox\etoolbox.sty
Package: etoolbox 2025/10/02 v2.5m e-TeX tools for LaTeX (JAW)
\etb@tempcnta=\count287
)
\MT@toks=\toks23
\MT@tempbox=\box53
\MT@count=\count288
LaTeX Info: Redefining \noprotrusionifhmode on input line 1084.
LaTeX Info: Redefining \leftprotrusion on input line 1085.
\MT@prot@toks=\toks24
LaTeX Info: Redefining \rightprotrusion on input line 1104.
LaTeX Info: Redefining \textls on input line 1449.
\MT@outer@kern=\dimen159
LaTeX Info: Redefining \microtypecontext on input line 2053.
LaTeX Info: Redefining \textmicrotypecontext on input line 2070.
\MT@listname@count=\count289

(C:\Users\vresh\AppData\Local\Programs\MiKTeX\tex/latex/microtype\microtype-pdf
tex.def
File: microtype-pdftex.def 2026/03/01 v3.2d Definitions specific to pdftex (RS)

LaTeX Info: Redefining \lsstyle on input line 944.
LaTeX Info: Redefining \lslig on input line 944.
\MT@outer@space=\skip51
)
Package microtype Info: Loading configuration file microtype.cfg.

(C:\Users\vresh\AppData\Local\Programs\MiKTeX\tex/latex/microtype\microtype.cfg
File: microtype.cfg 2026/03/01 v3.2d microtype main configuration file (RS)
)
LaTeX Info: Redefining \microtypesetup on input line 3065.
) (C:\Users\vresh\AppData\Local\Programs\MiKTeX\tex/latex/amsmath\amsmath.sty
Package: amsmath 2025/07/09 v2.17z AMS math features
\@mathmargin=\skip52

For additional information on amsmath, use the `?' option.
(C:\Users\vresh\AppData\Local\Programs\MiKTeX\tex/latex/amsmath\amstext.sty
Package: amstext 2024/11/17 v2.01 AMS text

(C:\Users\vresh\AppData\Local\Programs\MiKTeX\tex/latex/amsmath\amsgen.sty
File: amsgen.sty 1999/11/30 v2.0 generic functions
\@emptytoks=\toks25
\ex@=\dimen160
))
(C:\Users\vresh\AppData\Local\Programs\MiKTeX\tex/latex/amsmath\amsbsy.sty
Package: amsbsy 1999/11/29 v1.2d Bold Symbols
\pmbraise@=\dimen161
)
(C:\Users\vresh\AppData\Local\Programs\MiKTeX\tex/latex/amsmath\amsopn.sty
Package: amsopn 2022/04/08 v2.04 operator names
)
\inf@bad=\count290
LaTeX Info: Redefining \frac on input line 233.
\uproot@=\count291
\leftroot@=\count292
LaTeX Info: Redefining \overline on input line 398.
LaTeX Info: Redefining \colon on input line 409.
\classnum@=\count293
\DOTSCASE@=\count294
LaTeX Info: Redefining \ldots on input line 495.
LaTeX Info: Redefining \dots on input line 498.
LaTeX Info: Redefining \cdots on input line 619.
\Mathstrutbox@=\box54
\strutbox@=\box55
LaTeX Info: Redefining \big on input line 721.
LaTeX Info: Redefining \Big on input line 722.
LaTeX Info: Redefining \bigg on input line 723.
LaTeX Info: Redefining \Bigg on input line 724.
\big@size=\dimen162
LaTeX Font Info:    Redeclaring font encoding OML on input line 742.
LaTeX Font Info:    Redeclaring font encoding OMS on input line 743.
\macc@depth=\count295
LaTeX Info: Redefining \bmod on input line 904.
LaTeX Info: Redefining \pmod on input line 909.
LaTeX Info: Redefining \smash on input line 939.
LaTeX Info: Redefining \relbar on input line 969.
LaTeX Info: Redefining \Relbar on input line 970.
\c@MaxMatrixCols=\count296
\dotsspace@=\muskip17
\c@parentequation=\count297
\dspbrk@lvl=\count298
\tag@help=\toks26
\row@=\count299
\column@=\count300
\maxfields@=\count301
\andhelp@=\toks27
\eqnshift@=\dimen163
\alignsep@=\dimen164
\tagshift@=\dimen165
\tagwidth@=\dimen166
\totwidth@=\dimen167
\lineht@=\dimen168
\@envbody=\toks28
\multlinegap=\skip53
\multlinetaggap=\skip54
\mathdisplay@stack=\toks29
LaTeX Info: Redefining \[ on input line 2950.
LaTeX Info: Redefining \] on input line 2951.
)
(C:\Users\vresh\AppData\Local\Programs\MiKTeX\tex/latex/amsfonts\amssymb.sty
Package: amssymb 2013/01/14 v3.01 AMS font symbols

(C:\Users\vresh\AppData\Local\Programs\MiKTeX\tex/latex/amsfonts\amsfonts.sty
Package: amsfonts 2013/01/14 v3.01 Basic AMSFonts support
\symAMSa=\mathgroup4
\symAMSb=\mathgroup5
LaTeX Font Info:    Redeclaring math symbol \hbar on input line 98.
LaTeX Font Info:    Overwriting math alphabet `\mathfrak' in version `bold'
(Font)                  U/euf/m/n --> U/euf/b/n on input line 106.
)) (C:\Users\vresh\AppData\Local\Programs\MiKTeX\tex/latex/amscls\amsthm.sty
Package: amsthm 2020/05/29 v2.20.6
\thm@style=\toks30
\thm@bodyfont=\toks31
\thm@headfont=\toks32
\thm@notefont=\toks33
\thm@headpunct=\toks34
\thm@preskip=\skip55
\thm@postskip=\skip56
\thm@headsep=\skip57
\dth@everypar=\toks35
)
(C:\Users\vresh\AppData\Local\Programs\MiKTeX\tex/latex/mathtools\mathtools.sty
Package: mathtools 2024/10/04 v1.31 mathematical typesetting tools
(C:\Users\vresh\AppData\Local\Programs\MiKTeX\tex/latex/tools\calc.sty
Package: calc 2025/03/01 v4.3b Infix arithmetic (KKT,FJ)
\calc@Acount=\count302
\calc@Bcount=\count303
\calc@Adimen=\dimen169
\calc@Bdimen=\dimen170
\calc@Askip=\skip58
\calc@Bskip=\skip59
LaTeX Info: Redefining \setlength on input line 86.
LaTeX Info: Redefining \addtolength on input line 87.
\calc@Ccount=\count304
\calc@Cskip=\skip60
)
(C:\Users\vresh\AppData\Local\Programs\MiKTeX\tex/latex/mathtools\mhsetup.sty
Package: mhsetup 2021/03/18 v1.4 programming setup (MH)
)
\g_MT_multlinerow_int=\count305
\l_MT_multwidth_dim=\dimen171
\origjot=\skip61
\l_MT_shortvdotswithinadjustabove_dim=\dimen172
\l_MT_shortvdotswithinadjustbelow_dim=\dimen173
\l_MT_above_intertext_sep=\dimen174
\l_MT_below_intertext_sep=\dimen175
\l_MT_above_shortintertext_sep=\dimen176
\l_MT_below_shortintertext_sep=\dimen177
\xmathstrut@box=\box56
\xmathstrut@dim=\dimen178
) (C:\Users\vresh\AppData\Local\Programs\MiKTeX\tex/latex/jknappen\mathrsfs.sty
Package: mathrsfs 1996/01/01 Math RSFS package v1.0 (jk)
\symrsfs=\mathgroup6
) (C:\Users\vresh\AppData\Local\Programs\MiKTeX\tex/latex/tools\bm.sty
Package: bm 2025/10/21 v1.2g Bold Symbol Support (DPC/FMi)
\symboldoperators=\mathgroup7
\symboldletters=\mathgroup8
\symboldsymbols=\mathgroup9
Package bm Info: No bold for \OMX/cmex/m/n, using \pmb.
Package bm Info: No bold for \U/msa/m/n, using \pmb.
Package bm Info: No bold for \U/msb/m/n, using \pmb.
Package bm Info: No bold for \U/rsfs/m/n, using \pmb.
LaTeX Font Info:    Redeclaring math alphabet \mathbf on input line 149.
)
(../../../../fabius-notation.tex)
(C:\Users\vresh\AppData\Local\Programs\MiKTeX\tex/latex/booktabs\booktabs.sty
Package: booktabs 2020/01/12 v1.61803398 Publication quality tables
\heavyrulewidth=\dimen179
\lightrulewidth=\dimen180
\cmidrulewidth=\dimen181
\belowrulesep=\dimen182
\belowbottomsep=\dimen183
\aboverulesep=\dimen184
\abovetopsep=\dimen185
\cmidrulesep=\dimen186
\cmidrulekern=\dimen187
\defaultaddspace=\dimen188
\@cmidla=\count306
\@cmidlb=\count307
\@aboverulesep=\dimen189
\@belowrulesep=\dimen190
\@thisruleclass=\count308
\@lastruleclass=\count309
\@thisrulewidth=\dimen191
)
(C:\Users\vresh\AppData\Local\Programs\MiKTeX\tex/latex/tools\longtable.sty
Package: longtable 2025-10-13 v4.24 Multi-page Table package (DPC)
\LTleft=\skip62
\LTright=\skip63
\LTpre=\skip64
\LTpost=\skip65
\LTchunksize=\count310
\LTcapwidth=\dimen192
\LT@head=\box57
\LT@firsthead=\box58
\LT@foot=\box59
\LT@lastfoot=\box60
\LT@gbox=\box61
\LT@cols=\count311
\LT@rows=\count312
\c@LT@tables=\count313
\c@LT@chunks=\count314
\LT@p@ftn=\toks36
)
(C:\Users\vresh\AppData\Local\Programs\MiKTeX\tex/latex/tools\tabularx.sty
Package: tabularx 2023/12/11 v2.12a `tabularx' package (DPC)

(C:\Users\vresh\AppData\Local\Programs\MiKTeX\tex/latex/tools\array.sty
Package: array 2025/09/25 v2.6n Tabular extension package (FMi)
\col@sep=\dimen193
\ar@mcellbox=\box62
\extrarowheight=\dimen194
\NC@list=\toks37
\extratabsurround=\skip66
\backup@length=\skip67
\ar@cellbox=\box63
)
\TX@col@width=\dimen195
\TX@old@table=\dimen196
\TX@old@col=\dimen197
\TX@target=\dimen198
\TX@delta=\dimen199
\TX@cols=\count315
\TX@ftn=\toks38
)
(C:\Users\vresh\AppData\Local\Programs\MiKTeX\tex/latex/multirow\multirow.sty
Package: multirow 2024/11/12 v2.9 Span multiple rows of a table
\multirow@colwidth=\skip68
\multirow@cntb=\count316
\multirow@dima=\skip69
\bigstrutjot=\dimen256
)
(C:\Users\vresh\AppData\Local\Programs\MiKTeX\tex/latex/graphics\graphicx.sty
Package: graphicx 2024/12/31 v1.2e Enhanced LaTeX Graphics (DPC,SPQR)

(C:\Users\vresh\AppData\Local\Programs\MiKTeX\tex/latex/graphics\graphics.sty
Package: graphics 2024/08/06 v1.4g Standard LaTeX Graphics (DPC,SPQR)

(C:\Users\vresh\AppData\Local\Programs\MiKTeX\tex/latex/graphics\trig.sty
Package: trig 2023/12/02 v1.11 sin cos tan (DPC)
)
(C:\Users\vresh\AppData\Local\Programs\MiKTeX\tex/latex/graphics-cfg\graphics.c
fg
File: graphics.cfg 2016/06/04 v1.11 sample graphics configuration
)
Package graphics Info: Driver file: pdftex.def on input line 106.

(C:\Users\vresh\AppData\Local\Programs\MiKTeX\tex/latex/graphics-def\pdftex.def
File: pdftex.def 2025/09/29 v1.2d Graphics/color driver for pdftex
))
\Gin@req@height=\dimen257
\Gin@req@width=\dimen258
) (C:\Users\vresh\AppData\Local\Programs\MiKTeX\tex/latex/xcolor\xcolor.sty
Package: xcolor 2024/09/29 v3.02 LaTeX color extensions (UK)

(C:\Users\vresh\AppData\Local\Programs\MiKTeX\tex/latex/graphics-cfg\color.cfg
File: color.cfg 2016/01/02 v1.6 sample color configuration
)
Package xcolor Info: Driver file: pdftex.def on input line 274.
(C:\Users\vresh\AppData\Local\Programs\MiKTeX\tex/latex/graphics\mathcolor.ltx)
Package xcolor Info: Model `cmy' substituted by `cmy0' on input line 1349.
Package xcolor Info: Model `hsb' substituted by `rgb' on input line 1353.
Package xcolor Info: Model `RGB' extended on input line 1365.
Package xcolor Info: Model `HTML' substituted by `rgb' on input line 1367.
Package xcolor Info: Model `Hsb' substituted by `hsb' on input line 1368.
Package xcolor Info: Model `tHsb' substituted by `hsb' on input line 1369.
Package xcolor Info: Model `HSB' substituted by `hsb' on input line 1370.
Package xcolor Info: Model `Gray' substituted by `gray' on input line 1371.
Package xcolor Info: Model `wave' substituted by `hsb' on input line 1372.
) (C:\Users\vresh\AppData\Local\Programs\MiKTeX\tex/latex/enumitem\enumitem.sty
Package: enumitem 2025/02/06 v3.11 Customized lists
\labelindent=\skip70
\enit@outerparindent=\dimen259
\enit@toks=\toks39
\enit@inbox=\box64
\enit@count@id=\count317
\enitdp@description=\count318
) (C:\Users\vresh\AppData\Local\Programs\MiKTeX\tex/latex/fancyhdr\fancyhdr.sty
Package: fancyhdr 2025/02/07 v5.2 Extensive control of page headers and footers

\f@nch@headwidth=\skip71
\f@nch@offset@elh=\skip72
\f@nch@offset@erh=\skip73
\f@nch@offset@olh=\skip74
\f@nch@offset@orh=\skip75
\f@nch@offset@elf=\skip76
\f@nch@offset@erf=\skip77
\f@nch@offset@olf=\skip78
\f@nch@offset@orf=\skip79
\f@nch@height=\skip80
\f@nch@footalignment=\skip81
\f@nch@widthL=\skip82
\f@nch@widthC=\skip83
\f@nch@widthR=\skip84
\@temptokenb=\toks40
) (C:\Users\vresh\AppData\Local\Programs\MiKTeX\tex/latex/titlesec\titlesec.sty
Package: titlesec 2025/01/04 v2.17 Sectioning titles
\ttl@box=\box65
\beforetitleunit=\skip85
\aftertitleunit=\skip86
\ttl@plus=\dimen260
\ttl@minus=\dimen261
\ttl@toksa=\toks41
\titlewidth=\dimen262
\titlewidthlast=\dimen263
\titlewidthfirst=\dimen264
) (C:\Users\vresh\AppData\Local\Programs\MiKTeX\tex/latex/xurl\xurl.sty
Package: xurl 2022/01/09 v 0.10 modify URL breaks

(C:\Users\vresh\AppData\Local\Programs\MiKTeX\tex/latex/url\url.sty
\Urlmuskip=\muskip18
Package: url 2013/09/16  ver 3.4  Verb mode for urls, etc.
))
(C:\Users\vresh\AppData\Local\Programs\MiKTeX\tex/latex/listings\listings.sty
\lst@mode=\count319
\lst@gtempboxa=\box66
\lst@token=\toks42
\lst@length=\count320
\lst@currlwidth=\dimen265
\lst@column=\count321
\lst@pos=\count322
\lst@lostspace=\dimen266
\lst@width=\dimen267
\lst@newlines=\count323
\lst@lineno=\count324
\lst@maxwidth=\dimen268

(C:\Users\vresh\AppData\Local\Programs\MiKTeX\tex/latex/listings\lstpatch.sty
File: lstpatch.sty 2025/11/14 1.11b (Carsten Heinz)
)
(C:\Users\vresh\AppData\Local\Programs\MiKTeX\tex/latex/listings\lstmisc.sty
File: lstmisc.sty 2025/11/14 1.11b (Carsten Heinz)
\c@lstnumber=\count325
\lst@skipnumbers=\count326
\lst@framebox=\box67
)
(C:\Users\vresh\AppData\Local\Programs\MiKTeX\tex/latex/listings\listings.cfg
File: listings.cfg 2025/11/14 1.11b listings configuration
))
Package: listings 2025/11/14 1.11b (Carsten Heinz)
==> First Aid for listings.sty no longer applied!
    Expected:
        2024/09/23 1.10c (Carsten Heinz)
    but found:
        2025/11/14 1.11b (Carsten Heinz)
    so I'm assuming it got fixed.
(C:\Users\vresh\AppData\Local\Programs\MiKTeX\tex/latex/hyperref\hyperref.sty
Package: hyperref 2026-01-29 v7.01p Hypertext links for LaTeX

(C:\Users\vresh\AppData\Local\Programs\MiKTeX\tex/latex/kvsetkeys\kvsetkeys.sty
Package: kvsetkeys 2022-10-05 v1.19 Key value parser (HO)
)
(C:\Users\vresh\AppData\Local\Programs\MiKTeX\tex/generic/kvdefinekeys\kvdefine
keys.sty
Package: kvdefinekeys 2019-12-19 v1.6 Define keys (HO)
)
(C:\Users\vresh\AppData\Local\Programs\MiKTeX\tex/generic/pdfescape\pdfescape.s
ty
Package: pdfescape 2019/12/09 v1.15 Implements pdfTeX's escape features (HO)

(C:\Users\vresh\AppData\Local\Programs\MiKTeX\tex/generic/ltxcmds\ltxcmds.sty
Package: ltxcmds 2023-12-04 v1.26 LaTeX kernel commands for general use (HO)
)
(C:\Users\vresh\AppData\Local\Programs\MiKTeX\tex/generic/pdftexcmds\pdftexcmds
.sty
Package: pdftexcmds 2020-06-27 v0.33 Utility functions of pdfTeX for LuaTeX (HO
)

(C:\Users\vresh\AppData\Local\Programs\MiKTeX\tex/generic/infwarerr\infwarerr.s
ty
Package: infwarerr 2019/12/03 v1.5 Providing info/warning/error messages (HO)
)
Package pdftexcmds Info: \pdf@primitive is available.
Package pdftexcmds Info: \pdf@ifprimitive is available.
Package pdftexcmds Info: \pdfdraftmode found.
))
(C:\Users\vresh\AppData\Local\Programs\MiKTeX\tex/latex/hycolor\hycolor.sty
Package: hycolor 2020-01-27 v1.10 Color options for hyperref/bookmark (HO)
)
(C:\Users\vresh\AppData\Local\Programs\MiKTeX\tex/latex/hyperref\nameref.sty
Package: nameref 2026-01-29 v2.58 Cross-referencing by name of section

(C:\Users\vresh\AppData\Local\Programs\MiKTeX\tex/latex/refcount\refcount.sty
Package: refcount 2019/12/15 v3.6 Data extraction from label references (HO)
)
(C:\Users\vresh\AppData\Local\Programs\MiKTeX\tex/generic/gettitlestring\gettit
lestring.sty
Package: gettitlestring 2019/12/15 v1.6 Cleanup title references (HO)

(C:\Users\vresh\AppData\Local\Programs\MiKTeX\tex/latex/kvoptions\kvoptions.sty
Package: kvoptions 2022-06-15 v3.15 Key value format for package options (HO)
))
\c@section@level=\count327
)
(C:\Users\vresh\AppData\Local\Programs\MiKTeX\tex/generic/stringenc\stringenc.s
ty
Package: stringenc 2019/11/29 v1.12 Convert strings between diff. encodings (HO
)
)
\@linkdim=\dimen269
\Hy@linkcounter=\count328
\Hy@pagecounter=\count329
 (C:\Users\vresh\AppData\Local\Programs\MiKTeX\tex/latex/hyperref\pd1enc.def
File: pd1enc.def 2026-01-29 v7.01p Hyperref: PDFDocEncoding definition (HO)
Now handling font encoding PD1 ...
... no UTF-8 mapping file for font encoding PD1
) (C:\Users\vresh\AppData\Local\Programs\MiKTeX\tex/generic/intcalc\intcalc.sty
Package: intcalc 2019/12/15 v1.3 Expandable calculations with integers (HO)
)
\Hy@SavedSpaceFactor=\count330
 (C:\Users\vresh\AppData\Local\Programs\MiKTeX\tex/latex/hyperref\puenc.def
File: puenc.def 2026-01-29 v7.01p Hyperref: PDF Unicode definition (HO)
Now handling font encoding PU ...
... no UTF-8 mapping file for font encoding PU
)
Package hyperref Info: Hyper figures OFF on input line 4201.
Package hyperref Info: Link nesting OFF on input line 4206.
Package hyperref Info: Hyper index ON on input line 4209.
Package hyperref Info: Plain pages OFF on input line 4216.
Package hyperref Info: Backreferencing OFF on input line 4221.
Package hyperref Info: Implicit mode ON; LaTeX internals redefined.
Package hyperref Info: Bookmarks ON on input line 4468.
\c@Hy@tempcnt=\count331
LaTeX Info: Redefining \url on input line 4807.
\XeTeXLinkMargin=\dimen270

(C:\Users\vresh\AppData\Local\Programs\MiKTeX\tex/generic/bitset\bitset.sty
Package: bitset 2019/12/09 v1.3 Handle bit-vector datatype (HO)

(C:\Users\vresh\AppData\Local\Programs\MiKTeX\tex/generic/bigintcalc\bigintcalc
.sty
Package: bigintcalc 2019/12/15 v1.5 Expandable calculations on big integers (HO
)
))
\Fld@menulength=\count332
\Field@Width=\dimen271
\Fld@charsize=\dimen272
Package hyperref Info: Hyper figures OFF on input line 6084.
Package hyperref Info: Link nesting OFF on input line 6089.
Package hyperref Info: Hyper index ON on input line 6092.
Package hyperref Info: backreferencing OFF on input line 6099.
Package hyperref Info: Link coloring OFF on input line 6104.
Package hyperref Info: Link coloring with OCG OFF on input line 6109.
Package hyperref Info: PDF/A mode OFF on input line 6114.
\Hy@abspage=\count333
\c@Item=\count334
\c@Hfootnote=\count335
)
Package hyperref Info: Driver (autodetected): hpdftex.

(C:\Users\vresh\AppData\Local\Programs\MiKTeX\tex/latex/hyperref\hpdftex.def
File: hpdftex.def 2026-01-29 v7.01p Hyperref driver for pdfTeX
\Fld@listcount=\count336
\c@bookmark@seq@number=\count337

(C:\Users\vresh\AppData\Local\Programs\MiKTeX\tex/latex/rerunfilecheck\rerunfil
echeck.sty
Package: rerunfilecheck 2025-06-21 v1.11 Rerun checks for auxiliary files (HO)

(C:\Users\vresh\AppData\Local\Programs\MiKTeX\tex/generic/uniquecounter\uniquec
ounter.sty
Package: uniquecounter 2019/12/15 v1.4 Provide unlimited unique counter (HO)
)
Package uniquecounter Info: New unique counter `rerunfilecheck' on input line 2
84.
)
\Hy@SectionHShift=\skip87
)
(C:\Users\vresh\AppData\Local\Programs\MiKTeX\tex/latex/cleveref\cleveref.sty
Package: cleveref 2018/03/27 v0.21.4 Intelligent cross-referencing
Package cleveref Info: `hyperref' support loaded on input line 2370.
LaTeX Info: Redefining \cref on input line 2370.
LaTeX Info: Redefining \Cref on input line 2370.
LaTeX Info: Redefining \crefrange on input line 2370.
LaTeX Info: Redefining \Crefrange on input line 2370.
LaTeX Info: Redefining \cpageref on input line 2370.
LaTeX Info: Redefining \Cpageref on input line 2370.
LaTeX Info: Redefining \cpagerefrange on input line 2370.
LaTeX Info: Redefining \Cpagerefrange on input line 2370.
LaTeX Info: Redefining \labelcref on input line 2370.
LaTeX Info: Redefining \labelcpageref on input line 2370.
Package cleveref Info: `amsthm' support loaded on input line 3026.
Package cleveref Info: `listings' support loaded on input line 3131.
Package cleveref Info: include cross-reference names in hyperlinks on input lin
e 7836.
Package cleveref Info: include cross-reference names in hyperlinks on input lin
e 7852.
Package cleveref Info: no abbreviation of names on input line 7852.
)
==> First Aid for cleveref.sty applied!
(C:\Users\vresh\AppData\Local\Programs\MiKTeX\tex/latex/float\float.sty
Package: float 2001/11/08 v1.3d Float enhancements (AL)
\c@float@type=\count338
\float@exts=\toks43
\float@box=\box68
\@float@everytoks=\toks44
\@floatcapt=\box69
)
(C:\Users\vresh\AppData\Local\Programs\MiKTeX\tex/latex/tcolorbox\tcolorbox.sty
Package: tcolorbox 2025/11/28 version 6.9.0 text color boxes

(C:\Users\vresh\AppData\Local\Programs\MiKTeX\tex/latex/pgf/frontendlayer\tikz.
sty
(C:\Users\vresh\AppData\Local\Programs\MiKTeX\tex/latex/pgf/basiclayer\pgf.sty
(C:\Users\vresh\AppData\Local\Programs\MiKTeX\tex/latex/pgf/utilities\pgfrcs.st
y
(C:\Users\vresh\AppData\Local\Programs\MiKTeX\tex/generic/pgf/utilities\pgfutil
-common.tex
\pgfutil@everybye=\toks45
\pgfutil@tempdima=\dimen273
\pgfutil@tempdimb=\dimen274
)
(C:\Users\vresh\AppData\Local\Programs\MiKTeX\tex/generic/pgf/utilities\pgfutil
-latex.def
\pgfutil@abb=\box70
)
(C:\Users\vresh\AppData\Local\Programs\MiKTeX\tex/generic/pgf/utilities\pgfrcs.
code.tex
(C:\Users\vresh\AppData\Local\Programs\MiKTeX\tex/generic/pgf\pgf.revision.tex)
Package: pgfrcs 2025-08-29 v3.1.11a (3.1.11a)
))
Package: pgf 2025-08-29 v3.1.11a (3.1.11a)

(C:\Users\vresh\AppData\Local\Programs\MiKTeX\tex/latex/pgf/basiclayer\pgfcore.
sty
(C:\Users\vresh\AppData\Local\Programs\MiKTeX\tex/latex/pgf/systemlayer\pgfsys.
sty
(C:\Users\vresh\AppData\Local\Programs\MiKTeX\tex/generic/pgf/systemlayer\pgfsy
s.code.tex
Package: pgfsys 2025-08-29 v3.1.11a (3.1.11a)

(C:\Users\vresh\AppData\Local\Programs\MiKTeX\tex/generic/pgf/utilities\pgfkeys
.code.tex
\pgfkeys@pathtoks=\toks46
\pgfkeys@temptoks=\toks47

(C:\Users\vresh\AppData\Local\Programs\MiKTeX\tex/generic/pgf/utilities\pgfkeys
libraryfiltered.code.tex
\pgfkeys@tmptoks=\toks48
))
\pgf@x=\dimen275
\pgf@y=\dimen276
\pgf@xa=\dimen277
\pgf@ya=\dimen278
\pgf@xb=\dimen279
\pgf@yb=\dimen280
\pgf@xc=\dimen281
\pgf@yc=\dimen282
\pgf@xd=\dimen283
\pgf@yd=\dimen284
\w@pgf@writea=\write3
\r@pgf@reada=\read2
\c@pgf@counta=\count339
\c@pgf@countb=\count340
\c@pgf@countc=\count341
\c@pgf@countd=\count342
\t@pgf@toka=\toks49
\t@pgf@tokb=\toks50
\t@pgf@tokc=\toks51
\pgf@sys@id@count=\count343

(C:\Users\vresh\AppData\Local\Programs\MiKTeX\tex/generic/pgf/systemlayer\pgf.c
fg
File: pgf.cfg 2025-08-29 v3.1.11a (3.1.11a)
)
Driver file for pgf: pgfsys-pdftex.def

(C:\Users\vresh\AppData\Local\Programs\MiKTeX\tex/generic/pgf/systemlayer\pgfsy
s-pdftex.def
File: pgfsys-pdftex.def 2025-08-29 v3.1.11a (3.1.11a)

(C:\Users\vresh\AppData\Local\Programs\MiKTeX\tex/generic/pgf/systemlayer\pgfsy
s-common-pdf.def
File: pgfsys-common-pdf.def 2025-08-29 v3.1.11a (3.1.11a)
)))
(C:\Users\vresh\AppData\Local\Programs\MiKTeX\tex/generic/pgf/systemlayer\pgfsy
ssoftpath.code.tex
File: pgfsyssoftpath.code.tex 2025-08-29 v3.1.11a (3.1.11a)
\pgfsyssoftpath@smallbuffer@items=\count344
\pgfsyssoftpath@bigbuffer@items=\count345
)
(C:\Users\vresh\AppData\Local\Programs\MiKTeX\tex/generic/pgf/systemlayer\pgfsy
sprotocol.code.tex
File: pgfsysprotocol.code.tex 2025-08-29 v3.1.11a (3.1.11a)
))
(C:\Users\vresh\AppData\Local\Programs\MiKTeX\tex/generic/pgf/basiclayer\pgfcor
e.code.tex
Package: pgfcore 2025-08-29 v3.1.11a (3.1.11a)

(C:\Users\vresh\AppData\Local\Programs\MiKTeX\tex/generic/pgf/math\pgfmath.code
.tex
(C:\Users\vresh\AppData\Local\Programs\MiKTeX\tex/generic/pgf/math\pgfmathutil.
code.tex)
(C:\Users\vresh\AppData\Local\Programs\MiKTeX\tex/generic/pgf/math\pgfmathparse
r.code.tex
\pgfmath@dimen=\dimen285
\pgfmath@count=\count346
\pgfmath@box=\box71
\pgfmath@toks=\toks52
\pgfmath@stack@operand=\toks53
\pgfmath@stack@operation=\toks54
)
(C:\Users\vresh\AppData\Local\Programs\MiKTeX\tex/generic/pgf/math\pgfmathfunct
ions.code.tex)
(C:\Users\vresh\AppData\Local\Programs\MiKTeX\tex/generic/pgf/math\pgfmathfunct
ions.basic.code.tex)
(C:\Users\vresh\AppData\Local\Programs\MiKTeX\tex/generic/pgf/math\pgfmathfunct
ions.trigonometric.code.tex)
(C:\Users\vresh\AppData\Local\Programs\MiKTeX\tex/generic/pgf/math\pgfmathfunct
ions.random.code.tex)
(C:\Users\vresh\AppData\Local\Programs\MiKTeX\tex/generic/pgf/math\pgfmathfunct
ions.comparison.code.tex)
(C:\Users\vresh\AppData\Local\Programs\MiKTeX\tex/generic/pgf/math\pgfmathfunct
ions.base.code.tex)
(C:\Users\vresh\AppData\Local\Programs\MiKTeX\tex/generic/pgf/math\pgfmathfunct
ions.round.code.tex)
(C:\Users\vresh\AppData\Local\Programs\MiKTeX\tex/generic/pgf/math\pgfmathfunct
ions.misc.code.tex)
(C:\Users\vresh\AppData\Local\Programs\MiKTeX\tex/generic/pgf/math\pgfmathfunct
ions.integerarithmetics.code.tex)
(C:\Users\vresh\AppData\Local\Programs\MiKTeX\tex/generic/pgf/math\pgfmathcalc.
code.tex)
(C:\Users\vresh\AppData\Local\Programs\MiKTeX\tex/generic/pgf/math\pgfmathfloat
.code.tex
\c@pgfmathroundto@lastzeros=\count347
))
(C:\Users\vresh\AppData\Local\Programs\MiKTeX\tex/generic/pgf/math\pgfint.code.
tex)
(C:\Users\vresh\AppData\Local\Programs\MiKTeX\tex/generic/pgf/basiclayer\pgfcor
epoints.code.tex
File: pgfcorepoints.code.tex 2025-08-29 v3.1.11a (3.1.11a)
\pgf@picminx=\dimen286
\pgf@picmaxx=\dimen287
\pgf@picminy=\dimen288
\pgf@picmaxy=\dimen289
\pgf@pathminx=\dimen290
\pgf@pathmaxx=\dimen291
\pgf@pathminy=\dimen292
\pgf@pathmaxy=\dimen293
\pgf@xx=\dimen294
\pgf@xy=\dimen295
\pgf@yx=\dimen296
\pgf@yy=\dimen297
\pgf@zx=\dimen298
\pgf@zy=\dimen299
)
(C:\Users\vresh\AppData\Local\Programs\MiKTeX\tex/generic/pgf/basiclayer\pgfcor
epathconstruct.code.tex
File: pgfcorepathconstruct.code.tex 2025-08-29 v3.1.11a (3.1.11a)
\pgf@path@lastx=\dimen300
\pgf@path@lasty=\dimen301
)
(C:\Users\vresh\AppData\Local\Programs\MiKTeX\tex/generic/pgf/basiclayer\pgfcor
epathusage.code.tex
File: pgfcorepathusage.code.tex 2025-08-29 v3.1.11a (3.1.11a)
\pgf@shorten@end@additional=\dimen302
\pgf@shorten@start@additional=\dimen303
)
(C:\Users\vresh\AppData\Local\Programs\MiKTeX\tex/generic/pgf/basiclayer\pgfcor
escopes.code.tex
File: pgfcorescopes.code.tex 2025-08-29 v3.1.11a (3.1.11a)
\pgfpic=\box72
\pgf@hbox=\box73
\pgf@layerbox@main=\box74
\pgf@picture@serial@count=\count348
)
(C:\Users\vresh\AppData\Local\Programs\MiKTeX\tex/generic/pgf/basiclayer\pgfcor
egraphicstate.code.tex
File: pgfcoregraphicstate.code.tex 2025-08-29 v3.1.11a (3.1.11a)
\pgflinewidth=\dimen304
)
(C:\Users\vresh\AppData\Local\Programs\MiKTeX\tex/generic/pgf/basiclayer\pgfcor
etransformations.code.tex
File: pgfcoretransformations.code.tex 2025-08-29 v3.1.11a (3.1.11a)
\pgf@pt@x=\dimen305
\pgf@pt@y=\dimen306
\pgf@pt@temp=\dimen307
)
(C:\Users\vresh\AppData\Local\Programs\MiKTeX\tex/generic/pgf/basiclayer\pgfcor
equick.code.tex
File: pgfcorequick.code.tex 2025-08-29 v3.1.11a (3.1.11a)
)
(C:\Users\vresh\AppData\Local\Programs\MiKTeX\tex/generic/pgf/basiclayer\pgfcor
eobjects.code.tex
File: pgfcoreobjects.code.tex 2025-08-29 v3.1.11a (3.1.11a)
)
(C:\Users\vresh\AppData\Local\Programs\MiKTeX\tex/generic/pgf/basiclayer\pgfcor
epathprocessing.code.tex
File: pgfcorepathprocessing.code.tex 2025-08-29 v3.1.11a (3.1.11a)
)
(C:\Users\vresh\AppData\Local\Programs\MiKTeX\tex/generic/pgf/basiclayer\pgfcor
earrows.code.tex
File: pgfcorearrows.code.tex 2025-08-29 v3.1.11a (3.1.11a)
\pgfarrowsep=\dimen308
)
(C:\Users\vresh\AppData\Local\Programs\MiKTeX\tex/generic/pgf/basiclayer\pgfcor
eshade.code.tex
File: pgfcoreshade.code.tex 2025-08-29 v3.1.11a (3.1.11a)
\pgf@max=\dimen309
\pgf@sys@shading@range@num=\count349
\pgf@shadingcount=\count350
)
(C:\Users\vresh\AppData\Local\Programs\MiKTeX\tex/generic/pgf/basiclayer\pgfcor
eimage.code.tex
File: pgfcoreimage.code.tex 2025-08-29 v3.1.11a (3.1.11a)
)
(C:\Users\vresh\AppData\Local\Programs\MiKTeX\tex/generic/pgf/basiclayer\pgfcor
eexternal.code.tex
File: pgfcoreexternal.code.tex 2025-08-29 v3.1.11a (3.1.11a)
\pgfexternal@startupbox=\box75
)
(C:\Users\vresh\AppData\Local\Programs\MiKTeX\tex/generic/pgf/basiclayer\pgfcor
elayers.code.tex
File: pgfcorelayers.code.tex 2025-08-29 v3.1.11a (3.1.11a)
)
(C:\Users\vresh\AppData\Local\Programs\MiKTeX\tex/generic/pgf/basiclayer\pgfcor
etransparency.code.tex
File: pgfcoretransparency.code.tex 2025-08-29 v3.1.11a (3.1.11a)
)
(C:\Users\vresh\AppData\Local\Programs\MiKTeX\tex/generic/pgf/basiclayer\pgfcor
epatterns.code.tex
File: pgfcorepatterns.code.tex 2025-08-29 v3.1.11a (3.1.11a)
)
(C:\Users\vresh\AppData\Local\Programs\MiKTeX\tex/generic/pgf/basiclayer\pgfcor
erdf.code.tex
File: pgfcorerdf.code.tex 2025-08-29 v3.1.11a (3.1.11a)
)))
(C:\Users\vresh\AppData\Local\Programs\MiKTeX\tex/generic/pgf/modules\pgfmodule
shapes.code.tex
File: pgfmoduleshapes.code.tex 2025-08-29 v3.1.11a (3.1.11a)
\pgfnodeparttextbox=\box76
)
(C:\Users\vresh\AppData\Local\Programs\MiKTeX\tex/generic/pgf/modules\pgfmodule
plot.code.tex
File: pgfmoduleplot.code.tex 2025-08-29 v3.1.11a (3.1.11a)
)
(C:\Users\vresh\AppData\Local\Programs\MiKTeX\tex/latex/pgf/compatibility\pgfco
mp-version-0-65.sty
Package: pgfcomp-version-0-65 2025-08-29 v3.1.11a (3.1.11a)
\pgf@nodesepstart=\dimen310
\pgf@nodesepend=\dimen311
)
(C:\Users\vresh\AppData\Local\Programs\MiKTeX\tex/latex/pgf/compatibility\pgfco
mp-version-1-18.sty
Package: pgfcomp-version-1-18 2025-08-29 v3.1.11a (3.1.11a)
))
(C:\Users\vresh\AppData\Local\Programs\MiKTeX\tex/latex/pgf/utilities\pgffor.st
y
(C:\Users\vresh\AppData\Local\Programs\MiKTeX\tex/latex/pgf/utilities\pgfkeys.s
ty
(C:\Users\vresh\AppData\Local\Programs\MiKTeX\tex/generic/pgf/utilities\pgfkeys
.code.tex))
(C:\Users\vresh\AppData\Local\Programs\MiKTeX\tex/latex/pgf/math\pgfmath.sty
(C:\Users\vresh\AppData\Local\Programs\MiKTeX\tex/generic/pgf/math\pgfmath.code
.tex))
(C:\Users\vresh\AppData\Local\Programs\MiKTeX\tex/generic/pgf/utilities\pgffor.
code.tex
Package: pgffor 2025-08-29 v3.1.11a (3.1.11a)
\pgffor@iter=\dimen312
\pgffor@skip=\dimen313
\pgffor@stack=\toks55
\pgffor@toks=\toks56
))
(C:\Users\vresh\AppData\Local\Programs\MiKTeX\tex/generic/pgf/frontendlayer/tik
z\tikz.code.tex
Package: tikz 2025-08-29 v3.1.11a (3.1.11a)

(C:\Users\vresh\AppData\Local\Programs\MiKTeX\tex/generic/pgf/libraries\pgflibr
aryplothandlers.code.tex
File: pgflibraryplothandlers.code.tex 2025-08-29 v3.1.11a (3.1.11a)
\pgf@plot@mark@count=\count351
\pgfplotmarksize=\dimen314
)
\tikz@lastx=\dimen315
\tikz@lasty=\dimen316
\tikz@lastxsaved=\dimen317
\tikz@lastysaved=\dimen318
\tikz@lastmovetox=\dimen319
\tikz@lastmovetoy=\dimen320
\tikzleveldistance=\dimen321
\tikzsiblingdistance=\dimen322
\tikz@figbox=\box77
\tikz@figbox@bg=\box78
\tikz@tempbox=\box79
\tikz@tempbox@bg=\box80
\tikztreelevel=\count352
\tikznumberofchildren=\count353
\tikznumberofcurrentchild=\count354
\tikz@fig@count=\count355

(C:\Users\vresh\AppData\Local\Programs\MiKTeX\tex/generic/pgf/modules\pgfmodule
matrix.code.tex
File: pgfmodulematrix.code.tex 2025-08-29 v3.1.11a (3.1.11a)
\pgfmatrixcurrentrow=\count356
\pgfmatrixcurrentcolumn=\count357
\pgf@matrix@numberofcolumns=\count358
)
\tikz@expandcount=\count359

(C:\Users\vresh\AppData\Local\Programs\MiKTeX\tex/generic/pgf/frontendlayer/tik
z/libraries\tikzlibrarytopaths.code.tex
File: tikzlibrarytopaths.code.tex 2025-08-29 v3.1.11a (3.1.11a)
)))
(C:\Users\vresh\AppData\Local\Programs\MiKTeX\tex/latex/tools\verbatim.sty
Package: verbatim 2024-01-22 v1.5x LaTeX2e package for verbatim enhancements
\every@verbatim=\toks57
\verbatim@line=\toks58
\verbatim@in@stream=\read3
)
(C:\Users\vresh\AppData\Local\Programs\MiKTeX\tex/latex/environ\environ.sty
Package: environ 2014/05/04 v0.3 A new way to define environments

(C:\Users\vresh\AppData\Local\Programs\MiKTeX\tex/latex/trimspaces\trimspaces.s
ty
Package: trimspaces 2009/09/17 v1.1 Trim spaces around a token list
))
\tcb@titlebox=\box81
\tcb@upperbox=\box82
\tcb@lowerbox=\box83
\tcb@phantombox=\box84
\c@tcbbreakpart=\count360
\c@tcblayer=\count361
\c@tcolorbox@number=\count362
\l__tcobox_tmpa_box=\box85
\l__tcobox_tmpa_dim=\dimen323
\tcb@temp=\box86
\tcb@temp=\box87
\tcb@temp=\box88
\tcb@temp=\box89

(C:\Users\vresh\AppData\Local\Programs\MiKTeX\tex/latex/tcolorbox\tcbraster.cod
e.tex
Library (tcolorbox): 'tcbraster.code.tex' version '6.9.0'
\c@tcbrastercolumn=\count363
\c@tcbrasterrow=\count364
\c@tcbrasternum=\count365
\c@tcbraster=\count366
)
(C:\Users\vresh\AppData\Local\Programs\MiKTeX\tex/latex/tcolorbox\tcbskins.code
.tex
Library (tcolorbox): 'tcbskins.code.tex' version '6.9.0'

(C:\Users\vresh\AppData\Local\Programs\MiKTeX\tex/latex/tikzfill\tikzfill.image
.sty
Package: tikzfill.image 2026/04/23 v1.2.0 Image filling library for TikZ

(C:\Users\vresh\AppData\Local\Programs\MiKTeX\tex/latex/tikzfill\tikzlibraryfil
l.image.code.tex
File: tikzlibraryfill.image.code.tex 2026/04/23 v1.2.0 Image filling library
\l__tikzfill_tmpa_dim=\dimen324
\l__tikzfill_tmpb_dim=\dimen325
\l__tikzfill_img_box=\box90
))
(C:\Users\vresh\AppData\Local\Programs\MiKTeX\tex/latex/tcolorbox\tcbskinsjigsa
w.code.tex
Library (tcolorbox): 'tcbskinsjigsaw.code.tex' version '6.9.0'
))
(C:\Users\vresh\AppData\Local\Programs\MiKTeX\tex/latex/tcolorbox\tcbbreakable.
code.tex
Library (tcolorbox): 'tcbbreakable.code.tex' version '6.9.0'
(C:\Users\vresh\AppData\Local\Programs\MiKTeX\tex/latex/pdfcol\pdfcol.sty
Package: pdfcol 2022-09-21 v1.7 Handle new color stacks for pdfTeX (HO)
)
Package pdfcol Info: New color stack `tcb@breakable' = 1 on input line 23.
\tcb@testbox=\box91
\tcb@totalupperbox=\box92
\tcb@totallowerbox=\box93
)
(C:\Users\vresh\AppData\Local\Programs\MiKTeX\tex/latex/tcolorbox\tcbhooks.code
.tex
Library (tcolorbox): 'tcbhooks.code.tex' version '6.9.0'
)
(C:\Users\vresh\AppData\Local\Programs\MiKTeX\tex/latex/tcolorbox\tcbtheorems.c
ode.tex
Library (tcolorbox): 'tcbtheorems.code.tex' version '6.9.0'
)
(C:\Users\vresh\AppData\Local\Programs\MiKTeX\tex/latex/tcolorbox\tcbfitting.co
de.tex
Library (tcolorbox): 'tcbfitting.code.tex' version '6.9.0'
\tcbfitdim=\dimen326
\tcb@lowerfitdim=\dimen327
\tcb@upperfitdim=\dimen328
\tcb@cur@hbadness=\count367
)
(C:\Users\vresh\AppData\Local\Programs\MiKTeX\tex/latex/tcolorbox\tcblistingsut
f8.code.tex
Library (tcolorbox): 'tcblistingsutf8.code.tex' version '6.9.0'

(C:\Users\vresh\AppData\Local\Programs\MiKTeX\tex/latex/tcolorbox\tcblistings.c
ode.tex
Library (tcolorbox): 'tcblistings.code.tex' version '6.9.0'

(C:\Users\vresh\AppData\Local\Programs\MiKTeX\tex/latex/tcolorbox\tcblistingsco
re.code.tex
Library (tcolorbox): 'tcblistingscore.code.tex' version '6.9.0'

(C:\Users\vresh\AppData\Local\Programs\MiKTeX\tex/latex/tcolorbox\tcbprocessing
.code.tex
Library (tcolorbox): 'tcbprocessing.code.tex' version '6.9.0'
)
\c@tcblisting=\count368
))
(C:\Users\vresh\AppData\Local\Programs\MiKTeX\tex/latex/listingsutf8\listingsut
f8.sty
Package: listingsutf8 2019-12-10 v1.5 Allow UTF-8 in listings input (HO)
))
(C:\Users\vresh\AppData\Local\Programs\MiKTeX\tex/latex/tcolorbox\tcbexternal.c
ode.tex
Library (tcolorbox): 'tcbexternal.code.tex' version '6.9.0'
)
(C:\Users\vresh\AppData\Local\Programs\MiKTeX\tex/latex/tcolorbox\tcbmagazine.c
ode.tex
Library (tcolorbox): 'tcbmagazine.code.tex' version '6.9.0'
)
(C:\Users\vresh\AppData\Local\Programs\MiKTeX\tex/latex/tcolorbox\tcbvignette.c
ode.tex
Library (tcolorbox): 'tcbvignette.code.tex' version '6.9.0'

(C:\Users\vresh\AppData\Local\Programs\MiKTeX\tex/generic/pgf/frontendlayer/tik
z/libraries\tikzlibraryfadings.code.tex
File: tikzlibraryfadings.code.tex 2025-08-29 v3.1.11a (3.1.11a)

(C:\Users\vresh\AppData\Local\Programs\MiKTeX\tex/generic/pgf/libraries\pgflibr
aryfadings.code.tex
File: pgflibraryfadings.code.tex 2025-08-29 v3.1.11a (3.1.11a)
)))
(C:\Users\vresh\AppData\Local\Programs\MiKTeX\tex/latex/tcolorbox\tcbposter.cod
e.tex
Library (tcolorbox): 'tcbposter.code.tex' version '6.9.0'
))
Package hyperref Info: Option `hypertexnames' set `false' on input line 39.
Package hyperref Info: Option `colorlinks' set `true' on input line 39.

(C:\Users\vresh\AppData\Local\Programs\MiKTeX\tex/latex/aliascnt\aliascnt.sty
Package: aliascnt 2026-03-08 v1.7 Alias counters (HO)
)
\c@theorem=\count369

(C:\Users\vresh\AppData\Local\Programs\MiKTeX\tex/latex/caption\caption.sty
Package: caption 2023/08/05 v3.6o Customizing captions (AR)

(C:\Users\vresh\AppData\Local\Programs\MiKTeX\tex/latex/caption\caption3.sty
Package: caption3 2023/07/31 v2.4d caption3 kernel (AR)
\caption@tempdima=\dimen329
\captionmargin=\dimen330
\caption@leftmargin=\dimen331
\caption@rightmargin=\dimen332
\caption@width=\dimen333
\caption@indent=\dimen334
\caption@parindent=\dimen335
\caption@hangindent=\dimen336
Package caption Info: Standard document class detected.
)
\c@caption@flags=\count370
\c@continuedfloat=\count371
Package caption Info: float package is loaded.
Package caption Info: hyperref package is loaded.
Package caption Info: listings package is loaded.
Package caption Info: longtable package is loaded.

(C:\Users\vresh\AppData\Local\Programs\MiKTeX\tex/latex/caption\ltcaption.sty
Package: ltcaption 2021/01/08 v1.4c longtable captions (AR)
)) (C:\Users\vresh\AppData\Local\Programs\MiKTeX\tex/latex/pgfplots\pgfplots.st
y
(C:\Users\vresh\AppData\Local\Programs\MiKTeX\tex/generic/pgfplots\pgfplots.rev
ision.tex)
Package: pgfplots 2021/05/15 v1.18.1 Data Visualization (1.18.1)

(C:\Users\vresh\AppData\Local\Programs\MiKTeX\tex/generic/pgfplots\pgfplots.cod
e.tex
(C:\Users\vresh\AppData\Local\Programs\MiKTeX\tex/generic/pgfplots\pgfplotscore
.code.tex
\t@pgfplots@toka=\toks59
\t@pgfplots@tokb=\toks60
\t@pgfplots@tokc=\toks61
\pgfplots@tmpa=\dimen337
\c@pgfplots@coordindex=\count372
\c@pgfplots@scanlineindex=\count373

(C:\Users\vresh\AppData\Local\Programs\MiKTeX\tex/generic/pgfplots/sys\pgfplots
sysgeneric.code.tex))
(C:\Users\vresh\AppData\Local\Programs\MiKTeX\tex/generic/pgfplots/libs\pgfplot
slibrary.code.tex)
(C:\Users\vresh\AppData\Local\Programs\MiKTeX\tex/generic/pgfplots/oldpgfcompat
ib\pgfplotsoldpgfsupp_loader.code.tex
(C:\Users\vresh\AppData\Local\Programs\MiKTeX\tex/generic/pgf/libraries\pgflibr
aryfpu.code.tex)
Package pgfplots: loading complementary utilities for your pgf version...
\t@pgf@toka=\toks62
\t@pgf@tokb=\toks63
\t@pgf@tokc=\toks64

(C:\Users\vresh\AppData\Local\Programs\MiKTeX\tex/generic/pgfplots/oldpgfcompat
ib\pgfplotsoldpgfsupp_pgfutil-common-lists.tex))
(C:\Users\vresh\AppData\Local\Programs\MiKTeX\tex/generic/pgfplots/util\pgfplot
sutil.code.tex
(C:\Users\vresh\AppData\Local\Programs\MiKTeX\tex/generic/pgfplots/liststructur
e\pgfplotsliststructure.code.tex)
(C:\Users\vresh\AppData\Local\Programs\MiKTeX\tex/generic/pgfplots/liststructur
e\pgfplotsliststructureext.code.tex)
(C:\Users\vresh\AppData\Local\Programs\MiKTeX\tex/generic/pgfplots/liststructur
e\pgfplotsarray.code.tex
\c@pgfplotsarray@tmp=\count374
)
(C:\Users\vresh\AppData\Local\Programs\MiKTeX\tex/generic/pgfplots/liststructur
e\pgfplotsmatrix.code.tex)
(C:\Users\vresh\AppData\Local\Programs\MiKTeX\tex/generic/pgfplots/numtable\pgf
plotstableshared.code.tex
\c@pgfplotstable@counta=\count375
\t@pgfplotstable@a=\toks65
)
(C:\Users\vresh\AppData\Local\Programs\MiKTeX\tex/generic/pgfplots/liststructur
e\pgfplotsdeque.code.tex)
(C:\Users\vresh\AppData\Local\Programs\MiKTeX\tex/generic/pgfplots/util\pgfplot
sbinary.code.tex
(C:\Users\vresh\AppData\Local\Programs\MiKTeX\tex/generic/pgfplots/util\pgfplot
sbinary.data.code.tex))
(C:\Users\vresh\AppData\Local\Programs\MiKTeX\tex/generic/pgfplots/util\pgfplot
sutil.verb.code.tex)
(C:\Users\vresh\AppData\Local\Programs\MiKTeX\tex/generic/pgfplots/libs\pgflibr
arypgfplots.surfshading.code.tex
\c@pgfplotslibrarysurf@no=\count376

(C:\Users\vresh\AppData\Local\Programs\MiKTeX\tex/generic/pgfplots/sys\pgflibra
rypgfplots.surfshading.pgfsys-pdftex.def)))
(C:\Users\vresh\AppData\Local\Programs\MiKTeX\tex/generic/pgfplots/util\pgfplot
scolormap.code.tex
(C:\Users\vresh\AppData\Local\Programs\MiKTeX\tex/generic/pgfplots/util\pgfplot
scolor.code.tex))
(C:\Users\vresh\AppData\Local\Programs\MiKTeX\tex/generic/pgfplots\pgfplotsstac
kedplots.code.tex)
(C:\Users\vresh\AppData\Local\Programs\MiKTeX\tex/generic/pgfplots\pgfplotsplot
handlers.code.tex
(C:\Users\vresh\AppData\Local\Programs\MiKTeX\tex/generic/pgfplots\pgfplotsmesh
plothandler.code.tex
(C:\Users\vresh\AppData\Local\Programs\MiKTeX\tex/generic/pgfplots\pgfplotsmesh
plotimage.code.tex)))
(C:\Users\vresh\AppData\Local\Programs\MiKTeX\tex/generic/pgfplots\pgfplots.sca
ling.code.tex)
(C:\Users\vresh\AppData\Local\Programs\MiKTeX\tex/generic/pgfplots\pgfplotscoor
dprocessing.code.tex)
(C:\Users\vresh\AppData\Local\Programs\MiKTeX\tex/generic/pgfplots\pgfplots.err
orbars.code.tex)
(C:\Users\vresh\AppData\Local\Programs\MiKTeX\tex/generic/pgfplots\pgfplots.mar
kers.code.tex)
(C:\Users\vresh\AppData\Local\Programs\MiKTeX\tex/generic/pgfplots\pgfplotstick
s.code.tex)
(C:\Users\vresh\AppData\Local\Programs\MiKTeX\tex/generic/pgfplots\pgfplots.pat
hs.code.tex)
(C:\Users\vresh\AppData\Local\Programs\MiKTeX\tex/generic/pgf/frontendlayer/tik
z/libraries\tikzlibrarydecorations.code.tex
(C:\Users\vresh\AppData\Local\Programs\MiKTeX\tex/generic/pgf/modules\pgfmodule
decorations.code.tex
\pgfdecoratedcompleteddistance=\dimen338
\pgfdecoratedremainingdistance=\dimen339
\pgfdecoratedinputsegmentcompleteddistance=\dimen340
\pgfdecoratedinputsegmentremainingdistance=\dimen341
\pgf@decorate@distancetomove=\dimen342
\pgf@decorate@repeatstate=\count377
\pgfdecorationsegmentamplitude=\dimen343
\pgfdecorationsegmentlength=\dimen344
)
\tikz@lib@dec@box=\box94
)
(C:\Users\vresh\AppData\Local\Programs\MiKTeX\tex/generic/pgf/frontendlayer/tik
z/libraries\tikzlibrarydecorations.pathmorphing.code.tex
(C:\Users\vresh\AppData\Local\Programs\MiKTeX\tex/generic/pgf/libraries/decorat
ions\pgflibrarydecorations.pathmorphing.code.tex))
(C:\Users\vresh\AppData\Local\Programs\MiKTeX\tex/generic/pgf/frontendlayer/tik
z/libraries\tikzlibrarydecorations.pathreplacing.code.tex
(C:\Users\vresh\AppData\Local\Programs\MiKTeX\tex/generic/pgf/libraries/decorat
ions\pgflibrarydecorations.pathreplacing.code.tex))
(C:\Users\vresh\AppData\Local\Programs\MiKTeX\tex/generic/pgfplots/libs\tikzlib
rarypgfplots.contourlua.code.tex)
\pgfplots@numplots=\count378
\pgfplots@xmin@reg=\dimen345
\pgfplots@xmax@reg=\dimen346
\pgfplots@ymin@reg=\dimen347
\pgfplots@ymax@reg=\dimen348
\pgfplots@zmin@reg=\dimen349
\pgfplots@zmax@reg=\dimen350
)
(C:\Users\vresh\AppData\Local\Programs\MiKTeX\tex/generic/pgf/frontendlayer/tik
z/libraries\tikzlibraryplotmarks.code.tex
File: tikzlibraryplotmarks.code.tex 2025-08-29 v3.1.11a (3.1.11a)

(C:\Users\vresh\AppData\Local\Programs\MiKTeX\tex/generic/pgf/libraries\pgflibr
aryplotmarks.code.tex
File: pgflibraryplotmarks.code.tex 2025-08-29 v3.1.11a (3.1.11a)
)))
(C:\Users\vresh\AppData\Local\Programs\MiKTeX\tex/latex/caption\subcaption.sty
Package: subcaption 2023/07/28 v1.6b Sub-captions (AR)
Package caption Info: New subtype `subfigure' on input line 238.
\c@subfigure=\count379
Package caption Info: New subtype `subtable' on input line 238.
\c@subtable=\count380
)
LaTeX Font Info:    Trying to load font information for T1+LibertinusSerif-TLF 
on input line 170.

(C:\Users\vresh\AppData\Local\Programs\MiKTeX\tex/latex/libertinus-type1\t1libe
rtinusserif-tlf.fd
File: T1LibertinusSerif-TLF.fd 2024/09/22 (autoinst) Font definitions for T1/Li
bertinusSerif-TLF.
)
LaTeX Font Info:    Font shape `T1/LibertinusSerif-TLF/m/n' will be
(Font)              scaled to size 10.95pt on input line 170.

(C:\Users\vresh\AppData\Local\Programs\MiKTeX\tex/latex/l3backend\l3backend-pdf
tex.def
File: l3backend-pdftex.def 2026-02-18 L3 backend support: PDF output (pdfTeX)
\l__color_backend_stack_int=\count381
)
No file geometric_q_fabius_frontiers.aux.
\openout1 = `geometric_q_fabius_frontiers.aux'.

LaTeX Font Info:    Checking defaults for OML/cmm/m/it on input line 170.
LaTeX Font Info:    ... okay on input line 170.
LaTeX Font Info:    Checking defaults for OMS/cmsy/m/n on input line 170.
LaTeX Font Info:    ... okay on input line 170.
LaTeX Font Info:    Checking defaults for OT1/cmr/m/n on input line 170.
LaTeX Font Info:    ... okay on input line 170.
LaTeX Font Info:    Checking defaults for T1/cmr/m/n on input line 170.
LaTeX Font Info:    ... okay on input line 170.
LaTeX Font Info:    Checking defaults for TS1/cmr/m/n on input line 170.
LaTeX Font Info:    ... okay on input line 170.
LaTeX Font Info:    Checking defaults for OMX/cmex/m/n on input line 170.
LaTeX Font Info:    ... okay on input line 170.
LaTeX Font Info:    Checking defaults for U/cmr/m/n on input line 170.
LaTeX Font Info:    ... okay on input line 170.
LaTeX Font Info:    Checking defaults for PD1/pdf/m/n on input line 170.
LaTeX Font Info:    ... okay on input line 170.
LaTeX Font Info:    Checking defaults for PU/pdf/m/n on input line 170.
LaTeX Font Info:    ... okay on input line 170.
*geometry* driver: auto-detecting
*geometry* detected driver: pdftex
*geometry* verbose mode - [ preamble ] result:
* driver: pdftex
* paper: a4paper
* layout: <same size as paper>
* layoutoffset:(h,v)=(0.0pt,0.0pt)
* modes: 
* h-part:(L,W,R)=(73.97716pt, 449.55356pt, 73.97716pt)
* v-part:(T,H,B)=(73.97716pt, 697.09253pt, 73.97716pt)
* \paperwidth=597.50787pt
* \paperheight=845.04684pt
* \textwidth=449.55356pt
* \textheight=697.09253pt
* \oddsidemargin=1.70717pt
* \evensidemargin=1.70717pt
* \topmargin=-38.29283pt
* \headheight=15.0pt
* \headsep=25.0pt
* \topskip=11.0pt
* \footskip=30.0pt
* \marginparwidth=59.0pt
* \marginparsep=10.0pt
* \columnsep=10.0pt
* \skip\footins=10.0pt plus 4.0pt minus 2.0pt
* \hoffset=0.0pt
* \voffset=0.0pt
* \mag=1000
* \@twocolumnfalse
* \@twosidefalse
* \@mparswitchfalse
* \@reversemarginfalse
* (1in=72.27pt=25.4mm, 1cm=28.453pt)

\c@mv@tabular=\count382
\c@mv@boldtabular=\count383
LaTeX Info: Redefining \microtypecontext on input line 170.
Package microtype Info: Applying patch `item' on input line 170.
Package microtype Info: Applying patch `toc' on input line 170.
Package microtype Info: Applying patch `eqnum' on input line 170.
Package microtype Info: Applying patch `footnote' on input line 170.
Package microtype Info: Applying patch `verbatim' on input line 170.
LaTeX Info: Redefining \microtypesetup on input line 170.
Package microtype Info: Generating PDF output.
Package microtype Info: Character protrusion enabled (level 2).
Package microtype Info: Using default protrusion set `alltext'.
Package microtype Info: Automatic font expansion enabled (level 2),
(microtype)             stretch: 20, shrink: 20, step: 1, non-selected.
Package microtype Info: Using default expansion set `alltext-nott'.
Package microtype Info: Patching command `\showhyphens'.
Package microtype Info: No adjustment of tracking.
Package microtype Info: No adjustment of interword spacing.
Package microtype Info: No adjustment of character kerning.
Package microtype Info: Loading generic protrusion settings for font family
(microtype)             `LibertinusSerif-TLF' (encoding: T1).
(microtype)             For optimal results, create family-specific settings.
(microtype)             See the microtype manual for details.

(C:\Users\vresh\AppData\Local\Programs\MiKTeX\tex/context/base/mkii\supp-pdf.mk
ii
[Loading MPS to PDF converter (version 2006.09.02).]
\scratchcounter=\count384
\scratchdimen=\dimen351
\scratchbox=\box95
\nofMPsegments=\count385
\nofMParguments=\count386
\everyMPshowfont=\toks66
\MPscratchCnt=\count387
\MPscratchDim=\dimen352
\MPnumerator=\count388
\makeMPintoPDFobject=\count389
\everyMPtoPDFconversion=\toks67
)
(C:\Users\vresh\AppData\Local\Programs\MiKTeX\tex/latex/epstopdf-pkg\epstopdf-b
ase.sty
Package: epstopdf-base 2020-01-24 v2.11 Base part for package epstopdf


Package epstopdf Warning: Shell escape feature is not enabled.

Package epstopdf-base Info: Redefining graphics rule for `.eps' on input line 4
85.

(C:\Users\vresh\AppData\Local\Programs\MiKTeX\tex/latex/00miktex\epstopdf-sys.c
fg
File: epstopdf-sys.cfg 2021/03/18 v2.0 Configuration of epstopdf for MiKTeX
))
\c@lstlisting=\count390
Package hyperref Info: Link coloring ON on input line 170.
\@outlinefile=\write4
\openout4 = `geometric_q_fabius_frontiers.out'.

Package caption Info: Begin \AtBeginDocument code.
Package caption Info: End \AtBeginDocument code.


Package pgfplots Warning: running in backwards compatibility mode (unsuitable t
ick labels; missing features). Consider writing \pgfplotsset{compat=1.18} into 
your preamble.
 on input line 170.

LaTeX Font Info:    Font shape `T1/LibertinusSerif-TLF/m/n' will be
(Font)              scaled to size 17.28pt on input line 172.
LaTeX Font Info:    Font shape `T1/LibertinusSerif-TLF/b/n' will be
(Font)              scaled to size 17.28pt on input line 172.
(C:\Users\vresh\AppData\Local\Programs\MiKTeX\tex/latex/microtype\mt-cmr.cfg
File: mt-cmr.cfg 2013/05/19 v2.2 microtype config. file: Computer Modern Roman 
(RS)
)
LaTeX Font Info:    Trying to load font information for U+msa on input line 172
.

(C:\Users\vresh\AppData\Local\Programs\MiKTeX\tex/latex/amsfonts\umsa.fd
File: umsa.fd 2013/01/14 v3.01 AMS symbols A
)
(C:\Users\vresh\AppData\Local\Programs\MiKTeX\tex/latex/microtype\mt-msa.cfg
File: mt-msa.cfg 2006/02/04 v1.1 microtype config. file: AMS symbols (a) (RS)
)
LaTeX Font Info:    Trying to load font information for U+msb on input line 172
.

(C:\Users\vresh\AppData\Local\Programs\MiKTeX\tex/latex/amsfonts\umsb.fd
File: umsb.fd 2013/01/14 v3.01 AMS symbols B
)
(C:\Users\vresh\AppData\Local\Programs\MiKTeX\tex/latex/microtype\mt-msb.cfg
File: mt-msb.cfg 2005/06/01 v1.0 microtype config. file: AMS symbols (b) (RS)
)
LaTeX Font Info:    Trying to load font information for U+rsfs on input line 17
2.

(C:\Users\vresh\AppData\Local\Programs\MiKTeX\tex/latex/jknappen\ursfs.fd
File: ursfs.fd 1998/03/24 rsfs font definition file (jk)
)
LaTeX Font Info:    Font shape `T1/LibertinusSerif-TLF/b/n' will be
(Font)              scaled to size 12.0pt on input line 172.
LaTeX Font Info:    Font shape `T1/LibertinusSerif-TLF/m/n' will be
(Font)              scaled to size 12.0pt on input line 172.
LaTeX Font Info:    Font shape `T1/LibertinusSerif-TLF/m/n' will be
(Font)              scaled to size 14.4pt on input line 172.
LaTeX Font Info:    Font shape `T1/LibertinusSerif-TLF/b/n' will be
(Font)              scaled to size 14.4pt on input line 172.

No file geometric_q_fabius_frontiers.toc.
\tf@toc=\write5
\openout5 = `geometric_q_fabius_frontiers.toc'.

[1

{C:/Users/vresh/AppData/Local/MiKTeX/fonts/map/pdftex/pdftex.map}{C:/Users/vres
h/AppData/Local/Programs/MiKTeX/fonts/enc/dvips/libertinus-type1/lbn1_sfissr.en
c}{C:/Users/vresh/AppData/Local/Programs/MiKTeX/fonts/enc/dvips/libertinus-type
1/lbn1_75t36g.enc}]
LaTeX Font Info:    Trying to load font information for T1+LibertinusMono-TLF o
n input line 180.

(C:\Users\vresh\AppData\Local\Programs\MiKTeX\tex/latex/libertinus-type1\t1libe
rtinusmono-tlf.fd
File: T1LibertinusMono-TLF.fd 2025/01/11 (autoinst) Font definitions for T1/Lib
ertinusMono-TLF.
)
LaTeX Font Info:    Font shape `T1/LibertinusMono-TLF/m/n' will be
(Font)              scaled to size 9.30756pt on input line 180.
Package microtype Info: Loading generic protrusion settings for font family
(microtype)             `LibertinusMono-TLF' (encoding: T1).
(microtype)             For optimal results, create family-specific settings.
(microtype)             See the microtype manual for details.
Package microtype Info: Character `guilsinglleft ' is missing
(microtype)             in font `T1/LibertinusMono-TLF/m/n/10.95'.
(microtype)             Ignoring protrusion settings for this character.
Package microtype Info: Character `guilsinglright ' is missing
(microtype)             in font `T1/LibertinusMono-TLF/m/n/10.95'.
(microtype)             Ignoring protrusion settings for this character.
LaTeX Font Info:    Trying to load font information for TS1+LibertinusSerif-TLF
 on input line 192.

(C:\Users\vresh\AppData\Local\Programs\MiKTeX\tex/latex/libertinus-type1\ts1lib
ertinusserif-tlf.fd
File: TS1LibertinusSerif-TLF.fd 2024/09/22 (autoinst) Font definitions for TS1/
LibertinusSerif-TLF.
)
LaTeX Font Info:    Font shape `TS1/LibertinusSerif-TLF/m/n' will be
(Font)              scaled to size 10.95pt on input line 192.
Package microtype Info: Loading generic protrusion settings for font family
(microtype)             `LibertinusSerif-TLF' (encoding: TS1).
(microtype)             For optimal results, create family-specific settings.
(microtype)             See the microtype manual for details.
LaTeX Font Info:    Font shape `T1/LibertinusSerif-TLF/m/n' will be
(Font)              scaled to size 9.0pt on input line 192.
LaTeX Font Info:    Font shape `T1/LibertinusMono-TLF/m/n' will be
(Font)              scaled to size 7.65005pt on input line 192.
Package microtype Info: Character `guilsinglleft ' is missing
(microtype)             in font `T1/LibertinusMono-TLF/m/n/9'.
(microtype)             Ignoring protrusion settings for this character.
Package microtype Info: Character `guilsinglright ' is missing
(microtype)             in font `T1/LibertinusMono-TLF/m/n/9'.
(microtype)             Ignoring protrusion settings for this character.
LaTeX Font Info:    Font shape `T1/LibertinusSerif-TLF/m/n' will be
(Font)              scaled to size 10.0pt on input line 202.
 [2

{C:/Users/vresh/AppData/Local/Programs/MiKTeX/fonts/enc/dvips/libertinus-type1/
lbn1_or3pzs.enc}{C:/Users/vresh/AppData/Local/Programs/MiKTeX/fonts/enc/dvips/l
ibertinus-type1/lbn1_rlktsf.enc}] [3] [4] [5]
LaTeX Font Info:    Font shape `T1/LibertinusSerif-TLF/m/n' will be
(Font)              scaled to size 20.74pt on input line 233.
LaTeX Font Info:    Font shape `T1/LibertinusSerif-TLF/b/n' will be
(Font)              scaled to size 20.74pt on input line 233.
LaTeX Font Info:    Font shape `T1/LibertinusSerif-TLF/b/n' will be
(Font)              scaled to size 10.95pt on input line 257.


LaTeX Warning: Reference `p0:sec:dictionary' on page 1 undefined on input line 
257.


LaTeX Warning: Reference `p0:thm:cumulants' on page 1 undefined on input line 2
62.


LaTeX Warning: Reference `p0:sec:register' on page 1 undefined on input line 26
8.

Package microtype Info: Loading generic protrusion settings for font family
(microtype)             `cmss' (encoding: OT1).
(microtype)             For optimal results, create family-specific settings.
(microtype)             See the microtype manual for details.

LaTeX Warning: Reference `p0:eq:family' on page 6 undefined on input line 294.

LaTeX Font Info:    Font shape `T1/LibertinusSerif-TLF/m/it' will be
(Font)              scaled to size 10.95pt on input line 295.

LaTeX Warning: Reference `p0:prop:fabius-point' on page 1 undefined on input li
ne 302.


LaTeX Warning: Reference `p0:tab:dictionary' on page 1 undefined on input line 
304.


LaTeX Warning: Reference `p0:eq:family' on page 6 undefined on input line 309.

[6


{C:/Users/vresh/AppData/Local/Programs/MiKTeX/fonts/enc/dvips/libertinus-type1/
lbn1_sncvby.enc}]

LaTeX Warning: Reference `p0:eq:support' on page 7 undefined on input line 353.



LaTeX Warning: Reference `p0:eq:fixed-point' on page 7 undefined on input line 
383.


LaTeX Warning: Reference `p0:eq:family' on page 7 undefined on input line 387.


LaTeX Warning: Reference `p0:eq:fixed-point' on page 7 undefined on input line 
390.


LaTeX Warning: Reference `p0:prop:basic' on page 1 undefined on input line 406.


[7]

LaTeX Warning: Reference `p0:prop:fixed-point' on page 1 undefined on input lin
e 419.


LaTeX Warning: Reference `p7:sec:germ' on page 1 undefined on input line 421.


LaTeX Warning: Reference `p0:eq:fixed-point' on page 8 undefined on input line 
439.


LaTeX Warning: Reference `p0:prop:fixed-point' on page 1 undefined on input lin
e 442.


LaTeX Warning: Reference `p0:eq:fabius-point' on page 8 undefined on input line
 450.


LaTeX Warning: Reference `p0:eq:fabius-point' on page 8 undefined on input line
 457.


LaTeX Warning: Reference `p0:eq:variance' on page 8 undefined on input line 467
.


LaTeX Warning: Reference `p0:eq:support' on page 8 undefined on input line 472.



LaTeX Warning: Reference `p0:tab:dictionary' on page 1 undefined on input line 
513.

[8]

LaTeX Warning: Reference `p0:eq:cf' on page 9 undefined on input line 538.


LaTeX Warning: Reference `p0:eq:cf' on page 9 undefined on input line 561.


LaTeX Warning: Reference `p0:prop:basic' on page 1 undefined on input line 563.



LaTeX Warning: Reference `p0:eq:mgf' on page 9 undefined on input line 572.


LaTeX Warning: Reference `p0:eq:mahler' on page 9 undefined on input line 584.


LaTeX Warning: Reference `p0:eq:mgf' on page 9 undefined on input line 590.


LaTeX Warning: Reference `p0:eq:mahler' on page 9 undefined on input line 591.


LaTeX Warning: Reference `p0:eq:mahler' on page 9 undefined on input line 606.


LaTeX Warning: Reference `p0:eq:cf' on page 9 undefined on input line 621.

[9]

LaTeX Warning: Reference `p0:tab:dictionary' on page 1 undefined on input line 
636.


LaTeX Warning: Reference `p0:eq:bernoulli' on page 10 undefined on input line 6
71.


LaTeX Warning: Reference `p0:eq:log-sinhc-half' on page 10 undefined on input l
ine 684.


LaTeX Warning: Reference `p0:eq:log-sinhc-full' on page 10 undefined on input l
ine 687.


LaTeX Warning: Reference `p0:eq:log-sinhc-half' on page 10 undefined on input l
ine 696.

[10]
LaTeX Font Info:    Font shape `T1/LibertinusSerif-TLF/m/it' will be
(Font)              scaled to size 8.0pt on input line 723.
LaTeX Font Info:    Font shape `T1/LibertinusSerif-TLF/m/it' will be
(Font)              scaled to size 6.0pt on input line 723.


LaTeX Warning: Reference `p0:lem:log-sinhc' on page 1 undefined on input line 7
30.


LaTeX Warning: Reference `p0:eq:cumulants' on page 11 undefined on input line 7
43.


LaTeX Warning: Reference `p0:eq:variance' on page 11 undefined on input line 74
4.


LaTeX Warning: Reference `p0:eq:standardized-cumulants' on page 11 undefined on
 input line 752.


LaTeX Warning: Reference `p0:eq:bell' on page 11 undefined on input line 775.


LaTeX Warning: Reference `p0:prop:products' on page 1 undefined on input line 7
77.


LaTeX Warning: Reference `p0:eq:cumulants' on page 11 undefined on input line 7
78.


LaTeX Warning: Reference `p0:prop:mahler' on page 1 undefined on input line 783
.


LaTeX Warning: Reference `p0:eq:cumulants' on page 11 undefined on input line 7
90.


LaTeX Warning: Reference `p0:eq:standardized-cumulants' on page 11 undefined on
 input line 794.


LaTeX Warning: Reference `p0:tab:dictionary' on page 1 undefined on input line 
795.


LaTeX Warning: Reference `p0:lem:transport' on page 1 undefined on input line 7
95.

[11]

LaTeX Warning: Reference `p0:tab:dictionary' on page 1 undefined on input line 
829.


LaTeX Warning: Reference `p0:def:family' on page 1 undefined on input line 832.



LaTeX Warning: Reference `p0:prop:products' on page 1 undefined on input line 8
32.


LaTeX Warning: Reference `p0:lem:transport' on page 1 undefined on input line 8
34.


LaTeX Warning: Reference `p0:def:family' on page 1 undefined on input line 840.



LaTeX Warning: Reference `p0:def:family' on page 1 undefined on input line 840.


LaTeX Font Info:    Font shape `T1/LibertinusSerif-TLF/b/n' will be
(Font)              scaled to size 10.0pt on input line 851.

LaTeX Warning: Reference `p0:def:family' on page 1 undefined on input line 851.



LaTeX Warning: Reference `p0:rem:finite-products' on page 1 undefined on input 
line 853.

LaTeX Font Info:    Font shape `T1/LibertinusSerif-TLF/m/it' will be
(Font)              scaled to size 10.0pt on input line 864.

Package longtable Warning: Column widths have changed
(longtable)                in table 1 on input line 874.


LaTeX Warning: Reference `p0:tab:dictionary' on page 1 undefined on input line 
879.


LaTeX Warning: Reference `p0:eq:cumulants' on page 12 undefined on input line 8
83.


LaTeX Warning: Reference `p0:eq:variance' on page 12 undefined on input line 88
6.


LaTeX Warning: Reference `p0:eq:standardized-cumulants' on page 12 undefined on
 input line 891.


LaTeX Warning: Reference `p0:lem:transport' on page 1 undefined on input line 9
01.


LaTeX Warning: Reference `p0:eq:cumulants' on page 12 undefined on input line 9
03.


LaTeX Warning: Reference `p0:eq:variance' on page 12 undefined on input line 90
8.


LaTeX Warning: Reference `p0:eq:cf' on page 12 undefined on input line 923.


LaTeX Warning: Reference `p0:eq:sinc' on page 12 undefined on input line 940.

[12]

LaTeX Warning: Reference `p0:eq:cumulants' on page 13 undefined on input line 9
75.


LaTeX Warning: Reference `p0:sec:crossref' on page 1 undefined on input line 10
13.

[13]

LaTeX Warning: Reference `p0:sec:status' on page 1 undefined on input line 1050
.


LaTeX Warning: Reference `p11:thm:edgeworth-schwartz' on page 1 undefined on in
put line 1060.


LaTeX Warning: Reference `p0:prop:dictionary' on page 1 undefined on input line
 1061.


LaTeX Warning: Reference `p8:prop:edgeworth' on page 1 undefined on input line 
1062.


LaTeX Warning: Reference `p11:thm:edgeworth-schwartz' on page 1 undefined on in
put line 1064.


LaTeX Warning: Reference `p11:prop:h-power-series' on page 1 undefined on input
 line 1065.


LaTeX Warning: Reference `p8:rem:all-orders' on page 1 undefined on input line 
1066.


LaTeX Warning: Reference `p9:thm:all-orders' on page 1 undefined on input line 
1068.


LaTeX Warning: Reference `p12:thm:flat-koenigs' on page 1 undefined on input li
ne 1077.

[14]

LaTeX Warning: Reference `p10:rem:rate-signs' on page 1 undefined on input line
 1086.


LaTeX Warning: Reference `p0:tab:census' on page 1 undefined on input line 1095
.


Package longtable Warning: Column widths have changed
(longtable)                in table 2 on input line 1132.


LaTeX Warning: Reference `p0:def:family' on page 1 undefined on input line 1162
.


LaTeX Warning: Reference `p0:eq:variance' on page 15 undefined on input line 11
66.


LaTeX Warning: Reference `p0:eq:standardized-cumulants' on page 15 undefined on
 input line 1171.

[15]

Package longtable Warning: Column widths have changed
(longtable)                in table 3 on input line 1174.


LaTeX Warning: Reference `p0:eq:cf' on page 16 undefined on input line 1183.

[16]
LaTeX Font Info:    Font shape `T1/LibertinusSerif-TLF/m/sc' will be
(Font)              scaled to size 10.0pt on input line 1211.
 [17

{C:/Users/vresh/AppData/Local/Programs/MiKTeX/fonts/enc/dvips/libertinus-type1/
lbn1_cb34qf.enc}]

LaTeX Warning: Reference `p1:app:inventory' on page 1 undefined on input line 1
284.

[18

]

LaTeX Warning: Citation `bib:arias1982' on page 19 undefined on input line 1341
.


LaTeX Warning: Citation `bib:arias2017' on page 19 undefined on input line 1341
.


LaTeX Warning: Citation `bib:aistleitner2015' on page 19 undefined on input lin
e 1341.


LaTeX Warning: Citation `bib:toth2022' on page 19 undefined on input line 1341.



LaTeX Warning: Citation `bib:allouche2003' on page 19 undefined on input line 1
341.


LaTeX Warning: Citation `bib:petrov1995' on page 19 undefined on input line 134
1.


LaTeX Warning: Citation `bib:stanley1997' on page 19 undefined on input line 13
41.


LaTeX Warning: Citation `bib:flajolet1995' on page 19 undefined on input line 1
341.


LaTeX Warning: Citation `bib:bruijn1959' on page 19 undefined on input line 134
1.


LaTeX Warning: Citation `bib:corless1996' on page 19 undefined on input line 13
41.


LaTeX Warning: Reference `p1:lem:q-weights' on page 1 undefined on input line 1
364.


LaTeX Warning: Reference `p1:eq:Rrm-exact' on page 19 undefined on input line 1
370.


LaTeX Warning: Reference `p1:eq:Rrm-sign' on page 19 undefined on input line 14
17.


LaTeX Warning: Reference `p1:eq:Rrm-bound' on page 19 undefined on input line 1
417.

[19] [20]

LaTeX Warning: Reference `p1:eq:Phi-a' on page 21 undefined on input line 1474.


LaTeX Font Info:    Font shape `T1/LibertinusSerif-TLF/b/it' will be
(Font)              scaled to size 10.95pt on input line 1480.
LaTeX Font Info:    Font shape `T1/LibertinusMono-TLF/m/it' will be
(Font)              scaled to size 9.30756pt on input line 1481.
Package microtype Info: Character `guilsinglleft ' is missing
(microtype)             in font `T1/LibertinusMono-TLF/m/it/10.95'.
(microtype)             Ignoring protrusion settings for this character.
Package microtype Info: Character `guilsinglright ' is missing
(microtype)             in font `T1/LibertinusMono-TLF/m/it/10.95'.
(microtype)             Ignoring protrusion settings for this character.

LaTeX Warning: Reference `p1:eq:Phi-a' on page 21 undefined on input line 1483.



LaTeX Warning: Reference `p1:eq:sinc-normalized' on page 21 undefined on input 
line 1484.


LaTeX Warning: Reference `p1:eq:sinc-normalized' on page 21 undefined on input 
line 1492.

[21{C:/Users/vresh/AppData/Local/Programs/MiKTeX/fonts/enc/dvips/libertinus-typ
e1/lbn1_opzo24.enc}]

LaTeX Warning: Reference `p1:thm:master-probability' on page 1 undefined on inp
ut line 1557.


LaTeX Warning: Reference `p1:eq:m-a' on page 22 undefined on input line 1599.


LaTeX Warning: Reference `p1:eq:canonical-a' on page 22 undefined on input line
 1603.

[22] [23]

LaTeX Warning: Reference `p1:eq:zeta-a' on page 24 undefined on input line 1697
.


LaTeX Warning: Reference `p1:eq:zeta-a' on page 24 undefined on input line 1708
.


LaTeX Warning: Reference `p1:eq:m-a' on page 24 undefined on input line 1717.

[24]

LaTeX Warning: Reference `p1:eq:M-floor' on page 25 undefined on input line 176
4.


LaTeX Warning: Reference `p1:eq:M-floor' on page 25 undefined on input line 176
8.


LaTeX Warning: Reference `p1:eq:M-defect' on page 25 undefined on input line 17
68.


LaTeX Warning: Reference `p1:eq:M-bit' on page 25 undefined on input line 1780.



LaTeX Warning: Reference `p1:eq:M-bit' on page 25 undefined on input line 1782.



LaTeX Warning: Reference `p1:eq:M-bit' on page 25 undefined on input line 1791.



LaTeX Warning: Reference `p1:eq:M-defect' on page 25 undefined on input line 18
01.


LaTeX Warning: Reference `p1:eq:M-bit' on page 25 undefined on input line 1807.


[25]

LaTeX Warning: Reference `p1:eq:sign-master' on page 26 undefined on input line
 1839.


LaTeX Warning: Reference `p1:eq:epsilon-a' on page 26 undefined on input line 1
842.


LaTeX Warning: Reference `p1:eq:kernel-shift' on page 26 undefined on input lin
e 1861.


LaTeX Warning: Reference `p1:eq:sign-master' on page 26 undefined on input line
 1874.


LaTeX Warning: Reference `p1:eq:lobe-sign-count' on page 26 undefined on input 
line 1876.


LaTeX Warning: Reference `p1:eq:lobe-sign-count' on page 26 undefined on input 
line 1887.


LaTeX Warning: Reference `p1:eq:sign-master' on page 26 undefined on input line
 1887.

[26]

LaTeX Warning: Reference `p1:eq:sign-master' on page 27 undefined on input line
 1904.


LaTeX Warning: Reference `p1:eq:canonical-a' on page 27 undefined on input line
 1920.


LaTeX Warning: Reference `p1:eq:lobe-sign-count' on page 27 undefined on input 
line 1936.


LaTeX Warning: Reference `p1:eq:M-floor' on page 27 undefined on input line 193
6.


LaTeX Warning: Citation `bib:allouche2003' on page 27 undefined on input line 1
949.

LaTeX Font Info:    Font shape `T1/LibertinusSerif-TLF/m/n' will be
(Font)              scaled to size 8.0pt on input line 1956.
LaTeX Font Info:    Font shape `T1/LibertinusSerif-TLF/m/n' will be
(Font)              scaled to size 6.0pt on input line 1956.
[27]

LaTeX Warning: Reference `p1:eq:first-surviving' on page 28 undefined on input 
line 1992.


LaTeX Warning: Reference `p1:eq:Prouhet-vanish' on page 28 undefined on input l
ine 1995.


LaTeX Warning: Reference `p1:eq:T-a-L' on page 28 undefined on input line 1997.



LaTeX Warning: Reference `p1:thm:lobe-sign' on page 1 undefined on input line 2
001.


LaTeX Warning: Reference `p1:eq:Prouhet-vanish' on page 28 undefined on input l
ine 2003.


LaTeX Warning: Reference `p1:eq:first-surviving' on page 28 undefined on input 
line 2003.


LaTeX Warning: Reference `p1:eq:Prouhet-vanish' on page 28 undefined on input l
ine 2023.


LaTeX Warning: Reference `p1:eq:first-surviving' on page 28 undefined on input 
line 2024.

[28]

LaTeX Warning: Reference `p1:eq:first-surviving' on page 29 undefined on input 
line 2051.


Package hyperref Warning: Token not allowed in a PDF string (Unicode):
(hyperref)                removing `math shift' on input line 2063.


Package hyperref Warning: Token not allowed in a PDF string (Unicode):
(hyperref)                removing `superscript' on input line 2063.


Package hyperref Warning: Token not allowed in a PDF string (Unicode):
(hyperref)                removing `math shift' on input line 2063.


LaTeX Warning: Reference `p1:eq:bell-moments' on page 29 undefined on input lin
e 2119.


LaTeX Warning: Reference `p1:eq:partition-moments' on page 29 undefined on inpu
t line 2121.


LaTeX Warning: Reference `p1:thm:cumulants' on page 1 undefined on input line 2
125.

[29]

LaTeX Warning: Reference `p1:eq:zeta-a' on page 30 undefined on input line 2164
.


LaTeX Warning: Reference `p1:eq:a-from-zero' on page 30 undefined on input line
 2174.


LaTeX Warning: Reference `p1:eq:a0-limit' on page 30 undefined on input line 21
90.


LaTeX Warning: Reference `p1:eq:av-limit' on page 30 undefined on input line 21
90.


Package hyperref Warning: Token not allowed in a PDF string (Unicode):
(hyperref)                removing `math shift' on input line 2195.


Package hyperref Warning: Token not allowed in a PDF string (Unicode):
(hyperref)                removing `math shift' on input line 2195.


LaTeX Warning: Reference `p1:thm:identifiability' on page 1 undefined on input 
line 2198.

[30]

LaTeX Warning: Reference `p1:eq:lagrange-weight-product' on page 31 undefined o
n input line 2248.


LaTeX Warning: Reference `p1:eq:q-annihilation' on page 31 undefined on input l
ine 2250.


LaTeX Warning: Reference `p1:eq:q-survivor' on page 31 undefined on input line 
2255.


LaTeX Warning: Reference `p1:eq:lagrange-weight-product' on page 31 undefined o
n input line 2266.


LaTeX Warning: Reference `p1:eq:q-weights' on page 31 undefined on input line 2
266.


LaTeX Warning: Reference `p1:eq:q-survivor' on page 31 undefined on input line 
2282.


LaTeX Warning: Citation `bib:andrews1976' on page 31 undefined on input line 22
83.


LaTeX Warning: Reference `p1:eq:q-weights' on page 31 undefined on input line 2
292.

[31]

LaTeX Warning: Reference `p1:eq:q-annihilation' on page 32 undefined on input l
ine 2317.


LaTeX Warning: Reference `p1:eq:q-survivor' on page 32 undefined on input line 
2317.

[32]

LaTeX Warning: Reference `p1:eq:lagrange-weight-product' on page 33 undefined o
n input line 2379.


LaTeX Warning: Reference `p1:eq:Rrm-exact' on page 33 undefined on input line 2
385.


LaTeX Warning: Reference `p1:eq:Rrm-sign' on page 33 undefined on input line 23
91.


LaTeX Warning: Reference `p1:eq:Rrm-bound' on page 33 undefined on input line 2
391.


LaTeX Warning: Reference `p1:eq:Rrm-def' on page 33 undefined on input line 239
5.


LaTeX Warning: Reference `p1:eq:q-annihilation' on page 33 undefined on input l
ine 2397.


LaTeX Warning: Reference `p1:eq:q-survivor' on page 33 undefined on input line 
2397.


LaTeX Warning: Reference `p1:eq:Rrm-bound' on page 33 undefined on input line 2
405.


LaTeX Warning: Reference `p1:eq:condition-number' on page 33 undefined on input
 line 2444.


LaTeX Warning: Reference `p1:eq:lagrange-weight-product' on page 33 undefined o
n input line 2449.


LaTeX Warning: Reference `p1:eq:qquarter-condition' on page 33 undefined on inp
ut line 2486.

[33]

LaTeX Warning: Reference `p1:eq:q-weights' on page 34 undefined on input line 2
507.


LaTeX Warning: Reference `p1:eq:condition-number' on page 34 undefined on input
 line 2512.

[34]

LaTeX Warning: Reference `p1:thm:q-richardson' on page 1 undefined on input lin
e 2531.


LaTeX Warning: Reference `p1:eq:Rrm-def' on page 35 undefined on input line 254
1.


LaTeX Warning: Reference `p1:eq:integer-brackets' on page 35 undefined on input
 line 2542.


LaTeX Warning: Reference `p1:eq:Rrm-bound' on page 35 undefined on input line 2
546.


LaTeX Warning: Reference `p1:eq:shift-refinement' on page 35 undefined on input
 line 2593.


LaTeX Warning: Reference `p1:eq:mshift-refinement' on page 35 undefined on inpu
t line 2593.


LaTeX Warning: Reference `p1:eq:finite-difference-factorization' on page 35 und
efined on input line 2613.

[35] [36]

LaTeX Warning: Reference `p1:eq:mshift-refinement' on page 37 undefined on inpu
t line 2665.


LaTeX Warning: Reference `p1:thm:shift-refinement' on page 1 undefined on input
 line 2699.


LaTeX Warning: Citation `bib:stanley1997' on page 37 undefined on input line 27
04.


LaTeX Warning: Reference `p1:conj:rational-transseries' on page 1 undefined on 
input line 2729.

[37]

LaTeX Warning: Reference `p1:eq:mP' on page 38 undefined on input line 2792.


LaTeX Warning: Reference `p1:eq:mP' on page 38 undefined on input line 2798.

[38]

LaTeX Warning: Reference `p1:eq:AP-newton' on page 39 undefined on input line 2
821.


LaTeX Warning: Reference `p1:eq:RP' on page 39 undefined on input line 2821.


LaTeX Warning: Reference `p1:thm:master-probability' on page 1 undefined on inp
ut line 2845.


LaTeX Warning: Reference `p1:eq:ZP' on page 39 undefined on input line 2868.


LaTeX Warning: Reference `p1:eq:zeta-a' on page 39 undefined on input line 2870
.


LaTeX Warning: Reference `p1:eq:AP-newton' on page 39 undefined on input line 2
871.

[39]

LaTeX Warning: Reference `p1:eq:kappaP' on page 40 undefined on input line 2879
.


LaTeX Warning: Reference `p1:eq:kappaP' on page 40 undefined on input line 2887
.


LaTeX Warning: Reference `p1:eq:AP-newton' on page 40 undefined on input line 2
907.


LaTeX Warning: Reference `p1:eq:newton-Phi-factorization' on page 40 undefined 
on input line 2908.


LaTeX Warning: Reference `p1:eq:RP' on page 40 undefined on input line 2909.


LaTeX Warning: Reference `p1:eq:mP' on page 40 undefined on input line 2910.


LaTeX Warning: Reference `p1:eq:ZP' on page 40 undefined on input line 2911.


LaTeX Warning: Reference `p1:eq:kappaP' on page 40 undefined on input line 2911
.


LaTeX Warning: Reference `p1:eq:AP-newton' on page 40 undefined on input line 2
912.


LaTeX Warning: Reference `p1:eq:newton-Phi-factorization' on page 40 undefined 
on input line 2916.


LaTeX Warning: Citation `bib:bruijn1959' on page 40 undefined on input line 295
1.


LaTeX Warning: Citation `bib:voss2009' on page 40 undefined on input line 2951.


[40]

LaTeX Warning: Citation `bib:corless1996' on page 41 undefined on input line 29
96.


LaTeX Warning: Reference `p1:sec:mellin' on page 1 undefined on input line 2998
.


LaTeX Warning: Reference `p1:eq:generalized-lambert' on page 41 undefined on in
put line 3001.


LaTeX Warning: Reference `p1:eq:generalized-saddle-equation' on page 41 undefin
ed on input line 3005.


LaTeX Warning: Reference `p1:eq:generalized-saddle-equation' on page 41 undefin
ed on input line 3028.

[41] [42] [43] [44] [45]

LaTeX Warning: Reference `p1:eq:Psi-three-factorizations' on page 46 undefined 
on input line 3309.


LaTeX Warning: Reference `p1:eq:Ad' on page 46 undefined on input line 3321.


LaTeX Warning: Reference `p1:eq:Pd-newton' on page 46 undefined on input line 3
322.


LaTeX Warning: Reference `p1:thm:newton-factorization' on page 1 undefined on i
nput line 3331.


LaTeX Warning: Reference `p1:eq:Pd-nonnegative' on page 46 undefined on input l
ine 3332.


LaTeX Warning: Reference `p1:eq:Psi-multiplicity' on page 46 undefined on input
 line 3375.

[46]

LaTeX Warning: Reference `p1:eq:Pd-newton' on page 47 undefined on input line 3
404.


LaTeX Warning: Reference `p1:eq:Psi-zeta' on page 47 undefined on input line 34
06.


LaTeX Warning: Reference `p1:eq:Ad' on page 47 undefined on input line 3407.


LaTeX Warning: Reference `p1:eq:Psi-cumulants' on page 47 undefined on input li
ne 3430.


LaTeX Warning: Reference `p1:eq:kappaP' on page 47 undefined on input line 3431
.


LaTeX Warning: Reference `p1:eq:Psi-cumulants' on page 47 undefined on input li
ne 3439.

[47]

LaTeX Warning: Reference `p1:eq:Psi-variance' on page 48 undefined on input lin
e 3446.


LaTeX Warning: Reference `p1:thm:zero-zeta' on page 1 undefined on input line 3
451.


LaTeX Warning: Reference `p1:eq:Ad' on page 48 undefined on input line 3458.


LaTeX Warning: Reference `p1:eq:Pd-lucas' on page 48 undefined on input line 34
92.


LaTeX Warning: Reference `p1:thm:lobe-sign' on page 1 undefined on input line 3
497.

[48]

LaTeX Warning: Reference `p1:eq:first-surviving' on page 49 undefined on input 
line 3523.


LaTeX Warning: Reference `p1:eq:Pd-lucas' on page 49 undefined on input line 35
24.


LaTeX Warning: Reference `p1:eq:Pd-prouhet-density' on page 49 undefined on inp
ut line 3529.


LaTeX Warning: Reference `p1:eq:Pd-prouhet-density' on page 49 undefined on inp
ut line 3553.


LaTeX Warning: Reference `p1:thm:general-prouhet' on page 1 undefined on input 
line 3561.

[49]

LaTeX Warning: Citation `bib:petrov1995' on page 50 undefined on input line 361
3.


LaTeX Warning: Reference `p1:thm:pascal-BE' on page 1 undefined on input line 3
623.


LaTeX Warning: Reference `p1:conj:edgeworth' on page 1 undefined on input line 
3625.


LaTeX Warning: Reference `p1:eq:pascal-BE' on page 50 undefined on input line 3
664.

[50]

LaTeX Warning: Reference `p1:thm:pascal-BE' on page 1 undefined on input line 3
704.


LaTeX Warning: Reference `p1:eq:L1-asymptotic' on page 51 undefined on input li
ne 3705.


LaTeX Warning: Reference `p1:eq:zeta-a' on page 51 undefined on input line 3756
.

[51]

LaTeX Warning: Citation `bib:flajolet1995' on page 52 undefined on input line 3
766.


LaTeX Warning: Reference `p1:eq:kernel-mellin' on page 52 undefined on input li
ne 3766.


LaTeX Warning: Reference `p1:eq:La-mellin' on page 52 undefined on input line 3
767.


LaTeX Warning: Reference `p1:eq:kernel-mellin' on page 52 undefined on input li
ne 3771.


LaTeX Warning: Reference `p1:eq:kernel-mellin' on page 52 undefined on input li
ne 3772.


LaTeX Warning: Reference `p1:eq:kernel-mellin' on page 52 undefined on input li
ne 3783.


LaTeX Warning: Reference `p1:eq:La-mellin' on page 52 undefined on input line 3
783.


LaTeX Warning: Reference `p1:eq:La-mellin' on page 52 undefined on input line 3
803.


LaTeX Warning: Reference `p1:eq:CP' on page 52 undefined on input line 3812.


LaTeX Warning: Reference `p1:eq:dyadic-lattice' on page 52 undefined on input l
ine 3815.


LaTeX Warning: Reference `p1:conj:rational-transseries' on page 1 undefined on 
input line 3817.


LaTeX Warning: Reference `p1:eq:generalized-lambert' on page 52 undefined on in
put line 3826.

[52]

LaTeX Warning: Citation `bib:norlund1924' on page 53 undefined on input line 38
50.


LaTeX Warning: Reference `p1:eq:norlund-laurent' on page 53 undefined on input 
line 3870.


LaTeX Warning: Reference `p1:eq:generalized-lambert' on page 53 undefined on in
put line 3874.


LaTeX Warning: Reference `p1:eq:kappa-a' on page 53 undefined on input line 388
1.


LaTeX Warning: Reference `p1:eq:logLP-structure' on page 53 undefined on input 
line 3890.


LaTeX Warning: Reference `p1:thm:leading-laws' on page 1 undefined on input lin
e 3892.


LaTeX Warning: Reference `p1:conj:inverse-transseries' on page 1 undefined on i
nput line 3894.

[53]

LaTeX Warning: Reference `p1:eq:q-weights' on page 54 undefined on input line 3
913.


LaTeX Warning: Reference `p1:eq:q-survivor' on page 54 undefined on input line 
3915.


LaTeX Warning: Reference `p1:eq:Ad' on page 54 undefined on input line 3916.


LaTeX Warning: Reference `p1:eq:Psi-multiplicity' on page 54 undefined on input
 line 3918.


LaTeX Warning: Reference `p1:eq:Rrm-exact' on page 54 undefined on input line 3
919.


LaTeX Warning: Reference `p1:eq:condition-number' on page 54 undefined on input
 line 3920.


LaTeX Warning: Reference `p1:tab:richardson-errors' on page 1 undefined on inpu
t line 3932.

<assets/Fabius_Newton_Rvachev_Frontier_Report/figures/richardson_tomography.png
, id=567, 520.344pt x 332.1135pt>
File: assets/Fabius_Newton_Rvachev_Frontier_Report/figures/richardson_tomograph
y.png Graphic file (type png)
<use assets/Fabius_Newton_Rvachev_Frontier_Report/figures/richardson_tomography
.png>
Package pdftex.def Info: assets/Fabius_Newton_Rvachev_Frontier_Report/figures/r
ichardson_tomography.png  used on input line 3959.
(pdftex.def)             Requested size: 409.09538pt x 261.12015pt.

LaTeX Warning: Reference `p1:eq:qquarter-condition' on page 54 undefined on inp
ut line 3971.


Package hyperref Warning: Token not allowed in a PDF string (Unicode):
(hyperref)                removing `math shift' on input line 3975.


Package hyperref Warning: Token not allowed in a PDF string (Unicode):
(hyperref)                removing `math shift' on input line 3975.

[54]

LaTeX Warning: Reference `p1:tab:boundary-errors' on page 1 undefined on input 
line 4002.

<assets/Fabius_Newton_Rvachev_Frontier_Report/figures/boundary_layers.png, id=5
83, 520.344pt x 346.896pt>
File: assets/Fabius_Newton_Rvachev_Frontier_Report/figures/boundary_layers.png 
Graphic file (type png)
<use assets/Fabius_Newton_Rvachev_Frontier_Report/figures/boundary_layers.png>
Package pdftex.def Info: assets/Fabius_Newton_Rvachev_Frontier_Report/figures/b
oundary_layers.png  used on input line 4023.
(pdftex.def)             Requested size: 409.09538pt x 272.74269pt.

LaTeX Warning: Reference `p1:thm:pascal-BE' on page 1 undefined on input line 4
031.


LaTeX Warning: Reference `p1:eq:pascal-standardized-k4' on page 55 undefined on
 input line 4033.

(C:\Users\vresh\AppData\Local\Programs\MiKTeX\tex/latex/listings\lstlang1.sty
File: lstlang1.sty 2025/11/14 1.11b listings language file
)
[55 <./assets/Fabius_Newton_Rvachev_Frontier_Report/figures/richardson_tomograp
hy.png>] [56 <./assets/Fabius_Newton_Rvachev_Frontier_Report/figures/boundary_l
ayers.png>]
LaTeX Font Info:    Font shape `T1/LibertinusMono-TLF/m/n' will be
(Font)              scaled to size 8.50006pt on input line 4039.
Package microtype Info: Character `guilsinglleft ' is missing
(microtype)             in font `T1/LibertinusMono-TLF/m/n/10'.
(microtype)             Ignoring protrusion settings for this character.
Package microtype Info: Character `guilsinglright ' is missing
(microtype)             in font `T1/LibertinusMono-TLF/m/n/10'.
(microtype)             Ignoring protrusion settings for this character.
LaTeX Font Info:    Font shape `T1/LibertinusMono-TLF/b/n' will be
(Font)              scaled to size 8.50006pt on input line 4040.
Package microtype Info: Character `guilsinglleft ' is missing
(microtype)             in font `T1/LibertinusMono-TLF/b/n/10'.
(microtype)             Ignoring protrusion settings for this character.
Package microtype Info: Character `guilsinglright ' is missing
(microtype)             in font `T1/LibertinusMono-TLF/b/n/10'.
(microtype)             Ignoring protrusion settings for this character.


LaTeX Warning: Reference `p1:eq:tau-d' on page 57 undefined on input line 4055.



LaTeX Warning: Reference `p1:eq:Rrm-def' on page 57 undefined on input line 408
8.


LaTeX Warning: Reference `p1:eq:Rrm-exact' on page 57 undefined on input line 4
094.


LaTeX Warning: Reference `p1:eq:La-mellin' on page 57 undefined on input line 4
117.

[57]

LaTeX Warning: Reference `p1:eq:generalized-lambert' on page 58 undefined on in
put line 4126.


LaTeX Warning: Reference `p1:eq:logLP-structure' on page 58 undefined on input 
line 4127.


LaTeX Warning: Reference `p1:eq:M-bit' on page 58 undefined on input line 4193.



LaTeX Warning: Reference `p1:eq:kernel-shift' on page 58 undefined on input lin
e 4195.

[58]

LaTeX Warning: Reference `p1:eq:T-a-L' on page 59 undefined on input line 4197.



LaTeX Warning: Reference `p1:eq:first-surviving' on page 59 undefined on input 
line 4198.


LaTeX Warning: Reference `p1:eq:M-bit' on page 59 undefined on input line 4218.



LaTeX Warning: Reference `p1:eq:T-a-L' on page 59 undefined on input line 4219.



LaTeX Warning: Reference `p1:eq:newton-Phi-factorization' on page 59 undefined 
on input line 4241.


LaTeX Warning: Reference `p1:eq:La-mellin' on page 59 undefined on input line 4
247.

[59] [60]
ignored: Infinite glue shrinkage found in box being split [61]
ignored: Infinite glue shr
inkage found in box being split [62]

LaTeX Warning: Reference `p1:tab:result-ledger' on page 1 undefined on input li
ne 4426.


ignored: Infinite glue shrinkage found in box being split [63] [64]

LaTeX Warning: Reference `p1:fig:richardson' on page 1 undefined on input line 
4503.


LaTeX Warning: Reference `p1:fig:boundary-layers' on page 1 undefined on input 
line 4503.


LaTeX Warning: Reference `p1:eq:sinc-normalized' on page 65 undefined on input 
line 4510.


Underfull \hbox (badness 3919) in paragraph at lines 4508--4512
[]\T1/LibertinusSerif-TLF/m/n/10.95 (+20) The nu-mer-i-cal script fixes the pre
-ci-sion and grid sizes ex-plic-itly. Its for-mu-las use
 []

[65] [66]

LaTeX Warning: Citation `bib:repo' on page 67 undefined on input line 4659.


LaTeX Warning: Reference `p2:app:corpus' on page 1 undefined on input line 4665
.


LaTeX Warning: Reference `p2:sec:physical' on page 1 undefined on input line 46
97.


LaTeX Warning: Reference `p2:sec:filter' on page 1 undefined on input line 4697
.


LaTeX Warning: Reference `p2:sec:tail' on page 1 undefined on input line 4697.

[67] [68]

LaTeX Warning: Reference `p2:eq:boxes' on page 69 undefined on input line 4793.



LaTeX Warning: Reference `p2:eq:products' on page 69 undefined on input line 48
04.


LaTeX Warning: Reference `p2:eq:PhiFunctional' on page 69 undefined on input li
ne 4855.


LaTeX Warning: Reference `p2:eq:logsinc' on page 69 undefined on input line 486
8.

[69]

LaTeX Warning: Reference `p2:eq:logsinc' on page 70 undefined on input line 490
1.


LaTeX Warning: Reference `p2:eq:PhiDef' on page 70 undefined on input line 4901
.


LaTeX Warning: Reference `p2:eq:ckzeta' on page 70 undefined on input line 4907
.


LaTeX Warning: Reference `p2:thm:cumulants' on page 1 undefined on input line 4
910.


LaTeX Warning: Reference `p2:thm:tailfactor' on page 1 undefined on input line 
4910.


LaTeX Warning: Reference `p0:prop:bell' on page 1 undefined on input line 4931.


[70]

LaTeX Warning: Reference `p2:eq:Bellalpha' on page 71 undefined on input line 4
946.


LaTeX Warning: Reference `p2:eq:PhiCumulant' on page 71 undefined on input line
 4947.


LaTeX Warning: Reference `p2:eq:alpharec' on page 71 undefined on input line 49
48.


LaTeX Warning: Reference `p2:eq:Wm' on page 71 undefined on input line 5005.


LaTeX Warning: Reference `p2:eq:weights' on page 71 undefined on input line 501
9.

[71]

LaTeX Warning: Reference `p2:eq:table' on page 72 undefined on input line 5072.


[72]

LaTeX Warning: Reference `p2:eq:MrW' on page 73 undefined on input line 5114.


LaTeX Warning: Reference `p2:eq:cancelmom' on page 73 undefined on input line 5
115.


LaTeX Warning: Reference `p2:eq:Wm' on page 73 undefined on input line 5116.


LaTeX Warning: Reference `p2:eq:Mrqbinom' on page 73 undefined on input line 51
22.


LaTeX Warning: Reference `p2:eq:Mrpoch' on page 73 undefined on input line 5122
.


LaTeX Warning: Reference `p2:eq:cancelmom' on page 73 undefined on input line 5
150.

[73]

LaTeX Warning: Reference `p2:eq:exacterror-multiplied' on page 74 undefined on 
input line 5238.


LaTeX Warning: Reference `p2:eq:exacttail' on page 74 undefined on input line 5
249.

[74]

LaTeX Warning: Reference `p2:lem:qmoments' on page 1 undefined on input line 52
58.


LaTeX Warning: Reference `p2:eq:exacterror-multiplied' on page 75 undefined on 
input line 5259.


LaTeX Warning: Reference `p2:eq:exacterror' on page 75 undefined on input line 
5260.


LaTeX Warning: Reference `p2:prop:Bell' on page 1 undefined on input line 5264.



LaTeX Warning: Reference `p2:eq:leadingerror' on page 75 undefined on input lin
e 5265.


LaTeX Warning: Reference `p2:eq:divdiff' on page 75 undefined on input line 530
1.

[75]

LaTeX Warning: Reference `p2:eq:weights' on page 76 undefined on input line 535
7.


LaTeX Warning: Reference `p2:eq:exacterror' on page 76 undefined on input line 
5396.


LaTeX Warning: Reference `p2:eq:certificate' on page 76 undefined on input line
 5406.


LaTeX Warning: Reference `p2:eq:asympest' on page 76 undefined on input line 54
07.

[76]

LaTeX Warning: Reference `p2:eq:tailn' on page 77 undefined on input line 5453.



LaTeX Warning: Reference `p2:eq:exacterror' on page 77 undefined on input line 
5503.


LaTeX Warning: Reference `p2:thm:CinftyExpansion' on page 1 undefined on input 
line 5506.


LaTeX Warning: Reference `p2:eq:errorprofile' on page 77 undefined on input lin
e 5508.

[77]

LaTeX Warning: Reference `p2:eq:exacterror' on page 78 undefined on input line 
5539.


LaTeX Warning: Reference `p2:eq:firstmomenterror' on page 78 undefined on input
 line 5549.

[78]

LaTeX Warning: Reference `p2:eq:Fshift' on page 79 undefined on input line 5623
.


LaTeX Warning: Reference `p2:cor:Fconv' on page 1 undefined on input line 5626.



LaTeX Warning: Reference `p2:eq:Gconv' on page 79 undefined on input line 5628.



LaTeX Warning: Reference `p2:eq:Fprofile' on page 79 undefined on input line 56
36.


LaTeX Warning: Reference `p2:eq:Gprofile' on page 79 undefined on input line 56
39.


LaTeX Warning: Reference `p2:eq:Gprofile' on page 79 undefined on input line 56
57.


LaTeX Warning: Reference `p2:sec:open' on page 1 undefined on input line 5660.


LaTeX Warning: Reference `p2:eq:table' on page 79 undefined on input line 5668.



LaTeX Warning: Reference `p2:eq:Mrqbinom' on page 79 undefined on input line 56
69.

[79]

LaTeX Warning: Reference `p2:eq:leadingerror' on page 80 undefined on input lin
e 5736.


LaTeX Warning: Reference `p2:thm:certificate' on page 1 undefined on input line
 5757.

[80]

LaTeX Warning: Reference `p2:eq:weights' on page 81 undefined on input line 579
2.


LaTeX Warning: Reference `p2:eq:alpharec' on page 81 undefined on input line 58
00.


LaTeX Warning: Reference `p2:thm:tailfactor' on page 1 undefined on input line 
5811.


LaTeX Warning: Reference `p2:thm:cumulants' on page 1 undefined on input line 5
811.


LaTeX Warning: Reference `p2:lem:qmoments' on page 1 undefined on input line 58
13.


Underfull \hbox (badness 1742) in paragraph at lines 5807--5814
[]\T1/LibertinusSerif-TLF/m/n/10.95 (+20) For $[] \OML/cmm/m/it/10.95 < b^^Z$ \
T1/LibertinusSerif-TLF/m/n/10.95 (+20) ev-ery fac-tor $\OML/cmm/m/it/10.95 '\OT
1/cmr/m/n/10.95 (\OML/cmm/m/it/10.95 ^^X=b[]\OT1/cmr/m/n/10.95 )$ \T1/Libertinu
sSerif-TLF/m/n/10.95 (+20) is eval-u-ated in-side the disc of an-a-lyt-ic-ity, 
and
 []


LaTeX Warning: Reference `p2:eq:Mrqbinom' on page 81 undefined on input line 58
38.

[81]

Package amsmath Warning: Foreign command \atopwithdelims;
(amsmath)                \frac or \genfrac should be used instead
(amsmath)                 on input line 5885.

[82] [83] [84] [85] [86]

LaTeX Warning: Reference `p2:eq:alpharec' on page 87 undefined on input line 62
51.

[87]

LaTeX Warning: Reference `p2:eq:logsinc' on page 88 undefined on input line 625
6.


LaTeX Warning: Reference `p2:eq:formal-rvachev-filter' on page 88 undefined on 
input line 6262.


LaTeX Warning: Reference `p2:eq:Gprofile' on page 88 undefined on input line 62
82.


LaTeX Warning: Reference `p2:eq:certificate' on page 88 undefined on input line
 6309.


LaTeX Warning: Reference `p2:eq:firstmomenterror' on page 88 undefined on input
 line 6320.

[88]

LaTeX Warning: Reference `p2:eq:Rdef' on page 89 undefined on input line 6327.


LaTeX Warning: Reference `p2:thm:universal' on page 1 undefined on input line 6
342.

[89]
LaTeX Font Info:    Font shape `TS1/LibertinusSerif-TLF/m/n' will be
(Font)              scaled to size 10.0pt on input line 6427.
 [90] [91]

LaTeX Warning: Reference `p2:tab:error10' on page 1 undefined on input line 651
2.


LaTeX Warning: Reference `p2:tab:error3' on page 1 undefined on input line 6512
.


LaTeX Warning: Reference `p2:tab:error1' on page 1 undefined on input line 6512
.


LaTeX Warning: Reference `p2:eq:certificate' on page 92 undefined on input line
 6513.

[92]

LaTeX Warning: Citation `bib:repo2026a' on page 93 undefined on input line 6603
.


LaTeX Warning: Citation `bib:repo2026b' on page 93 undefined on input line 6603
.


LaTeX Warning: Citation `bib:repoa' on page 93 undefined on input line 6603.


LaTeX Warning: Citation `bib:repo2026b' on page 93 undefined on input line 6612
.

[93]

LaTeX Warning: Citation `bib:rvachev1990' on page 94 undefined on input line 66
66.


LaTeX Warning: Citation `bib:arias1982' on page 94 undefined on input line 6666
.


LaTeX Warning: Reference `p3:eq:uniform-transform' on page 1 undefined on input
 line 6676.


LaTeX Warning: Reference `p3:eq:head-tail-fourier' on page 1 undefined on input
 line 6710.


LaTeX Warning: Reference `p3:eq:truncated-power' on page 94 undefined on input 
line 6724.

[94]

LaTeX Warning: Reference `p3:eq:prefix-convolution' on page 1 undefined on inpu
t line 6755.


LaTeX Warning: Reference `p3:eq:top-distributional-derivative' on page 1 undefi
ned on input line 6768.


LaTeX Warning: Reference `p3:eq:truncated-power' on page 1 undefined on input l
ine 6769.


LaTeX Warning: Reference `p3:eq:truncated-power' on page 1 undefined on input l
ine 6785.


LaTeX Warning: Reference `p3:eq:prefix-convolution' on page 1 undefined on inpu
t line 6820.

[95]

LaTeX Warning: Reference `p3:eq:partition-unity' on page 1 undefined on input l
ine 6874.

[96]

LaTeX Warning: Reference `p3:eq:head-tail-random' on page 1 undefined on input 
line 6910.


LaTeX Warning: Citation `bib:repo2026a' on page 97 undefined on input line 6941
.


LaTeX Warning: Reference `p3:eq:tm-prefix' on page 1 undefined on input line 69
73.


LaTeX Warning: Reference `p3:eq:top-cell-value' on page 1 undefined on input li
ne 6973.


LaTeX Warning: Reference `p3:eq:derivative-plateau' on page 1 undefined on inpu
t line 6981.


LaTeX Warning: Reference `p3:eq:head-tail-random' on page 1 undefined on input 
line 6990.

[97]

Package hyperref Warning: Token not allowed in a PDF string (Unicode):
(hyperref)                removing `math shift' on input line 7007.


Package hyperref Warning: Token not allowed in a PDF string (Unicode):
(hyperref)                removing `superscript' on input line 7007.


Package hyperref Warning: Token not allowed in a PDF string (Unicode):
(hyperref)                removing `math shift' on input line 7007.


LaTeX Warning: Reference `p3:eq:head-tail-fourier' on page 1 undefined on input
 line 7035.


LaTeX Warning: Reference `p3:thm:derivative-plateau' on page 1 undefined on inp
ut line 7050.


LaTeX Warning: Reference `p3:eq:derivative-plateau' on page 1 undefined on inpu
t line 7055.


LaTeX Warning: Reference `p3:eq:sharp-prefix-law' on page 1 undefined on input 
line 7058.


LaTeX Warning: Reference `p3:eq:variance-defect' on page 98 undefined on input 
line 7071.

[98]

LaTeX Warning: Reference `p3:thm:sharp-prefix-law' on page 1 undefined on input
 line 7095.


LaTeX Warning: Reference `p3:thm:derivative-plateau' on page 1 undefined on inp
ut line 7096.


Package hyperref Warning: Token not allowed in a PDF string (Unicode):
(hyperref)                removing `math shift' on input line 7101.


Package hyperref Warning: Token not allowed in a PDF string (Unicode):
(hyperref)                removing `superscript' on input line 7101.


Package hyperref Warning: Token not allowed in a PDF string (Unicode):
(hyperref)                removing `math shift' on input line 7101.


LaTeX Warning: Reference `p3:sec:all-orders' on page 1 undefined on input line 
7109.


LaTeX Warning: Reference `p2:prop:Bell' on page 1 undefined on input line 7139.



LaTeX Warning: Reference `p2:thm:cumulants' on page 1 undefined on input line 7
139.


LaTeX Warning: Reference `p2:eq:ckBernoulli' on page 99 undefined on input line
 7141.


LaTeX Warning: Reference `p2:eq:alpharec' on page 99 undefined on input line 71
47.

[99]

LaTeX Warning: Reference `p3:eq:head-tail-fourier' on page 1 undefined on input
 line 7176.


LaTeX Warning: Reference `p3:eq:all-orders' on page 1 undefined on input line 7
197.


LaTeX Warning: Reference `p3:eq:sharp-prefix-law' on page 1 undefined on input 
line 7216.

[100] [101]

LaTeX Warning: Reference `p3:eq:X-RU' on page 1 undefined on input line 7317.


LaTeX Warning: Reference `p3:eq:phi-uniform-mixture' on page 1 undefined on inp
ut line 7318.


LaTeX Warning: Reference `p3:eq:nu-density' on page 1 undefined on input line 7
319.


LaTeX Warning: Citation `bib:davis1984' on page 102 undefined on input line 740
2.


LaTeX Warning: Citation `bib:gautschi2004' on page 102 undefined on input line 
7402.

[102]

LaTeX Warning: Reference `p3:eq:Ah-bound' on page 1 undefined on input line 743
8.


LaTeX Warning: Reference `p3:thm:derivative-plateau' on page 1 undefined on inp
ut line 7448.

[103]
Underfull \hbox (badness 5771) in paragraph at lines 7557--7557
[]|\T1/LibertinusSerif-TLF/m/n/10.95 (+20) Positive; strictly in-side
 []


Underfull \hbox (badness 5924) in paragraph at lines 7557--7557
[]|\T1/LibertinusSerif-TLF/m/n/10.95 (+20) Positive; ex-act sup-port
 []

[104]

LaTeX Warning: Reference `p3:eq:truncated-power' on page 1 undefined on input l
ine 7583.

<assets/finite_sinc_products_report/finite_sinc_approximants.png, id=1132, 520.
344pt x 325.215pt>
File: assets/finite_sinc_products_report/finite_sinc_approximants.png Graphic f
ile (type png)
<use assets/finite_sinc_products_report/finite_sinc_approximants.png>
Package pdftex.def Info: assets/finite_sinc_products_report/finite_sinc_approxi
mants.png  used on input line 7589.
(pdftex.def)             Requested size: 395.60931pt x 247.27017pt.
<assets/finite_sinc_products_report/scaled_error_profiles.png, id=1133, 520.344
pt x 325.215pt>
File: assets/finite_sinc_products_report/scaled_error_profiles.png Graphic file
 (type png)
<use assets/finite_sinc_products_report/scaled_error_profiles.png>
Package pdftex.def Info: assets/finite_sinc_products_report/scaled_error_profil
es.png  used on input line 7598.
(pdftex.def)             Requested size: 395.60931pt x 247.27017pt.

LaTeX Warning: Reference `p3:eq:leading-profile' on page 1 undefined on input l
ine 7600.


LaTeX Warning: Reference `p3:eq:leading-profile' on page 1 undefined on input l
ine 7600.

<assets/finite_sinc_products_report/convergence_comparison.png, id=1134, 520.34
4pt x 325.215pt>
File: assets/finite_sinc_products_report/convergence_comparison.png Graphic fil
e (type png)
<use assets/finite_sinc_products_report/convergence_comparison.png>
Package pdftex.def Info: assets/finite_sinc_products_report/convergence_compari
son.png  used on input line 7606.
(pdftex.def)             Requested size: 395.60931pt x 247.27017pt.
[105 <./assets/finite_sinc_products_report/finite_sinc_approximants.png (PNG co
py)>] [106 <./assets/finite_sinc_products_report/scaled_error_profiles.png (PNG
 copy)> <./assets/finite_sinc_products_report/convergence_comparison.png (PNG c
opy)>]

LaTeX Warning: Reference `p3:eq:truncated-power' on page 1 undefined on input l
ine 7645.


LaTeX Warning: Reference `p3:eq:last-box-recursion' on page 1 undefined on inpu
t line 7651.


LaTeX Warning: Reference `p3:eq:tm-prefix' on page 1 undefined on input line 76
55.


LaTeX Warning: Reference `p3:eq:top-cell-value' on page 1 undefined on input li
ne 7655.


LaTeX Warning: Reference `p3:eq:cumulants-X' on page 1 undefined on input line 
7663.


LaTeX Warning: Reference `p3:eq:gQ-fourier' on page 1 undefined on input line 7
670.


LaTeX Warning: Reference `p3:eq:gQ-spatial' on page 1 undefined on input line 7
671.


LaTeX Warning: Reference `p3:eq:truncated-power' on page 1 undefined on input l
ine 7680.


LaTeX Warning: Reference `p3:eq:richardson-stability' on page 1 undefined on in
put line 7689.


LaTeX Warning: Reference `p3:thm:sharp-prefix-law' on page 1 undefined on input
 line 7699.


LaTeX Warning: Reference `p3:thm:derivative-plateau' on page 1 undefined on inp
ut line 7699.


LaTeX Warning: Reference `p3:thm:truncated-power' on page 1 undefined on input 
line 7699.

[107]

LaTeX Warning: Reference `p6:cor:prefix-norm' on page 1 undefined on input line
 7761.

[108]

LaTeX Warning: Reference `p3:eq:zero-multiplicity' on page 1 undefined on input
 line 7778.


LaTeX Warning: Reference `p3:eq:Ah-derivative' on page 1 undefined on input lin
e 7807.

[109]
(C:\Users\vresh\AppData\Local\Programs\MiKTeX\tex/latex/listings\lstlang1.sty
File: lstlang1.sty 2025/11/14 1.11b listings language file
)
(C:\Users\vresh\AppData\Local\Programs\MiKTeX\tex/latex/listings\lstlang1.sty
File: lstlang1.sty 2025/11/14 1.11b listings language file
)
[110]

LaTeX Warning: Reference `p3:sec:exact-spline' on page 1 undefined on input lin
e 7923.


LaTeX Warning: Reference `p4:sec:w-closures' on page 1 undefined on input line 
7926.


LaTeX Warning: Reference `p3:sec:positive' on page 1 undefined on input line 79
28.


LaTeX Warning: Reference `p4:eq:w-phi-def' on page 111 undefined on input line 
7946.


LaTeX Warning: Reference `p3:sec:exact-spline' on page 1 undefined on input lin
e 7972.

[111]

LaTeX Warning: Reference `p4:eq:w-two-products' on page 112 undefined on input 
line 8023.


LaTeX Warning: Reference `p4:eq:w-A-forms' on page 112 undefined on input line 
8054.


LaTeX Warning: Reference `p4:eq:w-A-functional' on page 112 undefined on input 
line 8056.

[112]

LaTeX Warning: Reference `p4:eq:w-A-canonical' on page 113 undefined on input l
ine 8131.


LaTeX Warning: Reference `p4:eq:w-principal-part' on page 113 undefined on inpu
t line 8141.


LaTeX Warning: Reference `p4:eq:w-removable' on page 113 undefined on input lin
e 8142.


LaTeX Warning: Reference `p4:eq:w-principal-part' on page 113 undefined on inpu
t line 8143.


LaTeX Warning: Reference `p4:eq:w-principal-part' on page 113 undefined on inpu
t line 8146.


LaTeX Warning: Reference `p4:sec:w-directions' on page 1 undefined on input lin
e 8149.

<assets/Rvachev_Piecewise_Approximation_Fourier_Images/data/transfer_profile.pn
g, id=1226, 578.16pt x 332.1135pt>
File: assets/Rvachev_Piecewise_Approximation_Fourier_Images/data/transfer_profi
le.png Graphic file (type png)
<use assets/Rvachev_Piecewise_Approximation_Fourier_Images/data/transfer_profil
e.png>
Package pdftex.def Info: assets/Rvachev_Piecewise_Approximation_Fourier_Images/
data/transfer_profile.png  used on input line 8153.
(pdftex.def)             Requested size: 413.58844pt x 237.5759pt.
[113]

LaTeX Warning: Reference `p4:eq:w-digit-sum' on page 114 undefined on input lin
e 8192.


LaTeX Warning: Reference `p4:eq:w-digit-sum' on page 114 undefined on input lin
e 8212.


LaTeX Warning: Reference `p3:eq:truncated-power' on page 1 undefined on input l
ine 8217.

<assets/rvachev_fourier_frontier_report/numerical_output/divisor_arithmetic.png
, id=1241, 650.43pt x 361.35pt>
File: assets/rvachev_fourier_frontier_report/numerical_output/divisor_arithmeti
c.png Graphic file (type png)
<use assets/rvachev_fourier_frontier_report/numerical_output/divisor_arithmetic
.png>
Package pdftex.def Info: assets/rvachev_fourier_frontier_report/numerical_outpu
t/divisor_arithmetic.png  used on input line 8223.
(pdftex.def)             Requested size: 422.58144pt x 234.76996pt.
[114 <./assets/Rvachev_Piecewise_Approximation_Fourier_Images/data/transfer_pro
file.png>]

LaTeX Warning: Reference `p4:eq:w-A-canonical' on page 115 undefined on input l
ine 8246.


LaTeX Warning: Reference `p4:eq:w-divisor-series' on page 115 undefined on inpu
t line 8255.


LaTeX Warning: Reference `p4:eq:w-logA' on page 115 undefined on input line 825
6.


LaTeX Warning: Reference `p4:sec:w-cumulants' on page 1 undefined on input line
 8259.

[115 <./assets/rvachev_fourier_frontier_report/numerical_output/divisor_arithme
tic.png>]

LaTeX Warning: Reference `p4:eq:w-residues' on page 116 undefined on input line
 8301.


LaTeX Warning: Reference `p4:eq:w-pole-split' on page 116 undefined on input li
ne 8302.


LaTeX Warning: Reference `p4:eq:w-principal-part' on page 116 undefined on inpu
t line 8351.

<assets/Rvachev_Piecewise_Approximation_Fourier_Images/data/coefficient_asympto
tic.png, id=1268, 578.16pt x 332.1135pt>
File: assets/Rvachev_Piecewise_Approximation_Fourier_Images/data/coefficient_as
ymptotic.png Graphic file (type png)
<use assets/Rvachev_Piecewise_Approximation_Fourier_Images/data/coefficient_asy
mptotic.png>
Package pdftex.def Info: assets/Rvachev_Piecewise_Approximation_Fourier_Images/
data/coefficient_asymptotic.png  used on input line 8378.
(pdftex.def)             Requested size: 404.59544pt x 232.41199pt.

LaTeX Warning: Reference `p4:eq:w-transseries' on page 1 undefined on input lin
e 8384.


LaTeX Warning: Reference `p4:eq:w-transseries' on page 1 undefined on input lin
e 8384.

[116]

LaTeX Warning: Reference `p4:eq:w-defect' on page 117 undefined on input line 8
439.

[117 <./assets/Rvachev_Piecewise_Approximation_Fourier_Images/data/coefficient_
asymptotic.png>]

LaTeX Warning: Reference `p4:thm:w-master' on page 1 undefined on input line 84
77.


LaTeX Warning: Reference `p4:eq:w-window-sharp' on page 118 undefined on input 
line 8479.


LaTeX Warning: Reference `p4:eq:w-finite-order' on page 118 undefined on input 
line 8540.

<assets/rvachev_fourier_frontier_report/numerical_output/critical_boundary_laye
r.png, id=1292, 614.295pt x 346.896pt>
File: assets/rvachev_fourier_frontier_report/numerical_output/critical_boundary
_layer.png Graphic file (type png)
<use assets/rvachev_fourier_frontier_report/numerical_output/critical_boundary_
layer.png>
Package pdftex.def Info: assets/rvachev_fourier_frontier_report/numerical_outpu
t/critical_boundary_layer.png  used on input line 8544.
(pdftex.def)             Requested size: 413.58844pt x 233.55714pt.
[118]
<assets/Rvachev_Piecewise_Approximation_Fourier_Images/data/finite_spectra_log.
png, id=1307, 578.16pt x 332.1135pt>
File: assets/Rvachev_Piecewise_Approximation_Fourier_Images/data/finite_spectra
_log.png Graphic file (type png)
<use assets/Rvachev_Piecewise_Approximation_Fourier_Images/data/finite_spectra_
log.png>
Package pdftex.def Info: assets/Rvachev_Piecewise_Approximation_Fourier_Images/
data/finite_spectra_log.png  used on input line 8554.
(pdftex.def)             Requested size: 422.58144pt x 242.74489pt.


LaTeX Warning: Reference `p4:sec:w-tails' on page 1 undefined on input line 855
8.


LaTeX Warning: Reference `p4:sec:w-tails' on page 1 undefined on input line 855
8.


LaTeX Warning: Reference `p4:eq:w-two-products' on page 119 undefined on input 
line 8597.

[119 <./assets/rvachev_fourier_frontier_report/numerical_output/critical_bounda
ry_layer.png>] [120 <./assets/Rvachev_Piecewise_Approximation_Fourier_Images/da
ta/finite_spectra_log.png>]

LaTeX Warning: Reference `p4:eq:w-energy' on page 121 undefined on input line 8
666.

<assets/Rvachev_Piecewise_Approximation_Fourier_Images/data/scaled_fourier_erro
r.png, id=1328, 578.16pt x 332.1135pt>
File: assets/Rvachev_Piecewise_Approximation_Fourier_Images/data/scaled_fourier
_error.png Graphic file (type png)
<use assets/Rvachev_Piecewise_Approximation_Fourier_Images/data/scaled_fourier_
error.png>
Package pdftex.def Info: assets/Rvachev_Piecewise_Approximation_Fourier_Images/
data/scaled_fourier_error.png  used on input line 8670.
(pdftex.def)             Requested size: 422.58144pt x 242.74489pt.

LaTeX Warning: Reference `p4:thm:w-weighted' on page 1 undefined on input line 
8673.


LaTeX Warning: Reference `p4:thm:w-weighted' on page 1 undefined on input line 
8673.


LaTeX Warning: Reference `p4:eq:w-tail-models' on page 121 undefined on input l
ine 8683.


LaTeX Warning: Reference `p4:eq:w-logA' on page 121 undefined on input line 869
3.

[121 <./assets/Rvachev_Piecewise_Approximation_Fourier_Images/data/scaled_fouri
er_error.png>]

LaTeX Warning: Reference `p4:sec:w-closures' on page 1 undefined on input line 
8715.


LaTeX Warning: Reference `p4:eq:w-In' on page 122 undefined on input line 8770.



LaTeX Warning: Reference `p4:eq:w-algebraic' on page 122 undefined on input lin
e 8771.


LaTeX Warning: Reference `p4:eq:w-tail-laws' on page 122 undefined on input lin
e 8778.


LaTeX Warning: Reference `p4:eq:w-tail-models' on page 122 undefined on input l
ine 8788.

[122]

LaTeX Warning: Reference `p4:thm:w-weighted' on page 1 undefined on input line 
8825.


LaTeX Warning: Reference `p4:thm:w-closure-rate' on page 1 undefined on input l
ine 8843.


LaTeX Warning: Reference `p4:sec:w-cumulants' on page 1 undefined on input line
 8849.


LaTeX Warning: Reference `p4:thm:w-existence' on page 1 undefined on input line
 8896.

[123]
<assets/Rvachev_Piecewise_Approximation_Fourier_Images/data/accelerated_surroga
tes.png, id=1362, 578.16pt x 346.896pt>
File: assets/Rvachev_Piecewise_Approximation_Fourier_Images/data/accelerated_su
rrogates.png Graphic file (type png)
<use assets/Rvachev_Piecewise_Approximation_Fourier_Images/data/accelerated_sur
rogates.png>
Package pdftex.def Info: assets/Rvachev_Piecewise_Approximation_Fourier_Images/
data/accelerated_surrogates.png  used on input line 8906.
(pdftex.def)             Requested size: 422.58144pt x 253.54956pt.


LaTeX Warning: Reference `p3:eq:gQ-spatial' on page 1 undefined on input line 8
918.


LaTeX Warning: Reference `p4:thm:w-divisor' on page 1 undefined on input line 8
943.


LaTeX Warning: Reference `p4:sec:w-directions' on page 1 undefined on input lin
e 8944.

[124 <./assets/Rvachev_Piecewise_Approximation_Fourier_Images/data/accelerated_
surrogates.png>]

LaTeX Warning: Reference `p4:conj:w-positivity' on page 1 undefined on input li
ne 8950.


LaTeX Warning: Reference `p4:eq:w-transseries' on page 125 undefined on input l
ine 8951.


LaTeX Warning: Reference `p4:eq:w-principal-part' on page 125 undefined on inpu
t line 8953.


LaTeX Warning: Reference `p4:thm:w-deconvolution' on page 1 undefined on input 
line 8963.


LaTeX Warning: Reference `p4:eq:w-recursion' on page 125 undefined on input lin
e 8974.


LaTeX Warning: Reference `p0:eq:cf' on page 125 undefined on input line 8978.


LaTeX Warning: Reference `p4:eq:w-Hs-threshold' on page 125 undefined on input 
line 8989.


LaTeX Warning: Reference `p4:eq:w-shell-transfer' on page 125 undefined on inpu
t line 8991.


LaTeX Warning: Reference `p4:eq:w-finite-order' on page 125 undefined on input 
line 8993.


LaTeX Warning: Reference `p4:eq:w-finite-order' on page 125 undefined on input 
line 8996.


LaTeX Warning: Reference `p4:eq:w-digit-sum' on page 125 undefined on input lin
e 8997.


LaTeX Warning: Reference `p4:eq:w-In' on page 125 undefined on input line 8998.



LaTeX Warning: Reference `p4:eq:w-cumulant-defect' on page 125 undefined on inp
ut line 8999.


LaTeX Warning: Reference `p4:eq:w-closure' on page 125 undefined on input line 
9001.

[125] [126]
ignored: Infinite glue shrinkage found in box being split [127]
LaTeX Font Info:    Trying to load font information for T1+LibertinusSans-TLF o
n input line 9131.

(C:\Users\vresh\AppData\Local\Programs\MiKTeX\tex/latex/libertinus-type1\t1libe
rtinussans-tlf.fd
File: T1LibertinusSans-TLF.fd 2024/09/22 (autoinst) Font definitions for T1/Lib
ertinusSans-TLF.
)
LaTeX Font Info:    Font shape `T1/LibertinusSans-TLF/m/n' will be
(Font)              scaled to size 10.95pt on input line 9131.
Package microtype Info: Loading generic protrusion settings for font family
(microtype)             `LibertinusSans-TLF' (encoding: T1).
(microtype)             For optimal results, create family-specific settings.
(microtype)             See the microtype manual for details.
 [128{C:/Users/vresh/AppData/Local/Programs/MiKTeX/fonts/enc/dvips/libertinus-t
ype1/lbn1_mfadfl.enc}] [129]

LaTeX Warning: Reference `p5:eq:knots' on page 130 undefined on input line 9271
.


LaTeX Warning: Reference `p5:eq:distributional-derivative' on page 130 undefine
d on input line 9271.


LaTeX Warning: Reference `p5:eq:jumps' on page 130 undefined on input line 9271
.


LaTeX Warning: Reference `p5:eq:spline-formula' on page 130 undefined on input 
line 9275.


LaTeX Warning: Reference `p5:sec:numerics' on page 1 undefined on input line 92
75.


LaTeX Warning: Reference `p5:eq:random-series' on page 130 undefined on input l
ine 9293.

[130]

LaTeX Warning: Reference `p5:eq:tail-factorization' on page 131 undefined on in
put line 9317.


LaTeX Warning: Reference `p2:prop:Bell' on page 1 undefined on input line 9335.



LaTeX Warning: Reference `p2:thm:cumulants' on page 1 undefined on input line 9
335.


LaTeX Warning: Reference `p2:eq:Bellalpha' on page 131 undefined on input line 
9335.


LaTeX Warning: Reference `p2:eq:alpharec' on page 131 undefined on input line 9
335.


LaTeX Warning: Reference `p3:eq:reciprocal-series' on page 131 undefined on inp
ut line 9335.


LaTeX Warning: Reference `p5:eq:bmdef' on page 131 undefined on input line 9364
.


LaTeX Warning: Reference `p5:eq:deconvolution-quotient' on page 131 undefined o
n input line 9364.


LaTeX Warning: Reference `p5:eq:fourier' on page 131 undefined on input line 93
64.

[131]

LaTeX Warning: Citation `bib:anderson1955' on page 132 undefined on input line 
9404.


LaTeX Warning: Reference `p5:eq:convex-chain' on page 132 undefined on input li
ne 9435.


LaTeX Warning: Reference `p5:eq:peaked-chain' on page 132 undefined on input li
ne 9437.


LaTeX Warning: Reference `p5:eq:cdf-sign' on page 132 undefined on input line 9
441.

[132]

LaTeX Warning: Reference `p5:eq:uniform-absolute' on page 133 undefined on inpu
t line 9486.


LaTeX Warning: Reference `p5:eq:plateau' on page 133 undefined on input line 95
15.


LaTeX Warning: Reference `p5:eq:first-coordinate-limit' on page 133 undefined o
n input line 9515.


LaTeX Warning: Reference `p5:eq:first-coordinate-finite' on page 133 undefined 
on input line 9515.


LaTeX Warning: Reference `p5:eq:cdf-sign' on page 133 undefined on input line 9
520.

[133]

LaTeX Warning: Reference `p5:eq:cdf-sign' on page 134 undefined on input line 9
585.


LaTeX Warning: Reference `p5:eq:absolute-moments' on page 134 undefined on inpu
t line 9593.


LaTeX Warning: Reference `p5:eq:cdf-sign' on page 134 undefined on input line 9
597.


LaTeX Warning: Reference `p5:eq:absolute-moments' on page 134 undefined on inpu
t line 9597.


LaTeX Warning: Reference `p5:eq:dk-at-half' on page 134 undefined on input line
 9608.

[134]

LaTeX Warning: Reference `p5:eq:tv-exact' on page 135 undefined on input line 9
615.


LaTeX Warning: Reference `p5:eq:tail-coupling' on page 135 undefined on input l
ine 9636.


LaTeX Warning: Reference `p5:eq:tail-coupling' on page 135 undefined on input l
ine 9647.


LaTeX Warning: Reference `p5:eq:synchronous-cost' on page 135 undefined on inpu
t line 9647.

[135]

LaTeX Warning: Reference `p5:eq:knots' on page 136 undefined on input line 9685
.


LaTeX Warning: Reference `p5:eq:put-spline' on page 136 undefined on input line
 9701.


LaTeX Warning: Reference `p5:eq:spline-formula' on page 136 undefined on input 
line 9701.


LaTeX Warning: Reference `p5:eq:cdf-sign' on page 136 undefined on input line 9
724.


LaTeX Warning: Reference `p5:eq:K-area' on page 136 undefined on input line 973
9.

[136]

LaTeX Warning: Reference `p5:eq:K-height' on page 137 undefined on input line 9
767.


LaTeX Warning: Reference `p5:eq:physical-expansion' on page 137 undefined on in
put line 9776.


LaTeX Warning: Reference `p5:eq:K-height' on page 137 undefined on input line 9
791.


LaTeX Warning: Reference `p5:eq:K-derivatives' on page 137 undefined on input l
ine 9795.


LaTeX Warning: Reference `p5:eq:physical-expansion' on page 137 undefined on in
put line 9795.


LaTeX Warning: Reference `p5:eq:K-expansion' on page 137 undefined on input lin
e 9795.

[137]

LaTeX Warning: Reference `p5:eq:mix-w1' on page 138 undefined on input line 983
4.


LaTeX Warning: Reference `p5:eq:mix-sl' on page 138 undefined on input line 983
4.


LaTeX Warning: Reference `p5:eq:physical-expansion' on page 138 undefined on in
put line 9850.


LaTeX Warning: Reference `p5:eq:convex-measure' on page 138 undefined on input 
line 9870.


LaTeX Warning: Reference `p5:eq:physical-expansion' on page 138 undefined on in
put line 9874.


LaTeX Warning: Reference `p5:eq:cdf-sign' on page 138 undefined on input line 9
885.

[138]

LaTeX Warning: Reference `p5:eq:quantile-leading' on page 139 undefined on inpu
t line 9895.


LaTeX Warning: Reference `p5:eq:spline-formula' on page 139 undefined on input 
line 9922.

<assets/fabius_finite_products_frontier/figures/finite_spline_approximants.png,
 id=1573, 461.3235pt x 304.7385pt>
File: assets/fabius_finite_products_frontier/figures/finite_spline_approximants
.png Graphic file (type png)
<use assets/fabius_finite_products_frontier/figures/finite_spline_approximants.
png>
Package pdftex.def Info: assets/fabius_finite_products_frontier/figures/finite_
spline_approximants.png  used on input line 9930.
(pdftex.def)             Requested size: 409.09538pt x 270.23991pt.
<assets/fabius_finite_products_frontier/figures/scaled_density_error.png, id=15
74, 462.528pt x 304.7385pt>
File: assets/fabius_finite_products_frontier/figures/scaled_density_error.png G
raphic file (type png)
<use assets/fabius_finite_products_frontier/figures/scaled_density_error.png>
Package pdftex.def Info: assets/fabius_finite_products_frontier/figures/scaled_
density_error.png  used on input line 9937.
(pdftex.def)             Requested size: 409.09538pt x 269.54707pt.
<assets/fabius_finite_products_frontier/figures/scaled_stop_loss.png, id=1575, 
471.7625pt x 304.7385pt>
File: assets/fabius_finite_products_frontier/figures/scaled_stop_loss.png Graph
ic file (type png)
<use assets/fabius_finite_products_frontier/figures/scaled_stop_loss.png>
Package pdftex.def Info: assets/fabius_finite_products_frontier/figures/scaled_
stop_loss.png  used on input line 9944.
(pdftex.def)             Requested size: 409.09538pt x 264.2601pt.
<assets/fabius_finite_products_frontier/figures/exact_metric_rates.png, id=1576
, 461.725pt x 305.5415pt>
File: assets/fabius_finite_products_frontier/figures/exact_metric_rates.png Gra
phic file (type png)
<use assets/fabius_finite_products_frontier/figures/exact_metric_rates.png>
Package pdftex.def Info: assets/fabius_finite_products_frontier/figures/exact_m
etric_rates.png  used on input line 9987.
(pdftex.def)             Requested size: 395.60931pt x 261.79083pt.
[139] [140 <./assets/fabius_finite_products_frontier/figures/finite_spline_appr
oximants.png> <./assets/fabius_finite_products_frontier/figures/scaled_density_
error.png>] [141 <./assets/fabius_finite_products_frontier/figures/scaled_stop_
loss.png>] [142 <./assets/fabius_finite_products_frontier/figures/exact_metric_
rates.png>]

LaTeX Warning: Reference `p5:eq:endpoint-power' on page 143 undefined on input 
line 10058.


LaTeX Warning: Reference `p5:eq:entropy-conj' on page 143 undefined on input li
ne 10109.


LaTeX Warning: Reference `p5:eq:KL-conj' on page 143 undefined on input line 10
109.


LaTeX Warning: Reference `p5:eq:physical-expansion' on page 143 undefined on in
put line 10113.

[143]

LaTeX Warning: Reference `p5:eq:quantile-leading' on page 144 undefined on inpu
t line 10143.


LaTeX Warning: Reference `p5:eq:Wp-conj' on page 144 undefined on input line 10
149.

<assets/fabius_finite_products_frontier/figures/information_transport_ratios.pn
g, id=1636, 460.5205pt x 306.746pt>
File: assets/fabius_finite_products_frontier/figures/information_transport_rati
os.png Graphic file (type png)
<use assets/fabius_finite_products_frontier/figures/information_transport_ratio
s.png>
Package pdftex.def Info: assets/fabius_finite_products_frontier/figures/informa
tion_transport_ratios.png  used on input line 10154.
(pdftex.def)             Requested size: 395.60931pt x 263.52026pt.

LaTeX Warning: Reference `p5:eq:entropy-conj' on page 144 undefined on input li
ne 10155.


LaTeX Warning: Reference `p5:eq:KL-conj' on page 144 undefined on input line 10
155.


LaTeX Warning: Reference `p5:eq:W2-conj' on page 144 undefined on input line 10
155.


LaTeX Warning: Reference `p5:eq:entropy-conj' on page 144 undefined on input li
ne 10155.


LaTeX Warning: Reference `p5:eq:KL-conj' on page 144 undefined on input line 10
155.


LaTeX Warning: Reference `p5:eq:W2-conj' on page 144 undefined on input line 10
155.

<assets/fabius_finite_products_frontier/figures/fisher_information.png, id=1637
, 460.5205pt x 305.943pt>
File: assets/fabius_finite_products_frontier/figures/fisher_information.png Gra
phic file (type png)
<use assets/fabius_finite_products_frontier/figures/fisher_information.png>
Package pdftex.def Info: assets/fabius_finite_products_frontier/figures/fisher_
information.png  used on input line 10182.
(pdftex.def)             Requested size: 386.61633pt x 256.85497pt.
[144] [145 <./assets/fabius_finite_products_frontier/figures/information_transp
ort_ratios.png> <./assets/fabius_finite_products_frontier/figures/fisher_inform
ation.png>]

LaTeX Warning: Reference `p5:eq:entropy-conj' on page 146 undefined on input li
ne 10230.


LaTeX Warning: Reference `p5:eq:KL-conj' on page 146 undefined on input line 10
230.


LaTeX Warning: Reference `p5:eq:Wp-conj' on page 146 undefined on input line 10
230.


LaTeX Warning: Reference `p5:eq:Wp-quantile' on page 146 undefined on input lin
e 10243.


LaTeX Warning: Citation `bib:curry1966' on page 146 undefined on input line 102
50.

[146]

LaTeX Warning: Reference `p5:eq:uniform-absolute' on page 147 undefined on inpu
t line 10276.


LaTeX Warning: Reference `p5:eq:absolute-moments' on page 147 undefined on inpu
t line 10277.


LaTeX Warning: Reference `p5:eq:error-cdf-identity' on page 147 undefined on in
put line 10279.


LaTeX Warning: Reference `p5:eq:put-spline' on page 147 undefined on input line
 10281.


LaTeX Warning: Reference `p5:eq:spline-formula' on page 147 undefined on input 
line 10304.


LaTeX Warning: Reference `p5:eq:put-spline' on page 147 undefined on input line
 10313.

[147] [148]

LaTeX Warning: Reference `p5:eq:fisher-variation' on page 149 undefined on inpu
t line 10387.


LaTeX Warning: Reference `p5:eq:fisher-conj' on page 149 undefined on input lin
e 10387.


ignored: Infinite glue shrinkage found in box being split [149]
LaTeX Font Info:    Font shape `T1/LibertinusSerif-TLF/m/n' will be
(Font)              scaled to size 7.0pt on input line 10544.
LaTeX Font Info:    Font shape `T1/LibertinusSerif-TLF/m/n' will be
(Font)              scaled to size 5.0pt on input line 10544.
 [150]

LaTeX Warning: Reference `p6:prop:ladder-match' on page 1 undefined on input li
ne 10646.


LaTeX Warning: Reference `p6:thm:q-gram-schmidt' on page 1 undefined on input l
ine 10648.

[151] [152]

LaTeX Warning: Reference `p6:thm:general-periodic' on page 1 undefined on input
 line 10756.

[153]

LaTeX Warning: Reference `p6:thm:fup-edgeworth' on page 1 undefined on input li
ne 10800.

LaTeX Font Info:    Trying to load font information for U+euf on input line 108
10.
(C:\Users\vresh\AppData\Local\Programs\MiKTeX\tex/latex/amsfonts\ueuf.fd
File: ueuf.fd 2013/01/14 v3.01 Euler Fraktur
)
(C:\Users\vresh\AppData\Local\Programs\MiKTeX\tex/latex/microtype\mt-euf.cfg
File: mt-euf.cfg 2006/07/03 v1.1 microtype config. file: AMS Euler Fraktur (RS)

)

LaTeX Warning: Reference `p6:conj:overlap-theta' on page 1 undefined on input l
ine 10813.


LaTeX Warning: Reference `p6:prop:ladder-match' on page 1 undefined on input li
ne 10822.


LaTeX Warning: Reference `p6:thm:jet-gram' on page 1 undefined on input line 10
824.


LaTeX Warning: Reference `p6:thm:energy-factorization' on page 1 undefined on i
nput line 10830.


LaTeX Warning: Reference `p6:conj:spectral-null-modes' on page 1 undefined on i
nput line 10837.


LaTeX Warning: Reference `p6:conj:overlap-energy' on page 1 undefined on input 
line 10837.


LaTeX Warning: Reference `p6:thm:gs-nodal-inverse' on page 1 undefined on input
 line 10846.


LaTeX Warning: Reference `p6:thm:theta-whitening' on page 1 undefined on input 
line 10850.


LaTeX Warning: Reference `p6:thm:schur-minors' on page 1 undefined on input lin
e 10853.


LaTeX Warning: Reference `p6:thm:jet-two-term' on page 1 undefined on input lin
e 10858.


LaTeX Warning: Reference `p6:thm:highest-jet' on page 1 undefined on input line
 10863.


LaTeX Warning: Reference `p6:conj:graph-prediction' on page 1 undefined on inpu
t line 10864.


LaTeX Warning: Reference `p6:conj:ptheta-poles' on page 1 undefined on input li
ne 10864.


LaTeX Warning: Reference `p6:conj:jet-staircase-limit' on page 1 undefined on i
nput line 10864.


LaTeX Warning: Reference `p6:conj:finite-section' on page 1 undefined on input 
line 10864.


LaTeX Warning: Reference `p6:conj:dual-tower' on page 1 undefined on input line
 10864.

[154] [155]

LaTeX Warning: Reference `p0:eq:bernoulli' on page 156 undefined on input line 
10919.


LaTeX Warning: Reference `p0:def:family' on page 1 undefined on input line 1092
1.


LaTeX Warning: Reference `p6:eq:Xa' on page 156 undefined on input line 10923.


LaTeX Warning: Reference `p0:tab:dictionary' on page 1 undefined on input line 
10925.


LaTeX Warning: Reference `p6:eq:fourier-convention' on page 156 undefined on in
put line 10933.

LaTeX Font Info:    Font shape `T1/LibertinusSans-TLF/b/n' will be
(Font)              scaled to size 10.95pt on input line 10947.

LaTeX Warning: Citation `bib:schoenberg1946' on page 156 undefined on input lin
e 10954.

[156]

LaTeX Warning: Reference `p6:eq:atomic-general' on page 157 undefined on input 
line 11020.

[157]

LaTeX Warning: Reference `p6:eq:atomic-product-general' on page 158 undefined o
n input line 11046.


LaTeX Warning: Reference `p6:eq:atomic-general' on page 158 undefined on input 
line 11047.


LaTeX Warning: Reference `p6:eq:atomic-product-general' on page 158 undefined o
n input line 11057.


LaTeX Warning: Reference `p6:eq:fourier-atomic-iterated' on page 158 undefined 
on input line 11063.


LaTeX Warning: Reference `p6:eq:fourier-atomic' on page 158 undefined on input 
line 11075.


LaTeX Warning: Reference `p6:eq:atomic-general' on page 158 undefined on input 
line 11077.


LaTeX Warning: Reference `p6:thm:source-zero-matching' on page 1 undefined on i
nput line 11097.

[158]

LaTeX Warning: Reference `p6:eq:Xa' on page 159 undefined on input line 11161.


LaTeX Warning: Reference `p6:eq:ha-diffeq' on page 159 undefined on input line 
11170.


LaTeX Warning: Citation `bib:jessen1935' on page 159 undefined on input line 11
176.

[159]

LaTeX Warning: Reference `p6:eq:Xa' on page 160 undefined on input line 11207.


LaTeX Warning: Reference `p6:eq:ha-support' on page 160 undefined on input line
 11208.


LaTeX Warning: Reference `p6:eq:c-coeff-superdecay' on page 160 undefined on in
put line 11224.


LaTeX Warning: Reference `p6:eq:source-c-recurrence' on page 160 undefined on i
nput line 11226.


LaTeX Warning: Reference `p6:eq:c-coeff-superdecay' on page 160 undefined on in
put line 11241.


LaTeX Warning: Reference `p6:eq:ha-diffeq' on page 160 undefined on input line 
11249.


LaTeX Warning: Reference `p6:eq:ha-integral-refinement' on page 160 undefined o
n input line 11256.

[160]

LaTeX Warning: Reference `p6:eq:plateau' on page 161 undefined on input line 11
276.


LaTeX Warning: Reference `p6:eq:ha-diffeq' on page 161 undefined on input line 
11281.


LaTeX Warning: Reference `p6:sec:symbolic-localization' on page 1 undefined on 
input line 11302.


LaTeX Warning: Reference `p6:sec:cumulants' on page 1 undefined on input line 1
1314.

[161]

LaTeX Warning: Reference `p6:eq:up-derivative-source' on page 162 undefined on 
input line 11362.


LaTeX Warning: Citation `bib:arias2017' on page 162 undefined on input line 113
70.


LaTeX Warning: Citation `bib:haugland2016' on page 162 undefined on input line 
11370.

[162]

LaTeX Warning: Reference `p6:eq:up-derivative-source' on page 163 undefined on 
input line 11406.

[163] [164]

LaTeX Warning: Reference `p6:eq:Gn-recursion' on page 165 undefined on input li
ne 11546.


LaTeX Warning: Reference `p6:eq:Gn-hat' on page 165 undefined on input line 115
51.


LaTeX Warning: Reference `p6:eq:Gn-recursion' on page 165 undefined on input li
ne 11554.


LaTeX Warning: Reference `p6:eq:Fup1' on page 165 undefined on input line 11572
.


LaTeX Warning: Reference `p6:eq:Fupn-def' on page 165 undefined on input line 1
1603.


LaTeX Warning: Reference `p6:eq:fupn-fourier-reconstruction' on page 165 undefi
ned on input line 11610.


LaTeX Warning: Reference `p6:eq:cosine-multiplicity' on page 165 undefined on i
nput line 11612.

[165]

LaTeX Warning: Reference `p6:eq:Zn-def' on page 166 undefined on input line 116
33.


LaTeX Warning: Reference `p6:eq:kappa' on page 166 undefined on input line 1163
6.


LaTeX Warning: Reference `p6:eq:Zn-cumulants' on page 166 undefined on input li
ne 11636.


LaTeX Warning: Reference `p6:eq:Zn-cumulants' on page 166 undefined on input li
ne 11640.

<assets/Rvachev_Atomic_Functions_Report/fup_clt.png, id=1894, 650.43pt x 361.35
pt>
File: assets/Rvachev_Atomic_Functions_Report/fup_clt.png Graphic file (type png
)
<use assets/Rvachev_Atomic_Functions_Report/fup_clt.png>
Package pdftex.def Info: assets/Rvachev_Atomic_Functions_Report/fup_clt.png  us
ed on input line 11646.
(pdftex.def)             Requested size: 404.59544pt x 224.77904pt.

LaTeX Warning: Reference `p6:thm:fupn-clt' on page 1 undefined on input line 11
649.


LaTeX Warning: Reference `p6:thm:fupn-clt' on page 1 undefined on input line 11
649.


LaTeX Warning: Reference `p6:eq:Zn-cumulants' on page 166 undefined on input li
ne 11658.

[166 <./assets/Rvachev_Atomic_Functions_Report/fup_clt.png>]
<assets/Atomic_Functions_Rvachev_Report_Package/figures/fup_edgeworth_error.png
, id=1906, 607.068pt x 354.3639pt>
File: assets/Atomic_Functions_Rvachev_Report_Package/figures/fup_edgeworth_erro
r.png Graphic file (type png)
<use assets/Atomic_Functions_Rvachev_Report_Package/figures/fup_edgeworth_error
.png>
Package pdftex.def Info: assets/Atomic_Functions_Rvachev_Report_Package/figures
/fup_edgeworth_error.png  used on input line 11735.
(pdftex.def)             Requested size: 413.58844pt x 241.42386pt.


LaTeX Warning: Reference `p6:thm:fup-edgeworth' on page 1 undefined on input li
ne 11738.


LaTeX Warning: Reference `p6:thm:fup-edgeworth' on page 1 undefined on input li
ne 11738.


LaTeX Warning: Reference `p6:prop:fup-ladder' on page 1 undefined on input line
 11744.


LaTeX Warning: Reference `p6:sec:future-directions' on page 1 undefined on inpu
t line 11751.

[167 <./assets/Atomic_Functions_Rvachev_Report_Package/figures/fup_edgeworth_er
ror.png (PNG copy)>]

LaTeX Warning: Reference `p6:eq:F-Up-crosswalk' on page 168 undefined on input 
line 11780.


LaTeX Warning: Reference `p6:eq:Sq' on page 168 undefined on input line 11810.

[168]

LaTeX Warning: Reference `p6:eq:Xa' on page 169 undefined on input line 11815.


LaTeX Warning: Reference `p6:eq:ha-fq' on page 169 undefined on input line 1181
6.


LaTeX Warning: Reference `p6:eq:ha-fq' on page 169 undefined on input line 1181
9.

[169]

LaTeX Warning: Reference `p6:eq:logsinh' on page 170 undefined on input line 11
921.


LaTeX Warning: Reference `p6:eq:kappa' on page 170 undefined on input line 1193
0.

[170]

LaTeX Warning: Reference `p6:eq:logMa' on page 171 undefined on input line 1197
6.


LaTeX Warning: Reference `p6:thm:finite-spline' on page 1 undefined on input li
ne 12016.

[171]

LaTeX Warning: Reference `p6:eq:signed-exp-product' on page 172 undefined on in
put line 12057.


LaTeX Warning: Reference `p6:thm:weighted-prouhet' on page 1 undefined on input
 line 12065.


LaTeX Warning: Reference `p6:eq:ha-diffeq' on page 172 undefined on input line 
12083.


LaTeX Warning: Reference `p6:eq:ha-diffeq' on page 172 undefined on input line 
12085.


LaTeX Warning: Reference `p6:eq:ha-derivative-hierarchy' on page 172 undefined 
on input line 12089.


LaTeX Warning: Reference `p6:eq:up-derivative-source' on page 172 undefined on 
input line 12090.


LaTeX Warning: Reference `p6:thm:weighted-prouhet' on page 1 undefined on input
 line 12091.

[172]

LaTeX Warning: Reference `p6:eq:ha-derivative-hierarchy' on page 173 undefined 
on input line 12123.


LaTeX Warning: Reference `p6:eq:plateau' on page 173 undefined on input line 12
138.


LaTeX Warning: Reference `p6:eq:ha-max' on page 173 undefined on input line 121
40.


LaTeX Warning: Reference `p6:eq:ha-derivative-hierarchy' on page 173 undefined 
on input line 12168.


LaTeX Warning: Reference `p6:thm:exact-derivative-norm' on page 1 undefined on 
input line 12191.


LaTeX Warning: Reference `p6:eq:ha-derivative-hierarchy' on page 173 undefined 
on input line 12196.


LaTeX Warning: Reference `p6:eq:equimeasurability' on page 173 undefined on inp
ut line 12205.


LaTeX Warning: Reference `p6:eq:Lp-ladder' on page 173 undefined on input line 
12206.

[173]

LaTeX Warning: Citation `bib:peres2000' on page 174 undefined on input line 122
62.

[174]

LaTeX Warning: Reference `p6:eq:Ka' on page 175 undefined on input line 12283.


LaTeX Warning: Reference `p6:eq:ha-derivative-hierarchy' on page 175 undefined 
on input line 12295.


LaTeX Warning: Reference `p6:eq:energy-factorization' on page 175 undefined on 
input line 12301.


LaTeX Warning: Reference `p6:eq:energy-charfun' on page 175 undefined on input 
line 12302.


LaTeX Warning: Reference `p6:eq:energy-winfty' on page 175 undefined on input l
ine 12305.


LaTeX Warning: Reference `p6:eq:energy-hausdorff' on page 175 undefined on inpu
t line 12307.


LaTeX Warning: Reference `p6:eq:energy-entropy-law' on page 175 undefined on in
put line 12330.

<assets/Atomic_Functions_Beyond_Dyadic_Frontiers/figures/derivative_energy_cant
or_limit_a_3.png, id=1999, 657.2555pt x 336.8585pt>
File: assets/Atomic_Functions_Beyond_Dyadic_Frontiers/figures/derivative_energy
_cantor_limit_a_3.png Graphic file (type png)
<use assets/Atomic_Functions_Beyond_Dyadic_Frontiers/figures/derivative_energy_
cantor_limit_a_3.png>
Package pdftex.def Info: assets/Atomic_Functions_Beyond_Dyadic_Frontiers/figure
s/derivative_energy_cantor_limit_a_3.png  used on input line 12353.
(pdftex.def)             Requested size: 413.58844pt x 211.97011pt.

LaTeX Warning: Reference `p6:thm:energy-factorization' on page 1 undefined on i
nput line 12357.


LaTeX Warning: Reference `p6:eq:energy-winfty' on page 175 undefined on input l
ine 12357.


LaTeX Warning: Reference `p6:thm:energy-factorization' on page 1 undefined on i
nput line 12357.


LaTeX Warning: Reference `p6:eq:energy-winfty' on page 175 undefined on input l
ine 12357.

[175]

LaTeX Warning: Reference `p6:thm:equimeasurability' on page 1 undefined on inpu
t line 12387.


LaTeX Warning: Citation `bib:heyde1963' on page 176 undefined on input line 124
00.

[176 <./assets/Atomic_Functions_Beyond_Dyadic_Frontiers/figures/derivative_ener
gy_cantor_limit_a_3.png>]

LaTeX Warning: Citation `bib:ismail2005' on page 177 undefined on input line 12
433.


LaTeX Warning: Reference `p6:sec:future-directions' on page 1 undefined on inpu
t line 12440.

<assets/Atomic_Functions_Beyond_Dyadic_Report-2/figures/spectral_lognormal_gene
ral_base.png, id=2024, 639.8304pt x 384.2355pt>
File: assets/Atomic_Functions_Beyond_Dyadic_Report-2/figures/spectral_lognormal
_general_base.png Graphic file (type png)
<use assets/Atomic_Functions_Beyond_Dyadic_Report-2/figures/spectral_lognormal_
general_base.png>
Package pdftex.def Info: assets/Atomic_Functions_Beyond_Dyadic_Report-2/figures
/spectral_lognormal_general_base.png  used on input line 12444.
(pdftex.def)             Requested size: 404.59544pt x 242.97253pt.

LaTeX Warning: Reference `p6:eq:spectral-moments' on page 177 undefined on inpu
t line 12448.


LaTeX Warning: Reference `p6:cor:lognormal-twins' on page 1 undefined on input 
line 12448.


LaTeX Warning: Reference `p6:eq:spectral-moments' on page 177 undefined on inpu
t line 12448.


LaTeX Warning: Reference `p6:cor:lognormal-twins' on page 1 undefined on input 
line 12448.

[177 <./assets/Atomic_Functions_Beyond_Dyadic_Report-2/figures/spectral_lognorm
al_general_base.png (PNG copy)>]

LaTeX Warning: Reference `p6:thm:spectral-moments' on page 1 undefined on input
 line 12483.


LaTeX Warning: Reference `p6:eq:gram-determinant' on page 178 undefined on inpu
t line 12526.


LaTeX Warning: Citation `bib:andrews1976' on page 178 undefined on input line 1
2536.

[178]
<assets/Atomic_Functions_Rvachev_Report_Package/figures/derivative_gram_spectru
m.png, id=2046, 607.068pt x 354.3639pt>
File: assets/Atomic_Functions_Rvachev_Report_Package/figures/derivative_gram_sp
ectrum.png Graphic file (type png)
<use assets/Atomic_Functions_Rvachev_Report_Package/figures/derivative_gram_spe
ctrum.png>
Package pdftex.def Info: assets/Atomic_Functions_Rvachev_Report_Package/figures
/derivative_gram_spectrum.png  used on input line 12568.
(pdftex.def)             Requested size: 413.58844pt x 241.42386pt.


LaTeX Warning: Reference `p6:thm:gram-package' on page 1 undefined on input lin
e 12571.


LaTeX Warning: Reference `p6:thm:gram-package' on page 1 undefined on input lin
e 12571.


LaTeX Warning: Reference `p6:eq:q-gaussian-kernel' on page 179 undefined on inp
ut line 12578.


LaTeX Warning: Reference `p6:thm:derivative-gram' on page 1 undefined on input 
line 12589.


LaTeX Warning: Reference `p6:eq:gram-determinant' on page 179 undefined on inpu
t line 12609.


LaTeX Warning: Reference `p6:eq:q-gaussian-kernel' on page 179 undefined on inp
ut line 12611.


LaTeX Warning: Reference `p6:thm:gram-package' on page 1 undefined on input lin
e 12614.

[179 <./assets/Atomic_Functions_Rvachev_Report_Package/figures/derivative_gram_
spectrum.png (PNG copy)>]

LaTeX Warning: Reference `p6:eq:q-gram-schmidt' on page 180 undefined on input 
line 12633.

[180]

LaTeX Warning: Reference `p6:eq:gs-inverse' on page 181 undefined on input line
 12722.


LaTeX Warning: Reference `p6:thm:q-gram-schmidt' on page 1 undefined on input l
ine 12726.


LaTeX Warning: Reference `p6:thm:gs-nodal-inverse' on page 1 undefined on input
 line 12727.


LaTeX Warning: Reference `p6:eq:gs-inverse' on page 181 undefined on input line
 12731.


LaTeX Warning: Reference `p6:eq:q-gram-schmidt' on page 181 undefined on input 
line 12736.


LaTeX Warning: Citation `bib:ismail2005' on page 181 undefined on input line 12
740.


LaTeX Warning: Reference `p6:prop:circle-model' on page 1 undefined on input li
ne 12740.


LaTeX Warning: Reference `p6:thm:gram-package' on page 1 undefined on input lin
e 12760.


LaTeX Warning: Reference `p6:eq:q-gaussian-kernel' on page 181 undefined on inp
ut line 12783.


LaTeX Warning: Reference `p6:thm:derivative-gram' on page 1 undefined on input 
line 12794.

[181]

LaTeX Warning: Reference `p6:thm:gs-nodal-inverse' on page 1 undefined on input
 line 12819.


LaTeX Warning: Reference `p6:thm:gram-package' on page 1 undefined on input lin
e 12832.


LaTeX Warning: Reference `p6:cor:innovation-distance' on page 1 undefined on in
put line 12840.


LaTeX Warning: Reference `p6:thm:gram-package' on page 1 undefined on input lin
e 12852.


LaTeX Warning: Reference `p6:eq:theta-whitening' on page 182 undefined on input
 line 12853.


Underfull \hbox (badness 2189) in paragraph at lines 12844--12854
[]\T1/LibertinusSerif-TLF/m/n/10.95 (+20) For fixed $\OML/cmm/m/it/10.95 r$\T1/
LibertinusSerif-TLF/m/n/10.95 (+20) , $[][] \OT1/cmr/m/n/10.95 = (\OML/cmm/m/it
/10.95 Q[]\OT1/cmr/m/n/10.95 ; \OML/cmm/m/it/10.95 Q\OT1/cmr/m/n/10.95 )[]\OML/
cmm/m/it/10.95 =\OT1/cmr/m/n/10.95 (\OML/cmm/m/it/10.95 Q\OT1/cmr/m/n/10.95 ; \
OML/cmm/m/it/10.95 Q\OT1/cmr/m/n/10.95 )[] \OMS/cmsy/m/n/10.95 ! \OT1/cmr/m/n/1
0.95 1\OML/cmm/m/it/10.95 =\OT1/cmr/m/n/10.95 (\OML/cmm/m/it/10.95 Q\OT1/cmr/m/
n/10.95 ; \OML/cmm/m/it/10.95 Q\OT1/cmr/m/n/10.95 )[]$\T1/LibertinusSerif-TLF/m
/n/10.95 (+20) , with summable ma-jo-
 []


Underfull \hbox (badness 1297) in paragraph at lines 12844--12854
\T1/LibertinusSerif-TLF/m/n/10.95 (+20) rant $\OMS/cmsy/m/n/10.95 j\OML/cmm/m/i
t/10.95 a[]\OMS/cmsy/m/n/10.95 j ^^T \OML/cmm/m/it/10.95 q[]=\OT1/cmr/m/n/10.95
 (\OML/cmm/m/it/10.95 Q\OT1/cmr/m/n/10.95 ; \OML/cmm/m/it/10.95 Q\OT1/cmr/m/n/1
0.95 )[]$\T1/LibertinusSerif-TLF/m/n/10.95 (+20) , so dom-i-nated con-ver-gence
 gives the $\OML/cmm/m/it/10.95 `[]$ \T1/LibertinusSerif-TLF/m/n/10.95 (+20) li
mit; Eu-ler's the-o-rem
 []


LaTeX Warning: Reference `p6:thm:gs-nodal-inverse' on page 1 undefined on input
 line 12860.


LaTeX Warning: Reference `p6:conj:finite-section' on page 1 undefined on input 
line 12863.


LaTeX Warning: Reference `p6:eq:gram-determinant' on page 182 undefined on inpu
t line 12887.

[182]

LaTeX Warning: Citation `bib:karlin1968' on page 183 undefined on input line 12
904.


LaTeX Warning: Reference `p6:thm:q-gram-schmidt' on page 1 undefined on input l
ine 12907.

<assets/Atomic_Functions_Rvachev_Expanded_Report/derivative_gram_theta.png, id=
2081, 607.068pt x 354.123pt>
File: assets/Atomic_Functions_Rvachev_Expanded_Report/derivative_gram_theta.png
 Graphic file (type png)
<use assets/Atomic_Functions_Rvachev_Expanded_Report/derivative_gram_theta.png>

Package pdftex.def Info: assets/Atomic_Functions_Rvachev_Expanded_Report/deriva
tive_gram_theta.png  used on input line 12914.
(pdftex.def)             Requested size: 413.58844pt x 241.25974pt.

LaTeX Warning: Reference `p6:prop:circle-model' on page 1 undefined on input li
ne 12919.


LaTeX Warning: Reference `p6:eq:riesz-triple' on page 183 undefined on input li
ne 12919.


LaTeX Warning: Reference `p6:prop:circle-model' on page 1 undefined on input li
ne 12919.


LaTeX Warning: Reference `p6:eq:riesz-triple' on page 183 undefined on input li
ne 12919.


LaTeX Warning: Reference `p6:eq:sw-op' on page 183 undefined on input line 1292
5.


LaTeX Warning: Reference `p6:sec:spectral-sw' on page 1 undefined on input line
 12930.


LaTeX Warning: Reference `p6:thm:spectral-moments' on page 1 undefined on input
 line 12932.


LaTeX Warning: Reference `p6:eq:sw-op' on page 183 undefined on input line 1293
6.

[183 <./assets/Atomic_Functions_Rvachev_Expanded_Report/derivative_gram_theta.p
ng>]

LaTeX Warning: Reference `p6:thm:spectral-moments' on page 1 undefined on input
 line 12971.


LaTeX Warning: Reference `p6:eq:sw-ladder-norm' on page 184 undefined on input 
line 12972.


LaTeX Warning: Reference `p6:eq:sw-op' on page 184 undefined on input line 1297
3.


LaTeX Warning: Reference `p6:eq:sw-op' on page 184 undefined on input line 1297
8.


LaTeX Warning: Reference `p6:thm:q-gram-schmidt' on page 1 undefined on input l
ine 12989.


LaTeX Warning: Reference `p6:eq:ladder-match' on page 184 undefined on input li
ne 13006.


LaTeX Warning: Reference `p6:eq:spectral-moments' on page 184 undefined on inpu
t line 13014.


LaTeX Warning: Reference `p6:eq:sw-ladder-expansion' on page 184 undefined on i
nput line 13016.


LaTeX Warning: Reference `p6:thm:gram-package' on page 1 undefined on input lin
e 13051.


LaTeX Warning: Reference `p6:eq:spectral-moments' on page 184 undefined on inpu
t line 13053.


LaTeX Warning: Reference `p6:eq:sw-hankel' on page 184 undefined on input line 
13058.

[184]

LaTeX Warning: Reference `p6:thm:spectral-moments' on page 1 undefined on input
 line 13085.


LaTeX Warning: Citation `bib:ismail2005' on page 185 undefined on input line 13
101.


LaTeX Warning: Reference `p6:conj:spectral-null-modes' on page 1 undefined on i
nput line 13104.

<assets/Atomic_Functions_Beyond_Dyadic_Expanded/figures/orthogonal_derivative_l
adder_a_2_6.png, id=2107, 715.0715pt x 359.3425pt>
File: assets/Atomic_Functions_Beyond_Dyadic_Expanded/figures/orthogonal_derivat
ive_ladder_a_2_6.png Graphic file (type png)
<use assets/Atomic_Functions_Beyond_Dyadic_Expanded/figures/orthogonal_derivati
ve_ladder_a_2_6.png>
Package pdftex.def Info: assets/Atomic_Functions_Beyond_Dyadic_Expanded/figures
/orthogonal_derivative_ladder_a_2_6.png  used on input line 13109.
(pdftex.def)             Requested size: 413.58844pt x 207.83757pt.

LaTeX Warning: Reference `p6:thm:sw-ladder' on page 1 undefined on input line 1
3114.


LaTeX Warning: Reference `p6:thm:sw-ladder' on page 1 undefined on input line 1
3114.

[185 <./assets/Atomic_Functions_Beyond_Dyadic_Expanded/figures/orthogonal_deriv
ative_ladder_a_2_6.png>]

LaTeX Warning: Reference `p6:eq:gap-union' on page 186 undefined on input line 
13165.


LaTeX Warning: Reference `p6:eq:gap-measure-sum' on page 186 undefined on input
 line 13166.


LaTeX Warning: Reference `p6:eq:finite-spline-formula' on page 186 undefined on
 input line 13200.


LaTeX Warning: Reference `p6:eq:tail-convolution' on page 186 undefined on inpu
t line 13202.

[186]

LaTeX Warning: Reference `p6:eq:gap-leading-derivative' on page 187 undefined o
n input line 13235.


LaTeX Warning: Reference `p6:eq:gap-leading-derivative' on page 187 undefined o
n input line 13252.


LaTeX Warning: Reference `p6:prop:polynomial-gap' on page 1 undefined on input 
line 13254.


LaTeX Warning: Reference `p6:eq:ha-diffeq' on page 187 undefined on input line 
13256.

[187]

LaTeX Warning: Reference `p6:eq:ha-derivative-hierarchy' on page 188 undefined 
on input line 13291.


LaTeX Warning: Reference `p6:eq:exact-derivative-norm' on page 188 undefined on
 input line 13298.


LaTeX Warning: Reference `p6:lem:positive-interior' on page 1 undefined on inpu
t line 13358.


LaTeX Warning: Reference `p6:thm:symbolic-localization' on page 1 undefined on 
input line 13373.

[188]

LaTeX Warning: Reference `p6:eq:jet-reduction' on page 189 undefined on input l
ine 13381.


LaTeX Warning: Reference `p6:cor:signed-leading' on page 1 undefined on input l
ine 13391.

<assets/atomic_sinc_splines_report_package/figures/cantor_gap_atlas_a3.png, id=
2161, 578.16pt x 346.896pt>
File: assets/atomic_sinc_splines_report_package/figures/cantor_gap_atlas_a3.png
 Graphic file (type png)
<use assets/atomic_sinc_splines_report_package/figures/cantor_gap_atlas_a3.png>

Package pdftex.def Info: assets/atomic_sinc_splines_report_package/figures/cant
or_gap_atlas_a3.png  used on input line 13397.
(pdftex.def)             Requested size: 422.58144pt x 253.54956pt.

LaTeX Warning: Reference `p6:thm:gap-decomposition' on page 1 undefined on inpu
t line 13408.


LaTeX Warning: Reference `p6:thm:gap-decomposition' on page 1 undefined on inpu
t line 13415.

[189 <./assets/atomic_sinc_splines_report_package/figures/cantor_gap_atlas_a3.p
ng>]

LaTeX Warning: Reference `p6:eq:gap-string' on page 190 undefined on input line
 13432.


LaTeX Warning: Reference `p6:eq:Tpm' on page 190 undefined on input line 13451.



LaTeX Warning: Citation `bib:hutchinson1981' on page 190 undefined on input lin
e 13452.


LaTeX Warning: Reference `p6:eq:fractal-zeta' on page 190 undefined on input li
ne 13456.


LaTeX Warning: Reference `p6:eq:complex-dimensions' on page 190 undefined on in
put line 13461.


LaTeX Warning: Citation `bib:lapidus2013' on page 190 undefined on input line 1
3463.


LaTeX Warning: Reference `p6:eq:exact-tube' on page 190 undefined on input line
 13514.


LaTeX Warning: Reference `p6:eq:tube-normalized' on page 190 undefined on input
 line 13516.


LaTeX Warning: Reference `p6:eq:minkowski-profile' on page 190 undefined on inp
ut line 13516.


LaTeX Warning: Reference `p6:eq:average-minkowski' on page 190 undefined on inp
ut line 13523.

[190]
<assets/Atomic_Functions_Beyond_Dyadic_Report/figures/tube_oscillation_a_3.png,
 id=2187, 664.884pt x 375.804pt>
File: assets/Atomic_Functions_Beyond_Dyadic_Report/figures/tube_oscillation_a_3
.png Graphic file (type png)
<use assets/Atomic_Functions_Beyond_Dyadic_Report/figures/tube_oscillation_a_3.
png>
Package pdftex.def Info: assets/Atomic_Functions_Beyond_Dyadic_Report/figures/t
ube_oscillation_a_3.png  used on input line 13530.
(pdftex.def)             Requested size: 422.58144pt x 238.85078pt.


LaTeX Warning: Reference `p6:thm:tube-formula' on page 1 undefined on input lin
e 13533.


LaTeX Warning: Reference `p6:thm:tube-formula' on page 1 undefined on input lin
e 13533.


LaTeX Warning: Reference `p6:prop:polynomial-gap' on page 1 undefined on input 
line 13542.


LaTeX Warning: Reference `p6:eq:degree-geometric' on page 191 undefined on inpu
t line 13567.


LaTeX Warning: Reference `p6:eq:degree-moments' on page 191 undefined on input 
line 13568.


LaTeX Warning: Reference `p6:sec:future-directions' on page 1 undefined on inpu
t line 13577.

[191 <./assets/Atomic_Functions_Beyond_Dyadic_Report/figures/tube_oscillation_a
_3.png (PNG copy)>]
<assets/Atomic_Functions_Beyond_Dyadic_Report/figures/degree_critical_limit.png
, id=2198, 664.884pt x 375.804pt>
File: assets/Atomic_Functions_Beyond_Dyadic_Report/figures/degree_critical_limi
t.png Graphic file (type png)
<use assets/Atomic_Functions_Beyond_Dyadic_Report/figures/degree_critical_limit
.png>
Package pdftex.def Info: assets/Atomic_Functions_Beyond_Dyadic_Report/figures/d
egree_critical_limit.png  used on input line 13584.
(pdftex.def)             Requested size: 422.58144pt x 238.85078pt.


LaTeX Warning: Reference `p6:thm:degree-law' on page 1 undefined on input line 
13586.


LaTeX Warning: Reference `p6:thm:degree-law' on page 1 undefined on input line 
13586.


LaTeX Warning: Reference `p6:eq:complex-dimensions' on page 192 undefined on in
put line 13617.


LaTeX Warning: Reference `p6:eq:exact-tube' on page 192 undefined on input line
 13623.


LaTeX Warning: Reference `p6:eq:gap-distance-factorization' on page 192 undefin
ed on input line 13630.


LaTeX Warning: Reference `p6:eq:degree-geometric' on page 192 undefined on inpu
t line 13632.


LaTeX Warning: Reference `p6:eq:distance-mellin' on page 192 undefined on input
 line 13633.

[192 <./assets/Atomic_Functions_Beyond_Dyadic_Report/figures/degree_critical_li
mit.png (PNG copy)>]
<assets/Atomic_Functions_Beyond_Dyadic_Report-3/figures/distance_to_singular_se
t_a_3.png, id=2210, 583.7007pt x 340.6326pt>
File: assets/Atomic_Functions_Beyond_Dyadic_Report-3/figures/distance_to_singul
ar_set_a_3.png Graphic file (type png)
<use assets/Atomic_Functions_Beyond_Dyadic_Report-3/figures/distance_to_singula
r_set_a_3.png>
Package pdftex.def Info: assets/Atomic_Functions_Beyond_Dyadic_Report-3/figures
/distance_to_singular_set_a_3.png  used on input line 13659.
(pdftex.def)             Requested size: 404.59544pt x 236.11264pt.


LaTeX Warning: Reference `p6:eq:distance-tail-tube' on page 193 undefined on in
put line 13662.


LaTeX Warning: Reference `p6:eq:distance-tail-tube' on page 193 undefined on in
put line 13662.


LaTeX Warning: Reference `p6:cor:signed-leading' on page 1 undefined on input l
ine 13672.


LaTeX Warning: Reference `p6:eq:jet-log-weibull' on page 193 undefined on input
 line 13697.


LaTeX Warning: Reference `p6:sec:q-gaussian-tower' on page 1 undefined on input
 line 13710.

[193 <./assets/Atomic_Functions_Beyond_Dyadic_Report-3/figures/distance_to_sing
ular_set_a_3.png (PNG copy)>]

LaTeX Warning: Reference `p6:eq:jet-log-weibull' on page 194 undefined on input
 line 13712.


Underfull \hbox (badness 2717) in paragraph at lines 13719--13720
[]\T1/LibertinusSerif-TLF/b/n/10.95 (+20) Theorem 15.7 \T1/LibertinusSerif-TLF/
m/n/10.95 (+20) (Two-term jet tail and sharp ex-po-nen-tial in-te-gra-bil-ity)\
T1/LibertinusSerif-TLF/b/n/10.95 (+20) . []\T1/LibertinusSerif-TLF/m/it/10.95 (
+20) Let $\OML/cmm/m/it/10.95 a > \OT1/cmr/m/n/10.95 2$ \T1/LibertinusSerif-TLF
/m/it/10.95 (+20) and
 []


LaTeX Warning: Reference `p6:eq:jet-two-term' on page 194 undefined on input li
ne 13742.


LaTeX Warning: Reference `p6:eq:jet-two-term' on page 194 undefined on input li
ne 13752.


LaTeX Warning: Reference `p6:conj:jet-staircase-limit' on page 1 undefined on i
nput line 13755.


LaTeX Warning: Reference `p6:eq:jet-log-weibull' on page 194 undefined on input
 line 13787.


LaTeX Warning: Reference `p6:eq:distance-mellin' on page 194 undefined on input
 line 13796.


LaTeX Warning: Reference `p6:eq:joint-jet-distance' on page 194 undefined on in
put line 13803.

[194]

LaTeX Warning: Reference `p6:thm:degree-law' on page 1 undefined on input line 
13811.


LaTeX Warning: Reference `p6:thm:distance-mellin' on page 1 undefined on input 
line 13822.


LaTeX Warning: Reference `p6:conj:ptheta-poles' on page 1 undefined on input li
ne 13830.

<assets/Atomic_Functions_Rvachev_qBinomial_Frontiers/figures/highest_jet_partia
l_theta.png, id=2233, 621.522pt x 361.35pt>
File: assets/Atomic_Functions_Rvachev_qBinomial_Frontiers/figures/highest_jet_p
artial_theta.png Graphic file (type png)
<use assets/Atomic_Functions_Rvachev_qBinomial_Frontiers/figures/highest_jet_pa
rtial_theta.png>
Package pdftex.def Info: assets/Atomic_Functions_Rvachev_qBinomial_Frontiers/fi
gures/highest_jet_partial_theta.png  used on input line 13834.
(pdftex.def)             Requested size: 395.60931pt x 230.01158pt.

LaTeX Warning: Reference `p6:eq:highest-jet-ptheta' on page 195 undefined on in
put line 13837.


LaTeX Warning: Reference `p6:eq:highest-jet-ptheta' on page 195 undefined on in
put line 13837.


LaTeX Warning: Reference `p6:eq:complex-dimensions' on page 195 undefined on in
put line 13844.


LaTeX Warning: Reference `p6:sec:general-laplace' on page 1 undefined on input 
line 13847.


LaTeX Warning: Reference `p6:sec:future-directions' on page 1 undefined on inpu
t line 13852.

[195 <./assets/Atomic_Functions_Rvachev_qBinomial_Frontiers/figures/highest_jet
_partial_theta.png>]

LaTeX Warning: Citation `bib:strang1971' on page 196 undefined on input line 13
866.


LaTeX Warning: Citation `bib:boor1992' on page 196 undefined on input line 1386
6.


LaTeX Warning: Reference `p6:eq:poly-coefficients-general' on page 196 undefine
d on input line 13898.


LaTeX Warning: Reference `p6:eq:periodized-moments' on page 196 undefined on in
put line 13925.


LaTeX Warning: Reference `p6:eq:atomic-general' on page 1 undefined on input li
ne 13933.


LaTeX Warning: Reference `p6:sec:cumulants' on page 1 undefined on input line 1
3943.

[196] [197]

LaTeX Warning: Reference `p6:eq:Fourier-logGaussian' on page 198 undefined on i
nput line 14035.

<assets/atomic_sinc_splines_report_package/figures/fourier_envelope_a22.png, id
=2269, 578.16pt x 346.896pt>
File: assets/atomic_sinc_splines_report_package/figures/fourier_envelope_a22.pn
g Graphic file (type png)
<use assets/atomic_sinc_splines_report_package/figures/fourier_envelope_a22.png
>
Package pdftex.def Info: assets/atomic_sinc_splines_report_package/figures/four
ier_envelope_a22.png  used on input line 14043.
(pdftex.def)             Requested size: 422.58144pt x 253.54956pt.

LaTeX Warning: Reference `p6:eq:Fourier-elementary-bound' on page 198 undefined
 on input line 14046.


LaTeX Warning: Reference `p6:eq:Fourier-elementary-bound' on page 198 undefined
 on input line 14046.


LaTeX Warning: Reference `p6:eq:Fourier-logGaussian' on page 198 undefined on i
nput line 14052.


LaTeX Warning: Reference `p6:thm:exact-derivative-norm' on page 1 undefined on 
input line 14058.


LaTeX Warning: Reference `p6:eq:Phi-a-N' on page 198 undefined on input line 14
067.

[198 <./assets/atomic_sinc_splines_report_package/figures/fourier_envelope_a22.
png>]

LaTeX Warning: Reference `p6:eq:tail-convolution' on page 199 undefined on inpu
t line 14073.


LaTeX Warning: Reference `p6:eq:logMa' on page 199 undefined on input line 1408
7.


LaTeX Warning: Reference `p6:eq:prefix-ratio' on page 199 undefined on input li
ne 14119.


LaTeX Warning: Reference `p6:eq:Fourier-logGaussian' on page 199 undefined on i
nput line 14128.

[199]

LaTeX Warning: Reference `p6:cor:first-prefix-correction' on page 1 undefined o
n input line 14162.


LaTeX Warning: Reference `p6:eq:exact-derivative-norm-closed' on page 200 undef
ined on input line 14163.

<assets/atomic_sinc_splines_report_package/figures/scaled_prefix_error_a22.png,
 id=2300, 578.16pt x 346.896pt>
File: assets/atomic_sinc_splines_report_package/figures/scaled_prefix_error_a22
.png Graphic file (type png)
<use assets/atomic_sinc_splines_report_package/figures/scaled_prefix_error_a22.
png>
Package pdftex.def Info: assets/atomic_sinc_splines_report_package/figures/scal
ed_prefix_error_a22.png  used on input line 14177.
(pdftex.def)             Requested size: 422.58144pt x 253.54956pt.
[200 <./assets/atomic_sinc_splines_report_package/figures/scaled_prefix_error_a
22.png>]

LaTeX Warning: Reference `p6:eq:Fourier-logGaussian' on page 201 undefined on i
nput line 14229.

<assets/atomic_sinc_splines_report_package/figures/family_profiles.png, id=2312
, 578.16pt x 346.896pt>
File: assets/atomic_sinc_splines_report_package/figures/family_profiles.png Gra
phic file (type png)
<use assets/atomic_sinc_splines_report_package/figures/family_profiles.png>
Package pdftex.def Info: assets/atomic_sinc_splines_report_package/figures/fami
ly_profiles.png  used on input line 14259.
(pdftex.def)             Requested size: 422.58144pt x 253.54956pt.
[201]

LaTeX Warning: Reference `p6:eq:m2' on page 202 undefined on input line 14278.


LaTeX Warning: Reference `p6:eq:gaussian-limit' on page 202 undefined on input 
line 14310.


LaTeX Warning: Reference `p6:eq:standardized-cumulant' on page 202 undefined on
 input line 14310.


LaTeX Warning: Reference `p6:eq:kappa' on page 202 undefined on input line 1431
1.


LaTeX Warning: Reference `p6:eq:gaussian-first-correction' on page 202 undefine
d on input line 14316.

[202 <./assets/atomic_sinc_splines_report_package/figures/family_profiles.png>]

LaTeX Warning: Reference `p6:eq:gaussian-first-correction' on page 203 undefine
d on input line 14321.


LaTeX Warning: Reference `p6:eq:Fourier-logGaussian' on page 1 undefined on inp
ut line 14322.


LaTeX Warning: Reference `p6:eq:Fourier-logGaussian' on page 203 undefined on i
nput line 14326.

<assets/Atomic_Functions_Beyond_Dyadic_Report/figures/gaussian_cumulant_limit.p
ng, id=2338, 664.884pt x 375.804pt>
File: assets/Atomic_Functions_Beyond_Dyadic_Report/figures/gaussian_cumulant_li
mit.png Graphic file (type png)
<use assets/Atomic_Functions_Beyond_Dyadic_Report/figures/gaussian_cumulant_lim
it.png>
Package pdftex.def Info: assets/Atomic_Functions_Beyond_Dyadic_Report/figures/g
aussian_cumulant_limit.png  used on input line 14334.
(pdftex.def)             Requested size: 422.58144pt x 238.85078pt.

LaTeX Warning: Reference `p6:eq:lambda4' on page 203 undefined on input line 14
336.


LaTeX Warning: Reference `p6:eq:lambda4' on page 203 undefined on input line 14
336.


LaTeX Warning: Reference `p6:eq:plateau' on page 203 undefined on input line 14
368.


LaTeX Warning: Reference `p6:eq:uniform-core' on page 203 undefined on input li
ne 14369.


LaTeX Warning: Reference `p6:prop:C-r-to-up' on page 1 undefined on input line 
14373.

[203 <./assets/Atomic_Functions_Beyond_Dyadic_Report/figures/gaussian_cumulant_
limit.png (PNG copy)>]

LaTeX Warning: Reference `p6:eq:Laplace-log-leading' on page 204 undefined on i
nput line 14407.


LaTeX Warning: Reference `p6:thm:general-periodic' on page 1 undefined on input
 line 14408.


LaTeX Warning: Citation `bib:corless1996' on page 204 undefined on input line 1
4424.


LaTeX Warning: Reference `p6:eq:ha-diffeq' on page 204 undefined on input line 
14432.

[204]

LaTeX Warning: Reference `p6:eq:symbolic-localization' on page 205 undefined on
 input line 14444.


LaTeX Warning: Citation `bib:rham1956' on page 205 undefined on input line 1445
6.


LaTeX Warning: Reference `p6:eq:edge-iterated' on page 205 undefined on input l
ine 14456.


LaTeX Warning: Reference `p6:eq:Ya-Laplace' on page 205 undefined on input line
 14468.


LaTeX Warning: Reference `p1:thm:mellin-reflection' on page 1 undefined on inpu
t line 14470.


LaTeX Warning: Reference `p6:eq:Ea-def' on page 205 undefined on input line 145
03.


LaTeX Warning: Reference `p6:eq:Lambda-dilation' on page 205 undefined on input
 line 14506.


LaTeX Warning: Reference `p6:eq:Pa-def' on page 205 undefined on input line 145
12.


LaTeX Warning: Reference `p6:eq:general-exact-Laplace' on page 205 undefined on
 input line 14513.


LaTeX Warning: Reference `p6:eq:Ea-bound' on page 205 undefined on input line 1
4518.


LaTeX Warning: Reference `p6:thm:general-periodic' on page 1 undefined on input
 line 14520.

[205]

LaTeX Warning: Reference `p1:thm:mellin-reflection' on page 1 undefined on inpu
t line 14548.


LaTeX Warning: Reference `p6:eq:general-exact-Laplace' on page 206 undefined on
 input line 14552.


LaTeX Warning: Reference `p6:eq:general-gamma-zeta' on page 206 undefined on in
put line 14555.


LaTeX Warning: Citation `bib:flajolet1995' on page 206 undefined on input line 
14556.


LaTeX Warning: Reference `p6:eq:general-gamma-zeta' on page 206 undefined on in
put line 14559.

<assets/Atomic_Functions_Beyond_Dyadic_Report/figures/periodic_correction_bases
.png, id=2378, 664.884pt x 375.804pt>
File: assets/Atomic_Functions_Beyond_Dyadic_Report/figures/periodic_correction_
bases.png Graphic file (type png)
<use assets/Atomic_Functions_Beyond_Dyadic_Report/figures/periodic_correction_b
ases.png>
Package pdftex.def Info: assets/Atomic_Functions_Beyond_Dyadic_Report/figures/p
eriodic_correction_bases.png  used on input line 14564.
(pdftex.def)             Requested size: 422.58144pt x 238.85078pt.

LaTeX Warning: Reference `p6:eq:general-gamma-zeta' on page 206 undefined on in
put line 14568.


LaTeX Warning: Reference `p6:eq:general-gamma-zeta' on page 206 undefined on in
put line 14568.


LaTeX Warning: Reference `p6:eq:Psi-a' on page 206 undefined on input line 1457
2.

[206 <./assets/Atomic_Functions_Beyond_Dyadic_Report/figures/periodic_correctio
n_bases.png (PNG copy)>]

LaTeX Warning: Reference `p6:thm:general-fourier-modes' on page 1 undefined on 
input line 14589.


LaTeX Warning: Reference `p6:eq:general-exact-Laplace' on page 207 undefined on
 input line 14592.


LaTeX Warning: Reference `p6:eq:barP' on page 207 undefined on input line 14602
.


LaTeX Warning: Reference `p6:eq:barP' on page 207 undefined on input line 14609
.


LaTeX Warning: Reference `p11:eq:Cstar' on page 207 undefined on input line 146
12.


LaTeX Warning: Reference `p6:eq:barP' on page 207 undefined on input line 14622
.


LaTeX Warning: Reference `p6:eq:barP' on page 207 undefined on input line 14625
.


LaTeX Warning: Reference `p1:eq:mellin-reflection' on page 207 undefined on inp
ut line 14633.


LaTeX Warning: Reference `p6:eq:complex-dimensions' on page 207 undefined on in
put line 14638.


LaTeX Warning: Reference `p6:eq:general-exact-Laplace' on page 207 undefined on
 input line 14649.

[207]

LaTeX Warning: Reference `p6:eq:r-Lambert' on page 208 undefined on input line 
14696.


LaTeX Warning: Reference `p6:thm:general-fourier-modes' on page 1 undefined on 
input line 14697.


LaTeX Warning: Reference `p6:thm:general-periodic' on page 1 undefined on input
 line 14697.


LaTeX Warning: Reference `p6:eq:exact-saddle' on page 208 undefined on input li
ne 14701.


LaTeX Warning: Reference `p6:eq:moment-recurrence' on page 208 undefined on inp
ut line 14730.

[208]

LaTeX Warning: Reference `p6:eq:prefix-norm-leading' on page 209 undefined on i
nput line 14775.

[209]

LaTeX Warning: Reference `p6:eq:general-gamma-zeta' on page 210 undefined on in
put line 14826.


LaTeX Warning: Reference `p6:eq:general-gamma-zeta' on page 210 undefined on in
put line 14832.


LaTeX Warning: Reference `p6:eq:general-exact-Laplace' on page 210 undefined on
 input line 14834.


LaTeX Warning: Reference `p6:eq:exact-tube' on page 210 undefined on input line
 14836.


LaTeX Warning: Reference `p6:eq:minkowski-profile' on page 210 undefined on inp
ut line 14837.


LaTeX Warning: Reference `p6:fig:degree-limit' on page 1 undefined on input lin
e 14838.


LaTeX Warning: Reference `p6:fig:tube-oscillation' on page 1 undefined on input
 line 14838.


LaTeX Warning: Reference `p6:eq:moment-recurrence' on page 210 undefined on inp
ut line 14842.


Underfull \hbox (badness 1515) in paragraph at lines 14840--14844
\T1/LibertinusSerif-TLF/m/n/10.95 (+20) the ex-act Bell mo-ments [] through or-
der ten at the ex-pected Monte Carlo ac-cu-racy
 []


LaTeX Warning: Reference `p6:eq:signed-leading' on page 210 undefined on input 
line 14859.


Underfull \hbox (badness 1400) in paragraph at lines 14858--14862
[]\T1/LibertinusSerif-TLF/b/n/10.95 (+20) Signed lead-ing co-ef-fi-cients. \T1/
LibertinusSerif-TLF/m/n/10.95 (+20) Poly-no-mial fits on ev-ery gap through gen
-er-a-tion three
 []


Underfull \hbox (badness 1831) in paragraph at lines 14858--14862
\T1/LibertinusSerif-TLF/m/n/10.95 (+20) re-cover [], in-clud-ing the mag-ni-tud
es $[]$, $[]$, $[]$, $[]$ (\T1/LibertinusMono-TLF/m/n/10.95 polynomial_gap_fit_
a3.csv\T1/LibertinusSerif-TLF/m/n/10.95 (+20) ,
 []


LaTeX Warning: Reference `p6:thm:degree-law' on page 1 undefined on input line 
14865.


LaTeX Warning: Reference `p6:eq:Zn-def' on page 210 undefined on input line 148
67.


LaTeX Warning: Reference `p6:thm:fupn-clt' on page 1 undefined on input line 14
868.


LaTeX Warning: Reference `p6:fig:fup-clt' on page 1 undefined on input line 148
69.


LaTeX Warning: Reference `p6:eq:endpoint-conjecture' on page 210 undefined on i
nput line 14896.


LaTeX Warning: Reference `p6:thm:general-fourier-modes' on page 1 undefined on 
input line 14903.


LaTeX Warning: Reference `p6:thm:general-periodic' on page 1 undefined on input
 line 14903.

[210]

LaTeX Warning: Reference `p6:thm:degree-law' on page 1 undefined on input line 
14911.


LaTeX Warning: Reference `p6:prop:polynomial-gap' on page 1 undefined on input 
line 14915.


LaTeX Warning: Reference `p6:eq:kappa' on page 211 undefined on input line 1493
5.


LaTeX Warning: Citation `bib:arias2017' on page 211 undefined on input line 149
37.


LaTeX Warning: Citation `bib:haugland2016' on page 211 undefined on input line 
14937.


LaTeX Warning: Reference `p6:eq:minkowski-profile' on page 211 undefined on inp
ut line 14948.


LaTeX Warning: Reference `p6:eq:Pa-def' on page 211 undefined on input line 149
49.


LaTeX Warning: Reference `p6:eq:distance-mellin' on page 211 undefined on input
 line 14953.


LaTeX Warning: Reference `p6:thm:spectral-moments' on page 1 undefined on input
 line 14959.


LaTeX Warning: Reference `p6:eq:q-pearson' on page 211 undefined on input line 
14967.


LaTeX Warning: Reference `p6:eq:Zn-cumulants' on page 211 undefined on input li
ne 14975.


LaTeX Warning: Reference `p6:thm:fup-edgeworth' on page 1 undefined on input li
ne 14978.


LaTeX Warning: Reference `p6:sec:parameter-limits' on page 1 undefined on input
 line 14981.


LaTeX Warning: Reference `p6:thm:fup-edgeworth' on page 1 undefined on input li
ne 14987.

[211]

LaTeX Warning: Reference `p6:sec:fractal-string' on page 1 undefined on input l
ine 15001.


LaTeX Warning: Reference `p6:sec:symbolic-localization' on page 1 undefined on 
input line 15001.


LaTeX Warning: Reference `p6:thm:derivative-gram' on page 1 undefined on input 
line 15015.


LaTeX Warning: Reference `p6:thm:spectral-moments' on page 1 undefined on input
 line 15019.


LaTeX Warning: Reference `p6:eq:energy-measure' on page 212 undefined on input 
line 15028.


LaTeX Warning: Reference `p6:eq:energy-entropy-law' on page 212 undefined on in
put line 15033.


LaTeX Warning: Reference `p6:eq:energy-factorization' on page 212 undefined on 
input line 15035.


LaTeX Warning: Reference `p6:conj:overlap-theta' on page 1 undefined on input l
ine 15038.


LaTeX Warning: Reference `p6:thm:acf-germ' on page 1 undefined on input line 15
048.


LaTeX Warning: Reference `p6:eq:q-pearson' on page 212 undefined on input line 
15052.


LaTeX Warning: Reference `p6:thm:gram-package' on page 1 undefined on input lin
e 15061.


LaTeX Warning: Reference `p6:thm:theta-whitening' on page 1 undefined on input 
line 15067.

[212]

LaTeX Warning: Reference `p6:thm:jet-two-term' on page 1 undefined on input lin
e 15090.


LaTeX Warning: Reference `p6:eq:joint-jet-distance' on page 213 undefined on in
put line 15100.


LaTeX Warning: Reference `p6:thm:theta-whitening' on page 1 undefined on input 
line 15116.


LaTeX Warning: Reference `p6:eq:symbolic-localization' on page 213 undefined on
 input line 15125.


LaTeX Warning: Reference `p6:thm:taylor-dichotomy' on page 1 undefined on input
 line 15126.


LaTeX Warning: Reference `p6:eq:up-Fup1' on page 213 undefined on input line 15
153.

[213]

LaTeX Warning: Reference `p6:prop:fup-ladder' on page 1 undefined on input line
 15164.


LaTeX Warning: Reference `p6:thm:general-periodic' on page 1 undefined on input
 line 15175.


LaTeX Warning: Reference `p6:thm:general-fourier-modes' on page 1 undefined on 
input line 15176.


LaTeX Warning: Reference `p6:thm:general-periodic' on page 1 undefined on input
 line 15203.

[214]

LaTeX Warning: Reference `p6:thm:source-zero-matching' on page 1 undefined on i
nput line 15260.


LaTeX Warning: Reference `p6:eq:atomic-product-general' on page 1 undefined on 
input line 15260.


LaTeX Warning: Reference `p6:eq:atomic-general' on page 1 undefined on input li
ne 15260.


LaTeX Warning: Reference `p6:thm:source-derivative-tower' on page 1 undefined o
n input line 15261.


LaTeX Warning: Reference `p6:eq:ha-diffeq' on page 1 undefined on input line 15
262.


LaTeX Warning: Reference `p6:eq:first-order-general' on page 1 undefined on inp
ut line 15262.


LaTeX Warning: Reference `p6:eq:ha-integral-refinement' on page 1 undefined on 
input line 15263.


LaTeX Warning: Reference `p6:eq:ha-support' on page 1 undefined on input line 1
5263.


LaTeX Warning: Reference `p6:eq:Xa' on page 1 undefined on input line 15263.


LaTeX Warning: Reference `p6:eq:ha-fourier' on page 1 undefined on input line 1
5263.


LaTeX Warning: Reference `p6:eq:c-coeff-superdecay' on page 1 undefined on inpu
t line 15264.


LaTeX Warning: Reference `p6:eq:source-c-recurrence' on page 1 undefined on inp
ut line 15264.


LaTeX Warning: Reference `p6:thm:symbolic-localization' on page 1 undefined on 
input line 15266.


LaTeX Warning: Reference `p6:prop:polynomial-gap' on page 1 undefined on input 
line 15266.


LaTeX Warning: Reference `p6:thm:gap-decomposition' on page 1 undefined on inpu
t line 15266.


LaTeX Warning: Reference `p6:thm:exact-derivative-norm' on page 1 undefined on 
input line 15267.


LaTeX Warning: Reference `p6:eq:up-derivative-source' on page 1 undefined on in
put line 15267.


LaTeX Warning: Reference `p6:eq:up-def-again' on page 1 undefined on input line
 15267.


LaTeX Warning: Reference `p6:eq:up-recursive-cell' on page 1 undefined on input
 line 15268.


LaTeX Warning: Reference `p6:eq:up-dyadic-values' on page 1 undefined on input 
line 15268.


Underfull \hbox (badness 1509) in paragraph at lines 15269--15269
[]|\T1/LibertinusSerif-TLF/m/n/10.95 (+20) Shift sums, dif-fer-ence equa-tion,
 []


LaTeX Warning: Reference `p6:eq:Qn-cyclotomic' on page 1 undefined on input lin
e 15269.


LaTeX Warning: Reference `p6:eq:Qn' on page 1 undefined on input line 15269.


LaTeX Warning: Reference `p6:eq:source-shift-sum' on page 1 undefined on input 
line 15269.


Underfull \hbox (badness 1783) in paragraph at lines 15270--15270
[]|\T1/LibertinusSerif-TLF/m/n/10.95 (+20) Uniqueness of the rep-re-sent-ing
 []


LaTeX Warning: Reference `p6:thm:source-uniqueness' on page 1 undefined on inpu
t line 15270.


LaTeX Warning: Reference `p6:eq:up-Fup1' on page 1 undefined on input line 1527
1.


LaTeX Warning: Reference `p6:eq:Fup1' on page 1 undefined on input line 15271.


ignored: Infinite glue shrinkage found in box being split [215]
Underfull \hbox (badness 10000) in paragraph at lines 15291--15291
[]|\T1/LibertinusSerif-TLF/m/n/10.95 (+20) Fourier con-ven-tion,
 []


Underfull \hbox (badness 1253) in paragraph at lines 15292--15294
[]|\T1/LibertinusSerif-TLF/m/n/10.95 (+20) one con-ven-tion fixed glob-ally; ev
-ery
 []


Underfull \hbox (badness 1546) in paragraph at lines 15294--15294
[]|\T1/LibertinusSerif-TLF/m/n/10.95 (+20) the mask read var-i-ously as
 []


Underfull \hbox (badness 10000) in paragraph at lines 15298--15299
[]|\T1/LibertinusSerif-TLF/m/n/10.95 (+20) indices al-ter-nat-ing among
 []


Underfull \hbox (badness 10000) in paragraph at lines 15304--15304
[]|\T1/LibertinusMono-TLF/m/n/10.95 up\T1/LibertinusSerif-TLF/m/n/10.95 (+20) ,
 mixed Cyril-lic
 []


Underfull \hbox (badness 2158) in paragraph at lines 15306--15306
[]|$\OML/cmm/m/it/10.95 ^^N$ \T1/LibertinusSerif-TLF/m/n/10.95 (+20) in-dices s
hifted by
 []


LaTeX Warning: Reference `p6:rem:jet-reduction' on page 1 undefined on input li
ne 15314.


Underfull \hbox (badness 1946) in paragraph at lines 15324--15324
[]|\T1/LibertinusSerif-TLF/m/n/10.95 (+20) Uniqueness hy-poth-e-
 []


Underfull \hbox (badness 10000) in paragraph at lines 15326--15328
[]|\T1/LibertinusSerif-TLF/m/n/10.95 (+20) re-derived from $[][] \OML/cmm/m/it/
10.95 z \OT1/cmr/m/n/10.95 =
 []

[216] [217] [218]

LaTeX Warning: Reference `p7:rem:two-meanings' on page 1 undefined on input lin
e 15530.


LaTeX Warning: Reference `p7:sec:klein-four' on page 1 undefined on input line 
15531.

[219]

LaTeX Warning: Reference `p7:eq:affine-fixed-point' on page 220 undefined on in
put line 15562.


LaTeX Warning: Reference `p7:eq:Mahler' on page 220 undefined on input line 155
86.


LaTeX Warning: Reference `p7:eq:Mahler' on page 220 undefined on input line 155
92.


LaTeX Warning: Reference `p7:eq:Mq-inside' on page 220 undefined on input line 
15593.


LaTeX Warning: Reference `p7:eq:Mq-outside' on page 220 undefined on input line
 15594.


LaTeX Warning: Reference `p7:eq:Mahler' on page 220 undefined on input line 156
05.


LaTeX Warning: Reference `p7:eq:an-recurrence' on page 220 undefined on input l
ine 15606.

[220]

LaTeX Warning: Reference `p7:eq:psi-sinc' on page 221 undefined on input line 1
5637.


LaTeX Warning: Reference `p7:eq:negative-support' on page 221 undefined on inpu
t line 15684.


LaTeX Warning: Reference `p7:eq:derivative-transport' on page 221 undefined on 
input line 15685.


LaTeX Warning: Reference `p8:cor:norm-entropy' on page 1 undefined on input lin
e 15685.


LaTeX Warning: Reference `p8:cor:negative-thue-morse' on page 1 undefined on in
put line 15687.


LaTeX Warning: Reference `p8:cor:negative-dyadic-sign' on page 1 undefined on i
nput line 15701.

<assets/Fabius_Q_Connections_Report/figures/physical_densities.png, id=2531, 59
7.77614pt x 366.51215pt>
File: assets/Fabius_Q_Connections_Report/figures/physical_densities.png Graphic
 file (type png)
<use assets/Fabius_Q_Connections_Report/figures/physical_densities.png>
Package pdftex.def Info: assets/Fabius_Q_Connections_Report/figures/physical_de
nsities.png  used on input line 15706.
(pdftex.def)             Requested size: 404.59544pt x 248.07289pt.

LaTeX Warning: Reference `p7:thm:shape' on page 1 undefined on input line 15711
.


LaTeX Warning: Reference `p7:thm:shape' on page 1 undefined on input line 15711
.

[221]

LaTeX Warning: Reference `p0:eq:variance' on page 222 undefined on input line 1
5716.


LaTeX Warning: Reference `p7:eq:Mq-outside' on page 222 undefined on input line
 15751.


LaTeX Warning: Reference `p7:eq:cumulant-symmetries' on page 222 undefined on i
nput line 15774.

[222 <./assets/Fabius_Q_Connections_Report/figures/physical_densities.png>]

LaTeX Warning: Reference `p8:thm:reciprocal-duality' on page 1 undefined on inp
ut line 15795.


LaTeX Warning: Reference `p8:thm:outside-limit' on page 1 undefined on input li
ne 15797.


LaTeX Warning: Reference `p7:eq:reciprocity' on page 223 undefined on input lin
e 15802.


LaTeX Warning: Reference `p7:thm:formal-unique' on page 1 undefined on input li
ne 15810.


LaTeX Warning: Reference `p7:eq:Mq-outside' on page 223 undefined on input line
 15811.


LaTeX Warning: Reference `p0:thm:cumulants' on page 1 undefined on input line 1
5812.


LaTeX Warning: Reference `p7:thm:cumulants' on page 1 undefined on input line 1
5813.


LaTeX Warning: Reference `p7:thm:laplace-dual' on page 1 undefined on input lin
e 15817.


LaTeX Warning: Reference `p7:eq:finite-law' on page 223 undefined on input line
 15819.


LaTeX Warning: Reference `p8:thm:outside-limit' on page 1 undefined on input li
ne 15822.


LaTeX Warning: Reference `p8:thm:reciprocal-duality' on page 1 undefined on inp
ut line 15822.


LaTeX Warning: Reference `p8:thm:finite-cumulants' on page 1 undefined on input
 line 15824.


LaTeX Warning: Reference `p7:eq:cumulant-symmetries' on page 223 undefined on i
nput line 15841.


LaTeX Warning: Reference `p8:thm:finite-cumulants' on page 1 undefined on input
 line 15842.


LaTeX Warning: Reference `p7:thm:laplace-dual' on page 1 undefined on input lin
e 15851.


LaTeX Warning: Reference `p0:thm:cumulants' on page 1 undefined on input line 1
5862.


LaTeX Warning: Reference `p7:thm:formal-unique' on page 1 undefined on input li
ne 15865.

[223]

LaTeX Warning: Reference `p0:eq:variance' on page 224 undefined on input line 1
5876.


LaTeX Warning: Reference `p0:thm:cumulants' on page 1 undefined on input line 1
5889.


LaTeX Warning: Reference `p7:eq:cumulants' on page 224 undefined on input line 
15890.


LaTeX Warning: Reference `p7:eq:an-recurrence' on page 224 undefined on input l
ine 15891.


LaTeX Warning: Reference `p7:thm:formal-unique' on page 1 undefined on input li
ne 15892.


LaTeX Warning: Reference `p7:eq:Mq-outside' on page 224 undefined on input line
 15894.


LaTeX Warning: Reference `p7:eq:cumulant-symmetries' on page 224 undefined on i
nput line 15895.


LaTeX Warning: Reference `p0:eq:standardized-cumulants' on page 224 undefined o
n input line 15901.


LaTeX Warning: Reference `p7:eq:standard-sign-collapse' on page 224 undefined o
n input line 15902.


LaTeX Warning: Reference `p7:eq:cumulant-symmetries' on page 224 undefined on i
nput line 15905.


LaTeX Warning: Reference `p6:prop:q-crosswalk' on page 1 undefined on input lin
e 15913.


LaTeX Warning: Reference `p7:eq:cumulants' on page 224 undefined on input line 
15915.


LaTeX Warning: Reference `p6:eq:kappa' on page 224 undefined on input line 1591
6.


LaTeX Warning: Reference `p0:eq:standardized-cumulants' on page 224 undefined o
n input line 15917.


LaTeX Warning: Reference `p6:sec:parameter-limits' on page 1 undefined on input
 line 15921.


LaTeX Warning: Reference `p6:eq:Fourier-logGaussian' on page 1 undefined on inp
ut line 15922.


LaTeX Warning: Reference `p6:eq:plateau' on page 224 undefined on input line 15
923.

[224]

LaTeX Warning: Reference `p7:eq:psi-sinc' on page 225 undefined on input line 1
5986.


LaTeX Warning: Reference `p7:eq:affine-fixed-point' on page 225 undefined on in
put line 15990.


LaTeX Warning: Reference `p8:lem:uniform-plateau' on page 1 undefined on input 
line 15991.


LaTeX Warning: Reference `p7:cor:transport' on page 1 undefined on input line 1
5995.


LaTeX Warning: Reference `p7:eq:plateau' on page 225 undefined on input line 16
005.


LaTeX Warning: Reference `p7:cor:transport' on page 1 undefined on input line 1
6008.

[225]

LaTeX Warning: Reference `p7:eq:Mq-outside' on page 226 undefined on input line
 16040.


LaTeX Warning: Reference `p7:eq:M-multisection' on page 226 undefined on input 
line 16061.


LaTeX Warning: Reference `p7:eq:sign-law' on page 226 undefined on input line 1
6063.


LaTeX Warning: Reference `p7:eq:half-quarter' on page 1 undefined on input line
 16068.


LaTeX Warning: Reference `p7:thm:multisection' on page 1 undefined on input lin
e 16084.


LaTeX Warning: Reference `p7:eq:M-multisection' on page 1 undefined on input li
ne 16085.


LaTeX Warning: Reference `p7:eq:R-multisection' on page 1 undefined on input li
ne 16087.

[226]

LaTeX Warning: Reference `p7:eq:psi-sinc' on page 227 undefined on input line 1
6136.


LaTeX Warning: Reference `p7:thm:sinc-poch' on page 1 undefined on input line 1
6143.

[227]

LaTeX Warning: Reference `p7:eq:sinc-poch' on page 228 undefined on input line 
16217.

[228]

LaTeX Warning: Reference `p7:eq:sinc-poch' on page 229 undefined on input line 
16285.

[229]

LaTeX Warning: Reference `p7:thm:sinc-poch' on page 1 undefined on input line 1
6293.

[230]

LaTeX Warning: Reference `p7:eq:sinc-poch' on page 231 undefined on input line 
16378.


LaTeX Warning: Reference `p7:thm:multisection' on page 1 undefined on input lin
e 16380.

[231]

LaTeX Warning: Reference `p0:tab:dictionary' on page 1 undefined on input line 
16394.


LaTeX Warning: Reference `p7:eq:sinc-poch' on page 232 undefined on input line 
16444.

[232] [233]

LaTeX Warning: Reference `p7:eq:an-recurrence' on page 234 undefined on input l
ine 16562.


LaTeX Warning: Reference `p7:eq:Pn-recurrence' on page 234 undefined on input l
ine 16612.


LaTeX Warning: Reference `p7:eq:Pn-def' on page 234 undefined on input line 166
20.


LaTeX Warning: Reference `p7:eq:Pn-def' on page 234 undefined on input line 166
33.

[234] [235]

LaTeX Warning: Reference `p7:thm:Pn' on page 1 undefined on input line 16698.

[236]

LaTeX Warning: Reference `p7:sec:endpoints' on page 1 undefined on input line 1
6773.


Underfull \hbox (badness 2790) in paragraph at lines 16772--16778
[]\T1/LibertinusSerif-TLF/m/n/10.95 (+20) The poly-no-mial is not dec-o-ra-tive
: the ex-act end-point lat-tice of [] reads $\OML/cmm/m/it/10.95 G[]\OT1/cmr/m/
n/10.95 (\OML/cmm/m/it/10.95 q[]\OT1/cmr/m/n/10.95 ) =
 []


Underfull \hbox (badness 1348) in paragraph at lines 16802--16810
[]\T1/LibertinusSerif-TLF/m/n/10.95 (+20) Its $\OML/cmm/m/it/10.95 t \OT1/cmr/m
/n/10.95 = 0$ \T1/LibertinusSerif-TLF/m/n/10.95 (+20) face is fi-nite Pochham-m
er/Gaussian cal-cu-lus, $\U/rsfs/m/n/10.95 Z[]\OT1/cmr/m/n/10.95 (\OML/cmm/m/it
/10.95 u; \OT1/cmr/m/n/10.95 0; \OML/cmm/m/it/10.95 ^^Z; ^^[\OT1/cmr/m/n/10.95 
) = (\OML/cmm/m/it/10.95 u\OT1/cmr/m/n/10.95 ; \OML/cmm/m/it/10.95 ^^Z\OT1/cmr/
m/n/10.95 )[] =
 []

[237]

LaTeX Warning: Reference `p7:sec:comb' on page 1 undefined on input line 16816.



LaTeX Warning: Reference `p7:thm:multisection' on page 1 undefined on input lin
e 16817.


LaTeX Warning: Citation `bib:mansour2015' on page 238 undefined on input line 1
6842.


Underfull \hbox (badness 2401) in paragraph at lines 16853--16860
\T1/LibertinusSerif-TLF/m/n/10.95 (+20) equa-tion $\OT1/cmr/m/n/10.95 ^^D[](\OM
L/cmm/m/it/10.95 u; z\OT1/cmr/m/n/10.95 ; \OML/cmm/m/it/10.95 q\OT1/cmr/m/n/10.
95 ) = (1 \OMS/cmsy/m/n/10.95 ^^@ \OML/cmm/m/it/10.95 uz\OT1/cmr/m/n/10.95 ) ^^
D[](\OML/cmm/m/it/10.95 uq; z[]\OT1/cmr/m/n/10.95 ; \OML/cmm/m/it/10.95 q\OT1/c
mr/m/n/10.95 )$ \T1/LibertinusSerif-TLF/m/n/10.95 (+20) and the fi-nite reci-pr
ocity $\OT1/cmr/m/n/10.95 ^^D[](\OML/cmm/m/it/10.95 u; z\OT1/cmr/m/n/10.95 ; \O
ML/cmm/m/it/10.95 q\OT1/cmr/m/n/10.95 ) =
 []


Underfull \hbox (badness 1320) in paragraph at lines 16853--16860
\OT1/cmr/m/n/10.95 (\OMS/cmsy/m/n/10.95 ^^@\OML/cmm/m/it/10.95 u\OT1/cmr/m/n/10
.95 )[]\OML/cmm/m/it/10.95 q[]z[]\OT1/cmr/m/n/10.95 ^^D[](\OML/cmm/m/it/10.95 u
[]; z[]\OT1/cmr/m/n/10.95 ; \OML/cmm/m/it/10.95 q[]\OT1/cmr/m/n/10.95 )$ \T1/Li
bertinusSerif-TLF/m/n/10.95 (+20) --- the digit-polynomial coun-ter-part of the
 re-cip-ro-cal law
 []

[238]

LaTeX Warning: Reference `p8:thm:finite-cumulants' on page 1 undefined on input
 line 16902.


LaTeX Warning: Reference `p7:eq:q-prouhet' on page 239 undefined on input line 
16909.


LaTeX Warning: Reference `p7:eq:radix-bell' on page 239 undefined on input line
 16911.


LaTeX Warning: Reference `p7:eq:desingularization' on page 239 undefined on inp
ut line 16913.


LaTeX Warning: Reference `p7:eq:finite-reciprocal' on page 239 undefined on inp
ut line 16914.


Underfull \hbox (badness 1533) in paragraph at lines 16906--16915
[]\T1/LibertinusSerif-TLF/m/n/10.95 (+20) Factor $\OT1/cmr/m/n/10.95 1 \OMS/cms
y/m/n/10.95 ^^@ \OT1/cmr/m/n/10.95 e[] = \OMS/cmsy/m/n/10.95 ^^@\OML/cmm/m/it/1
0.95 zE\OT1/cmr/m/n/10.95 (\OML/cmm/m/it/10.95 z\OT1/cmr/m/n/10.95 )$ \T1/Liber
tinusSerif-TLF/m/n/10.95 (+20) in each term of the Prouhet face: $[][]\OT1/cmr/
m/n/10.95 (1 \OMS/cmsy/m/n/10.95 ^^@ \OT1/cmr/m/n/10.95 e[]) =
 []


LaTeX Warning: Reference `p7:eq:desingularization' on page 1 undefined on input
 line 16926.


LaTeX Warning: Citation `bib:fu2012' on page 239 undefined on input line 16975.


[239]

LaTeX Warning: Reference `p7:eq:half-quarter' on page 240 undefined on input li
ne 17020.

<assets/Signed_Reciprocal_q_Fabius_Frontiers/dyadic_thue_morse_comb.png, id=270
0, 650.43pt x 245.718pt>
File: assets/Signed_Reciprocal_q_Fabius_Frontiers/dyadic_thue_morse_comb.png Gr
aphic file (type png)
<use assets/Signed_Reciprocal_q_Fabius_Frontiers/dyadic_thue_morse_comb.png>
Package pdftex.def Info: assets/Signed_Reciprocal_q_Fabius_Frontiers/dyadic_thu
e_morse_comb.png  used on input line 17029.
(pdftex.def)             Requested size: 215.78378pt x 81.51836pt.
<assets/Signed_Reciprocal_q_Fabius_Frontiers/quartic_cantor_comb.png, id=2701, 
650.43pt x 245.718pt>
File: assets/Signed_Reciprocal_q_Fabius_Frontiers/quartic_cantor_comb.png Graph
ic file (type png)
<use assets/Signed_Reciprocal_q_Fabius_Frontiers/quartic_cantor_comb.png>
Package pdftex.def Info: assets/Signed_Reciprocal_q_Fabius_Frontiers/quartic_ca
ntor_comb.png  used on input line 17033.
(pdftex.def)             Requested size: 215.78378pt x 81.51836pt.

LaTeX Warning: Reference `p7:eq:quartic-cantor' on page 240 undefined on input 
line 17038.


LaTeX Warning: Reference `p7:eq:quartic-cantor' on page 240 undefined on input 
line 17038.

[240 <./assets/Signed_Reciprocal_q_Fabius_Frontiers/dyadic_thue_morse_comb.png>
 <./assets/Signed_Reciprocal_q_Fabius_Frontiers/quartic_cantor_comb.png>]

LaTeX Warning: Reference `p6:eq:edge-pantograph' on page 241 undefined on input
 line 17128.

[241]
<assets/Signed_Reciprocal_q_Fabius_Frontiers/quartic_endpoint_decay.png, id=273
0, 592.2855pt x 361.35pt>
File: assets/Signed_Reciprocal_q_Fabius_Frontiers/quartic_endpoint_decay.png Gr
aphic file (type png)
<use assets/Signed_Reciprocal_q_Fabius_Frontiers/quartic_endpoint_decay.png>
Package pdftex.def Info: assets/Signed_Reciprocal_q_Fabius_Frontiers/quartic_en
dpoint_decay.png  used on input line 17141.
(pdftex.def)             Requested size: 350.65121pt x 213.92798pt.


LaTeX Warning: Reference `p7:eq:quartic-values' on page 242 undefined on input 
line 17145.


LaTeX Warning: Reference `p7:thm:two-term' on page 1 undefined on input line 17
145.


LaTeX Warning: Reference `p7:eq:quartic-values' on page 242 undefined on input 
line 17145.


LaTeX Warning: Reference `p7:thm:two-term' on page 1 undefined on input line 17
145.


LaTeX Warning: Reference `p7:eq:cdf-transport' on page 242 undefined on input l
ine 17148.


LaTeX Warning: Reference `p7:eq:inverse-geometric' on page 242 undefined on inp
ut line 17176.

[242 <./assets/Signed_Reciprocal_q_Fabius_Frontiers/quartic_endpoint_decay.png>
]

LaTeX Warning: Reference `p6:thm:general-periodic' on page 1 undefined on input
 line 17226.


LaTeX Warning: Reference `p6:thm:general-fourier-modes' on page 1 undefined on 
input line 17228.


LaTeX Warning: Reference `p6:eq:general-exact-Laplace' on page 243 undefined on
 input line 17238.


LaTeX Warning: Reference `p7:eq:cocycle-exact' on page 243 undefined on input l
ine 17252.


LaTeX Warning: Reference `p7:thm:two-term' on page 1 undefined on input line 17
255.


LaTeX Warning: Reference `p7:cor:transport' on page 1 undefined on input line 1
7256.


LaTeX Warning: Reference `p7:eq:half-quarter' on page 243 undefined on input li
ne 17259.

[243]

LaTeX Warning: Reference `p7:conj:all-orders' on page 1 undefined on input line
 17317.


LaTeX Warning: Reference `p7:conj:Pn-divisibility' on page 1 undefined on input
 line 17317.


LaTeX Warning: Reference `p9:cor:germ-natural-boundary' on page 1 undefined on 
input line 17334.


LaTeX Warning: Reference `p7:eq:Lr' on page 244 undefined on input line 17349.

[244]

LaTeX Warning: Reference `p7:eq:quartic-cantor' on page 245 undefined on input 
line 17383.


LaTeX Warning: Reference `p7:eq:R-multisection' on page 245 undefined on input 
line 17387.


LaTeX Warning: Reference `p7:eq:stop-loss' on page 245 undefined on input line 
17406.


LaTeX Warning: Reference `p8:thm:all-sign-density' on page 1 undefined on input
 line 17416.


LaTeX Warning: Reference `p7:eq:finite-reciprocal' on page 245 undefined on inp
ut line 17418.


LaTeX Warning: Reference `p7:eq:plateau' on page 245 undefined on input line 17
420.

[245] [246] [247

]

LaTeX Warning: Citation `bib:repo2026c' on page 248 undefined on input line 175
34.


LaTeX Warning: Citation `bib:repo2026d' on page 248 undefined on input line 175
34.


LaTeX Warning: Citation `bib:repog' on page 248 undefined on input line 17534.


LaTeX Warning: Citation `bib:repoh' on page 248 undefined on input line 17534.


LaTeX Warning: Citation `bib:repoi' on page 248 undefined on input line 17534.


LaTeX Warning: Citation `bib:repo2026d' on page 248 undefined on input line 175
41.


LaTeX Warning: Reference `p0:prop:basic' on page 1 undefined on input line 1755
3.


LaTeX Warning: Reference `p0:prop:fixed-point' on page 1 undefined on input lin
e 17556.


LaTeX Warning: Reference `p8:lem:fixed-point-all-laws' on page 1 undefined on i
nput line 17557.


LaTeX Warning: Reference `p0:prop:basic' on page 1 undefined on input line 1755
9.


LaTeX Warning: Reference `p8:thm:all-sign-density' on page 1 undefined on input
 line 17560.


LaTeX Warning: Reference `p0:eq:support' on page 248 undefined on input line 17
562.


LaTeX Warning: Reference `p8:thm:all-sign-density' on page 1 undefined on input
 line 17563.


LaTeX Warning: Reference `p7:eq:spectral-zeta' on page 248 undefined on input l
ine 17566.


LaTeX Warning: Reference `p0:prop:fabius-point' on page 1 undefined on input li
ne 17569.


LaTeX Warning: Reference `p8:eq:up-peaks-baseline' on page 248 undefined on inp
ut line 17573.


LaTeX Warning: Reference `p8:cor:negative-thue-morse' on page 1 undefined on in
put line 17574.


ignored: Infinite glue shrinkage found in box being split [248]

LaTeX Warning: Reference `p0:tab:dictionary' on page 1 undefined on input line 
17626.


LaTeX Warning: Reference `p0:eq:cf' on page 249 undefined on input line 17639.


LaTeX Warning: Reference `p7:eq:psi-sinc' on page 249 undefined on input line 1
7639.


LaTeX Warning: Reference `p0:prop:fixed-point' on page 1 undefined on input lin
e 17651.

[249]

LaTeX Warning: Reference `p0:prop:basic' on page 1 undefined on input line 1768
1.


Package hyperref Warning: Token not allowed in a PDF string (Unicode):
(hyperref)                removing `math shift' on input line 17694.


Package hyperref Warning: Token not allowed in a PDF string (Unicode):
(hyperref)                removing `math shift' on input line 17694.


LaTeX Warning: Reference `p0:thm:cumulants' on page 1 undefined on input line 1
7704.


LaTeX Warning: Reference `p7:thm:sign-conjugacy' on page 1 undefined on input l
ine 17715.


LaTeX Warning: Reference `p7:cor:transport' on page 1 undefined on input line 1
7723.


LaTeX Warning: Reference `p7:eq:negative-support' on page 250 undefined on inpu
t line 17724.

[250]

LaTeX Warning: Reference `p8:eq:affine-fixed-point' on page 1 undefined on inpu
t line 17764.


LaTeX Warning: Reference `p8:eq:density-probability' on page 1 undefined on inp
ut line 17766.


LaTeX Warning: Reference `p7:cor:transport' on page 1 undefined on input line 1
7782.


LaTeX Warning: Reference `p7:eq:derivative-transport' on page 251 undefined on 
input line 17783.


LaTeX Warning: Reference `p7:eq:derivative-transport' on page 251 undefined on 
input line 17806.


LaTeX Warning: Reference `p8:eq:entropy-finite' on page 251 undefined on input 
line 17807.


LaTeX Warning: Reference `p8:eq:density-probability' on page 251 undefined on i
nput line 17808.


LaTeX Warning: Reference `p7:eq:sign-law' on page 251 undefined on input line 1
7824.

[251]

LaTeX Warning: Reference `p7:cor:transport' on page 1 undefined on input line 1
7838.


LaTeX Warning: Reference `p8:eq:half-bridge' on page 252 undefined on input lin
e 17839.


LaTeX Warning: Reference `p8:eq:density-sign' on page 1 undefined on input line
 17859.


LaTeX Warning: Reference `p7:cor:transport' on page 1 undefined on input line 1
7902.

[252]

LaTeX Warning: Reference `p8:eq:up-peaks-baseline' on page 1 undefined on input
 line 17907.


LaTeX Warning: Reference `p7:cor:transport' on page 1 undefined on input line 1
7954.


LaTeX Warning: Reference `p7:eq:spectral-zeta' on page 253 undefined on input l
ine 17955.


LaTeX Warning: Reference `p7:cor:transport' on page 1 undefined on input line 1
7980.


LaTeX Warning: Reference `p8:eq:negative-legendre' on page 253 undefined on inp
ut line 17981.


LaTeX Warning: Reference `p8:eq:general-negative-legendre' on page 253 undefine
d on input line 17982.

[253]

LaTeX Warning: Citation `bib:corless1996' on page 254 undefined on input line 1
8001.


LaTeX Warning: Reference `p7:cor:transport' on page 1 undefined on input line 1
8047.


LaTeX Warning: Reference `p7:eq:derivative-transport' on page 254 undefined on 
input line 18047.


LaTeX Warning: Reference `p8:eq:endpoint-transport' on page 254 undefined on in
put line 18052.


LaTeX Warning: Reference `p7:thm:shape' on page 1 undefined on input line 18073
.


LaTeX Warning: Citation `bib:prekopa1973' on page 254 undefined on input line 1
8077.

[254]

LaTeX Warning: Reference `p7:thm:shape' on page 1 undefined on input line 18108
.


LaTeX Warning: Reference `p7:cor:transport' on page 1 undefined on input line 1
8111.


LaTeX Warning: Reference `p7:thm:shape' on page 1 undefined on input line 18116
.


LaTeX Warning: Reference `p7:thm:sign-conjugacy' on page 1 undefined on input l
ine 18117.


Package hyperref Warning: Token not allowed in a PDF string (Unicode):
(hyperref)                removing `superscript' on input line 18125.


LaTeX Warning: Reference `p7:thm:multisection' on page 1 undefined on input lin
e 18133.


LaTeX Warning: Reference `p7:eq:multisection-transforms' on page 255 undefined 
on input line 18133.


LaTeX Warning: Reference `p7:eq:Y-multisection' on page 255 undefined on input 
line 18140.

[255]

LaTeX Warning: Reference `p7:thm:sign-conjugacy' on page 1 undefined on input l
ine 18146.


LaTeX Warning: Reference `p7:eq:sinc-splitting' on page 256 undefined on input 
line 18161.


Package hyperref Warning: Token not allowed in a PDF string (Unicode):
(hyperref)                removing `superscript' on input line 18177.

[256]

LaTeX Warning: Reference `p8:thm:reciprocal-duality' on page 1 undefined on inp
ut line 18236.


LaTeX Warning: Reference `p0:prop:basic' on page 1 undefined on input line 1823
8.


LaTeX Warning: Reference `p7:thm:sign-conjugacy' on page 1 undefined on input l
ine 18242.


LaTeX Warning: Reference `p7:thm:sign-conjugacy' on page 1 undefined on input l
ine 18270.


LaTeX Warning: Reference `p8:eq:positive-finite-rate' on page 1 undefined on in
put line 18279.


Package hyperref Warning: Token not allowed in a PDF string (Unicode):
(hyperref)                removing `math shift' on input line 18282.


Package hyperref Warning: Token not allowed in a PDF string (Unicode):
(hyperref)                removing `math shift' on input line 18282.

[257]

LaTeX Warning: Reference `p8:eq:finite-cumulants' on page 1 undefined on input 
line 18302.


LaTeX Warning: Reference `p8:thm:reciprocal-duality' on page 1 undefined on inp
ut line 18304.


LaTeX Warning: Reference `p7:rem:two-meanings' on page 1 undefined on input lin
e 18328.


LaTeX Warning: Reference `p0:thm:cumulants' on page 1 undefined on input line 1
8334.


LaTeX Warning: Reference `p0:eq:variance' on page 258 undefined on input line 1
8335.


LaTeX Warning: Reference `p7:eq:standard-sign-collapse' on page 258 undefined o
n input line 18342.


LaTeX Warning: Reference `p7:eq:Uq-def' on page 258 undefined on input line 183
43.

[258]

LaTeX Warning: Reference `p8:eq:BE-bound' on page 1 undefined on input line 183
71.


LaTeX Warning: Citation `bib:berry1941' on page 259 undefined on input line 184
00.


LaTeX Warning: Citation `bib:esseen1942' on page 259 undefined on input line 18
400.


LaTeX Warning: Citation `bib:petrov1975' on page 259 undefined on input line 18
400.


LaTeX Warning: Reference `p0:prop:basic' on page 1 undefined on input line 1842
1.


LaTeX Warning: Reference `p8:thm:all-sign-density' on page 1 undefined on input
 line 18423.


LaTeX Warning: Reference `p8:eq:BE-bound' on page 1 undefined on input line 184
33.


LaTeX Warning: Reference `p7:eq:standard-sign-collapse' on page 259 undefined o
n input line 18434.


LaTeX Warning: Reference `p8:eq:BE-asymptotic' on page 1 undefined on input lin
e 18436.


LaTeX Warning: Reference `p0:eq:standardized-cumulants' on page 259 undefined o
n input line 18444.

[259]

LaTeX Warning: Reference `p0:eq:standardized-cumulants' on page 260 undefined o
n input line 18455.


LaTeX Warning: Reference `p7:eq:standard-sign-collapse' on page 260 undefined o
n input line 18458.


LaTeX Warning: Reference `p8:thm:standard-cumulants' on page 1 undefined on inp
ut line 18485.


LaTeX Warning: Reference `p8:eq:lambda4' on page 1 undefined on input line 1849
7.


LaTeX Warning: Reference `p8:eq:standardized-sinc' on page 260 undefined on inp
ut line 18505.


LaTeX Warning: Reference `p8:eq:standardized-sinc' on page 260 undefined on inp
ut line 18536.

[260]

LaTeX Warning: Reference `p8:eq:quartic-remainder' on page 261 undefined on inp
ut line 18563.


LaTeX Warning: Reference `p8:eq:quartic-limit' on page 261 undefined on input l
ine 18565.


LaTeX Warning: Reference `p8:thm:quartic-correction' on page 1 undefined on inp
ut line 18574.


LaTeX Warning: Reference `p11:lem:sinc-envelope' on page 1 undefined on input l
ine 18594.


LaTeX Warning: Reference `p11:thm:edgeworth-schwartz' on page 1 undefined on in
put line 18613.


LaTeX Warning: Reference `p0:tab:dictionary' on page 1 undefined on input line 
18614.


LaTeX Warning: Reference `p0:prop:dictionary' on page 1 undefined on input line
 18615.


LaTeX Warning: Reference `p11:eq:edgeworth-polynomial' on page 261 undefined on
 input line 18618.


LaTeX Warning: Reference `p11:eq:edgeworth-main' on page 261 undefined on input
 line 18622.

[261]

LaTeX Warning: Reference `p8:prop:edgeworth' on page 1 undefined on input line 
18630.


LaTeX Warning: Reference `p0:sec:status' on page 1 undefined on input line 1863
1.


LaTeX Warning: Reference `p8:rem:all-orders' on page 1 undefined on input line 
18633.


LaTeX Warning: Reference `p11:conj:entropy' on page 1 undefined on input line 1
8636.


LaTeX Warning: Reference `p11:conj:entropy' on page 1 undefined on input line 1
8654.


LaTeX Warning: Reference `p8:prop:edgeworth' on page 1 undefined on input line 
18655.


LaTeX Warning: Reference `p7:thm:shape' on page 1 undefined on input line 18656
.


LaTeX Warning: Reference `p8:eq:Xq-def' on page 1 undefined on input line 18663
.


(assets/geometric-sinc-and-exponent-families/Fabius_Rvachev_Frontier_Report/num
erical_results.tex)
<assets/geometric-sinc-and-exponent-families/Fabius_Rvachev_Frontier_Report/fig
ures/negative_duality_histogram.png, id=2955, 607.068pt x 346.896pt>
File: assets/geometric-sinc-and-exponent-families/Fabius_Rvachev_Frontier_Repor
t/figures/negative_duality_histogram.png Graphic file (type png)
<use assets/geometric-sinc-and-exponent-families/Fabius_Rvachev_Frontier_Report
/figures/negative_duality_histogram.png>
Package pdftex.def Info: assets/geometric-sinc-and-exponent-families/Fabius_Rva
chev_Frontier_Report/figures/negative_duality_histogram.png  used on input line
 18680.
(pdftex.def)             Requested size: 413.58844pt x 236.33607pt.


LaTeX Warning: Reference `p8:tab:negative-coupling' on page 1 undefined on inpu
t line 18683.


LaTeX Warning: Reference `p8:tab:negative-coupling' on page 1 undefined on inpu
t line 18683.

<assets/geometric-sinc-and-exponent-families/Fabius_Rvachev_Frontier_Report/fig
ures/plateau_phase.png, id=2956, 607.068pt x 346.896pt>
File: assets/geometric-sinc-and-exponent-families/Fabius_Rvachev_Frontier_Repor
t/figures/plateau_phase.png Graphic file (type png)
<use assets/geometric-sinc-and-exponent-families/Fabius_Rvachev_Frontier_Report
/figures/plateau_phase.png>
Package pdftex.def Info: assets/geometric-sinc-and-exponent-families/Fabius_Rva
chev_Frontier_Report/figures/plateau_phase.png  used on input line 18691.
(pdftex.def)             Requested size: 413.58844pt x 236.33607pt.
[262] [263 <./assets/geometric-sinc-and-exponent-families/Fabius_Rvachev_Fronti
er_Report/figures/negative_duality_histogram.png>]
<assets/geometric-sinc-and-exponent-families/Fabius_Rvachev_Frontier_Report/fig
ures/gaussian_boundary.png, id=2975, 607.068pt x 346.896pt>
File: assets/geometric-sinc-and-exponent-families/Fabius_Rvachev_Frontier_Repor
t/figures/gaussian_boundary.png Graphic file (type png)
<use assets/geometric-sinc-and-exponent-families/Fabius_Rvachev_Frontier_Report
/figures/gaussian_boundary.png>
Package pdftex.def Info: assets/geometric-sinc-and-exponent-families/Fabius_Rva
chev_Frontier_Report/figures/gaussian_boundary.png  used on input line 18702.
(pdftex.def)             Requested size: 413.58844pt x 236.33607pt.


LaTeX Warning: Reference `p8:thm:berry-esseen' on page 1 undefined on input lin
e 18705.


LaTeX Warning: Reference `p8:thm:berry-esseen' on page 1 undefined on input lin
e 18705.


LaTeX Warning: Reference `p8:tab:gaussian-numerics' on page 1 undefined on inpu
t line 18711.

[264 <./assets/geometric-sinc-and-exponent-families/Fabius_Rvachev_Frontier_Rep
ort/figures/plateau_phase.png>] [265 <./assets/geometric-sinc-and-exponent-fami
lies/Fabius_Rvachev_Frontier_Report/figures/gaussian_boundary.png>]

LaTeX Warning: Reference `p11:thm:edgeworth-schwartz' on page 1 undefined on in
put line 18725.


LaTeX Warning: Reference `p11:prop:h-power-series' on page 1 undefined on input
 line 18726.


LaTeX Warning: Reference `p11:eq:edgeworth-polynomial' on page 266 undefined on
 input line 18728.


LaTeX Warning: Reference `p0:sec:status' on page 1 undefined on input line 1872
8.


LaTeX Warning: Reference `p8:eq:standardized-sinc' on page 266 undefined on inp
ut line 18730.


LaTeX Warning: Reference `p11:lem:sinc-envelope' on page 1 undefined on input l
ine 18731.


Package hyperref Warning: Token not allowed in a PDF string (Unicode):
(hyperref)                removing `math shift' on input line 18734.


Package hyperref Warning: Token not allowed in a PDF string (Unicode):
(hyperref)                removing `math shift' on input line 18734.


LaTeX Warning: Reference `p7:conj:all-orders' on page 1 undefined on input line
 18736.


LaTeX Warning: Reference `p0:eq:mgf' on page 266 undefined on input line 18740.



LaTeX Warning: Reference `p7:thm:cocycle-resolved' on page 1 undefined on input
 line 18743.


LaTeX Warning: Reference `p7:conj:all-orders' on page 1 undefined on input line
 18748.


LaTeX Warning: Reference `p7:cor:transport' on page 1 undefined on input line 1
8749.


LaTeX Warning: Reference `p8:eq:general-negative-legendre' on page 1 undefined 
on input line 18764.


Package hyperref Warning: Token not allowed in a PDF string (Unicode):
(hyperref)                removing `math shift' on input line 18770.


Package hyperref Warning: Token not allowed in a PDF string (Unicode):
(hyperref)                removing `math shift' on input line 18770.


LaTeX Warning: Reference `p8:thm:reciprocal-duality' on page 1 undefined on inp
ut line 18772.


LaTeX Warning: Reference `p7:sec:position-energy' on page 1 undefined on input 
line 18778.


LaTeX Warning: Reference `p7:eq:lagrange-reversal' on page 266 undefined on inp
ut line 18778.

[266

]
Underfull \hbox (badness 1028) in paragraph at lines 18822--18826
[]\T1/LibertinusSerif-TLF/m/n/10.95 (+20) Two fur-ther re-or-ga-ni-za-tions com
-plete the pa-ram-e-ter pic-ture. Residue classes pro-duce a
 []


LaTeX Warning: Reference `p11:thm:edgeworth-schwartz' on page 1 undefined on in
put line 18831.


LaTeX Warning: Reference `p8:eq:finite-Xq' on page 1 undefined on input line 18
856.

[267]

LaTeX Warning: Reference `p0:eq:standardized-cumulants' on page 268 undefined o
n input line 18871.

[268]

LaTeX Warning: Reference `p7:conj:natural-boundary' on page 1 undefined on inpu
t line 18940.

[269

] [270

]

LaTeX Warning: Reference `p9:eq:qpoch-factor' on page 1 undefined on input line
 18999.


LaTeX Warning: Reference `p9:thm:two-term-radial' on page 1 undefined on input 
line 19006.


LaTeX Warning: Reference `p0:prop:fabius-point' on page 1 undefined on input li
ne 19030.


LaTeX Warning: Reference `p0:def:family' on page 1 undefined on input line 1904
0.

[271]

LaTeX Warning: Reference `p0:tab:dictionary' on page 1 undefined on input line 
19048.


LaTeX Warning: Reference `p0:eq:cumulants' on page 272 undefined on input line 
19049.


LaTeX Warning: Reference `p0:eq:variance' on page 272 undefined on input line 1
9050.


LaTeX Warning: Reference `p0:tab:dictionary' on page 1 undefined on input line 
19053.


LaTeX Warning: Reference `p9:eq:zeros' on page 1 undefined on input line 19081.



LaTeX Warning: Reference `p9:eq:Phi-def' on page 1 undefined on input line 1908
5.

[272]

LaTeX Warning: Reference `p9:eq:sinc-log' on page 1 undefined on input line 191
67.


LaTeX Warning: Reference `p9:eq:master-log' on page 1 undefined on input line 1
9180.


LaTeX Warning: Reference `p9:eq:master-log' on page 1 undefined on input line 1
9182.

[273]

LaTeX Warning: Reference `p9:eq:qpoch-normal' on page 1 undefined on input line
 19236.


LaTeX Warning: Reference `p9:eq:qpoch-factor' on page 1 undefined on input line
 19257.


LaTeX Warning: Reference `p9:eq:qpoch-factor' on page 1 undefined on input line
 19265.


LaTeX Warning: Reference `p9:eq:master-log' on page 1 undefined on input line 1
9265.


LaTeX Warning: Reference `p9:thm:two-term-radial' on page 1 undefined on input 
line 19265.

[274]

LaTeX Warning: Reference `p9:eq:master-log' on page 1 undefined on input line 1
9363.

[275]

LaTeX Warning: Reference `p9:eq:Sk-delta' on page 1 undefined on input line 194
40.


LaTeX Warning: Reference `p9:eq:Hk' on page 1 undefined on input line 19442.


LaTeX Warning: Reference `p9:eq:pj' on page 1 undefined on input line 19463.


LaTeX Warning: Reference `p9:eq:Hk-bounds' on page 1 undefined on input line 19
470.

[276]

LaTeX Warning: Reference `p9:eq:Sk-derivative' on page 1 undefined on input lin
e 19504.


LaTeX Warning: Reference `p9:eq:Sk-analytic' on page 1 undefined on input line 
19521.


LaTeX Warning: Reference `p9:eq:master-log' on page 1 undefined on input line 1
9548.


LaTeX Warning: Reference `p9:eq:Sk-delta' on page 1 undefined on input line 195
53.


LaTeX Warning: Reference `p9:lem:uniform-multiplier' on page 1 undefined on inp
ut line 19560.


LaTeX Warning: Reference `p9:eq:B-first' on page 1 undefined on input line 1957
3.


LaTeX Warning: Reference `p9:lem:uniform-multiplier' on page 1 undefined on inp
ut line 19579.

[277]

LaTeX Warning: Reference `p9:eq:Hk-bounds' on page 1 undefined on input line 19
588.


LaTeX Warning: Reference `p9:eq:Hk' on page 1 undefined on input line 19588.


LaTeX Warning: Reference `p9:eq:res-uniform' on page 1 undefined on input line 
19602.


LaTeX Warning: Reference `p9:eq:B-second' on page 1 undefined on input line 196
03.


LaTeX Warning: Reference `p9:lem:uniform-multiplier' on page 1 undefined on inp
ut line 19606.


LaTeX Warning: Reference `p9:eq:exp-beats-power' on page 1 undefined on input l
ine 19623.


LaTeX Warning: Reference `p9:eq:two-term-radial' on page 1 undefined on input l
ine 19626.


Underfull \hbox (badness 1072) in paragraph at lines 19626--19631
[]\T1/LibertinusSerif-TLF/m/n/10.95 (+20) Adding the three es-ti-mates proves [
], with the ex-plicit con-stant $\OT1/cmr/m/n/10.95 2\OML/cmm/m/it/10.95 ^^P\OT
1/cmr/m/n/10.95 (2)^^B\OML/cmm/m/it/10.95 ^^Z[]\OT1/cmr/m/n/10.95 (1 \OMS/cmsy/
m/n/10.95 ^^@ \OML/cmm/m/it/10.95 ^^Z[]\OT1/cmr/m/n/10.95 )[] +
 []


LaTeX Warning: Reference `p9:eq:action-series' on page 1 undefined on input lin
e 19653.


LaTeX Warning: Reference `p9:eq:dilog-majorant' on page 1 undefined on input li
ne 19687.

[278]

LaTeX Warning: Reference `p9:eq:sinc-log' on page 1 undefined on input line 197
04.


LaTeX Warning: Reference `p9:eq:sinc-log' on page 1 undefined on input line 197
13.


LaTeX Warning: Reference `p9:eq:cyclic-projection' on page 1 undefined on input
 line 19722.


LaTeX Warning: Reference `p9:eq:ck-majorant' on page 1 undefined on input line 
19727.


LaTeX Warning: Reference `p9:eq:action-series' on page 1 undefined on input lin
e 19731.


LaTeX Warning: Reference `p9:eq:cyclic-projection' on page 1 undefined on input
 line 19736.

[279]

LaTeX Warning: Reference `p9:eq:zinterval' on page 1 undefined on input line 19
790.


LaTeX Warning: Reference `p9:eq:sign-a' on page 1 undefined on input line 19797
.


LaTeX Warning: Reference `p9:eq:zinterval' on page 1 undefined on input line 19
807.


LaTeX Warning: Reference `p9:eq:spectral-dilog' on page 1 undefined on input li
ne 19810.


LaTeX Warning: Reference `p9:eq:sign-action' on page 1 undefined on input line 
19812.


LaTeX Warning: Reference `p9:cor:germ-natural-boundary' on page 1 undefined on 
input line 19824.


LaTeX Warning: Reference `p9:eq:master-log' on page 1 undefined on input line 1
9851.


LaTeX Warning: Reference `p9:eq:two-term-radial' on page 1 undefined on input l
ine 19855.


LaTeX Warning: Reference `p9:thm:nonvanishing-action' on page 1 undefined on in
put line 19884.


LaTeX Warning: Reference `p9:eq:two-term-radial' on page 1 undefined on input l
ine 19885.

[280]

LaTeX Warning: Reference `p9:eq:F-radial' on page 1 undefined on input line 198
91.


LaTeX Warning: Reference `p9:eq:mod-growth' on page 1 undefined on input line 1
9892.


LaTeX Warning: Reference `p9:eq:mero-rate' on page 1 undefined on input line 19
892.


LaTeX Warning: Reference `p9:eq:mero-rate' on page 1 undefined on input line 19
893.


LaTeX Warning: Reference `p9:eq:mod-growth' on page 1 undefined on input line 1
9894.


LaTeX Warning: Reference `p7:eq:Cq' on page 1 undefined on input line 19912.


LaTeX Warning: Reference `p7:conj:natural-boundary' on page 1 undefined on inpu
t line 19914.


LaTeX Warning: Reference `p9:eq:Phi-def' on page 1 undefined on input line 1992
0.


LaTeX Warning: Reference `p0:tab:dictionary' on page 1 undefined on input line 
19920.


LaTeX Warning: Reference `p0:prop:mahler' on page 1 undefined on input line 199
24.


LaTeX Warning: Reference `p9:thm:natural-boundary' on page 1 undefined on input
 line 19932.

[281]

LaTeX Warning: Reference `p9:eq:scaled-tail' on page 1 undefined on input line 
19993.


LaTeX Warning: Reference `p9:eq:master-log' on page 1 undefined on input line 2
0007.


LaTeX Warning: Reference `p9:eq:Rk' on page 1 undefined on input line 20007.


LaTeX Warning: Reference `p9:eq:scaled-tail' on page 1 undefined on input line 
20010.


LaTeX Warning: Reference `p9:eq:Ck' on page 1 undefined on input line 20046.


LaTeX Warning: Reference `p9:eq:res-exp' on page 1 undefined on input line 2004
6.


LaTeX Warning: Reference `p9:eq:scaled-tail' on page 1 undefined on input line 
20046.

[282]

LaTeX Warning: Reference `p9:eq:master-log' on page 1 undefined on input line 2
0107.


LaTeX Warning: Reference `p9:eq:Rkeps' on page 1 undefined on input line 20110.



LaTeX Warning: Reference `p9:eq:Ln' on page 1 undefined on input line 20113.


LaTeX Warning: Reference `p9:eq:scaled-tail' on page 1 undefined on input line 
20127.


LaTeX Warning: Reference `p9:eq:all-log-quant' on page 1 undefined on input lin
e 20128.


LaTeX Warning: Reference `p9:eq:Bell-Pn' on page 1 undefined on input line 2012
9.


LaTeX Warning: Reference `p9:eq:all-log' on page 1 undefined on input line 2013
1.


LaTeX Warning: Reference `p9:sec:bell-collapse' on page 1 undefined on input li
ne 20135.

[283]

LaTeX Warning: Reference `p9:eq:germ-log' on page 1 undefined on input line 202
67.

[284]

LaTeX Warning: Reference `p9:eq:Ph' on page 1 undefined on input line 20279.


Underfull \hbox (badness 2409) in paragraph at lines 20278--20284
\T1/LibertinusSerif-TLF/m/n/10.95 (+20) each par-tial prod-uct of [] be-ing the
 ex-po-nen-tial of the cor-re-spond-ing par-tial sum. Put
 []


LaTeX Warning: Reference `p9:eq:gamma-h' on page 1 undefined on input line 2028
7.


LaTeX Warning: Reference `p9:eq:r-germ' on page 1 undefined on input line 20299
.


LaTeX Warning: Reference `p9:eq:universal-germ' on page 1 undefined on input li
ne 20311.


LaTeX Warning: Reference `p9:eq:blowup-limit' on page 1 undefined on input line
 20319.

[285]

LaTeX Warning: Reference `p9:eq:zeros' on page 1 undefined on input line 20375.



LaTeX Warning: Reference `p9:eq:log-Sk' on page 1 undefined on input line 20381
.


LaTeX Warning: Reference `p9:eq:blowup-scaling' on page 1 undefined on input li
ne 20385.


LaTeX Warning: Reference `p9:eq:Sk' on page 1 undefined on input line 20399.


LaTeX Warning: Reference `p9:eq:MGF' on page 1 undefined on input line 20419.


LaTeX Warning: Reference `p9:eq:master-log' on page 1 undefined on input line 2
0444.

[286]

LaTeX Warning: Reference `p0:eq:bernoulli' on page 1 undefined on input line 20
458.


Underfull \hbox (badness 1590) in paragraph at lines 20451--20460
\T1/LibertinusSerif-TLF/m/n/10.95 (+20) absolutely con-ver-gent there. Only eve
n pow-ers oc-cur, so $\OML/cmm/m/it/10.95 ^^T[]\OT1/cmr/m/n/10.95 (\OML/cmm/m/i
t/10.95 q\OT1/cmr/m/n/10.95 ) = 0$ \T1/LibertinusSerif-TLF/m/n/10.95 (+20) and 
$\OML/cmm/m/it/10.95 ^^T[]\OT1/cmr/m/n/10.95 (\OML/cmm/m/it/10.95 q\OT1/cmr/m/n
/10.95 ) =
 []


LaTeX Warning: Reference `p9:eq:cumulants' on page 1 undefined on input line 20
467.


LaTeX Warning: Reference `p0:eq:cumulants' on page 1 undefined on input line 20
468.


LaTeX Warning: Reference `p9:status:conventions' on page 1 undefined on input l
ine 20468.


LaTeX Warning: Reference `p9:eq:cumulants' on page 1 undefined on input line 20
470.


LaTeX Warning: Reference `p9:eq:Bell-Pn' on page 1 undefined on input line 2049
9.


LaTeX Warning: Reference `p9:prop:cumulants' on page 1 undefined on input line 
20536.


LaTeX Warning: Reference `p9:eq:Rkeps' on page 1 undefined on input line 20541.



LaTeX Warning: Reference `p9:eq:kappa-vanish' on page 1 undefined on input line
 20551.

[287]

LaTeX Warning: Reference `p9:eq:kappa-survive' on page 1 undefined on input lin
e 20558.


LaTeX Warning: Reference `p9:lem:formal-limits' on page 1 undefined on input li
ne 20561.


LaTeX Warning: Reference `p9:eq:MGF-limit' on page 1 undefined on input line 20
562.


LaTeX Warning: Reference `p9:eq:MGF-limit' on page 1 undefined on input line 20
572.


LaTeX Warning: Reference `p9:eq:MGF-limit' on page 1 undefined on input line 20
599.


LaTeX Warning: Reference `p9:eq:mom-survive' on page 1 undefined on input line 
20603.


LaTeX Warning: Reference `p9:eq:mom-zero' on page 1 undefined on input line 206
03.


LaTeX Warning: Reference `p9:eq:Appell-q' on page 1 undefined on input line 206
55.


LaTeX Warning: Reference `p9:eq:Appell-scaled' on page 1 undefined on input lin
e 20657.

[288]

LaTeX Warning: Reference `p9:eq:MGF-limit' on page 1 undefined on input line 20
663.


LaTeX Warning: Reference `p9:lem:formal-limits' on page 1 undefined on input li
ne 20664.


LaTeX Warning: Reference `p9:eq:Appell-limit' on page 1 undefined on input line
 20678.


LaTeX Warning: Reference `p9:eq:GH-explicit' on page 1 undefined on input line 
20680.


LaTeX Warning: Reference `p9:eq:GH-gen' on page 1 undefined on input line 20688
.


LaTeX Warning: Reference `p9:eq:GH-gen' on page 1 undefined on input line 20689
.


LaTeX Warning: Reference `p9:eq:GH-operator' on page 1 undefined on input line 
20694.


LaTeX Warning: Reference `p9:eq:sign-a' on page 1 undefined on input line 20701
.


LaTeX Warning: Reference `p9:eq:polyharmonic-PDE' on page 1 undefined on input 
line 20758.

[289]

LaTeX Warning: Reference `p9:eq:heat-kernel' on page 1 undefined on input line 
20765.


LaTeX Warning: Reference `p0:eq:fourier' on page 1 undefined on input line 2076
7.


LaTeX Warning: Reference `p9:eq:heat-kernel' on page 1 undefined on input line 
20773.


LaTeX Warning: Reference `p9:eq:kernel-scaling' on page 1 undefined on input li
ne 20774.


LaTeX Warning: Reference `p9:eq:heat-kernel' on page 1 undefined on input line 
20785.


LaTeX Warning: Reference `p9:eq:kernel-scaling' on page 1 undefined on input li
ne 20803.


LaTeX Warning: Citation `bib:evgrafov1970' on page 290 undefined on input line 
20816.


LaTeX Warning: Reference `p9:eq:sign-a' on page 1 undefined on input line 20823
.


LaTeX Warning: Reference `p9:eq:Aomega' on page 1 undefined on input line 20828
.


LaTeX Warning: Reference `p9:eq:blowup-limit' on page 1 undefined on input line
 20833.


LaTeX Warning: Reference `p9:eq:polyharmonic-PDE' on page 1 undefined on input 
line 20838.


LaTeX Warning: Reference `p9:eq:sixth-pde' on page 1 undefined on input line 20
839.

[290]

LaTeX Warning: Reference `p9:eq:polyharmonic-PDE' on page 1 undefined on input 
line 20866.


LaTeX Warning: Reference `p9:eq:all-log' on page 1 undefined on input line 2089
8.


LaTeX Warning: Reference `p9:eq:Ln' on page 1 undefined on input line 20919.


LaTeX Warning: Reference `p9:eq:all-log' on page 1 undefined on input line 2092
4.


LaTeX Warning: Reference `p9:eq:correction-2' on page 1 undefined on input line
 20932.

[291]

LaTeX Warning: Reference `p9:eq:master-log' on page 1 undefined on input line 2
0953.


LaTeX Warning: Reference `p9:eq:Rkeps' on page 1 undefined on input line 20954.



LaTeX Warning: Reference `p9:eq:Aomega' on page 1 undefined on input line 20983
.


LaTeX Warning: Reference `p9:lem:substitution-finite' on page 1 undefined on in
put line 21024.


LaTeX Warning: Reference `p9:eq:q-inverse-eq' on page 1 undefined on input line
 21025.


LaTeX Warning: Reference `p9:app:inverse-coefficients' on page 1 undefined on i
nput line 21035.


LaTeX Warning: Reference `p9:eq:delta-z' on page 1 undefined on input line 2103
6.


LaTeX Warning: Reference `p9:eq:q-z-expansion' on page 1 undefined on input lin
e 21036.

[292]

LaTeX Warning: Reference `p9:eq:inverse-w' on page 1 undefined on input line 21
066.


LaTeX Warning: Reference `p9:eq:gevrey-target' on page 1 undefined on input lin
e 21082.


LaTeX Warning: Reference `p9:eq:Rkeps' on page 1 undefined on input line 21084.



LaTeX Warning: Reference `p9:thm:full-radial' on page 1 undefined on input line
 21089.


LaTeX Warning: Reference `p9:eq:gevrey-target' on page 1 undefined on input lin
e 21091.


LaTeX Warning: Reference `p9:thm:full-radial' on page 1 undefined on input line
 21093.


LaTeX Warning: Reference `p9:eq:master-log' on page 1 undefined on input line 2
1102.

[293]
<assets/geometric-sinc-and-exponent-families/Cyclotomic_q_Fabius_Rvachev_Fronti
er/figures/radial_action_convergence.png, id=3344, 520.344pt x 346.896pt>
File: assets/geometric-sinc-and-exponent-families/Cyclotomic_q_Fabius_Rvachev_F
rontier/figures/radial_action_convergence.png Graphic file (type png)
<use assets/geometric-sinc-and-exponent-families/Cyclotomic_q_Fabius_Rvachev_Fr
ontier/figures/radial_action_convergence.png>
Package pdftex.def Info: assets/geometric-sinc-and-exponent-families/Cyclotomic
_q_Fabius_Rvachev_Frontier/figures/radial_action_convergence.png  used on input
 line 21114.
(pdftex.def)             Requested size: 409.09538pt x 272.74269pt.


LaTeX Warning: Reference `p9:eq:res-exp' on page 1 undefined on input line 2112
0.

<assets/geometric-sinc-and-exponent-families/Cyclotomic_q_Fabius_Rvachev_Fronti
er/figures/cyclotomic_blowup_errors.png, id=3345, 520.344pt x 346.896pt>
File: assets/geometric-sinc-and-exponent-families/Cyclotomic_q_Fabius_Rvachev_F
rontier/figures/cyclotomic_blowup_errors.png Graphic file (type png)
<use assets/geometric-sinc-and-exponent-families/Cyclotomic_q_Fabius_Rvachev_Fr
ontier/figures/cyclotomic_blowup_errors.png>
Package pdftex.def Info: assets/geometric-sinc-and-exponent-families/Cyclotomic
_q_Fabius_Rvachev_Frontier/figures/cyclotomic_blowup_errors.png  used on input 
line 21126.
(pdftex.def)             Requested size: 409.09538pt x 272.74269pt.
[294 <./assets/geometric-sinc-and-exponent-families/Cyclotomic_q_Fabius_Rvachev
_Frontier/figures/radial_action_convergence.png>]
<assets/geometric-sinc-and-exponent-families/Cyclotomic_q_Fabius_Rvachev_Fronti
er/figures/bell_moment_collapse.png, id=3357, 520.344pt x 346.896pt>
File: assets/geometric-sinc-and-exponent-families/Cyclotomic_q_Fabius_Rvachev_F
rontier/figures/bell_moment_collapse.png Graphic file (type png)
<use assets/geometric-sinc-and-exponent-families/Cyclotomic_q_Fabius_Rvachev_Fr
ontier/figures/bell_moment_collapse.png>
Package pdftex.def Info: assets/geometric-sinc-and-exponent-families/Cyclotomic
_q_Fabius_Rvachev_Frontier/figures/bell_moment_collapse.png  used on input line
 21135.
(pdftex.def)             Requested size: 220.2837pt x 146.85982pt.
<assets/geometric-sinc-and-exponent-families/Cyclotomic_q_Fabius_Rvachev_Fronti
er/figures/inverse_branch_errors.png, id=3358, 520.344pt x 346.896pt>
File: assets/geometric-sinc-and-exponent-families/Cyclotomic_q_Fabius_Rvachev_F
rontier/figures/inverse_branch_errors.png Graphic file (type png)
<use assets/geometric-sinc-and-exponent-families/Cyclotomic_q_Fabius_Rvachev_Fr
ontier/figures/inverse_branch_errors.png>
Package pdftex.def Info: assets/geometric-sinc-and-exponent-families/Cyclotomic
_q_Fabius_Rvachev_Frontier/figures/inverse_branch_errors.png  used on input lin
e 21141.
(pdftex.def)             Requested size: 220.2837pt x 146.85982pt.

(assets/geometric-sinc-and-exponent-families/Cyclotomic_q_Fabius_Rvachev_Fronti
er/data/numerical_slopes_table.tex) [295 <./assets/geometric-sinc-and-exponent-
families/Cyclotomic_q_Fabius_Rvachev_Frontier/figures/cyclotomic_blowup_errors.
png> <./assets/geometric-sinc-and-exponent-families/Cyclotomic_q_Fabius_Rvachev
_Frontier/figures/bell_moment_collapse.png> <./assets/geometric-sinc-and-expone
nt-families/Cyclotomic_q_Fabius_Rvachev_Frontier/figures/inverse_branch_errors.
png>]

LaTeX Warning: Reference `p9:eq:cyclic-projection' on page 1 undefined on input
 line 21184.

[296]

LaTeX Warning: Reference `p9:eq:B-second' on page 1 undefined on input line 212
20.


LaTeX Warning: Reference `p9:eq:B-first' on page 1 undefined on input line 2122
0.


LaTeX Warning: Reference `p9:eq:qpoch-factor' on page 1 undefined on input line
 21220.

[297]

LaTeX Warning: Reference `p9:eq:res-exp' on page 1 undefined on input line 2130
4.


LaTeX Warning: Reference `p9:eq:Ln' on page 1 undefined on input line 21305.


LaTeX Warning: Reference `p9:eq:cyclic-projection' on page 1 undefined on input
 line 21311.


LaTeX Warning: Reference `p9:thm:two-term-radial' on page 1 undefined on input 
line 21312.

[298]

LaTeX Warning: Reference `p9:lem:uniform-multiplier' on page 1 undefined on inp
ut line 21348.


LaTeX Warning: Reference `p9:eq:ck-majorant' on page 1 undefined on input line 
21353.


LaTeX Warning: Reference `p9:eq:nonres-uniform' on page 1 undefined on input li
ne 21354.


LaTeX Warning: Reference `p9:eq:res-uniform' on page 1 undefined on input line 
21362.


LaTeX Warning: Reference `p9:thm:two-term-radial' on page 1 undefined on input 
line 21369.


LaTeX Warning: Reference `p9:lem:uniform-multiplier' on page 1 undefined on inp
ut line 21373.


LaTeX Warning: Reference `p9:eq:Hk' on page 1 undefined on input line 21385.


LaTeX Warning: Reference `p9:eq:Sk-delta' on page 1 undefined on input line 213
85.

[299]

LaTeX Warning: Reference `p9:eq:Br-def' on page 1 undefined on input line 21389
.


LaTeX Warning: Reference `p9:eq:full-radial' on page 1 undefined on input line 
21411.


LaTeX Warning: Reference `p9:lem:uniform-multiplier' on page 1 undefined on inp
ut line 21421.


LaTeX Warning: Reference `p9:lem:uniform-multiplier' on page 1 undefined on inp
ut line 21434.


LaTeX Warning: Reference `p9:eq:ck-majorant' on page 1 undefined on input line 
21449.


LaTeX Warning: Reference `p9:eq:Br-def' on page 1 undefined on input line 21449
.


LaTeX Warning: Reference `p9:eq:Hk-bounds' on page 1 undefined on input line 21
455.


LaTeX Warning: Reference `p9:eq:Br-def' on page 1 undefined on input line 21456
.


LaTeX Warning: Reference `p9:eq:B-second' on page 1 undefined on input line 214
57.


LaTeX Warning: Reference `p9:eq:B-first' on page 1 undefined on input line 2145
7.


LaTeX Warning: Reference `p9:eq:action-series' on page 1 undefined on input lin
e 21463.


LaTeX Warning: Reference `p9:eq:full-radial-quant' on page 1 undefined on input
 line 21464.


LaTeX Warning: Reference `p9:eq:lambda-omega' on page 1 undefined on input line
 21470.


LaTeX Warning: Reference `p9:lem:uniform-multiplier' on page 1 undefined on inp
ut line 21471.


LaTeX Warning: Reference `p9:eq:Sk-taylor' on page 1 undefined on input line 21
473.


LaTeX Warning: Reference `p9:eq:Hk-taylor' on page 1 undefined on input line 21
473.


LaTeX Warning: Reference `p9:eq:ck-majorant' on page 1 undefined on input line 
21475.


LaTeX Warning: Reference `p9:eq:full-radial-quant' on page 1 undefined on input
 line 21476.


LaTeX Warning: Reference `p9:thm:two-term-radial' on page 1 undefined on input 
line 21496.


LaTeX Warning: Reference `p9:lem:uniform-multiplier' on page 1 undefined on inp
ut line 21497.

[300]

LaTeX Warning: Reference `p9:eq:Sk-taylor' on page 1 undefined on input line 21
506.


LaTeX Warning: Reference `p9:eq:Hk-taylor' on page 1 undefined on input line 21
506.


LaTeX Warning: Reference `p9:eq:exp-beats-power' on page 1 undefined on input l
ine 21510.


LaTeX Warning: Reference `p9:eq:full-radial-quant' on page 1 undefined on input
 line 21514.


LaTeX Warning: Reference `p9:eq:full-radial' on page 1 undefined on input line 
21514.


LaTeX Warning: Reference `p9:status:inverse-analytic' on page 1 undefined on in
put line 21522.


LaTeX Warning: Reference `p9:eq:delta-z' on page 1 undefined on input line 2156
0.

[301] [302] [303

]

LaTeX Warning: Citation `bib:repo2026h' on page 304 undefined on input line 217
11.


LaTeX Warning: Citation `bib:repo2026i' on page 304 undefined on input line 217
11.


Underfull \hbox (badness 2111) in paragraph at lines 21729--21730
[]|\T1/LibertinusSerif-TLF/m/n/10.95 (+20) Exponent- and $\OML/cmm/m/it/10.95 q
$\T1/LibertinusSerif-TLF/m/n/10.95 (+20) -series
 []


Underfull \hbox (badness 4556) in paragraph at lines 21730--21733
\T1/LibertinusSerif-TLF/m/n/10.95 (+20) lants, $\OML/cmm/m/it/10.95 q$\T1/Liber
tinusSerif-TLF/m/n/10.95 (+20) -Pochhammer struc-ture,
 []


Underfull \hbox (badness 10000) in paragraph at lines 21733--21735
[]|\T1/LibertinusSerif-TLF/m/n/10.95 (+20) A com-plete continuous-
 []


Underfull \hbox (badness 10000) in paragraph at lines 21748--21749
[]|\T1/LibertinusSerif-TLF/m/n/10.95 (+20) Fixed-base end-
 []


Underfull \hbox (badness 1264) in paragraph at lines 21749--21751
[]|\T1/LibertinusSerif-TLF/m/n/10.95 (+20) Spatial end-point asymp-totics at
 []


Underfull \hbox (badness 7273) in paragraph at lines 21751--21753
[]|\T1/LibertinusSerif-TLF/m/n/10.95 (+20) A parameter-boundary large-
 []


Underfull \hbox (badness 6016) in paragraph at lines 21755--21757
[]|\T1/LibertinusSerif-TLF/m/n/10.95 (+20) Strict log-concavity, na-tive Ja-
 []


Underfull \hbox (badness 10000) in paragraph at lines 21755--21757
\T1/LibertinusSerif-TLF/m/n/10.95 (+20) cobi/Hankel the-ory, free and
 []

[304]

LaTeX Warning: Reference `p0:tab:dictionary' on page 1 undefined on input line 
21795.


LaTeX Warning: Reference `p0:prop:basic' on page 1 undefined on input line 2179
5.


LaTeX Warning: Reference `p0:prop:fixed-point' on page 1 undefined on input lin
e 21804.


LaTeX Warning: Reference `p0:lem:transport' on page 1 undefined on input line 2
1805.


LaTeX Warning: Reference `p10:eq:perpetuity' on page 305 undefined on input lin
e 21806.


LaTeX Warning: Citation `bib:fabius1966' on page 305 undefined on input line 21
826.


LaTeX Warning: Citation `bib:rvachev1990' on page 305 undefined on input line 2
1826.


LaTeX Warning: Citation `bib:arias2018' on page 305 undefined on input line 218
26.

[305]

LaTeX Warning: Citation `bib:comtet1974' on page 306 undefined on input line 21
852.


LaTeX Warning: Reference `p10:sec:midpoint' on page 1 undefined on input line 2
1873.


LaTeX Warning: Reference `p10:eq:prs' on page 306 undefined on input line 21930
.


LaTeX Warning: Reference `p10:eq:coefficient-pgf' on page 306 undefined on inpu
t line 21935.


LaTeX Warning: Reference `p10:eq:prs' on page 306 undefined on input line 21940
.


LaTeX Warning: Reference `p10:eq:coefficient-convolution' on page 306 undefined
 on input line 21941.

[306]

LaTeX Warning: Reference `p10:eq:compound-poisson-pgf' on page 307 undefined on
 input line 21976.


LaTeX Warning: Reference `p10:eq:compound-poisson-pgf' on page 307 undefined on
 input line 22001.


LaTeX Warning: Reference `p10:eq:cocycle' on page 307 undefined on input line 2
2002.


LaTeX Warning: Reference `p10:eq:geometric-jumps' on page 307 undefined on inpu
t line 22004.

[307]

LaTeX Warning: Reference `p10:eq:Yrs' on page 308 undefined on input line 22051
.


LaTeX Warning: Reference `p10:eq:coefficient-convolution' on page 308 undefined
 on input line 22068.


LaTeX Warning: Reference `p10:eq:convex-order' on page 308 undefined on input l
ine 22098.

[308]

LaTeX Warning: Reference `p10:eq:sdelta' on page 309 undefined on input line 22
118.


LaTeX Warning: Reference `p10:eq:sdelta' on page 309 undefined on input line 22
146.


LaTeX Warning: Reference `p10:eq:logsinhc-series' on page 309 undefined on inpu
t line 22184.

[309]

LaTeX Warning: Reference `p10:eq:Lambda' on page 310 undefined on input line 22
186.


LaTeX Warning: Reference `p10:eq:Lambda-rate' on page 310 undefined on input li
ne 22192.


LaTeX Warning: Reference `p10:eq:midpoint-sum' on page 310 undefined on input l
ine 22194.


LaTeX Warning: Reference `p10:eq:Lambda' on page 310 undefined on input line 22
215.


LaTeX Warning: Reference `p10:eq:Lambda-rate' on page 310 undefined on input li
ne 22222.


LaTeX Warning: Reference `p10:eq:Lambda' on page 310 undefined on input line 22
223.


LaTeX Warning: Reference `p10:eq:Lambda-prime' on page 310 undefined on input l
ine 22227.


LaTeX Warning: Reference `p10:eq:Lambda-second' on page 310 undefined on input 
line 22228.


LaTeX Warning: Reference `p10:eq:Lambda-Bernoulli' on page 310 undefined on inp
ut line 22231.


LaTeX Warning: Reference `p10:eq:gradient-range' on page 310 undefined on input
 line 22244.


LaTeX Warning: Reference `p10:eq:logsinhc-series' on page 310 undefined on inpu
t line 22245.


LaTeX Warning: Reference `p10:eq:Lambda-Bernoulli' on page 310 undefined on inp
ut line 22246.

[310]

LaTeX Warning: Reference `p10:eq:logsinhc-series' on page 311 undefined on inpu
t line 22292.


LaTeX Warning: Citation `bib:olver1974' on page 311 undefined on input line 223
06.


LaTeX Warning: Reference `p10:eq:midpoint-EM-proof' on page 311 undefined on in
put line 22348.


LaTeX Warning: Reference `p10:eq:f-derivatives-D' on page 311 undefined on inpu
t line 22349.


LaTeX Warning: Reference `p10:eq:EM-all-orders' on page 311 undefined on input 
line 22351.


LaTeX Warning: Reference `p10:eq:sdelta' on page 311 undefined on input line 22
361.


LaTeX Warning: Reference `p10:eq:EM-all-orders' on page 311 undefined on input 
line 22366.

[311]

LaTeX Warning: Reference `p10:eq:Lambda-second' on page 312 undefined on input 
line 22378.


LaTeX Warning: Reference `p10:eq:Lambda-two-corrections' on page 312 undefined 
on input line 22379.


LaTeX Warning: Reference `p10:eq:C4' on page 312 undefined on input line 22380.



LaTeX Warning: Reference `p10:eq:midpoint-sum' on page 312 undefined on input l
ine 22385.


LaTeX Warning: Reference `p10:eq:sdelta' on page 312 undefined on input line 22
387.


LaTeX Warning: Citation `bib:gasper2004' on page 312 undefined on input line 22
392.


LaTeX Warning: Citation `bib:ellis1984' on page 312 undefined on input line 224
27.


LaTeX Warning: Citation `bib:dembo1998' on page 312 undefined on input line 224
27.


LaTeX Warning: Reference `p10:eq:scaled-cgf' on page 312 undefined on input lin
e 22429.


LaTeX Warning: Reference `p10:eq:Lambda-rate' on page 312 undefined on input li
ne 22430.


LaTeX Warning: Reference `p10:thm:lambda-limit' on page 1 undefined on input li
ne 22434.


LaTeX Warning: Reference `p10:eq:rate-Legendre' on page 312 undefined on input 
line 22440.


LaTeX Warning: Reference `p10:eq:Lambda-second' on page 312 undefined on input 
line 22444.


LaTeX Warning: Reference `p10:eq:gradient-range' on page 312 undefined on input
 line 22444.


LaTeX Warning: Reference `p10:eq:saddle-equation' on page 312 undefined on inpu
t line 22445.


LaTeX Warning: Reference `p10:eq:rate-parametric' on page 312 undefined on inpu
t line 22453.


LaTeX Warning: Reference `p10:eq:Lambda-large' on page 312 undefined on input l
ine 22456.


LaTeX Warning: Reference `p10:thm:Lambert-edge' on page 1 undefined on input li
ne 22456.


LaTeX Warning: Reference `p0:tab:dictionary' on page 1 undefined on input line 
22462.


LaTeX Warning: Reference `p10:eq:variance' on page 312 undefined on input line 
22463.


LaTeX Warning: Reference `p10:eq:variance-delta' on page 312 undefined on input
 line 22465.


LaTeX Warning: Reference `p11:eq:Yh' on page 312 undefined on input line 22467.



LaTeX Warning: Reference `p11:thm:compact-ldp' on page 1 undefined on input lin
e 22469.


LaTeX Warning: Reference `p11:eq:Lambda-J' on page 312 undefined on input line 
22472.


LaTeX Warning: Reference `p10:prop:CLambda-closed' on page 1 undefined on input
 line 22473.


LaTeX Warning: Reference `p10:eq:gradient-range' on page 312 undefined on input
 line 22475.


LaTeX Warning: Reference `p11:eq:rate-support' on page 312 undefined on input l
ine 22476.


LaTeX Warning: Reference `p10:eq:I-center-series' on page 312 undefined on inpu
t line 22476.


LaTeX Warning: Reference `p11:eq:I-center-series' on page 312 undefined on inpu
t line 22477.


LaTeX Warning: Reference `p10:eq:rate-parametric' on page 312 undefined on inpu
t line 22478.


LaTeX Warning: Reference `p11:thm:rate-parametric' on page 1 undefined on input
 line 22478.


LaTeX Warning: Reference `p10:eq:saddle-equation' on page 312 undefined on inpu
t line 22479.


LaTeX Warning: Reference `p11:eq:y-a' on page 312 undefined on input line 22480
.


LaTeX Warning: Reference `p11:eq:I-parametric' on page 312 undefined on input l
ine 22481.


LaTeX Warning: Reference `p10:sec:Lambert' on page 1 undefined on input line 22
483.


LaTeX Warning: Reference `p10:sec:matching' on page 1 undefined on input line 2
2484.

[312]

LaTeX Warning: Reference `p10:eq:saddle-equation' on page 313 undefined on inpu
t line 22498.


LaTeX Warning: Reference `p10:eq:Lambda-Bernoulli' on page 313 undefined on inp
ut line 22520.


LaTeX Warning: Reference `p10:thm:Lambert-edge' on page 1 undefined on input li
ne 22539.

<assets/q-fabius-parameter-deformations/fabius_q_frontiers_report/figures/rate_
function_lambert.png, id=3566, 511.4745pt x 323.244pt>
File: assets/q-fabius-parameter-deformations/fabius_q_frontiers_report/figures/
rate_function_lambert.png Graphic file (type png)
<use assets/q-fabius-parameter-deformations/fabius_q_frontiers_report/figures/r
ate_function_lambert.png>
Package pdftex.def Info: assets/q-fabius-parameter-deformations/fabius_q_fronti
ers_report/figures/rate_function_lambert.png  used on input line 22548.
(pdftex.def)             Requested size: 413.58844pt x 261.3823pt.
[313]

LaTeX Warning: Reference `p10:eq:CLambda' on page 314 undefined on input line 2
2583.


LaTeX Warning: Reference `p0:eq:bernoulli' on page 314 undefined on input line 
22584.


LaTeX Warning: Reference `p10:eq:logsinhc-series' on page 314 undefined on inpu
t line 22585.


LaTeX Warning: Reference `p11:eq:stieltjes-convention' on page 314 undefined on
 input line 22587.


LaTeX Warning: Reference `p10:eq:Lambda' on page 314 undefined on input line 22
593.


LaTeX Warning: Reference `p11:eq:ell-J' on page 314 undefined on input line 225
94.


LaTeX Warning: Reference `p10:eq:CLambda' on page 314 undefined on input line 2
2595.


LaTeX Warning: Reference `p11:eq:stieltjes-convention' on page 314 undefined on
 input line 22602.


LaTeX Warning: Reference `p11:eq:Cstar' on page 314 undefined on input line 226
03.


LaTeX Warning: Reference `p10:eq:Lambda' on page 314 undefined on input line 22
607.


LaTeX Warning: Reference `p10:eq:gdef' on page 314 undefined on input line 2260
8.


LaTeX Warning: Reference `p11:eq:ell-J' on page 314 undefined on input line 226
08.

[314 <./assets/q-fabius-parameter-deformations/fabius_q_frontiers_report/figure
s/rate_function_lambert.png>]

LaTeX Warning: Reference `p10:eq:g-large' on page 315 undefined on input line 2
2614.


LaTeX Warning: Reference `p10:eq:CLambda' on page 315 undefined on input line 2
2620.


LaTeX Warning: Reference `p10:eq:CLambda' on page 315 undefined on input line 2
2622.


LaTeX Warning: Reference `p11:eq:Cstar-integral' on page 315 undefined on input
 line 22628.


LaTeX Warning: Reference `p11:lem:J-asymptotic' on page 1 undefined on input li
ne 22637.


LaTeX Warning: Reference `p11:eq:mellin-log1mexp' on page 315 undefined on inpu
t line 22639.


LaTeX Warning: Reference `p11:eq:stieltjes-convention' on page 315 undefined on
 input line 22639.


LaTeX Warning: Reference `p11:eq:mellin-finite-part' on page 315 undefined on i
nput line 22640.


LaTeX Warning: Reference `p10:eq:CLambda-closed' on page 315 undefined on input
 line 22642.


LaTeX Warning: Reference `p11:lem:J-asymptotic' on page 1 undefined on input li
ne 22645.


LaTeX Warning: Reference `p10:eq:Lambda-large' on page 315 undefined on input l
ine 22647.


LaTeX Warning: Reference `p10:eq:CLambda-closed' on page 315 undefined on input
 line 22656.


LaTeX Warning: Reference `p10:eq:CLambda-value' on page 315 undefined on input 
line 22657.


LaTeX Warning: Reference `p11:eq:Cstar' on page 315 undefined on input line 226
57.


LaTeX Warning: Reference `p10:eq:CLambda' on page 315 undefined on input line 2
2661.


LaTeX Warning: Reference `p10:eq:g-large' on page 315 undefined on input line 2
2705.


LaTeX Warning: Reference `p10:eq:CLambda' on page 315 undefined on input line 2
2707.


LaTeX Warning: Reference `p10:eq:Lambda-large' on page 315 undefined on input l
ine 22714.


LaTeX Warning: Reference `p10:eq:g-large' on page 315 undefined on input line 2
2715.


LaTeX Warning: Reference `p10:eq:Lambda-prime-large' on page 315 undefined on i
nput line 22715.


LaTeX Warning: Reference `p10:eq:g-large' on page 315 undefined on input line 2
2718.

[315]

LaTeX Warning: Reference `p10:eq:theta-Lambert' on page 316 undefined on input 
line 22726.


LaTeX Warning: Citation `bib:corless1996' on page 316 undefined on input line 2
2726.


LaTeX Warning: Reference `p10:eq:edge-saddle-exact' on page 316 undefined on in
put line 22731.


LaTeX Warning: Reference `p10:eq:edge-saddle-exact' on page 316 undefined on in
put line 22740.


LaTeX Warning: Reference `p10:eq:theta-Lambert-error' on page 316 undefined on 
input line 22742.


LaTeX Warning: Reference `p10:eq:rate-parametric' on page 316 undefined on inpu
t line 22751.


LaTeX Warning: Reference `p10:eq:Lambda-large' on page 316 undefined on input l
ine 22751.


LaTeX Warning: Reference `p10:eq:edge-saddle-exact' on page 316 undefined on in
put line 22756.


LaTeX Warning: Reference `p10:eq:theta-Lambert-error' on page 316 undefined on 
input line 22770.


LaTeX Warning: Reference `p10:eq:I-Lambert' on page 316 undefined on input line
 22772.


LaTeX Warning: Reference `p10:eq:I-Lambert' on page 316 undefined on input line
 22793.


LaTeX Warning: Reference `p11:thm:rate-edge' on page 1 undefined on input line 
22793.


LaTeX Warning: Reference `p11:eq:wdelta' on page 316 undefined on input line 22
796.


LaTeX Warning: Reference `p10:eq:theta-Lambert' on page 316 undefined on input 
line 22796.


LaTeX Warning: Reference `p10:eq:CLambda-closed' on page 316 undefined on input
 line 22802.


LaTeX Warning: Reference `p11:eq:edge-rate-main' on page 316 undefined on input
 line 22803.


LaTeX Warning: Reference `p10:eq:I-Lambert' on page 316 undefined on input line
 22803.


LaTeX Warning: Reference `p11:eq:edge-rate-a' on page 316 undefined on input li
ne 22810.


LaTeX Warning: Reference `p10:eq:I-Lambert' on page 316 undefined on input line
 22811.


LaTeX Warning: Reference `p10:eq:theta-Lambert-error' on page 316 undefined on 
input line 22813.

[316]

LaTeX Warning: Reference `p0:tab:dictionary' on page 1 undefined on input line 
22835.


LaTeX Warning: Reference `p10:eq:variance' on page 317 undefined on input line 
22835.


LaTeX Warning: Reference `p11:eq:h-r-sigma-Z' on page 317 undefined on input li
ne 22838.


LaTeX Warning: Reference `p11:eq:Psi-product' on page 317 undefined on input li
ne 22839.


LaTeX Warning: Reference `p11:sec:edgeworth' on page 1 undefined on input line 
22840.


LaTeX Warning: Reference `p10:eq:Xq-cumulants' on page 317 undefined on input l
ine 22844.


LaTeX Warning: Reference `p11:prop:exact-cumulants' on page 1 undefined on inpu
t line 22856.


LaTeX Warning: Reference `p10:eq:lambda-delta' on page 317 undefined on input l
ine 22857.


LaTeX Warning: Reference `p11:eq:weights' on page 317 undefined on input line 2
2896.


LaTeX Warning: Reference `p10:eq:edgeworth-polynomial' on page 317 undefined on
 input line 22896.


LaTeX Warning: Reference `p11:eq:edgeworth-polynomial' on page 317 undefined on
 input line 22897.


LaTeX Warning: Reference `p10:eq:standardized-cf' on page 317 undefined on inpu
t line 22905.


LaTeX Warning: Reference `p0:tab:dictionary' on page 1 undefined on input line 
22906.


LaTeX Warning: Reference `p11:lem:sinc-envelope' on page 1 undefined on input l
ine 22907.

[317]

LaTeX Warning: Reference `p11:eq:Psi-envelope' on page 318 undefined on input l
ine 22919.


LaTeX Warning: Reference `p11:eq:S-gaussian' on page 318 undefined on input lin
e 22920.


LaTeX Warning: Reference `p11:eq:S-outer' on page 318 undefined on input line 2
2922.


LaTeX Warning: Reference `p11:lem:sinc-envelope' on page 1 undefined on input l
ine 22924.


LaTeX Warning: Reference `p10:eq:sinc-tail-bound' on page 318 undefined on inpu
t line 22925.


LaTeX Warning: Reference `p11:thm:edgeworth-schwartz' on page 1 undefined on in
put line 22929.


LaTeX Warning: Reference `p11:thm:edgeworth-schwartz' on page 1 undefined on in
put line 22940.


LaTeX Warning: Reference `p11:eq:edgeworth-main' on page 318 undefined on input
 line 22955.


LaTeX Warning: Reference `p10:eq:Edgeworth-theorem' on page 318 undefined on in
put line 22957.


LaTeX Warning: Reference `p11:lem:cumulant-remainder' on page 1 undefined on in
put line 22973.


LaTeX Warning: Reference `p11:eq:logpsi-trunc' on page 318 undefined on input l
ine 22975.


LaTeX Warning: Reference `p11:eq:rho-bound' on page 318 undefined on input line
 22976.


LaTeX Warning: Reference `p11:lem:sinc-envelope' on page 1 undefined on input l
ine 22979.


LaTeX Warning: Reference `p10:eq:sinc-tail-bound' on page 318 undefined on inpu
t line 22980.


LaTeX Warning: Reference `p10:eq:lambda-delta' on page 318 undefined on input l
ine 23003.


LaTeX Warning: Reference `p11:eq:edgeworth-three-orders' on page 318 undefined 
on input line 23006.

[318]
<assets/q-fabius-parameter-deformations/fabius_q_frontiers_report/figures/edgew
orth_errors.png, id=3638, 507.861pt x 319.6305pt>
File: assets/q-fabius-parameter-deformations/fabius_q_frontiers_report/figures/
edgeworth_errors.png Graphic file (type png)
<use assets/q-fabius-parameter-deformations/fabius_q_frontiers_report/figures/e
dgeworth_errors.png>
Package pdftex.def Info: assets/q-fabius-parameter-deformations/fabius_q_fronti
ers_report/figures/edgeworth_errors.png  used on input line 23012.
(pdftex.def)             Requested size: 413.58844pt x 260.3039pt.


LaTeX Warning: Reference `p10:eq:Edgeworth-theorem' on page 319 undefined on in
put line 23015.


LaTeX Warning: Reference `p11:thm:edgeworth-schwartz' on page 1 undefined on in
put line 23015.


LaTeX Warning: Reference `p10:eq:Edgeworth-theorem' on page 319 undefined on in
put line 23015.


LaTeX Warning: Reference `p11:thm:edgeworth-schwartz' on page 1 undefined on in
put line 23015.


LaTeX Warning: Reference `p10:eq:I-center-series' on page 319 undefined on inpu
t line 23026.


LaTeX Warning: Reference `p10:eq:variance-delta' on page 319 undefined on input
 line 23027.


LaTeX Warning: Reference `p10:thm:LDP' on page 1 undefined on input line 23029.



LaTeX Warning: Reference `p10:eq:I-center-series' on page 319 undefined on inpu
t line 23029.


LaTeX Warning: Reference `p10:rem:rate-signs' on page 1 undefined on input line
 23030.


LaTeX Warning: Reference `p10:eq:variance-delta' on page 319 undefined on input
 line 23039.


LaTeX Warning: Reference `p10:eq:rate-matching' on page 319 undefined on input 
line 23053.


LaTeX Warning: Reference `p10:eq:moderate-window' on page 319 undefined on inpu
t line 23054.


LaTeX Warning: Reference `p10:prin:three-regimes' on page 1 undefined on input 
line 23054.


LaTeX Warning: Reference `p10:eq:Q1' on page 319 undefined on input line 23062.



LaTeX Warning: Reference `p10:eq:saddlepoint-conjecture' on page 319 undefined 
on input line 23070.

[319 <./assets/q-fabius-parameter-deformations/fabius_q_frontiers_report/figure
s/edgeworth_errors.png>]

LaTeX Warning: Reference `p11:thm:moderate-deviations' on page 1 undefined on i
nput line 23090.


LaTeX Warning: Reference `p11:conj:local-ldp' on page 1 undefined on input line
 23116.


LaTeX Warning: Reference `p0:tab:dictionary' on page 1 undefined on input line 
23117.


LaTeX Warning: Reference `p10:eq:saddlepoint-conjecture' on page 320 undefined 
on input line 23121.


LaTeX Warning: Reference `p10:sec:future' on page 1 undefined on input line 231
21.


LaTeX Warning: Reference `p11:conj:matching' on page 1 undefined on input line 
23123.


LaTeX Warning: Reference `p10:prin:three-regimes' on page 1 undefined on input 
line 23124.


LaTeX Warning: Reference `p10:eq:Lambda-two-corrections' on page 320 undefined 
on input line 23128.


LaTeX Warning: Reference `p10:tab:numerical' on page 1 undefined on input line 
23148.

[320]
<assets/q-fabius-parameter-deformations/fabius_q_frontiers_report/figures/cgf_m
idpoint_correction.png, id=3660, 511.4745pt x 319.6305pt>
File: assets/q-fabius-parameter-deformations/fabius_q_frontiers_report/figures/
cgf_midpoint_correction.png Graphic file (type png)
<use assets/q-fabius-parameter-deformations/fabius_q_frontiers_report/figures/c
gf_midpoint_correction.png>
Package pdftex.def Info: assets/q-fabius-parameter-deformations/fabius_q_fronti
ers_report/figures/cgf_midpoint_correction.png  used on input line 23173.
(pdftex.def)             Requested size: 413.58844pt x 258.46033pt.
<assets/q-fabius-parameter-deformations/fabius_q_frontiers_report/figures/conve
x_order_stoploss.png, id=3661, 512.46pt x 322.587pt>
File: assets/q-fabius-parameter-deformations/fabius_q_frontiers_report/figures/
convex_order_stoploss.png Graphic file (type png)
<use assets/q-fabius-parameter-deformations/fabius_q_frontiers_report/figures/c
onvex_order_stoploss.png>
Package pdftex.def Info: assets/q-fabius-parameter-deformations/fabius_q_fronti
ers_report/figures/convex_order_stoploss.png  used on input line 23181.
(pdftex.def)             Requested size: 413.58844pt x 260.35881pt.


LaTeX Warning: Reference `p10:thm:martingale-transport' on page 1 undefined on 
input line 23184.


LaTeX Warning: Reference `p10:thm:martingale-transport' on page 1 undefined on 
input line 23184.

[321 <./assets/q-fabius-parameter-deformations/fabius_q_frontiers_report/figure
s/cgf_midpoint_correction.png>]

LaTeX Warning: Reference `p10:eq:midpoint-sum' on page 322 undefined on input l
ine 23201.


LaTeX Warning: Reference `p10:eq:CLambda' on page 322 undefined on input line 2
3202.


LaTeX Warning: Reference `p10:eq:CLambda-closed' on page 322 undefined on input
 line 23204.


LaTeX Warning: Reference `p10:eq:CLambda-value' on page 322 undefined on input 
line 23205.


LaTeX Warning: Reference `p10:eq:general-seed' on page 322 undefined on input l
ine 23220.


LaTeX Warning: Reference `p10:eq:EM-all-orders' on page 322 undefined on input 
line 23229.


LaTeX Warning: Reference `p10:eq:midpoint-EM-remainder' on page 322 undefined o
n input line 23231.


LaTeX Warning: Reference `p10:eq:convex-order' on page 322 undefined on input l
ine 23237.


Underfull \hbox (badness 3657) in paragraph at lines 23228--23238
\T1/LibertinusSerif-TLF/m/it/10.95 (+20) The mid-point Euler--Maclaurin ex-pan-
sion [] holds with $\OML/cmm/m/it/10.95 g$ \T1/LibertinusSerif-TLF/m/it/10.95 (
+20) re-placed by $\OML/cmm/m/it/10.95 K[]$ \T1/LibertinusSerif-TLF/m/it/10.95 
(+20) and with the
 []

[322 <./assets/q-fabius-parameter-deformations/fabius_q_frontiers_report/figure
s/convex_order_stoploss.png>]

LaTeX Warning: Reference `p10:sec:transport' on page 1 undefined on input line 
23241.


LaTeX Warning: Reference `p10:sec:midpoint' on page 1 undefined on input line 2
3246.


LaTeX Warning: Reference `p10:thm:midpoint-EM' on page 1 undefined on input lin
e 23260.


LaTeX Warning: Reference `p10:thm:lambda-limit' on page 1 undefined on input li
ne 23260.


LaTeX Warning: Reference `p10:eq:general-seed-Lambda' on page 323 undefined on 
input line 23262.


LaTeX Warning: Reference `p10:eq:midpoint-EM-proof' on page 323 undefined on in
put line 23263.


LaTeX Warning: Reference `p10:eq:midpoint-EM-remainder' on page 323 undefined o
n input line 23264.


LaTeX Warning: Reference `p10:thm:LDP' on page 1 undefined on input line 23274.



LaTeX Warning: Reference `p10:eq:saddlepoint-conjecture' on page 323 undefined 
on input line 23292.

[323]

LaTeX Warning: Reference `p10:eq:I-center-series' on page 324 undefined on inpu
t line 23356.


LaTeX Warning: Reference `p10:rem:rate-signs' on page 1 undefined on input line
 23365.


LaTeX Warning: Reference `p11:lem:sinc-envelope' on page 1 undefined on input l
ine 23389.


LaTeX Warning: Reference `p11:lem:cumulant-remainder' on page 1 undefined on in
put line 23389.

[324]

LaTeX Warning: Reference `p10:thm:kernel' on page 1 undefined on input line 234
35.


LaTeX Warning: Reference `p10:thm:martingale-transport' on page 1 undefined on 
input line 23435.


LaTeX Warning: Reference `p10:thm:kernel' on page 1 undefined on input line 234
35.


LaTeX Warning: Reference `p10:thm:midpoint-EM' on page 1 undefined on input lin
e 23435.


LaTeX Warning: Reference `p10:thm:LDP' on page 1 undefined on input line 23435.



LaTeX Warning: Reference `p10:thm:lambda-limit' on page 1 undefined on input li
ne 23435.


LaTeX Warning: Reference `p10:thm:Lambert-edge' on page 1 undefined on input li
ne 23435.


LaTeX Warning: Reference `p10:thm:Lambert-edge' on page 1 undefined on input li
ne 23435.


LaTeX Warning: Reference `p10:prop:CLambda-closed' on page 1 undefined on input
 line 23435.


LaTeX Warning: Reference `p10:eq:g-large' on page 325 undefined on input line 2
3435.


LaTeX Warning: Reference `p11:lem:J-asymptotic' on page 1 undefined on input li
ne 23435.


LaTeX Warning: Reference `p10:eq:Edgeworth-theorem' on page 325 undefined on in
put line 23435.


LaTeX Warning: Reference `p11:thm:edgeworth-schwartz' on page 1 undefined on in
put line 23435.


LaTeX Warning: Reference `p11:lem:sinc-envelope' on page 1 undefined on input l
ine 23435.


LaTeX Warning: Reference `p11:lem:cumulant-remainder' on page 1 undefined on in
put line 23435.


LaTeX Warning: Reference `p10:rem:rate-signs' on page 1 undefined on input line
 23458.


LaTeX Warning: Reference `p10:eq:Lambda-Bernoulli' on page 325 undefined on inp
ut line 23459.

[325] [326]

Package hyperref Warning: Token not allowed in a PDF string (Unicode):
(hyperref)                removing `math shift' on input line 23502.


Package hyperref Warning: Token not allowed in a PDF string (Unicode):
(hyperref)                removing `math shift' on input line 23502.

LaTeX Font Info:    Font shape `T1/LibertinusSerif-TLF/m/sc' will be
(Font)              scaled to size 10.95pt on input line 23523.
[327

]

LaTeX Warning: Citation `bib:fabius1966' on page 328 undefined on input line 23
537.


LaTeX Warning: Citation `bib:arias1982' on page 328 undefined on input line 235
37.


LaTeX Warning: Citation `bib:repo2026j' on page 328 undefined on input line 235
37.


LaTeX Warning: Reference `p11:eq:Xr-def' on page 328 undefined on input line 23
541.


LaTeX Warning: Reference `p11:thm:edgeworth-schwartz' on page 1 undefined on in
put line 23553.


LaTeX Warning: Reference `p11:thm:cumulant-bell' on page 1 undefined on input l
ine 23554.


LaTeX Warning: Reference `p11:thm:quantile-expansion' on page 1 undefined on in
put line 23555.


LaTeX Warning: Reference `p11:thm:moderate-deviations' on page 1 undefined on i
nput line 23556.


LaTeX Warning: Reference `p11:thm:compact-ldp' on page 1 undefined on input lin
e 23557.


LaTeX Warning: Reference `p11:thm:rate-edge' on page 1 undefined on input line 
23558.


LaTeX Warning: Reference `p11:thm:rate-parametric' on page 1 undefined on input
 line 23558.


LaTeX Warning: Reference `p11:thm:carleman-ha' on page 1 undefined on input lin
e 23559.


LaTeX Warning: Reference `p11:thm:carleman-up' on page 1 undefined on input lin
e 23559.


LaTeX Warning: Citation `bib:repo2026k' on page 328 undefined on input line 235
63.


LaTeX Warning: Citation `bib:repo2026l' on page 328 undefined on input line 235
63.

[328

]

LaTeX Warning: Citation `bib:arias1982' on page 329 undefined on input line 236
04.


LaTeX Warning: Citation `bib:arias2017' on page 329 undefined on input line 236
04.


LaTeX Warning: Citation `bib:allouche1999' on page 329 undefined on input line 
23604.


LaTeX Warning: Citation `bib:aistleitner' on page 329 undefined on input line 2
3604.


LaTeX Warning: Citation `bib:aistleitner2017a' on page 329 undefined on input l
ine 23604.


LaTeX Warning: Citation `bib:toth2022' on page 329 undefined on input line 2360
4.

[329]

LaTeX Warning: Reference `p11:sec:carleman' on page 1 undefined on input line 2
3621.


LaTeX Warning: Reference `p11:sec:numerics' on page 1 undefined on input line 2
3626.

[330]

LaTeX Warning: Reference `p11:eq:Psi-product' on page 331 undefined on input li
ne 23663.


LaTeX Warning: Citation `bib:jessen1935' on page 331 undefined on input line 23
663.


LaTeX Warning: Citation `bib:arias1982' on page 331 undefined on input line 236
63.


LaTeX Warning: Reference `p11:lem:sinc-envelope' on page 1 undefined on input l
ine 23663.


LaTeX Warning: Reference `p11:eq:fourier-convention' on page 331 undefined on i
nput line 23672.

[331]

LaTeX Warning: Reference `p11:eq:centered-X' on page 332 undefined on input lin
e 23712.


LaTeX Warning: Reference `p11:eq:uniform-cumulants' on page 332 undefined on in
put line 23712.


LaTeX Warning: Reference `p11:eq:variance' on page 332 undefined on input line 
23718.


LaTeX Warning: Reference `p11:eq:lambda-r' on page 332 undefined on input line 
23718.


LaTeX Warning: Reference `p11:eq:lambda-h-hyperbolic' on page 332 undefined on 
input line 23724.


LaTeX Warning: Reference `p11:eq:lambda-h-hyperbolic' on page 332 undefined on 
input line 23763.


LaTeX Warning: Reference `p11:eq:log-sinh' on page 332 undefined on input line 
23768.

[332]

LaTeX Warning: Reference `p11:eq:lambda-exponential' on page 333 undefined on i
nput line 23773.


LaTeX Warning: Reference `p11:eq:bell-def' on page 333 undefined on input line 
23773.


LaTeX Warning: Reference `p0:lem:log-sinhc' on page 1 undefined on input line 2
3776.


LaTeX Warning: Reference `p11:eq:log-sinh' on page 333 undefined on input line 
23777.


LaTeX Warning: Reference `p11:eq:lambda-exponential' on page 333 undefined on i
nput line 23779.


LaTeX Warning: Reference `p11:eq:lambda-bell' on page 333 undefined on input li
ne 23779.


LaTeX Warning: Reference `p11:thm:edgeworth-schwartz' on page 1 undefined on in
put line 23781.


LaTeX Warning: Reference `p11:prop:h-power-series' on page 1 undefined on input
 line 23782.


LaTeX Warning: Reference `p11:eq:lambda-bell' on page 333 undefined on input li
ne 23782.


LaTeX Warning: Citation `bib:bhattacharya2010' on page 333 undefined on input l
ine 23831.


LaTeX Warning: Citation `bib:petrov1975' on page 333 undefined on input line 23
831.

[333]

LaTeX Warning: Reference `p11:eq:coefficient-extraction' on page 334 undefined 
on input line 23840.


LaTeX Warning: Reference `p11:eq:edgeworth-polynomial' on page 334 undefined on
 input line 23853.


LaTeX Warning: Reference `p11:thm:cumulant-bell' on page 1 undefined on input l
ine 23859.


LaTeX Warning: Reference `p11:eq:coefficient-extraction' on page 334 undefined 
on input line 23868.


LaTeX Warning: Reference `p11:eq:edgeworth-main' on page 334 undefined on input
 line 23872.


LaTeX Warning: Reference `p11:eq:E-vs-power-series' on page 334 undefined on in
put line 23872.


LaTeX Warning: Reference `p11:eq:standardized-support' on page 334 undefined on
 input line 23892.

[334]

LaTeX Warning: Reference `p11:eq:sinc-basic-envelope' on page 335 undefined on 
input line 23925.


LaTeX Warning: Reference `p11:eq:sinc-basic-envelope' on page 335 undefined on 
input line 23933.


LaTeX Warning: Reference `p11:eq:Psi-product' on page 335 undefined on input li
ne 23934.


LaTeX Warning: Reference `p11:eq:Psi-envelope' on page 335 undefined on input l
ine 23935.


LaTeX Warning: Reference `p0:prop:products' on page 1 undefined on input line 2
3939.


LaTeX Warning: Reference `p11:eq:sinc-derivative-sup' on page 335 undefined on 
input line 23958.


LaTeX Warning: Reference `p11:eq:sinc-basic-envelope' on page 335 undefined on 
input line 23960.


LaTeX Warning: Reference `p11:eq:Psi-derivative-envelope' on page 335 undefined
 on input line 23969.


LaTeX Warning: Reference `p11:eq:Sht' on page 335 undefined on input line 23974
.


LaTeX Warning: Reference `p11:eq:quadratic-sum' on page 335 undefined on input 
line 23974.


LaTeX Warning: Reference `p11:eq:S-gaussian' on page 335 undefined on input lin
e 23975.


LaTeX Warning: Reference `p11:eq:S-gaussian' on page 335 undefined on input lin
e 23977.


LaTeX Warning: Reference `p11:eq:S-power' on page 335 undefined on input line 2
3993.


LaTeX Warning: Reference `p11:eq:S-outer' on page 335 undefined on input line 2
3994.


LaTeX Warning: Reference `p11:eq:S-outer' on page 335 undefined on input line 2
3997.

[335]

LaTeX Warning: Reference `p11:eq:log-sinh' on page 336 undefined on input line 
24020.


LaTeX Warning: Reference `p11:eq:Psi-product' on page 336 undefined on input li
ne 24043.


LaTeX Warning: Reference `p11:eq:logpsi-trunc' on page 336 undefined on input l
ine 24048.


LaTeX Warning: Reference `p11:eq:ck-dmk' on page 336 undefined on input line 24
056.


LaTeX Warning: Reference `p11:prop:exact-cumulants' on page 1 undefined on inpu
t line 24057.


LaTeX Warning: Reference `p11:eq:gR-derivative' on page 336 undefined on input 
line 24068.


LaTeX Warning: Reference `p11:eq:geometric-power-sum' on page 336 undefined on 
input line 24069.


LaTeX Warning: Reference `p11:eq:rho-bound' on page 336 undefined on input line
 24080.


LaTeX Warning: Reference `p11:thm:edgeworth-schwartz' on page 1 undefined on in
put line 24086.

[336]

LaTeX Warning: Reference `p11:eq:hermite-inversion' on page 337 undefined on in
put line 24094.


LaTeX Warning: Reference `p11:lem:cumulant-remainder' on page 1 undefined on in
put line 24111.


LaTeX Warning: Reference `p11:eq:approx-transform' on page 337 undefined on inp
ut line 24115.


LaTeX Warning: Reference `p11:prop:exact-cumulants' on page 1 undefined on inpu
t line 24129.


LaTeX Warning: Reference `p11:eq:weight-tail' on page 337 undefined on input li
ne 24154.


LaTeX Warning: Reference `p11:eq:rho-bound' on page 337 undefined on input line
 24156.


LaTeX Warning: Reference `p11:eq:Z0-split' on page 337 undefined on input line 
24159.


LaTeX Warning: Reference `p11:eq:Z0-sup' on page 337 undefined on input line 24
174.


LaTeX Warning: Reference `p11:eq:S-gaussian' on page 337 undefined on input lin
e 24185.


LaTeX Warning: Reference `p11:eq:Psi-derivative-envelope' on page 337 undefined
 on input line 24186.

[337]

LaTeX Warning: Reference `p11:eq:S-outer' on page 338 undefined on input line 2
4203.


LaTeX Warning: Reference `p11:eq:S-power' on page 338 undefined on input line 2
4211.


LaTeX Warning: Reference `p11:eq:Psi-derivative-envelope' on page 338 undefined
 on input line 24211.


LaTeX Warning: Reference `p11:eq:fourier-derivative-L1' on page 338 undefined o
n input line 24252.


LaTeX Warning: Reference `p11:eq:hermite-inversion' on page 338 undefined on in
put line 24256.


LaTeX Warning: Reference `p11:eq:fourier-convention' on page 338 undefined on i
nput line 24258.


LaTeX Warning: Reference `p11:eq:fourier-derivative-L1' on page 338 undefined o
n input line 24285.


LaTeX Warning: Reference `p11:eq:edgeworth-main' on page 338 undefined on input
 line 24286.

[338]

LaTeX Warning: Reference `p11:thm:edgeworth-schwartz' on page 1 undefined on in
put line 24303.


LaTeX Warning: Reference `p11:thm:edgeworth-schwartz' on page 1 undefined on in
put line 24308.


LaTeX Warning: Reference `p11:eq:cdf-general' on page 339 undefined on input li
ne 24325.


LaTeX Warning: Reference `p11:eq:cdf-general' on page 339 undefined on input li
ne 24334.


LaTeX Warning: Reference `p11:eq:edgeworth-polynomial' on page 339 undefined on
 input line 24336.


LaTeX Warning: Reference `p11:eq:integrate-hermite' on page 339 undefined on in
put line 24337.


LaTeX Warning: Reference `p11:eq:edgeworth-main' on page 339 undefined on input
 line 24342.


LaTeX Warning: Reference `p11:eq:edgeworth-polynomial' on page 339 undefined on
 input line 24351.


LaTeX Warning: Reference `p11:eq:mass-cancellation' on page 339 undefined on in
put line 24353.


LaTeX Warning: Reference `p11:thm:edgeworth-schwartz' on page 1 undefined on in
put line 24356.


LaTeX Warning: Reference `p11:eq:cdf-general' on page 339 undefined on input li
ne 24366.


LaTeX Warning: Reference `p11:eq:cdf-weighted-error' on page 339 undefined on i
nput line 24367.

[339]

LaTeX Warning: Reference `p11:eq:quantile-recursion' on page 340 undefined on i
nput line 24393.


LaTeX Warning: Reference `p11:thm:edgeworth-schwartz' on page 1 undefined on in
put line 24401.


LaTeX Warning: Reference `p11:cor:cdf-edgeworth' on page 1 undefined on input l
ine 24409.


LaTeX Warning: Reference `p11:prop:h-power-series' on page 1 undefined on input
 line 24410.


LaTeX Warning: Reference `p11:eq:cdf-general' on page 340 undefined on input li
ne 24411.


LaTeX Warning: Reference `p11:eq:quantile-recursion' on page 340 undefined on i
nput line 24419.


LaTeX Warning: Reference `p11:eq:quantile-recursion' on page 340 undefined on i
nput line 24428.

[340]

LaTeX Warning: Reference `p11:eq:quantile-general' on page 341 undefined on inp
ut line 24448.


LaTeX Warning: Reference `p11:eq:cdf-second-order' on page 341 undefined on inp
ut line 24466.


LaTeX Warning: Reference `p11:eq:q1' on page 341 undefined on input line 24472.



LaTeX Warning: Reference `p11:eq:q1' on page 341 undefined on input line 24477.



LaTeX Warning: Reference `p11:eq:q2' on page 341 undefined on input line 24477.



LaTeX Warning: Reference `p11:eq:quantile-recursion' on page 341 undefined on i
nput line 24481.


LaTeX Warning: Reference `p11:eq:centered-X' on page 341 undefined on input lin
e 24498.


LaTeX Warning: Reference `p0:prop:dictionary' on page 1 undefined on input line
 24498.


LaTeX Warning: Reference `p11:eq:ell-J' on page 341 undefined on input line 245
00.

[341]

LaTeX Warning: Reference `p11:eq:ell-quartic' on page 342 undefined on input li
ne 24515.


LaTeX Warning: Reference `p11:eq:quadratic-sum' on page 342 undefined on input 
line 24516.


LaTeX Warning: Citation `bib:dembo1998' on page 342 undefined on input line 245
32.


LaTeX Warning: Reference `p11:eq:standardized-support' on page 342 undefined on
 input line 24542.


LaTeX Warning: Reference `p11:thm:moderate-deviations' on page 1 undefined on i
nput line 24583.

[342]

LaTeX Warning: Reference `p11:eq:Lambda-integral' on page 343 undefined on inpu
t line 24604.


LaTeX Warning: Reference `p11:eq:Lambda-J' on page 343 undefined on input line 
24605.


LaTeX Warning: Citation `bib:dembo1998' on page 343 undefined on input line 246
32.


LaTeX Warning: Reference `p11:eq:rate-legendre' on page 343 undefined on input 
line 24634.


LaTeX Warning: Reference `p11:eq:rate-support' on page 343 undefined on input l
ine 24649.


LaTeX Warning: Reference `p11:eq:y-a' on page 343 undefined on input line 24667
.

[343]

LaTeX Warning: Reference `p11:thm:rate-parametric' on page 1 undefined on input
 line 24689.


LaTeX Warning: Citation `bib:corless1996' on page 344 undefined on input line 2
4689.


LaTeX Warning: Reference `p11:eq:ell-J' on page 344 undefined on input line 247
15.


LaTeX Warning: Reference `p11:eq:stieltjes-convention' on page 344 undefined on
 input line 24729.


LaTeX Warning: Reference `p11:eq:mellin-finite-part' on page 344 undefined on i
nput line 24734.

[344]

LaTeX Warning: Reference `p11:eq:Cstar-integral' on page 345 undefined on input
 line 24747.


LaTeX Warning: Reference `p11:eq:J-large' on page 345 undefined on input line 2
4752.


LaTeX Warning: Reference `p11:eq:y-a' on page 345 undefined on input line 24760
.


LaTeX Warning: Reference `p11:eq:delta-a-exact' on page 345 undefined on input 
line 24777.


LaTeX Warning: Reference `p11:eq:J-large' on page 345 undefined on input line 2
4784.


LaTeX Warning: Reference `p11:eq:ell-large' on page 345 undefined on input line
 24784.


LaTeX Warning: Reference `p11:eq:I-parametric' on page 345 undefined on input l
ine 24784.


LaTeX Warning: Reference `p11:eq:edge-rate-a' on page 345 undefined on input li
ne 24784.


LaTeX Warning: Reference `p11:eq:delta-a-exact' on page 345 undefined on input 
line 24784.


LaTeX Warning: Reference `p11:eq:delta-a-exact' on page 345 undefined on input 
line 24790.


LaTeX Warning: Reference `p11:eq:edge-rate-a' on page 345 undefined on input li
ne 24798.


LaTeX Warning: Reference `p11:eq:edge-rate-main' on page 345 undefined on input
 line 24798.

[345]

LaTeX Warning: Citation `bib:komatsu1973' on page 346 undefined on input line 2
4814.


LaTeX Warning: Reference `p6:thm:exact-derivative-norm' on page 1 undefined on 
input line 24822.


LaTeX Warning: Reference `p6:eq:exact-derivative-norm-closed' on page 346 undef
ined on input line 24824.


LaTeX Warning: Reference `p6:eq:exact-derivative-L1' on page 346 undefined on i
nput line 24825.


LaTeX Warning: Reference `p6:eq:ha-derivative-hierarchy' on page 346 undefined 
on input line 24833.


LaTeX Warning: Citation `bib:allouche1999' on page 346 undefined on input line 
24834.


LaTeX Warning: Reference `p11:eq:up-exact-norm' on page 346 undefined on input 
line 24858.

[346]

LaTeX Warning: Reference `p11:eq:carleman-criterion' on page 347 undefined on i
nput line 24867.


LaTeX Warning: Reference `p11:eq:up-carleman-sum' on page 347 undefined on inpu
t line 24869.


LaTeX Warning: Reference `p6:thm:exact-derivative-norm' on page 1 undefined on 
input line 24883.


LaTeX Warning: Reference `p11:eq:ha-exact-norm' on page 347 undefined on input 
line 24905.


LaTeX Warning: Reference `p11:eq:ha-exact-norm' on page 347 undefined on input 
line 24910.


LaTeX Warning: Reference `p11:eq:fourier-from-carleman' on page 347 undefined o
n input line 24913.


LaTeX Warning: Reference `p11:eq:carleman-criterion' on page 347 undefined on i
nput line 24916.


LaTeX Warning: Reference `p11:eq:ha-carleman-sum' on page 347 undefined on inpu
t line 24917.


LaTeX Warning: Reference `p11:eq:up-exact-norm' on page 347 undefined on input 
line 24931.

[347]

LaTeX Warning: Reference `p11:eq:Psi-product' on page 348 undefined on input li
ne 24942.


LaTeX Warning: Reference `p11:eq:sinc-basic-envelope' on page 348 undefined on 
input line 24943.


(assets/q-fabius-parameter-deformations/Continuous_Parameter_Edgeworth_and_q_Ge
vrey_Frontier/data/edgeworth_table.tex)

LaTeX Warning: Reference `p11:thm:edgeworth-schwartz' on page 1 undefined on in
put line 24964.

<assets/q-fabius-parameter-deformations/Continuous_Parameter_Edgeworth_and_q_Ge
vrey_Frontier/figures/edgeworth_error_scaling.png, id=3966, 520.344pt x 339.669
pt>
File: assets/q-fabius-parameter-deformations/Continuous_Parameter_Edgeworth_and
_q_Gevrey_Frontier/figures/edgeworth_error_scaling.png Graphic file (type png)
<use assets/q-fabius-parameter-deformations/Continuous_Parameter_Edgeworth_and_
q_Gevrey_Frontier/figures/edgeworth_error_scaling.png>
Package pdftex.def Info: assets/q-fabius-parameter-deformations/Continuous_Para
meter_Edgeworth_and_q_Gevrey_Frontier/figures/edgeworth_error_scaling.png  used
 on input line 24968.
(pdftex.def)             Requested size: 395.60931pt x 258.25996pt.
<assets/q-fabius-parameter-deformations/Continuous_Parameter_Edgeworth_and_q_Ge
vrey_Frontier/figures/density_edgeworth_comparison.png, id=3967, 520.344pt x 33
9.669pt>
File: assets/q-fabius-parameter-deformations/Continuous_Parameter_Edgeworth_and
_q_Gevrey_Frontier/figures/density_edgeworth_comparison.png Graphic file (type 
png)
<use assets/q-fabius-parameter-deformations/Continuous_Parameter_Edgeworth_and_
q_Gevrey_Frontier/figures/density_edgeworth_comparison.png>
Package pdftex.def Info: assets/q-fabius-parameter-deformations/Continuous_Para
meter_Edgeworth_and_q_Gevrey_Frontier/figures/density_edgeworth_comparison.png 
 used on input line 24975.
(pdftex.def)             Requested size: 395.60931pt x 258.25996pt.

(assets/q-fabius-parameter-deformations/Continuous_Parameter_Edgeworth_and_q_Ge
vrey_Frontier/data/quantile_table.tex)

LaTeX Warning: Reference `p11:eq:I-parametric' on page 348 undefined on input l
ine 24991.


LaTeX Warning: Reference `p11:eq:edge-rate-main' on page 348 undefined on input
 line 24991.


(assets/q-fabius-parameter-deformations/Continuous_Parameter_Edgeworth_and_q_Ge
vrey_Frontier/data/ldp_edge_table.tex)

LaTeX Warning: Reference `p11:eq:delta-a-exact' on page 348 undefined on input 
line 24998.

[348] [349 <./assets/q-fabius-parameter-deformations/Continuous_Parameter_Edgew
orth_and_q_Gevrey_Frontier/figures/edgeworth_error_scaling.png> <./assets/q-fab
ius-parameter-deformations/Continuous_Parameter_Edgeworth_and_q_Gevrey_Frontier
/figures/density_edgeworth_comparison.png>]
<assets/q-fabius-parameter-deformations/Continuous_Parameter_Edgeworth_and_q_Ge
vrey_Frontier/figures/large_deviation_rate.png, id=3989, 520.344pt x 339.669pt>

File: assets/q-fabius-parameter-deformations/Continuous_Parameter_Edgeworth_and
_q_Gevrey_Frontier/figures/large_deviation_rate.png Graphic file (type png)
<use assets/q-fabius-parameter-deformations/Continuous_Parameter_Edgeworth_and_
q_Gevrey_Frontier/figures/large_deviation_rate.png>
Package pdftex.def Info: assets/q-fabius-parameter-deformations/Continuous_Para
meter_Edgeworth_and_q_Gevrey_Frontier/figures/large_deviation_rate.png  used on
 input line 25002.
(pdftex.def)             Requested size: 395.60931pt x 258.25996pt.


LaTeX Warning: Reference `p10:conj:saddlepoint' on page 1 undefined on input li
ne 25023.


LaTeX Warning: Reference `p0:tab:dictionary' on page 1 undefined on input line 
25023.


LaTeX Warning: Reference `p11:eq:local-ldp-conj' on page 350 undefined on input
 line 25026.


LaTeX Warning: Reference `p11:eq:edge-rate-main' on page 350 undefined on input
 line 25030.

[350]

LaTeX Warning: Reference `p11:lem:sinc-envelope' on page 1 undefined on input l
ine 25037.


LaTeX Warning: Reference `p11:thm:edgeworth-schwartz' on page 1 undefined on in
put line 25047.

[351 <./assets/q-fabius-parameter-deformations/Continuous_Parameter_Edgeworth_a
nd_q_Gevrey_Frontier/figures/large_deviation_rate.png>]

LaTeX Warning: Reference `p11:thm:compact-ldp' on page 1 undefined on input lin
e 25059.


LaTeX Warning: Reference `p11:thm:carleman-ha' on page 1 undefined on input lin
e 25062.


LaTeX Warning: Reference `p11:eq:overlap-conj' on page 352 undefined on input l
ine 25113.

[352]

LaTeX Warning: Reference `p11:eq:lambda-bell' on page 353 undefined on input li
ne 25130.


LaTeX Warning: Reference `p11:eq:Xr-def' on page 353 undefined on input line 25
134.


LaTeX Warning: Reference `p11:thm:edgeworth-schwartz' on page 1 undefined on in
put line 25152.


LaTeX Warning: Reference `p11:conj:local-ldp' on page 1 undefined on input line
 25159.


LaTeX Warning: Reference `p11:thm:edgeworth-schwartz' on page 1 undefined on in
put line 25160.


LaTeX Warning: Reference `p11:conj:entropy' on page 1 undefined on input line 2
5161.

[353]

LaTeX Warning: Reference `p11:conj:edge-matching' on page 1 undefined on input 
line 25163.


LaTeX Warning: Reference `p11:eq:overlap-conj' on page 354 undefined on input l
ine 25164.


LaTeX Warning: Reference `p11:prob:local-carleman' on page 1 undefined on input
 line 25165.


LaTeX Warning: Reference `p11:eq:lambda-bell' on page 354 undefined on input li
ne 25166.

[354]

LaTeX Warning: Reference `p11:eq:edgeworth-three-orders' on page 355 undefined 
on input line 25189.


LaTeX Warning: Reference `p11:thm:cumulant-bell' on page 1 undefined on input l
ine 25199.


LaTeX Warning: Reference `p11:eq:PN-explicit' on page 355 undefined on input li
ne 25220.


LaTeX Warning: Reference `p11:eq:log-sinh' on page 355 undefined on input line 
25223.


LaTeX Warning: Reference `p11:eq:Lambda-series' on page 355 undefined on input 
line 25229.


LaTeX Warning: Reference `p11:eq:I-center-series' on page 355 undefined on inpu
t line 25234.

[355] [356] [357]

Package hyperref Warning: Token not allowed in a PDF string (Unicode):
(hyperref)                removing `math shift' on input line 25288.


Package hyperref Warning: Token not allowed in a PDF string (Unicode):
(hyperref)                removing `math shift' on input line 25288.

[358

]

LaTeX Warning: Citation `bib:repo2026o' on page 359 undefined on input line 253
77.


LaTeX Warning: Citation `bib:repo2026p' on page 359 undefined on input line 253
78.


LaTeX Warning: Citation `bib:repo2026n' on page 359 undefined on input line 254
03.

[359]

LaTeX Warning: Citation `bib:repo2026n' on page 360 undefined on input line 254
11.


LaTeX Warning: Reference `p12:sec:qfamily' on page 1 undefined on input line 25
414.


LaTeX Warning: Citation `bib:repo2026n' on page 360 undefined on input line 254
15.


LaTeX Warning: Citation `bib:repo2026n' on page 360 undefined on input line 254
22.


LaTeX Warning: Citation `bib:repo2026o' on page 360 undefined on input line 254
22.

[360]

LaTeX Warning: Reference `p0:def:family' on page 1 undefined on input line 2548
1.


LaTeX Warning: Reference `p0:prop:basic' on page 1 undefined on input line 2549
6.


LaTeX Warning: Reference `p0:prop:fabius-point' on page 1 undefined on input li
ne 25498.


LaTeX Warning: Reference `p0:prop:fixed-point' on page 1 undefined on input lin
e 25503.


LaTeX Warning: Reference `p0:prop:products' on page 1 undefined on input line 2
5511.


LaTeX Warning: Reference `p0:thm:cumulants' on page 1 undefined on input line 2
5512.


LaTeX Warning: Reference `p0:eq:variance' on page 361 undefined on input line 2
5513.


LaTeX Warning: Reference `p12:eq:affine-copy' on page 361 undefined on input li
ne 25513.

[361]
Underfull \hbox (badness 1067) in paragraph at lines 25562--25567
\T1/LibertinusSerif-TLF/m/n/10.95 (+20) and in par-tic-u-lar $\OML/cmm/m/it/10.
95 q \OMS/cmsy/m/n/10.95 7! \OML/cmm/m/it/10.95 X[]$ \T1/LibertinusSerif-TLF/m/
n/10.95 (+20) is $\OML/cmm/m/it/10.95 C[]$ \T1/LibertinusSerif-TLF/m/n/10.95 (+
20) in $\OML/cmm/m/it/10.95 L[]$ \T1/LibertinusSerif-TLF/m/n/10.95 (+20) un-der
 the common-digit cou-pling. Put $\OML/cmm/m/it/10.95 "[] \OT1/cmr/m/n/10.95 =
 []


LaTeX Warning: Reference `p12:eq:sinc-derivative-bound' on page 362 undefined o
n input line 25581.


LaTeX Warning: Reference `p12:eq:factor-derivative-bound' on page 362 undefined
 on input line 25595.


LaTeX Warning: Reference `p0:prop:products' on page 1 undefined on input line 2
5605.


LaTeX Warning: Reference `p12:eq:tail-derivative-bound' on page 362 undefined o
n input line 25610.


LaTeX Warning: Reference `p12:eq:uniform-schwartz' on page 362 undefined on inp
ut line 25623.

[362]

LaTeX Warning: Reference `p0:eq:fourier' on page 363 undefined on input line 25
627.


LaTeX Warning: Reference `p12:eq:uniform-schwartz' on page 363 undefined on inp
ut line 25629.


LaTeX Warning: Reference `p12:eq:uniform-schwartz' on page 363 undefined on inp
ut line 25637.


LaTeX Warning: Reference `p12:eq:q-density-difference' on page 363 undefined on
 input line 25698.


LaTeX Warning: Reference `p12:eq:plateau' on page 363 undefined on input line 2
5699.


LaTeX Warning: Reference `p12:eq:q-density-difference' on page 363 undefined on
 input line 25702.


LaTeX Warning: Reference `p12:eq:left-front-defect' on page 363 undefined on in
put line 25707.


LaTeX Warning: Reference `p12:eq:center-front-defect' on page 363 undefined on 
input line 25708.

[363]

LaTeX Warning: Reference `p12:thm:joint-smoothness' on page 1 undefined on inpu
t line 25735.


LaTeX Warning: Reference `p12:eq:plateau' on page 364 undefined on input line 2
5736.


LaTeX Warning: Reference `p12:eq:left-front-defect' on page 364 undefined on in
put line 25740.


LaTeX Warning: Reference `p12:eq:center-front-defect' on page 364 undefined on 
input line 25784.

[364]

LaTeX Warning: Reference `p12:eq:weight-derivative-sum' on page 365 undefined o
n input line 25844.


LaTeX Warning: Reference `p12:eq:pathwise-response' on page 365 undefined on in
put line 25853.


LaTeX Warning: Reference `p12:eq:density-derivative-bound' on page 365 undefine
d on input line 25855.


LaTeX Warning: Reference `p12:thm:joint-smoothness' on page 1 undefined on inpu
t line 25857.


LaTeX Warning: Reference `p12:eq:G-def' on page 365 undefined on input line 258
62.


LaTeX Warning: Reference `p12:eq:tangent-symmetry' on page 365 undefined on inp
ut line 25865.


LaTeX Warning: Reference `p12:eq:center-qjet' on page 365 undefined on input li
ne 25867.

[365]

LaTeX Warning: Reference `p12:eq:Rq-contraction' on page 366 undefined on input
 line 25942.


LaTeX Warning: Reference `p12:eq:density-derivative-bound' on page 366 undefine
d on input line 25952.


LaTeX Warning: Reference `p12:eq:sigmaq-measure' on page 366 undefined on input
 line 25964.


LaTeX Warning: Reference `p12:eq:affine-copy' on page 366 undefined on input li
ne 25968.


LaTeX Warning: Reference `p12:eq:linear-response-fixed' on page 366 undefined o
n input line 25974.


LaTeX Warning: Reference `p12:eq:sigmaq' on page 366 undefined on input line 25
975.

[366]

LaTeX Warning: Reference `p12:eq:Rq-contraction' on page 367 undefined on input
 line 25979.


LaTeX Warning: Reference `p12:eq:linear-response-fixed' on page 367 undefined o
n input line 25983.


LaTeX Warning: Reference `p12:eq:susceptibility-series' on page 367 undefined o
n input line 25990.


LaTeX Warning: Reference `p12:thm:susceptibility' on page 1 undefined on input 
line 26035.


LaTeX Warning: Reference `p12:eq:density-derivative-bound' on page 367 undefine
d on input line 26036.


LaTeX Warning: Reference `p12:eq:Rq-derivative-operator' on page 367 undefined 
on input line 26038.


LaTeX Warning: Reference `p12:eq:Rq-derivative-density' on page 367 undefined o
n input line 26050.

[367]

LaTeX Warning: Reference `p12:eq:higher-distributional' on page 368 undefined o
n input line 26053.


LaTeX Warning: Reference `p12:eq:higher-distributional' on page 368 undefined o
n input line 26064.


LaTeX Warning: Reference `p12:thm:susceptibility' on page 1 undefined on input 
line 26067.


LaTeX Warning: Reference `p12:eq:Rq-contraction' on page 368 undefined on input
 line 26067.


LaTeX Warning: Reference `p12:eq:higher-resolvent' on page 368 undefined on inp
ut line 26068.


LaTeX Warning: Reference `p12:eq:q-cdf-integral' on page 368 undefined on input
 line 26073.


LaTeX Warning: Reference `p12:thm:joint-smoothness' on page 1 undefined on inpu
t line 26106.


LaTeX Warning: Reference `p12:eq:q-cdf-integral' on page 368 undefined on input
 line 26108.


LaTeX Warning: Reference `p12:eq:G-refinement' on page 368 undefined on input l
ine 26116.


LaTeX Warning: Reference `p12:eq:q-cdf-integral' on page 368 undefined on input
 line 26120.


LaTeX Warning: Reference `p12:eq:G-source-F' on page 368 undefined on input lin
e 26121.


LaTeX Warning: Reference `p12:eq:G-refinement' on page 368 undefined on input l
ine 26123.


LaTeX Warning: Reference `p12:eq:q-density-difference' on page 368 undefined on
 input line 26129.


LaTeX Warning: Reference `p12:eq:rho-refinement' on page 368 undefined on input
 line 26129.


LaTeX Warning: Reference `p12:eq:rho-refinement' on page 368 undefined on input
 line 26134.

[368]

LaTeX Warning: Reference `p12:eq:q-density-difference' on page 369 undefined on
 input line 26182.


LaTeX Warning: Reference `p12:sec:audit' on page 1 undefined on input line 2618
5.


LaTeX Warning: Reference `p12:eq:dj' on page 369 undefined on input line 26212.



LaTeX Warning: Reference `p12:eq:log-sinc-response' on page 369 undefined on in
put line 26221.


LaTeX Warning: Reference `p12:eq:marked-sinc' on page 369 undefined on input li
ne 26222.

[369]

LaTeX Warning: Reference `p12:eq:centered-sinc-product' on page 370 undefined o
n input line 26233.


LaTeX Warning: Reference `p12:eq:marked-sinc' on page 370 undefined on input li
ne 26238.


LaTeX Warning: Reference `p12:eq:marked-sinc' on page 370 undefined on input li
ne 26244.


LaTeX Warning: Reference `p12:eq:log-sinc-response' on page 370 undefined on in
put line 26245.


LaTeX Warning: Reference `p12:thm:joint-smoothness' on page 1 undefined on inpu
t line 26249.


LaTeX Warning: Reference `p12:eq:q-cumulant' on page 370 undefined on input lin
e 26287.


LaTeX Warning: Reference `p0:thm:cumulants' on page 1 undefined on input line 2
6287.


LaTeX Warning: Reference `p12:eq:q-cumulant' on page 370 undefined on input lin
e 26293.


LaTeX Warning: Reference `p12:eq:half-cumulant' on page 370 undefined on input 
line 26294.


LaTeX Warning: Reference `p12:eq:half-cumulant-derivative' on page 370 undefine
d on input line 26302.

[370]

LaTeX Warning: Reference `p12:thm:pathwise-response' on page 1 undefined on inp
ut line 26341.


LaTeX Warning: Reference `p12:eq:moment-response' on page 371 undefined on inpu
t line 26350.


LaTeX Warning: Reference `p12:eq:complete-bell-qjets' on page 371 undefined on 
input line 26375.


LaTeX Warning: Reference `p12:eq:cyclotomic-denominator-bound' on page 371 unde
fined on input line 26382.

[371]

LaTeX Warning: Reference `p12:eq:legendre-coeff-formula' on page 372 undefined 
on input line 26431.


LaTeX Warning: Reference `p12:cor:moment-response' on page 1 undefined on input
 line 26432.


LaTeX Warning: Reference `p12:eq:rho-legendre' on page 372 undefined on input l
ine 26449.


Underfull \hbox (badness 1325) in paragraph at lines 26444--26452
\T1/LibertinusSerif-TLF/m/n/10.95 (+20) which is $\OML/cmm/m/it/10.95 a[] \OT1/
cmr/m/n/10.95 = \OMS/cmsy/m/n/10.95 O[]\OT1/cmr/m/n/10.95 (\OML/cmm/m/it/10.95 
k[]\OT1/cmr/m/n/10.95 )$ \T1/LibertinusSerif-TLF/m/n/10.95 (+20) for ev-ery $\O
ML/cmm/m/it/10.95 A$\T1/LibertinusSerif-TLF/m/n/10.95 (+20) . For the $\OML/cmm
/m/it/10.95 C[]$ \T1/LibertinusSerif-TLF/m/n/10.95 (+20) con-ver-gence, the Mar
kov in-equal-ity
 []

<assets/q-fabius-parameter-deformations/Fabius_Flat_Parameter_Response_Dynamics
/figures/tangent_legendre_coefficients.png, id=4236, 505.89pt x 310.761pt>
File: assets/q-fabius-parameter-deformations/Fabius_Flat_Parameter_Response_Dyn
amics/figures/tangent_legendre_coefficients.png Graphic file (type png)
<use assets/q-fabius-parameter-deformations/Fabius_Flat_Parameter_Response_Dyna
mics/figures/tangent_legendre_coefficients.png>
Package pdftex.def Info: assets/q-fabius-parameter-deformations/Fabius_Flat_Par
ameter_Response_Dynamics/figures/tangent_legendre_coefficients.png  used on inp
ut line 26469.
(pdftex.def)             Requested size: 368.6372pt x 226.45058pt.
[372]

LaTeX Warning: Reference `p12:eq:midpoint-transfer-input' on page 373 undefined
 on input line 26515.

[373 <./assets/q-fabius-parameter-deformations/Fabius_Flat_Parameter_Response_D
ynamics/figures/tangent_legendre_coefficients.png>]

LaTeX Warning: Reference `p12:eq:g-fixed' on page 374 undefined on input line 2
6535.


LaTeX Warning: Reference `p12:thm:flat-koenigs' on page 1 undefined on input li
ne 26544.


LaTeX Warning: Reference `p12:eq:g-def' on page 374 undefined on input line 265
48.


LaTeX Warning: Reference `p12:hyp:flat-koenigs' on page 1 undefined on input li
ne 26566.


LaTeX Warning: Reference `p12:lem:flat-local-map' on page 1 undefined on input 
line 26570.


LaTeX Warning: Reference `p12:eq:iterate-derivative-bound' on page 374 undefine
d on input line 26587.


LaTeX Warning: Reference `p12:eq:iterate-contraction' on page 374 undefined on 
input line 26594.


LaTeX Warning: Reference `p12:eq:iterate-derivative-bound' on page 374 undefine
d on input line 26599.


LaTeX Warning: Reference `p12:eq:iterate-contraction' on page 374 undefined on 
input line 26608.


LaTeX Warning: Reference `p12:eq:iterate-derivative-bound' on page 374 undefine
d on input line 26615.

[374]

LaTeX Warning: Reference `p12:eq:local-koenigs-limit' on page 375 undefined on 
input line 26621.


LaTeX Warning: Reference `p12:eq:local-koenigs-properties' on page 375 undefine
d on input line 26623.


LaTeX Warning: Reference `p12:thm:flat-koenigs' on page 1 undefined on input li
ne 26642.


LaTeX Warning: Reference `p12:thm:flat-koenigs' on page 1 undefined on input li
ne 26692.


LaTeX Warning: Reference `p12:lem:diagonal' on page 1 undefined on input line 2
6694.

[375]

LaTeX Warning: Reference `p12:eq:g-def' on page 376 undefined on input line 267
00.


LaTeX Warning: Reference `p12:eq:theta-globalize' on page 376 undefined on inpu
t line 26705.


LaTeX Warning: Reference `p12:lem:diagonal' on page 1 undefined on input line 2
6718.


LaTeX Warning: Reference `p12:eq:theta-global-limit' on page 376 undefined on i
nput line 26723.


LaTeX Warning: Reference `p12:eq:midpoint-transfer-input' on page 376 undefined
 on input line 26727.


LaTeX Warning: Reference `p12:eq:exact-iterates-theta' on page 376 undefined on
 input line 26752.

[376]

LaTeX Warning: Reference `p12:eq:dyadic-leading-input' on page 377 undefined on
 input line 26811.


LaTeX Warning: Reference `p12:eq:endpoint-s-law' on page 377 undefined on input
 line 26825.


LaTeX Warning: Reference `p12:eq:endpoint-s-law' on page 377 undefined on input
 line 26874.


LaTeX Warning: Reference `p12:eq:B-limit' on page 377 undefined on input line 2
6886.


LaTeX Warning: Reference `p12:eq:B-series' on page 377 undefined on input line 
26886.


LaTeX Warning: Reference `p12:eq:B-series' on page 377 undefined on input line 
26892.


LaTeX Warning: Reference `p12:eq:B-doubling' on page 377 undefined on input lin
e 26893.

[377]

LaTeX Warning: Reference `p12:eq:double-exp-log' on page 378 undefined on input
 line 26901.


LaTeX Warning: Reference `p12:eq:double-exponential-orbit' on page 378 undefine
d on input line 26901.


LaTeX Warning: Reference `p12:eq:double-exponential-orbit' on page 378 undefine
d on input line 26909.


LaTeX Warning: Reference `p12:eq:double-exponential-right-orbit' on page 378 un
defined on input line 26910.


LaTeX Warning: Reference `p12:thm:global-theta' on page 1 undefined on input li
ne 26915.


LaTeX Warning: Reference `p12:thm:global-theta' on page 1 undefined on input li
ne 26942.


LaTeX Warning: Reference `p12:eq:B-theta-periodic' on page 378 undefined on inp
ut line 26948.

[378]

LaTeX Warning: Reference `p12:thm:pathwise-response' on page 1 undefined on inp
ut line 26986.

<assets/q-fabius-parameter-deformations/Fabius_Flat_Parameter_Response_Dynamics
/figures/tangent_cdf.png, id=4325, 505.89pt x 310.761pt>
File: assets/q-fabius-parameter-deformations/Fabius_Flat_Parameter_Response_Dyn
amics/figures/tangent_cdf.png Graphic file (type png)
<use assets/q-fabius-parameter-deformations/Fabius_Flat_Parameter_Response_Dyna
mics/figures/tangent_cdf.png>
Package pdftex.def Info: assets/q-fabius-parameter-deformations/Fabius_Flat_Par
ameter_Response_Dynamics/figures/tangent_cdf.png  used on input line 27021.
(pdftex.def)             Requested size: 368.6372pt x 226.45058pt.

LaTeX Warning: Reference `p12:eq:left-front-defect' on page 379 undefined on in
put line 27032.

[379]

LaTeX Warning: Reference `p12:eq:center-front-defect' on page 380 undefined on 
input line 27058.


LaTeX Warning: Reference `p12:thm:flat-fronts' on page 1 undefined on input lin
e 27069.


LaTeX Warning: Reference `p12:thm:flat-fronts' on page 1 undefined on input lin
e 27070.


LaTeX Warning: Reference `p12:eq:rho-legendre' on page 380 undefined on input l
ine 27083.

[380 <./assets/q-fabius-parameter-deformations/Fabius_Flat_Parameter_Response_D
ynamics/figures/tangent_cdf.png>]

LaTeX Warning: Reference `p12:eq:log-sinc-response' on page 381 undefined on in
put line 27090.


LaTeX Warning: Reference `p12:eq:Pdyn-def' on page 381 undefined on input line 
27102.


LaTeX Warning: Reference `p12:eq:B-series' on page 381 undefined on input line 
27108.

[381]

LaTeX Warning: Reference `p12:thm:susceptibility' on page 1 undefined on input 
line 27196.


Underfull \hbox (badness 1231) in paragraph at lines 27195--27197
[]\T1/LibertinusSerif-TLF/m/n/10.95 (+20) Differentiate the affine independent-
copy fixed point and pack-age [] in the zero-mass
 []


LaTeX Warning: Reference `p12:eq:left-front-qjet' on page 382 undefined on inpu
t line 27214.


LaTeX Warning: Reference `p12:eq:center-qjet' on page 382 undefined on input li
ne 27214.


LaTeX Warning: Reference `p12:eq:G-refinement' on page 382 undefined on input l
ine 27221.


LaTeX Warning: Reference `p12:eq:rho-refinement' on page 382 undefined on input
 line 27221.


LaTeX Warning: Reference `p12:eq:half-cumulant-derivative' on page 382 undefine
d on input line 27224.


LaTeX Warning: Reference `p12:eq:moment-response' on page 382 undefined on inpu
t line 27224.

[382]

LaTeX Warning: Reference `p12:eq:legendre-coeff-formula' on page 383 undefined 
on input line 27226.


LaTeX Warning: Reference `p12:thm:flat-koenigs' on page 1 undefined on input li
ne 27234.


LaTeX Warning: Reference `p12:eq:iterate-derivative-bound' on page 383 undefine
d on input line 27235.


LaTeX Warning: Reference `p12:eq:B-series' on page 383 undefined on input line 
27240.


LaTeX Warning: Reference `p12:thm:flat-koenigs' on page 1 undefined on input li
ne 27245.


LaTeX Warning: Reference `p12:thm:flat-koenigs' on page 1 undefined on input li
ne 27266.

[383]

LaTeX Warning: Reference `p12:fig:tangent-cdf' on page 1 undefined on input lin
e 27320.


LaTeX Warning: Reference `p12:fig:legendre-coeffs' on page 1 undefined on input
 line 27322.

[384] [385

] [386] [387]
Underfull \hbox (badness 3333) in paragraph at lines 27608--27613
[]\T1/LibertinusSerif-TLF/m/n/10.95 (+20) V. A. Rvachev,  Com-pactly sup-ported
 so-lu-tions of functional-differential equa-tions
 []


Underfull \hbox (badness 1092) in paragraph at lines 27608--27613
\T1/LibertinusSerif-TLF/m/n/10.95 (+20) and their ap-pli-ca-tions,  \T1/Liberti
nusSerif-TLF/m/it/10.95 (+20) Rus-sian Math-e-mat-i-cal Sur-veys \T1/Libertinus
Serif-TLF/b/n/10.95 (+20) 45 \T1/LibertinusSerif-TLF/m/n/10.95 (+20) (1990), no
. 1, 87--120; DOI:
 []


Underfull \hbox (badness 10000) in paragraph at lines 27635--27638
[]\T1/LibertinusSerif-TLF/m/n/10.95 (+20) V. Reshet-nikov et al.,  Non-formaliz
ed re-search fron-tiers and the-matic
 []


Underfull \hbox (badness 10000) in paragraph at lines 27635--27638
\T1/LibertinusSerif-TLF/m/n/10.95 (+20) draft con-sol-i-da-tions for the Fabius
--Rvachev sys-tem,  \T1/LibertinusMono-TLF/m/n/10.95 ProveIt \T1/LibertinusSeri
f-TLF/m/n/10.95 (+20) repos-i-tory,
 []

[388] [389] [390]

Package longtable Warning: Table widths have changed. Rerun LaTeX.

(C:\Temp\pv-guak6rr8\out\geometric_q_fabius_frontiers.aux)
 ***********
LaTeX2e <2025-11-01>
L3 programming layer <2026-03-20>
 ***********


LaTeX Warning: There were undefined references.


LaTeX Warning: Label(s) may have changed. Rerun to get cross-references right.


Package rerunfilecheck Warning: File `geometric_q_fabius_frontiers.out' has cha
nged.
(rerunfilecheck)                Rerun to get outlines right
(rerunfilecheck)                or use package `bookmark'.

Package rerunfilecheck Info: Checksums for `geometric_q_fabius_frontiers.out':
(rerunfilecheck)             Before: <no file>
(rerunfilecheck)             After:  B5A720CCBFF000F719CB2473F05ACB21;160987.
 ) 
Here is how much of TeX's memory you used:
 54591 strings out of 467691
 1265198 string characters out of 5414987
 1891464 words of memory out of 5000000
 78987 multiletter control sequences out of 15000+600000
 864598 words of font info for 694 fonts, out of 8000000 for 9000
 1141 hyphenation exceptions out of 8191
 98i,13n,117p,1027b,3533s stack positions out of 10000i,1000n,20000p,200000b,200000s
<C:/Users/vresh/AppData/Local/Programs/MiKTeX/fonts/type1/public/libertinus-t
ype1/LibertinusMono-Bold.pfb><C:/Users/vresh/AppData/Local/Programs/MiKTeX/font
s/type1/public/libertinus-type1/LibertinusMono-Italic.pfb><C:/Users/vresh/AppDa
ta/Local/Programs/MiKTeX/fonts/type1/public/libertinus-type1/LibertinusMono-Reg
ular.pfb><C:/Users/vresh/AppData/Local/Programs/MiKTeX/fonts/type1/public/liber
tinus-type1/LibertinusSans-Bold.pfb><C:/Users/vresh/AppData/Local/Programs/MiKT
eX/fonts/type1/public/libertinus-type1/LibertinusSans-Regular.pfb><C:/Users/vre
sh/AppData/Local/Programs/MiKTeX/fonts/type1/public/libertinus-type1/Libertinus
Serif-Bold.pfb><C:/Users/vresh/AppData/Local/Programs/MiKTeX/fonts/type1/public
/libertinus-type1/LibertinusSerif-BoldItalic.pfb><C:/Users/vresh/AppData/Local/
Programs/MiKTeX/fonts/type1/public/libertinus-type1/LibertinusSerif-Italic.pfb>
<C:/Users/vresh/AppData/Local/Programs/MiKTeX/fonts/type1/public/libertinus-typ
e1/LibertinusSerif-Regular.pfb><C:/Users/vresh/AppData/Local/Programs/MiKTeX/fo
nts/type1/public/amsfonts/cm/cmbx10.pfb><C:/Users/vresh/AppData/Local/Programs/
MiKTeX/fonts/type1/public/amsfonts/cm/cmbx8.pfb><C:/Users/vresh/AppData/Local/P
rograms/MiKTeX/fonts/type1/public/amsfonts/cm/cmex10.pfb><C:/Users/vresh/AppDat
a/Local/Programs/MiKTeX/fonts/type1/public/amsfonts/cmextra/cmex8.pfb><C:/Users
/vresh/AppData/Local/Programs/MiKTeX/fonts/type1/public/amsfonts/cm/cmmi10.pfb>
<C:/Users/vresh/AppData/Local/Programs/MiKTeX/fonts/type1/public/amsfonts/cm/cm
mi12.pfb><C:/Users/vresh/AppData/Local/Programs/MiKTeX/fonts/type1/public/amsfo
nts/cm/cmmi5.pfb><C:/Users/vresh/AppData/Local/Programs/MiKTeX/fonts/type1/publ
ic/amsfonts/cm/cmmi6.pfb><C:/Users/vresh/AppData/Local/Programs/MiKTeX/fonts/ty
pe1/public/amsfonts/cm/cmmi7.pfb><C:/Users/vresh/AppData/Local/Programs/MiKTeX/
fonts/type1/public/amsfonts/cm/cmmi8.pfb><C:/Users/vresh/AppData/Local/Programs
/MiKTeX/fonts/type1/public/amsfonts/cm/cmmi9.pfb><C:/Users/vresh/AppData/Local/
Programs/MiKTeX/fonts/type1/public/amsfonts/cm/cmmib10.pfb><C:/Users/vresh/AppD
ata/Local/Programs/MiKTeX/fonts/type1/public/amsfonts/cmextra/cmmib8.pfb><C:/Us
ers/vresh/AppData/Local/Programs/MiKTeX/fonts/type1/public/amsfonts/cm/cmr10.pf
b><C:/Users/vresh/AppData/Local/Programs/MiKTeX/fonts/type1/public/amsfonts/cm/
cmr12.pfb><C:/Users/vresh/AppData/Local/Programs/MiKTeX/fonts/type1/public/amsf
onts/cm/cmr5.pfb><C:/Users/vresh/AppData/Local/Programs/MiKTeX/fonts/type1/publ
ic/amsfonts/cm/cmr6.pfb><C:/Users/vresh/AppData/Local/Programs/MiKTeX/fonts/typ
e1/public/amsfonts/cm/cmr7.pfb><C:/Users/vresh/AppData/Local/Programs/MiKTeX/fo
nts/type1/public/amsfonts/cm/cmr8.pfb><C:/Users/vresh/AppData/Local/Programs/Mi
KTeX/fonts/type1/public/amsfonts/cm/cmr9.pfb><C:/Users/vresh/AppData/Local/Prog
rams/MiKTeX/fonts/type1/public/amsfonts/cm/cmss10.pfb><C:/Users/vresh/AppData/L
ocal/Programs/MiKTeX/fonts/type1/public/amsfonts/cm/cmss8.pfb><C:/Users/vresh/A
ppData/Local/Programs/MiKTeX/fonts/type1/public/amsfonts/cm/cmsy10.pfb><C:/User
s/vresh/AppData/Local/Programs/MiKTeX/fonts/type1/public/amsfonts/cm/cmsy5.pfb>
<C:/Users/vresh/AppData/Local/Programs/MiKTeX/fonts/type1/public/amsfonts/cm/cm
sy6.pfb><C:/Users/vresh/AppData/Local/Programs/MiKTeX/fonts/type1/public/amsfon
ts/cm/cmsy7.pfb><C:/Users/vresh/AppData/Local/Programs/MiKTeX/fonts/type1/publi
c/amsfonts/cm/cmsy8.pfb><C:/Users/vresh/AppData/Local/Programs/MiKTeX/fonts/typ
e1/public/amsfonts/euler/eufm10.pfb><C:/Users/vresh/AppData/Local/Programs/MiKT
eX/fonts/type1/public/amsfonts/symbols/msam10.pfb><C:/Users/vresh/AppData/Local
/Programs/MiKTeX/fonts/type1/public/amsfonts/symbols/msbm10.pfb><C:/Users/vresh
/AppData/Local/Programs/MiKTeX/fonts/type1/public/amsfonts/symbols/msbm7.pfb><C
:/Users/vresh/AppData/Local/Programs/MiKTeX/fonts/type1/public/rsfs/rsfs10.pfb>

Output written on C:\Temp\pv-guak6rr8\out\geometric_q_fabius_frontiers.pdf (390
 pages, 8661561 bytes).
PDF statistics:
 5388 PDF objects out of 6186 (max. 8388607)
 3106 named destinations out of 3580 (max. 500000)
 118704 words of extra memory for PDF output out of 128383 (max. 10000000)

