This is pdfTeX, Version 3.141592653-2.6-1.40.29 (MiKTeX 26.2) (preloaded format=pdflatex 2026.8.15)  9 SEP 2026 12:53
entering extended mode
 file:line:error style messages enabled.
 %&-line parsing enabled.
**./geometric_q_fabius_frontiers.tex
(geometric_q_fabius_frontiers.tex
LaTeX2e <2025-11-01>
L3 programming layer <2026-03-20>
(C:\Users\vresh\AppData\Local\Programs\MiKTeX\tex/latex/base\article.cls
Document Class: article 2025/01/22 v1.4n Standard LaTeX document class
(C:\Users\vresh\AppData\Local\Programs\MiKTeX\tex/latex/base\size11.clo
File: size11.clo 2025/01/22 v1.4n Standard LaTeX file (size option)
)
\c@part=\count275
\c@section=\count276
\c@subsection=\count277
\c@subsubsection=\count278
\c@paragraph=\count279
\c@subparagraph=\count280
\c@figure=\count281
\c@table=\count282
\abovecaptionskip=\skip49
\belowcaptionskip=\skip50
\bibindent=\dimen150
)
(C:\Users\vresh\AppData\Local\Programs\MiKTeX\tex/latex/geometry\geometry.sty
Package: geometry 2026/03/07 v6.0 Page Geometry

(C:\Users\vresh\AppData\Local\Programs\MiKTeX\tex/latex/graphics\keyval.sty
Package: keyval 2022/05/29 v1.15 key=value parser (DPC)
\KV@toks@=\toks17
)
(C:\Users\vresh\AppData\Local\Programs\MiKTeX\tex/generic/iftex\ifvtex.sty
Package: ifvtex 2019/10/25 v1.7 ifvtex legacy package. Use iftex instead.

(C:\Users\vresh\AppData\Local\Programs\MiKTeX\tex/generic/iftex\iftex.sty
Package: iftex 2024/12/12 v1.0g TeX engine tests
))
\Gm@cnth=\count283
\Gm@cntv=\count284
\c@Gm@tempcnt=\count285
\Gm@bindingoffset=\dimen151
\Gm@wd@mp=\dimen152
\Gm@odd@mp=\dimen153
\Gm@even@mp=\dimen154
\Gm@layoutwidth=\dimen155
\Gm@layoutheight=\dimen156
\Gm@layouthoffset=\dimen157
\Gm@layoutvoffset=\dimen158
\Gm@dimlist=\toks18

(C:\Users\vresh\AppData\Local\Programs\MiKTeX\tex/latex/geometry\geometry.cfg))
(C:\Users\vresh\AppData\Local\Programs\MiKTeX\tex/latex/base\fontenc.sty
Package: fontenc 2025/07/18 v2.1d Standard LaTeX package
)
(C:\Users\vresh\AppData\Local\Programs\MiKTeX\tex/latex/base\inputenc.sty
Package: inputenc 2024/02/08 v1.3d Input encoding file
\inpenc@prehook=\toks19
\inpenc@posthook=\toks20
)
(C:\Users\vresh\AppData\Local\Programs\MiKTeX\tex/latex/libertinus\libertinus.s
ty
Package: libertinus 2020/05/06 v. 0.02 (Herbert Voss) Supports libertinus fonts
 for pdflatex/lualatex/xelatex
 (C:\Users\vresh\AppData\Local\Programs\MiKTeX\tex/latex/xkeyval\xkeyval.sty
Package: xkeyval 2022/06/16 v2.9 package option processing (HA)

(C:\Users\vresh\AppData\Local\Programs\MiKTeX\tex/generic/xkeyval\xkeyval.tex
(C:\Users\vresh\AppData\Local\Programs\MiKTeX\tex/generic/xkeyval\xkvutils.tex
\XKV@toks=\toks21
\XKV@tempa@toks=\toks22
)
\XKV@depth=\count286
File: xkeyval.tex 2014/12/03 v2.7a key=value parser (HA)
))
(C:\Users\vresh\AppData\Local\Programs\MiKTeX\tex/latex/libertinus-type1\libert
inus-type1.sty
Package: libertinus-type1 2025/11/17 (Bob Tennent) Supports libertinus fonts fo
r latex/pdflatex.

(C:\Users\vresh\AppData\Local\Programs\MiKTeX\tex/generic/iftex\ifxetex.sty
Package: ifxetex 2019/10/25 v0.7 ifxetex legacy package. Use iftex instead.
)
(C:\Users\vresh\AppData\Local\Programs\MiKTeX\tex/generic/iftex\ifluatex.sty
Package: ifluatex 2019/10/25 v1.5 ifluatex legacy package. Use iftex instead.
)
(C:\Users\vresh\AppData\Local\Programs\MiKTeX\tex/latex/base\textcomp.sty
Package: textcomp 2024/04/24 v2.1b Standard LaTeX package
)
(C:\Users\vresh\AppData\Local\Programs\MiKTeX\tex/latex/base\fontenc.sty
Package: fontenc 2025/07/18 v2.1d Standard LaTeX package
)
(C:\Users\vresh\AppData\Local\Programs\MiKTeX\tex/latex/fontaxes\fontaxes.sty
Package: fontaxes 2026-01-02 v2.0.2 Font selection axes (deprecated)
Applying: [2024-11-01] Use figureversions if present on input line 74.

(C:\Users\vresh\AppData\Local\Programs\MiKTeX\tex/latex/figureversions\figureve
rsions.sty
Package: figureversions 2025-04-29 v1.0.1 Figure versions
)
Already applied: [0000-00-00] Fall back to v1 on input line 76.
)))
(C:\Users\vresh\AppData\Local\Programs\MiKTeX\tex/latex/microtype\microtype.sty
Package: microtype 2026/03/01 v3.2d Micro-typographical refinements (RS)
(C:\Users\vresh\AppData\Local\Programs\MiKTeX\tex/latex/etoolbox\etoolbox.sty
Package: etoolbox 2025/10/02 v2.5m e-TeX tools for LaTeX (JAW)
\etb@tempcnta=\count287
)
\MT@toks=\toks23
\MT@tempbox=\box53
\MT@count=\count288
LaTeX Info: Redefining \noprotrusionifhmode on input line 1084.
LaTeX Info: Redefining \leftprotrusion on input line 1085.
\MT@prot@toks=\toks24
LaTeX Info: Redefining \rightprotrusion on input line 1104.
LaTeX Info: Redefining \textls on input line 1449.
\MT@outer@kern=\dimen159
LaTeX Info: Redefining \microtypecontext on input line 2053.
LaTeX Info: Redefining \textmicrotypecontext on input line 2070.
\MT@listname@count=\count289

(C:\Users\vresh\AppData\Local\Programs\MiKTeX\tex/latex/microtype\microtype-pdf
tex.def
File: microtype-pdftex.def 2026/03/01 v3.2d Definitions specific to pdftex (RS)

LaTeX Info: Redefining \lsstyle on input line 944.
LaTeX Info: Redefining \lslig on input line 944.
\MT@outer@space=\skip51
)
Package microtype Info: Loading configuration file microtype.cfg.

(C:\Users\vresh\AppData\Local\Programs\MiKTeX\tex/latex/microtype\microtype.cfg
File: microtype.cfg 2026/03/01 v3.2d microtype main configuration file (RS)
)
LaTeX Info: Redefining \microtypesetup on input line 3065.
) (C:\Users\vresh\AppData\Local\Programs\MiKTeX\tex/latex/amsmath\amsmath.sty
Package: amsmath 2025/07/09 v2.17z AMS math features
\@mathmargin=\skip52

For additional information on amsmath, use the `?' option.
(C:\Users\vresh\AppData\Local\Programs\MiKTeX\tex/latex/amsmath\amstext.sty
Package: amstext 2024/11/17 v2.01 AMS text

(C:\Users\vresh\AppData\Local\Programs\MiKTeX\tex/latex/amsmath\amsgen.sty
File: amsgen.sty 1999/11/30 v2.0 generic functions
\@emptytoks=\toks25
\ex@=\dimen160
))
(C:\Users\vresh\AppData\Local\Programs\MiKTeX\tex/latex/amsmath\amsbsy.sty
Package: amsbsy 1999/11/29 v1.2d Bold Symbols
\pmbraise@=\dimen161
)
(C:\Users\vresh\AppData\Local\Programs\MiKTeX\tex/latex/amsmath\amsopn.sty
Package: amsopn 2022/04/08 v2.04 operator names
)
\inf@bad=\count290
LaTeX Info: Redefining \frac on input line 233.
\uproot@=\count291
\leftroot@=\count292
LaTeX Info: Redefining \overline on input line 398.
LaTeX Info: Redefining \colon on input line 409.
\classnum@=\count293
\DOTSCASE@=\count294
LaTeX Info: Redefining \ldots on input line 495.
LaTeX Info: Redefining \dots on input line 498.
LaTeX Info: Redefining \cdots on input line 619.
\Mathstrutbox@=\box54
\strutbox@=\box55
LaTeX Info: Redefining \big on input line 721.
LaTeX Info: Redefining \Big on input line 722.
LaTeX Info: Redefining \bigg on input line 723.
LaTeX Info: Redefining \Bigg on input line 724.
\big@size=\dimen162
LaTeX Font Info:    Redeclaring font encoding OML on input line 742.
LaTeX Font Info:    Redeclaring font encoding OMS on input line 743.
\macc@depth=\count295
LaTeX Info: Redefining \bmod on input line 904.
LaTeX Info: Redefining \pmod on input line 909.
LaTeX Info: Redefining \smash on input line 939.
LaTeX Info: Redefining \relbar on input line 969.
LaTeX Info: Redefining \Relbar on input line 970.
\c@MaxMatrixCols=\count296
\dotsspace@=\muskip17
\c@parentequation=\count297
\dspbrk@lvl=\count298
\tag@help=\toks26
\row@=\count299
\column@=\count300
\maxfields@=\count301
\andhelp@=\toks27
\eqnshift@=\dimen163
\alignsep@=\dimen164
\tagshift@=\dimen165
\tagwidth@=\dimen166
\totwidth@=\dimen167
\lineht@=\dimen168
\@envbody=\toks28
\multlinegap=\skip53
\multlinetaggap=\skip54
\mathdisplay@stack=\toks29
LaTeX Info: Redefining \[ on input line 2950.
LaTeX Info: Redefining \] on input line 2951.
)
(C:\Users\vresh\AppData\Local\Programs\MiKTeX\tex/latex/amsfonts\amssymb.sty
Package: amssymb 2013/01/14 v3.01 AMS font symbols

(C:\Users\vresh\AppData\Local\Programs\MiKTeX\tex/latex/amsfonts\amsfonts.sty
Package: amsfonts 2013/01/14 v3.01 Basic AMSFonts support
\symAMSa=\mathgroup4
\symAMSb=\mathgroup5
LaTeX Font Info:    Redeclaring math symbol \hbar on input line 98.
LaTeX Font Info:    Overwriting math alphabet `\mathfrak' in version `bold'
(Font)                  U/euf/m/n --> U/euf/b/n on input line 106.
)) (C:\Users\vresh\AppData\Local\Programs\MiKTeX\tex/latex/amscls\amsthm.sty
Package: amsthm 2020/05/29 v2.20.6
\thm@style=\toks30
\thm@bodyfont=\toks31
\thm@headfont=\toks32
\thm@notefont=\toks33
\thm@headpunct=\toks34
\thm@preskip=\skip55
\thm@postskip=\skip56
\thm@headsep=\skip57
\dth@everypar=\toks35
)
(C:\Users\vresh\AppData\Local\Programs\MiKTeX\tex/latex/mathtools\mathtools.sty
Package: mathtools 2024/10/04 v1.31 mathematical typesetting tools
(C:\Users\vresh\AppData\Local\Programs\MiKTeX\tex/latex/tools\calc.sty
Package: calc 2025/03/01 v4.3b Infix arithmetic (KKT,FJ)
\calc@Acount=\count302
\calc@Bcount=\count303
\calc@Adimen=\dimen169
\calc@Bdimen=\dimen170
\calc@Askip=\skip58
\calc@Bskip=\skip59
LaTeX Info: Redefining \setlength on input line 86.
LaTeX Info: Redefining \addtolength on input line 87.
\calc@Ccount=\count304
\calc@Cskip=\skip60
)
(C:\Users\vresh\AppData\Local\Programs\MiKTeX\tex/latex/mathtools\mhsetup.sty
Package: mhsetup 2021/03/18 v1.4 programming setup (MH)
)
\g_MT_multlinerow_int=\count305
\l_MT_multwidth_dim=\dimen171
\origjot=\skip61
\l_MT_shortvdotswithinadjustabove_dim=\dimen172
\l_MT_shortvdotswithinadjustbelow_dim=\dimen173
\l_MT_above_intertext_sep=\dimen174
\l_MT_below_intertext_sep=\dimen175
\l_MT_above_shortintertext_sep=\dimen176
\l_MT_below_shortintertext_sep=\dimen177
\xmathstrut@box=\box56
\xmathstrut@dim=\dimen178
) (C:\Users\vresh\AppData\Local\Programs\MiKTeX\tex/latex/jknappen\mathrsfs.sty
Package: mathrsfs 1996/01/01 Math RSFS package v1.0 (jk)
\symrsfs=\mathgroup6
) (C:\Users\vresh\AppData\Local\Programs\MiKTeX\tex/latex/tools\bm.sty
Package: bm 2025/10/21 v1.2g Bold Symbol Support (DPC/FMi)
\symboldoperators=\mathgroup7
\symboldletters=\mathgroup8
\symboldsymbols=\mathgroup9
Package bm Info: No bold for \OMX/cmex/m/n, using \pmb.
Package bm Info: No bold for \U/msa/m/n, using \pmb.
Package bm Info: No bold for \U/msb/m/n, using \pmb.
Package bm Info: No bold for \U/rsfs/m/n, using \pmb.
LaTeX Font Info:    Redeclaring math alphabet \mathbf on input line 149.
)
(../../../../fabius-notation.tex)
(C:\Users\vresh\AppData\Local\Programs\MiKTeX\tex/latex/booktabs\booktabs.sty
Package: booktabs 2020/01/12 v1.61803398 Publication quality tables
\heavyrulewidth=\dimen179
\lightrulewidth=\dimen180
\cmidrulewidth=\dimen181
\belowrulesep=\dimen182
\belowbottomsep=\dimen183
\aboverulesep=\dimen184
\abovetopsep=\dimen185
\cmidrulesep=\dimen186
\cmidrulekern=\dimen187
\defaultaddspace=\dimen188
\@cmidla=\count306
\@cmidlb=\count307
\@aboverulesep=\dimen189
\@belowrulesep=\dimen190
\@thisruleclass=\count308
\@lastruleclass=\count309
\@thisrulewidth=\dimen191
)
(C:\Users\vresh\AppData\Local\Programs\MiKTeX\tex/latex/tools\longtable.sty
Package: longtable 2025-10-13 v4.24 Multi-page Table package (DPC)
\LTleft=\skip62
\LTright=\skip63
\LTpre=\skip64
\LTpost=\skip65
\LTchunksize=\count310
\LTcapwidth=\dimen192
\LT@head=\box57
\LT@firsthead=\box58
\LT@foot=\box59
\LT@lastfoot=\box60
\LT@gbox=\box61
\LT@cols=\count311
\LT@rows=\count312
\c@LT@tables=\count313
\c@LT@chunks=\count314
\LT@p@ftn=\toks36
)
(C:\Users\vresh\AppData\Local\Programs\MiKTeX\tex/latex/tools\tabularx.sty
Package: tabularx 2023/12/11 v2.12a `tabularx' package (DPC)

(C:\Users\vresh\AppData\Local\Programs\MiKTeX\tex/latex/tools\array.sty
Package: array 2025/09/25 v2.6n Tabular extension package (FMi)
\col@sep=\dimen193
\ar@mcellbox=\box62
\extrarowheight=\dimen194
\NC@list=\toks37
\extratabsurround=\skip66
\backup@length=\skip67
\ar@cellbox=\box63
)
\TX@col@width=\dimen195
\TX@old@table=\dimen196
\TX@old@col=\dimen197
\TX@target=\dimen198
\TX@delta=\dimen199
\TX@cols=\count315
\TX@ftn=\toks38
)
(C:\Users\vresh\AppData\Local\Programs\MiKTeX\tex/latex/multirow\multirow.sty
Package: multirow 2024/11/12 v2.9 Span multiple rows of a table
\multirow@colwidth=\skip68
\multirow@cntb=\count316
\multirow@dima=\skip69
\bigstrutjot=\dimen256
)
(C:\Users\vresh\AppData\Local\Programs\MiKTeX\tex/latex/graphics\graphicx.sty
Package: graphicx 2024/12/31 v1.2e Enhanced LaTeX Graphics (DPC,SPQR)

(C:\Users\vresh\AppData\Local\Programs\MiKTeX\tex/latex/graphics\graphics.sty
Package: graphics 2024/08/06 v1.4g Standard LaTeX Graphics (DPC,SPQR)

(C:\Users\vresh\AppData\Local\Programs\MiKTeX\tex/latex/graphics\trig.sty
Package: trig 2023/12/02 v1.11 sin cos tan (DPC)
)
(C:\Users\vresh\AppData\Local\Programs\MiKTeX\tex/latex/graphics-cfg\graphics.c
fg
File: graphics.cfg 2016/06/04 v1.11 sample graphics configuration
)
Package graphics Info: Driver file: pdftex.def on input line 106.

(C:\Users\vresh\AppData\Local\Programs\MiKTeX\tex/latex/graphics-def\pdftex.def
File: pdftex.def 2025/09/29 v1.2d Graphics/color driver for pdftex
))
\Gin@req@height=\dimen257
\Gin@req@width=\dimen258
) (C:\Users\vresh\AppData\Local\Programs\MiKTeX\tex/latex/xcolor\xcolor.sty
Package: xcolor 2024/09/29 v3.02 LaTeX color extensions (UK)

(C:\Users\vresh\AppData\Local\Programs\MiKTeX\tex/latex/graphics-cfg\color.cfg
File: color.cfg 2016/01/02 v1.6 sample color configuration
)
Package xcolor Info: Driver file: pdftex.def on input line 274.
(C:\Users\vresh\AppData\Local\Programs\MiKTeX\tex/latex/graphics\mathcolor.ltx)
Package xcolor Info: Model `cmy' substituted by `cmy0' on input line 1349.
Package xcolor Info: Model `hsb' substituted by `rgb' on input line 1353.
Package xcolor Info: Model `RGB' extended on input line 1365.
Package xcolor Info: Model `HTML' substituted by `rgb' on input line 1367.
Package xcolor Info: Model `Hsb' substituted by `hsb' on input line 1368.
Package xcolor Info: Model `tHsb' substituted by `hsb' on input line 1369.
Package xcolor Info: Model `HSB' substituted by `hsb' on input line 1370.
Package xcolor Info: Model `Gray' substituted by `gray' on input line 1371.
Package xcolor Info: Model `wave' substituted by `hsb' on input line 1372.
) (C:\Users\vresh\AppData\Local\Programs\MiKTeX\tex/latex/enumitem\enumitem.sty
Package: enumitem 2025/02/06 v3.11 Customized lists
\labelindent=\skip70
\enit@outerparindent=\dimen259
\enit@toks=\toks39
\enit@inbox=\box64
\enit@count@id=\count317
\enitdp@description=\count318
) (C:\Users\vresh\AppData\Local\Programs\MiKTeX\tex/latex/fancyhdr\fancyhdr.sty
Package: fancyhdr 2025/02/07 v5.2 Extensive control of page headers and footers

\f@nch@headwidth=\skip71
\f@nch@offset@elh=\skip72
\f@nch@offset@erh=\skip73
\f@nch@offset@olh=\skip74
\f@nch@offset@orh=\skip75
\f@nch@offset@elf=\skip76
\f@nch@offset@erf=\skip77
\f@nch@offset@olf=\skip78
\f@nch@offset@orf=\skip79
\f@nch@height=\skip80
\f@nch@footalignment=\skip81
\f@nch@widthL=\skip82
\f@nch@widthC=\skip83
\f@nch@widthR=\skip84
\@temptokenb=\toks40
) (C:\Users\vresh\AppData\Local\Programs\MiKTeX\tex/latex/titlesec\titlesec.sty
Package: titlesec 2025/01/04 v2.17 Sectioning titles
\ttl@box=\box65
\beforetitleunit=\skip85
\aftertitleunit=\skip86
\ttl@plus=\dimen260
\ttl@minus=\dimen261
\ttl@toksa=\toks41
\titlewidth=\dimen262
\titlewidthlast=\dimen263
\titlewidthfirst=\dimen264
) (C:\Users\vresh\AppData\Local\Programs\MiKTeX\tex/latex/xurl\xurl.sty
Package: xurl 2022/01/09 v 0.10 modify URL breaks

(C:\Users\vresh\AppData\Local\Programs\MiKTeX\tex/latex/url\url.sty
\Urlmuskip=\muskip18
Package: url 2013/09/16  ver 3.4  Verb mode for urls, etc.
))
(C:\Users\vresh\AppData\Local\Programs\MiKTeX\tex/latex/listings\listings.sty
\lst@mode=\count319
\lst@gtempboxa=\box66
\lst@token=\toks42
\lst@length=\count320
\lst@currlwidth=\dimen265
\lst@column=\count321
\lst@pos=\count322
\lst@lostspace=\dimen266
\lst@width=\dimen267
\lst@newlines=\count323
\lst@lineno=\count324
\lst@maxwidth=\dimen268

(C:\Users\vresh\AppData\Local\Programs\MiKTeX\tex/latex/listings\lstpatch.sty
File: lstpatch.sty 2025/11/14 1.11b (Carsten Heinz)
)
(C:\Users\vresh\AppData\Local\Programs\MiKTeX\tex/latex/listings\lstmisc.sty
File: lstmisc.sty 2025/11/14 1.11b (Carsten Heinz)
\c@lstnumber=\count325
\lst@skipnumbers=\count326
\lst@framebox=\box67
)
(C:\Users\vresh\AppData\Local\Programs\MiKTeX\tex/latex/listings\listings.cfg
File: listings.cfg 2025/11/14 1.11b listings configuration
))
Package: listings 2025/11/14 1.11b (Carsten Heinz)
==> First Aid for listings.sty no longer applied!
    Expected:
        2024/09/23 1.10c (Carsten Heinz)
    but found:
        2025/11/14 1.11b (Carsten Heinz)
    so I'm assuming it got fixed.
(C:\Users\vresh\AppData\Local\Programs\MiKTeX\tex/latex/hyperref\hyperref.sty
Package: hyperref 2026-01-29 v7.01p Hypertext links for LaTeX

(C:\Users\vresh\AppData\Local\Programs\MiKTeX\tex/latex/kvsetkeys\kvsetkeys.sty
Package: kvsetkeys 2022-10-05 v1.19 Key value parser (HO)
)
(C:\Users\vresh\AppData\Local\Programs\MiKTeX\tex/generic/kvdefinekeys\kvdefine
keys.sty
Package: kvdefinekeys 2019-12-19 v1.6 Define keys (HO)
)
(C:\Users\vresh\AppData\Local\Programs\MiKTeX\tex/generic/pdfescape\pdfescape.s
ty
Package: pdfescape 2019/12/09 v1.15 Implements pdfTeX's escape features (HO)

(C:\Users\vresh\AppData\Local\Programs\MiKTeX\tex/generic/ltxcmds\ltxcmds.sty
Package: ltxcmds 2023-12-04 v1.26 LaTeX kernel commands for general use (HO)
)
(C:\Users\vresh\AppData\Local\Programs\MiKTeX\tex/generic/pdftexcmds\pdftexcmds
.sty
Package: pdftexcmds 2020-06-27 v0.33 Utility functions of pdfTeX for LuaTeX (HO
)

(C:\Users\vresh\AppData\Local\Programs\MiKTeX\tex/generic/infwarerr\infwarerr.s
ty
Package: infwarerr 2019/12/03 v1.5 Providing info/warning/error messages (HO)
)
Package pdftexcmds Info: \pdf@primitive is available.
Package pdftexcmds Info: \pdf@ifprimitive is available.
Package pdftexcmds Info: \pdfdraftmode found.
))
(C:\Users\vresh\AppData\Local\Programs\MiKTeX\tex/latex/hycolor\hycolor.sty
Package: hycolor 2020-01-27 v1.10 Color options for hyperref/bookmark (HO)
)
(C:\Users\vresh\AppData\Local\Programs\MiKTeX\tex/latex/hyperref\nameref.sty
Package: nameref 2026-01-29 v2.58 Cross-referencing by name of section

(C:\Users\vresh\AppData\Local\Programs\MiKTeX\tex/latex/refcount\refcount.sty
Package: refcount 2019/12/15 v3.6 Data extraction from label references (HO)
)
(C:\Users\vresh\AppData\Local\Programs\MiKTeX\tex/generic/gettitlestring\gettit
lestring.sty
Package: gettitlestring 2019/12/15 v1.6 Cleanup title references (HO)

(C:\Users\vresh\AppData\Local\Programs\MiKTeX\tex/latex/kvoptions\kvoptions.sty
Package: kvoptions 2022-06-15 v3.15 Key value format for package options (HO)
))
\c@section@level=\count327
)
(C:\Users\vresh\AppData\Local\Programs\MiKTeX\tex/generic/stringenc\stringenc.s
ty
Package: stringenc 2019/11/29 v1.12 Convert strings between diff. encodings (HO
)
)
\@linkdim=\dimen269
\Hy@linkcounter=\count328
\Hy@pagecounter=\count329
 (C:\Users\vresh\AppData\Local\Programs\MiKTeX\tex/latex/hyperref\pd1enc.def
File: pd1enc.def 2026-01-29 v7.01p Hyperref: PDFDocEncoding definition (HO)
Now handling font encoding PD1 ...
... no UTF-8 mapping file for font encoding PD1
) (C:\Users\vresh\AppData\Local\Programs\MiKTeX\tex/generic/intcalc\intcalc.sty
Package: intcalc 2019/12/15 v1.3 Expandable calculations with integers (HO)
)
\Hy@SavedSpaceFactor=\count330
 (C:\Users\vresh\AppData\Local\Programs\MiKTeX\tex/latex/hyperref\puenc.def
File: puenc.def 2026-01-29 v7.01p Hyperref: PDF Unicode definition (HO)
Now handling font encoding PU ...
... no UTF-8 mapping file for font encoding PU
)
Package hyperref Info: Hyper figures OFF on input line 4201.
Package hyperref Info: Link nesting OFF on input line 4206.
Package hyperref Info: Hyper index ON on input line 4209.
Package hyperref Info: Plain pages OFF on input line 4216.
Package hyperref Info: Backreferencing OFF on input line 4221.
Package hyperref Info: Implicit mode ON; LaTeX internals redefined.
Package hyperref Info: Bookmarks ON on input line 4468.
\c@Hy@tempcnt=\count331
LaTeX Info: Redefining \url on input line 4807.
\XeTeXLinkMargin=\dimen270

(C:\Users\vresh\AppData\Local\Programs\MiKTeX\tex/generic/bitset\bitset.sty
Package: bitset 2019/12/09 v1.3 Handle bit-vector datatype (HO)

(C:\Users\vresh\AppData\Local\Programs\MiKTeX\tex/generic/bigintcalc\bigintcalc
.sty
Package: bigintcalc 2019/12/15 v1.5 Expandable calculations on big integers (HO
)
))
\Fld@menulength=\count332
\Field@Width=\dimen271
\Fld@charsize=\dimen272
Package hyperref Info: Hyper figures OFF on input line 6084.
Package hyperref Info: Link nesting OFF on input line 6089.
Package hyperref Info: Hyper index ON on input line 6092.
Package hyperref Info: backreferencing OFF on input line 6099.
Package hyperref Info: Link coloring OFF on input line 6104.
Package hyperref Info: Link coloring with OCG OFF on input line 6109.
Package hyperref Info: PDF/A mode OFF on input line 6114.
\Hy@abspage=\count333
\c@Item=\count334
\c@Hfootnote=\count335
)
Package hyperref Info: Driver (autodetected): hpdftex.

(C:\Users\vresh\AppData\Local\Programs\MiKTeX\tex/latex/hyperref\hpdftex.def
File: hpdftex.def 2026-01-29 v7.01p Hyperref driver for pdfTeX
\Fld@listcount=\count336
\c@bookmark@seq@number=\count337

(C:\Users\vresh\AppData\Local\Programs\MiKTeX\tex/latex/rerunfilecheck\rerunfil
echeck.sty
Package: rerunfilecheck 2025-06-21 v1.11 Rerun checks for auxiliary files (HO)

(C:\Users\vresh\AppData\Local\Programs\MiKTeX\tex/generic/uniquecounter\uniquec
ounter.sty
Package: uniquecounter 2019/12/15 v1.4 Provide unlimited unique counter (HO)
)
Package uniquecounter Info: New unique counter `rerunfilecheck' on input line 2
84.
)
\Hy@SectionHShift=\skip87
)
(C:\Users\vresh\AppData\Local\Programs\MiKTeX\tex/latex/cleveref\cleveref.sty
Package: cleveref 2018/03/27 v0.21.4 Intelligent cross-referencing
Package cleveref Info: `hyperref' support loaded on input line 2370.
LaTeX Info: Redefining \cref on input line 2370.
LaTeX Info: Redefining \Cref on input line 2370.
LaTeX Info: Redefining \crefrange on input line 2370.
LaTeX Info: Redefining \Crefrange on input line 2370.
LaTeX Info: Redefining \cpageref on input line 2370.
LaTeX Info: Redefining \Cpageref on input line 2370.
LaTeX Info: Redefining \cpagerefrange on input line 2370.
LaTeX Info: Redefining \Cpagerefrange on input line 2370.
LaTeX Info: Redefining \labelcref on input line 2370.
LaTeX Info: Redefining \labelcpageref on input line 2370.
Package cleveref Info: `amsthm' support loaded on input line 3026.
Package cleveref Info: `listings' support loaded on input line 3131.
Package cleveref Info: include cross-reference names in hyperlinks on input lin
e 7836.
Package cleveref Info: include cross-reference names in hyperlinks on input lin
e 7852.
Package cleveref Info: no abbreviation of names on input line 7852.
)
==> First Aid for cleveref.sty applied!
(C:\Users\vresh\AppData\Local\Programs\MiKTeX\tex/latex/float\float.sty
Package: float 2001/11/08 v1.3d Float enhancements (AL)
\c@float@type=\count338
\float@exts=\toks43
\float@box=\box68
\@float@everytoks=\toks44
\@floatcapt=\box69
)
(C:\Users\vresh\AppData\Local\Programs\MiKTeX\tex/latex/tcolorbox\tcolorbox.sty
Package: tcolorbox 2025/11/28 version 6.9.0 text color boxes

(C:\Users\vresh\AppData\Local\Programs\MiKTeX\tex/latex/pgf/frontendlayer\tikz.
sty
(C:\Users\vresh\AppData\Local\Programs\MiKTeX\tex/latex/pgf/basiclayer\pgf.sty
(C:\Users\vresh\AppData\Local\Programs\MiKTeX\tex/latex/pgf/utilities\pgfrcs.st
y
(C:\Users\vresh\AppData\Local\Programs\MiKTeX\tex/generic/pgf/utilities\pgfutil
-common.tex
\pgfutil@everybye=\toks45
\pgfutil@tempdima=\dimen273
\pgfutil@tempdimb=\dimen274
)
(C:\Users\vresh\AppData\Local\Programs\MiKTeX\tex/generic/pgf/utilities\pgfutil
-latex.def
\pgfutil@abb=\box70
)
(C:\Users\vresh\AppData\Local\Programs\MiKTeX\tex/generic/pgf/utilities\pgfrcs.
code.tex
(C:\Users\vresh\AppData\Local\Programs\MiKTeX\tex/generic/pgf\pgf.revision.tex)
Package: pgfrcs 2025-08-29 v3.1.11a (3.1.11a)
))
Package: pgf 2025-08-29 v3.1.11a (3.1.11a)

(C:\Users\vresh\AppData\Local\Programs\MiKTeX\tex/latex/pgf/basiclayer\pgfcore.
sty
(C:\Users\vresh\AppData\Local\Programs\MiKTeX\tex/latex/pgf/systemlayer\pgfsys.
sty
(C:\Users\vresh\AppData\Local\Programs\MiKTeX\tex/generic/pgf/systemlayer\pgfsy
s.code.tex
Package: pgfsys 2025-08-29 v3.1.11a (3.1.11a)

(C:\Users\vresh\AppData\Local\Programs\MiKTeX\tex/generic/pgf/utilities\pgfkeys
.code.tex
\pgfkeys@pathtoks=\toks46
\pgfkeys@temptoks=\toks47

(C:\Users\vresh\AppData\Local\Programs\MiKTeX\tex/generic/pgf/utilities\pgfkeys
libraryfiltered.code.tex
\pgfkeys@tmptoks=\toks48
))
\pgf@x=\dimen275
\pgf@y=\dimen276
\pgf@xa=\dimen277
\pgf@ya=\dimen278
\pgf@xb=\dimen279
\pgf@yb=\dimen280
\pgf@xc=\dimen281
\pgf@yc=\dimen282
\pgf@xd=\dimen283
\pgf@yd=\dimen284
\w@pgf@writea=\write3
\r@pgf@reada=\read2
\c@pgf@counta=\count339
\c@pgf@countb=\count340
\c@pgf@countc=\count341
\c@pgf@countd=\count342
\t@pgf@toka=\toks49
\t@pgf@tokb=\toks50
\t@pgf@tokc=\toks51
\pgf@sys@id@count=\count343

(C:\Users\vresh\AppData\Local\Programs\MiKTeX\tex/generic/pgf/systemlayer\pgf.c
fg
File: pgf.cfg 2025-08-29 v3.1.11a (3.1.11a)
)
Driver file for pgf: pgfsys-pdftex.def

(C:\Users\vresh\AppData\Local\Programs\MiKTeX\tex/generic/pgf/systemlayer\pgfsy
s-pdftex.def
File: pgfsys-pdftex.def 2025-08-29 v3.1.11a (3.1.11a)

(C:\Users\vresh\AppData\Local\Programs\MiKTeX\tex/generic/pgf/systemlayer\pgfsy
s-common-pdf.def
File: pgfsys-common-pdf.def 2025-08-29 v3.1.11a (3.1.11a)
)))
(C:\Users\vresh\AppData\Local\Programs\MiKTeX\tex/generic/pgf/systemlayer\pgfsy
ssoftpath.code.tex
File: pgfsyssoftpath.code.tex 2025-08-29 v3.1.11a (3.1.11a)
\pgfsyssoftpath@smallbuffer@items=\count344
\pgfsyssoftpath@bigbuffer@items=\count345
)
(C:\Users\vresh\AppData\Local\Programs\MiKTeX\tex/generic/pgf/systemlayer\pgfsy
sprotocol.code.tex
File: pgfsysprotocol.code.tex 2025-08-29 v3.1.11a (3.1.11a)
))
(C:\Users\vresh\AppData\Local\Programs\MiKTeX\tex/generic/pgf/basiclayer\pgfcor
e.code.tex
Package: pgfcore 2025-08-29 v3.1.11a (3.1.11a)

(C:\Users\vresh\AppData\Local\Programs\MiKTeX\tex/generic/pgf/math\pgfmath.code
.tex
(C:\Users\vresh\AppData\Local\Programs\MiKTeX\tex/generic/pgf/math\pgfmathutil.
code.tex)
(C:\Users\vresh\AppData\Local\Programs\MiKTeX\tex/generic/pgf/math\pgfmathparse
r.code.tex
\pgfmath@dimen=\dimen285
\pgfmath@count=\count346
\pgfmath@box=\box71
\pgfmath@toks=\toks52
\pgfmath@stack@operand=\toks53
\pgfmath@stack@operation=\toks54
)
(C:\Users\vresh\AppData\Local\Programs\MiKTeX\tex/generic/pgf/math\pgfmathfunct
ions.code.tex)
(C:\Users\vresh\AppData\Local\Programs\MiKTeX\tex/generic/pgf/math\pgfmathfunct
ions.basic.code.tex)
(C:\Users\vresh\AppData\Local\Programs\MiKTeX\tex/generic/pgf/math\pgfmathfunct
ions.trigonometric.code.tex)
(C:\Users\vresh\AppData\Local\Programs\MiKTeX\tex/generic/pgf/math\pgfmathfunct
ions.random.code.tex)
(C:\Users\vresh\AppData\Local\Programs\MiKTeX\tex/generic/pgf/math\pgfmathfunct
ions.comparison.code.tex)
(C:\Users\vresh\AppData\Local\Programs\MiKTeX\tex/generic/pgf/math\pgfmathfunct
ions.base.code.tex)
(C:\Users\vresh\AppData\Local\Programs\MiKTeX\tex/generic/pgf/math\pgfmathfunct
ions.round.code.tex)
(C:\Users\vresh\AppData\Local\Programs\MiKTeX\tex/generic/pgf/math\pgfmathfunct
ions.misc.code.tex)
(C:\Users\vresh\AppData\Local\Programs\MiKTeX\tex/generic/pgf/math\pgfmathfunct
ions.integerarithmetics.code.tex)
(C:\Users\vresh\AppData\Local\Programs\MiKTeX\tex/generic/pgf/math\pgfmathcalc.
code.tex)
(C:\Users\vresh\AppData\Local\Programs\MiKTeX\tex/generic/pgf/math\pgfmathfloat
.code.tex
\c@pgfmathroundto@lastzeros=\count347
))
(C:\Users\vresh\AppData\Local\Programs\MiKTeX\tex/generic/pgf/math\pgfint.code.
tex)
(C:\Users\vresh\AppData\Local\Programs\MiKTeX\tex/generic/pgf/basiclayer\pgfcor
epoints.code.tex
File: pgfcorepoints.code.tex 2025-08-29 v3.1.11a (3.1.11a)
\pgf@picminx=\dimen286
\pgf@picmaxx=\dimen287
\pgf@picminy=\dimen288
\pgf@picmaxy=\dimen289
\pgf@pathminx=\dimen290
\pgf@pathmaxx=\dimen291
\pgf@pathminy=\dimen292
\pgf@pathmaxy=\dimen293
\pgf@xx=\dimen294
\pgf@xy=\dimen295
\pgf@yx=\dimen296
\pgf@yy=\dimen297
\pgf@zx=\dimen298
\pgf@zy=\dimen299
)
(C:\Users\vresh\AppData\Local\Programs\MiKTeX\tex/generic/pgf/basiclayer\pgfcor
epathconstruct.code.tex
File: pgfcorepathconstruct.code.tex 2025-08-29 v3.1.11a (3.1.11a)
\pgf@path@lastx=\dimen300
\pgf@path@lasty=\dimen301
)
(C:\Users\vresh\AppData\Local\Programs\MiKTeX\tex/generic/pgf/basiclayer\pgfcor
epathusage.code.tex
File: pgfcorepathusage.code.tex 2025-08-29 v3.1.11a (3.1.11a)
\pgf@shorten@end@additional=\dimen302
\pgf@shorten@start@additional=\dimen303
)
(C:\Users\vresh\AppData\Local\Programs\MiKTeX\tex/generic/pgf/basiclayer\pgfcor
escopes.code.tex
File: pgfcorescopes.code.tex 2025-08-29 v3.1.11a (3.1.11a)
\pgfpic=\box72
\pgf@hbox=\box73
\pgf@layerbox@main=\box74
\pgf@picture@serial@count=\count348
)
(C:\Users\vresh\AppData\Local\Programs\MiKTeX\tex/generic/pgf/basiclayer\pgfcor
egraphicstate.code.tex
File: pgfcoregraphicstate.code.tex 2025-08-29 v3.1.11a (3.1.11a)
\pgflinewidth=\dimen304
)
(C:\Users\vresh\AppData\Local\Programs\MiKTeX\tex/generic/pgf/basiclayer\pgfcor
etransformations.code.tex
File: pgfcoretransformations.code.tex 2025-08-29 v3.1.11a (3.1.11a)
\pgf@pt@x=\dimen305
\pgf@pt@y=\dimen306
\pgf@pt@temp=\dimen307
)
(C:\Users\vresh\AppData\Local\Programs\MiKTeX\tex/generic/pgf/basiclayer\pgfcor
equick.code.tex
File: pgfcorequick.code.tex 2025-08-29 v3.1.11a (3.1.11a)
)
(C:\Users\vresh\AppData\Local\Programs\MiKTeX\tex/generic/pgf/basiclayer\pgfcor
eobjects.code.tex
File: pgfcoreobjects.code.tex 2025-08-29 v3.1.11a (3.1.11a)
)
(C:\Users\vresh\AppData\Local\Programs\MiKTeX\tex/generic/pgf/basiclayer\pgfcor
epathprocessing.code.tex
File: pgfcorepathprocessing.code.tex 2025-08-29 v3.1.11a (3.1.11a)
)
(C:\Users\vresh\AppData\Local\Programs\MiKTeX\tex/generic/pgf/basiclayer\pgfcor
earrows.code.tex
File: pgfcorearrows.code.tex 2025-08-29 v3.1.11a (3.1.11a)
\pgfarrowsep=\dimen308
)
(C:\Users\vresh\AppData\Local\Programs\MiKTeX\tex/generic/pgf/basiclayer\pgfcor
eshade.code.tex
File: pgfcoreshade.code.tex 2025-08-29 v3.1.11a (3.1.11a)
\pgf@max=\dimen309
\pgf@sys@shading@range@num=\count349
\pgf@shadingcount=\count350
)
(C:\Users\vresh\AppData\Local\Programs\MiKTeX\tex/generic/pgf/basiclayer\pgfcor
eimage.code.tex
File: pgfcoreimage.code.tex 2025-08-29 v3.1.11a (3.1.11a)
)
(C:\Users\vresh\AppData\Local\Programs\MiKTeX\tex/generic/pgf/basiclayer\pgfcor
eexternal.code.tex
File: pgfcoreexternal.code.tex 2025-08-29 v3.1.11a (3.1.11a)
\pgfexternal@startupbox=\box75
)
(C:\Users\vresh\AppData\Local\Programs\MiKTeX\tex/generic/pgf/basiclayer\pgfcor
elayers.code.tex
File: pgfcorelayers.code.tex 2025-08-29 v3.1.11a (3.1.11a)
)
(C:\Users\vresh\AppData\Local\Programs\MiKTeX\tex/generic/pgf/basiclayer\pgfcor
etransparency.code.tex
File: pgfcoretransparency.code.tex 2025-08-29 v3.1.11a (3.1.11a)
)
(C:\Users\vresh\AppData\Local\Programs\MiKTeX\tex/generic/pgf/basiclayer\pgfcor
epatterns.code.tex
File: pgfcorepatterns.code.tex 2025-08-29 v3.1.11a (3.1.11a)
)
(C:\Users\vresh\AppData\Local\Programs\MiKTeX\tex/generic/pgf/basiclayer\pgfcor
erdf.code.tex
File: pgfcorerdf.code.tex 2025-08-29 v3.1.11a (3.1.11a)
)))
(C:\Users\vresh\AppData\Local\Programs\MiKTeX\tex/generic/pgf/modules\pgfmodule
shapes.code.tex
File: pgfmoduleshapes.code.tex 2025-08-29 v3.1.11a (3.1.11a)
\pgfnodeparttextbox=\box76
)
(C:\Users\vresh\AppData\Local\Programs\MiKTeX\tex/generic/pgf/modules\pgfmodule
plot.code.tex
File: pgfmoduleplot.code.tex 2025-08-29 v3.1.11a (3.1.11a)
)
(C:\Users\vresh\AppData\Local\Programs\MiKTeX\tex/latex/pgf/compatibility\pgfco
mp-version-0-65.sty
Package: pgfcomp-version-0-65 2025-08-29 v3.1.11a (3.1.11a)
\pgf@nodesepstart=\dimen310
\pgf@nodesepend=\dimen311
)
(C:\Users\vresh\AppData\Local\Programs\MiKTeX\tex/latex/pgf/compatibility\pgfco
mp-version-1-18.sty
Package: pgfcomp-version-1-18 2025-08-29 v3.1.11a (3.1.11a)
))
(C:\Users\vresh\AppData\Local\Programs\MiKTeX\tex/latex/pgf/utilities\pgffor.st
y
(C:\Users\vresh\AppData\Local\Programs\MiKTeX\tex/latex/pgf/utilities\pgfkeys.s
ty
(C:\Users\vresh\AppData\Local\Programs\MiKTeX\tex/generic/pgf/utilities\pgfkeys
.code.tex))
(C:\Users\vresh\AppData\Local\Programs\MiKTeX\tex/latex/pgf/math\pgfmath.sty
(C:\Users\vresh\AppData\Local\Programs\MiKTeX\tex/generic/pgf/math\pgfmath.code
.tex))
(C:\Users\vresh\AppData\Local\Programs\MiKTeX\tex/generic/pgf/utilities\pgffor.
code.tex
Package: pgffor 2025-08-29 v3.1.11a (3.1.11a)
\pgffor@iter=\dimen312
\pgffor@skip=\dimen313
\pgffor@stack=\toks55
\pgffor@toks=\toks56
))
(C:\Users\vresh\AppData\Local\Programs\MiKTeX\tex/generic/pgf/frontendlayer/tik
z\tikz.code.tex
Package: tikz 2025-08-29 v3.1.11a (3.1.11a)

(C:\Users\vresh\AppData\Local\Programs\MiKTeX\tex/generic/pgf/libraries\pgflibr
aryplothandlers.code.tex
File: pgflibraryplothandlers.code.tex 2025-08-29 v3.1.11a (3.1.11a)
\pgf@plot@mark@count=\count351
\pgfplotmarksize=\dimen314
)
\tikz@lastx=\dimen315
\tikz@lasty=\dimen316
\tikz@lastxsaved=\dimen317
\tikz@lastysaved=\dimen318
\tikz@lastmovetox=\dimen319
\tikz@lastmovetoy=\dimen320
\tikzleveldistance=\dimen321
\tikzsiblingdistance=\dimen322
\tikz@figbox=\box77
\tikz@figbox@bg=\box78
\tikz@tempbox=\box79
\tikz@tempbox@bg=\box80
\tikztreelevel=\count352
\tikznumberofchildren=\count353
\tikznumberofcurrentchild=\count354
\tikz@fig@count=\count355

(C:\Users\vresh\AppData\Local\Programs\MiKTeX\tex/generic/pgf/modules\pgfmodule
matrix.code.tex
File: pgfmodulematrix.code.tex 2025-08-29 v3.1.11a (3.1.11a)
\pgfmatrixcurrentrow=\count356
\pgfmatrixcurrentcolumn=\count357
\pgf@matrix@numberofcolumns=\count358
)
\tikz@expandcount=\count359

(C:\Users\vresh\AppData\Local\Programs\MiKTeX\tex/generic/pgf/frontendlayer/tik
z/libraries\tikzlibrarytopaths.code.tex
File: tikzlibrarytopaths.code.tex 2025-08-29 v3.1.11a (3.1.11a)
)))
(C:\Users\vresh\AppData\Local\Programs\MiKTeX\tex/latex/tools\verbatim.sty
Package: verbatim 2024-01-22 v1.5x LaTeX2e package for verbatim enhancements
\every@verbatim=\toks57
\verbatim@line=\toks58
\verbatim@in@stream=\read3
)
(C:\Users\vresh\AppData\Local\Programs\MiKTeX\tex/latex/environ\environ.sty
Package: environ 2014/05/04 v0.3 A new way to define environments

(C:\Users\vresh\AppData\Local\Programs\MiKTeX\tex/latex/trimspaces\trimspaces.s
ty
Package: trimspaces 2009/09/17 v1.1 Trim spaces around a token list
))
\tcb@titlebox=\box81
\tcb@upperbox=\box82
\tcb@lowerbox=\box83
\tcb@phantombox=\box84
\c@tcbbreakpart=\count360
\c@tcblayer=\count361
\c@tcolorbox@number=\count362
\l__tcobox_tmpa_box=\box85
\l__tcobox_tmpa_dim=\dimen323
\tcb@temp=\box86
\tcb@temp=\box87
\tcb@temp=\box88
\tcb@temp=\box89

(C:\Users\vresh\AppData\Local\Programs\MiKTeX\tex/latex/tcolorbox\tcbraster.cod
e.tex
Library (tcolorbox): 'tcbraster.code.tex' version '6.9.0'
\c@tcbrastercolumn=\count363
\c@tcbrasterrow=\count364
\c@tcbrasternum=\count365
\c@tcbraster=\count366
)
(C:\Users\vresh\AppData\Local\Programs\MiKTeX\tex/latex/tcolorbox\tcbskins.code
.tex
Library (tcolorbox): 'tcbskins.code.tex' version '6.9.0'

(C:\Users\vresh\AppData\Local\Programs\MiKTeX\tex/latex/tikzfill\tikzfill.image
.sty
Package: tikzfill.image 2026/04/23 v1.2.0 Image filling library for TikZ

(C:\Users\vresh\AppData\Local\Programs\MiKTeX\tex/latex/tikzfill\tikzlibraryfil
l.image.code.tex
File: tikzlibraryfill.image.code.tex 2026/04/23 v1.2.0 Image filling library
\l__tikzfill_tmpa_dim=\dimen324
\l__tikzfill_tmpb_dim=\dimen325
\l__tikzfill_img_box=\box90
))
(C:\Users\vresh\AppData\Local\Programs\MiKTeX\tex/latex/tcolorbox\tcbskinsjigsa
w.code.tex
Library (tcolorbox): 'tcbskinsjigsaw.code.tex' version '6.9.0'
))
(C:\Users\vresh\AppData\Local\Programs\MiKTeX\tex/latex/tcolorbox\tcbbreakable.
code.tex
Library (tcolorbox): 'tcbbreakable.code.tex' version '6.9.0'
(C:\Users\vresh\AppData\Local\Programs\MiKTeX\tex/latex/pdfcol\pdfcol.sty
Package: pdfcol 2022-09-21 v1.7 Handle new color stacks for pdfTeX (HO)
)
Package pdfcol Info: New color stack `tcb@breakable' = 1 on input line 23.
\tcb@testbox=\box91
\tcb@totalupperbox=\box92
\tcb@totallowerbox=\box93
)
(C:\Users\vresh\AppData\Local\Programs\MiKTeX\tex/latex/tcolorbox\tcbhooks.code
.tex
Library (tcolorbox): 'tcbhooks.code.tex' version '6.9.0'
)
(C:\Users\vresh\AppData\Local\Programs\MiKTeX\tex/latex/tcolorbox\tcbtheorems.c
ode.tex
Library (tcolorbox): 'tcbtheorems.code.tex' version '6.9.0'
)
(C:\Users\vresh\AppData\Local\Programs\MiKTeX\tex/latex/tcolorbox\tcbfitting.co
de.tex
Library (tcolorbox): 'tcbfitting.code.tex' version '6.9.0'
\tcbfitdim=\dimen326
\tcb@lowerfitdim=\dimen327
\tcb@upperfitdim=\dimen328
\tcb@cur@hbadness=\count367
)
(C:\Users\vresh\AppData\Local\Programs\MiKTeX\tex/latex/tcolorbox\tcblistingsut
f8.code.tex
Library (tcolorbox): 'tcblistingsutf8.code.tex' version '6.9.0'

(C:\Users\vresh\AppData\Local\Programs\MiKTeX\tex/latex/tcolorbox\tcblistings.c
ode.tex
Library (tcolorbox): 'tcblistings.code.tex' version '6.9.0'

(C:\Users\vresh\AppData\Local\Programs\MiKTeX\tex/latex/tcolorbox\tcblistingsco
re.code.tex
Library (tcolorbox): 'tcblistingscore.code.tex' version '6.9.0'

(C:\Users\vresh\AppData\Local\Programs\MiKTeX\tex/latex/tcolorbox\tcbprocessing
.code.tex
Library (tcolorbox): 'tcbprocessing.code.tex' version '6.9.0'
)
\c@tcblisting=\count368
))
(C:\Users\vresh\AppData\Local\Programs\MiKTeX\tex/latex/listingsutf8\listingsut
f8.sty
Package: listingsutf8 2019-12-10 v1.5 Allow UTF-8 in listings input (HO)
))
(C:\Users\vresh\AppData\Local\Programs\MiKTeX\tex/latex/tcolorbox\tcbexternal.c
ode.tex
Library (tcolorbox): 'tcbexternal.code.tex' version '6.9.0'
)
(C:\Users\vresh\AppData\Local\Programs\MiKTeX\tex/latex/tcolorbox\tcbmagazine.c
ode.tex
Library (tcolorbox): 'tcbmagazine.code.tex' version '6.9.0'
)
(C:\Users\vresh\AppData\Local\Programs\MiKTeX\tex/latex/tcolorbox\tcbvignette.c
ode.tex
Library (tcolorbox): 'tcbvignette.code.tex' version '6.9.0'

(C:\Users\vresh\AppData\Local\Programs\MiKTeX\tex/generic/pgf/frontendlayer/tik
z/libraries\tikzlibraryfadings.code.tex
File: tikzlibraryfadings.code.tex 2025-08-29 v3.1.11a (3.1.11a)

(C:\Users\vresh\AppData\Local\Programs\MiKTeX\tex/generic/pgf/libraries\pgflibr
aryfadings.code.tex
File: pgflibraryfadings.code.tex 2025-08-29 v3.1.11a (3.1.11a)
)))
(C:\Users\vresh\AppData\Local\Programs\MiKTeX\tex/latex/tcolorbox\tcbposter.cod
e.tex
Library (tcolorbox): 'tcbposter.code.tex' version '6.9.0'
))
Package hyperref Info: Option `hypertexnames' set `false' on input line 39.
Package hyperref Info: Option `colorlinks' set `true' on input line 39.

(C:\Users\vresh\AppData\Local\Programs\MiKTeX\tex/latex/aliascnt\aliascnt.sty
Package: aliascnt 2026-03-08 v1.7 Alias counters (HO)
)
\c@theorem=\count369

(C:\Users\vresh\AppData\Local\Programs\MiKTeX\tex/latex/caption\caption.sty
Package: caption 2023/08/05 v3.6o Customizing captions (AR)

(C:\Users\vresh\AppData\Local\Programs\MiKTeX\tex/latex/caption\caption3.sty
Package: caption3 2023/07/31 v2.4d caption3 kernel (AR)
\caption@tempdima=\dimen329
\captionmargin=\dimen330
\caption@leftmargin=\dimen331
\caption@rightmargin=\dimen332
\caption@width=\dimen333
\caption@indent=\dimen334
\caption@parindent=\dimen335
\caption@hangindent=\dimen336
Package caption Info: Standard document class detected.
)
\c@caption@flags=\count370
\c@continuedfloat=\count371
Package caption Info: float package is loaded.
Package caption Info: hyperref package is loaded.
Package caption Info: listings package is loaded.
Package caption Info: longtable package is loaded.

(C:\Users\vresh\AppData\Local\Programs\MiKTeX\tex/latex/caption\ltcaption.sty
Package: ltcaption 2021/01/08 v1.4c longtable captions (AR)
)) (C:\Users\vresh\AppData\Local\Programs\MiKTeX\tex/latex/pgfplots\pgfplots.st
y
(C:\Users\vresh\AppData\Local\Programs\MiKTeX\tex/generic/pgfplots\pgfplots.rev
ision.tex)
Package: pgfplots 2021/05/15 v1.18.1 Data Visualization (1.18.1)

(C:\Users\vresh\AppData\Local\Programs\MiKTeX\tex/generic/pgfplots\pgfplots.cod
e.tex
(C:\Users\vresh\AppData\Local\Programs\MiKTeX\tex/generic/pgfplots\pgfplotscore
.code.tex
\t@pgfplots@toka=\toks59
\t@pgfplots@tokb=\toks60
\t@pgfplots@tokc=\toks61
\pgfplots@tmpa=\dimen337
\c@pgfplots@coordindex=\count372
\c@pgfplots@scanlineindex=\count373

(C:\Users\vresh\AppData\Local\Programs\MiKTeX\tex/generic/pgfplots/sys\pgfplots
sysgeneric.code.tex))
(C:\Users\vresh\AppData\Local\Programs\MiKTeX\tex/generic/pgfplots/libs\pgfplot
slibrary.code.tex)
(C:\Users\vresh\AppData\Local\Programs\MiKTeX\tex/generic/pgfplots/oldpgfcompat
ib\pgfplotsoldpgfsupp_loader.code.tex
(C:\Users\vresh\AppData\Local\Programs\MiKTeX\tex/generic/pgf/libraries\pgflibr
aryfpu.code.tex)
Package pgfplots: loading complementary utilities for your pgf version...
\t@pgf@toka=\toks62
\t@pgf@tokb=\toks63
\t@pgf@tokc=\toks64

(C:\Users\vresh\AppData\Local\Programs\MiKTeX\tex/generic/pgfplots/oldpgfcompat
ib\pgfplotsoldpgfsupp_pgfutil-common-lists.tex))
(C:\Users\vresh\AppData\Local\Programs\MiKTeX\tex/generic/pgfplots/util\pgfplot
sutil.code.tex
(C:\Users\vresh\AppData\Local\Programs\MiKTeX\tex/generic/pgfplots/liststructur
e\pgfplotsliststructure.code.tex)
(C:\Users\vresh\AppData\Local\Programs\MiKTeX\tex/generic/pgfplots/liststructur
e\pgfplotsliststructureext.code.tex)
(C:\Users\vresh\AppData\Local\Programs\MiKTeX\tex/generic/pgfplots/liststructur
e\pgfplotsarray.code.tex
\c@pgfplotsarray@tmp=\count374
)
(C:\Users\vresh\AppData\Local\Programs\MiKTeX\tex/generic/pgfplots/liststructur
e\pgfplotsmatrix.code.tex)
(C:\Users\vresh\AppData\Local\Programs\MiKTeX\tex/generic/pgfplots/numtable\pgf
plotstableshared.code.tex
\c@pgfplotstable@counta=\count375
\t@pgfplotstable@a=\toks65
)
(C:\Users\vresh\AppData\Local\Programs\MiKTeX\tex/generic/pgfplots/liststructur
e\pgfplotsdeque.code.tex)
(C:\Users\vresh\AppData\Local\Programs\MiKTeX\tex/generic/pgfplots/util\pgfplot
sbinary.code.tex
(C:\Users\vresh\AppData\Local\Programs\MiKTeX\tex/generic/pgfplots/util\pgfplot
sbinary.data.code.tex))
(C:\Users\vresh\AppData\Local\Programs\MiKTeX\tex/generic/pgfplots/util\pgfplot
sutil.verb.code.tex)
(C:\Users\vresh\AppData\Local\Programs\MiKTeX\tex/generic/pgfplots/libs\pgflibr
arypgfplots.surfshading.code.tex
\c@pgfplotslibrarysurf@no=\count376

(C:\Users\vresh\AppData\Local\Programs\MiKTeX\tex/generic/pgfplots/sys\pgflibra
rypgfplots.surfshading.pgfsys-pdftex.def)))
(C:\Users\vresh\AppData\Local\Programs\MiKTeX\tex/generic/pgfplots/util\pgfplot
scolormap.code.tex
(C:\Users\vresh\AppData\Local\Programs\MiKTeX\tex/generic/pgfplots/util\pgfplot
scolor.code.tex))
(C:\Users\vresh\AppData\Local\Programs\MiKTeX\tex/generic/pgfplots\pgfplotsstac
kedplots.code.tex)
(C:\Users\vresh\AppData\Local\Programs\MiKTeX\tex/generic/pgfplots\pgfplotsplot
handlers.code.tex
(C:\Users\vresh\AppData\Local\Programs\MiKTeX\tex/generic/pgfplots\pgfplotsmesh
plothandler.code.tex
(C:\Users\vresh\AppData\Local\Programs\MiKTeX\tex/generic/pgfplots\pgfplotsmesh
plotimage.code.tex)))
(C:\Users\vresh\AppData\Local\Programs\MiKTeX\tex/generic/pgfplots\pgfplots.sca
ling.code.tex)
(C:\Users\vresh\AppData\Local\Programs\MiKTeX\tex/generic/pgfplots\pgfplotscoor
dprocessing.code.tex)
(C:\Users\vresh\AppData\Local\Programs\MiKTeX\tex/generic/pgfplots\pgfplots.err
orbars.code.tex)
(C:\Users\vresh\AppData\Local\Programs\MiKTeX\tex/generic/pgfplots\pgfplots.mar
kers.code.tex)
(C:\Users\vresh\AppData\Local\Programs\MiKTeX\tex/generic/pgfplots\pgfplotstick
s.code.tex)
(C:\Users\vresh\AppData\Local\Programs\MiKTeX\tex/generic/pgfplots\pgfplots.pat
hs.code.tex)
(C:\Users\vresh\AppData\Local\Programs\MiKTeX\tex/generic/pgf/frontendlayer/tik
z/libraries\tikzlibrarydecorations.code.tex
(C:\Users\vresh\AppData\Local\Programs\MiKTeX\tex/generic/pgf/modules\pgfmodule
decorations.code.tex
\pgfdecoratedcompleteddistance=\dimen338
\pgfdecoratedremainingdistance=\dimen339
\pgfdecoratedinputsegmentcompleteddistance=\dimen340
\pgfdecoratedinputsegmentremainingdistance=\dimen341
\pgf@decorate@distancetomove=\dimen342
\pgf@decorate@repeatstate=\count377
\pgfdecorationsegmentamplitude=\dimen343
\pgfdecorationsegmentlength=\dimen344
)
\tikz@lib@dec@box=\box94
)
(C:\Users\vresh\AppData\Local\Programs\MiKTeX\tex/generic/pgf/frontendlayer/tik
z/libraries\tikzlibrarydecorations.pathmorphing.code.tex
(C:\Users\vresh\AppData\Local\Programs\MiKTeX\tex/generic/pgf/libraries/decorat
ions\pgflibrarydecorations.pathmorphing.code.tex))
(C:\Users\vresh\AppData\Local\Programs\MiKTeX\tex/generic/pgf/frontendlayer/tik
z/libraries\tikzlibrarydecorations.pathreplacing.code.tex
(C:\Users\vresh\AppData\Local\Programs\MiKTeX\tex/generic/pgf/libraries/decorat
ions\pgflibrarydecorations.pathreplacing.code.tex))
(C:\Users\vresh\AppData\Local\Programs\MiKTeX\tex/generic/pgfplots/libs\tikzlib
rarypgfplots.contourlua.code.tex)
\pgfplots@numplots=\count378
\pgfplots@xmin@reg=\dimen345
\pgfplots@xmax@reg=\dimen346
\pgfplots@ymin@reg=\dimen347
\pgfplots@ymax@reg=\dimen348
\pgfplots@zmin@reg=\dimen349
\pgfplots@zmax@reg=\dimen350
)
(C:\Users\vresh\AppData\Local\Programs\MiKTeX\tex/generic/pgf/frontendlayer/tik
z/libraries\tikzlibraryplotmarks.code.tex
File: tikzlibraryplotmarks.code.tex 2025-08-29 v3.1.11a (3.1.11a)

(C:\Users\vresh\AppData\Local\Programs\MiKTeX\tex/generic/pgf/libraries\pgflibr
aryplotmarks.code.tex
File: pgflibraryplotmarks.code.tex 2025-08-29 v3.1.11a (3.1.11a)
)))
(C:\Users\vresh\AppData\Local\Programs\MiKTeX\tex/latex/caption\subcaption.sty
Package: subcaption 2023/07/28 v1.6b Sub-captions (AR)
Package caption Info: New subtype `subfigure' on input line 238.
\c@subfigure=\count379
Package caption Info: New subtype `subtable' on input line 238.
\c@subtable=\count380
)
LaTeX Font Info:    Trying to load font information for T1+LibertinusSerif-TLF 
on input line 170.

(C:\Users\vresh\AppData\Local\Programs\MiKTeX\tex/latex/libertinus-type1\t1libe
rtinusserif-tlf.fd
File: T1LibertinusSerif-TLF.fd 2024/09/22 (autoinst) Font definitions for T1/Li
bertinusSerif-TLF.
)
LaTeX Font Info:    Font shape `T1/LibertinusSerif-TLF/m/n' will be
(Font)              scaled to size 10.95pt on input line 170.

(C:\Users\vresh\AppData\Local\Programs\MiKTeX\tex/latex/l3backend\l3backend-pdf
tex.def
File: l3backend-pdftex.def 2026-02-18 L3 backend support: PDF output (pdfTeX)
\l__color_backend_stack_int=\count381
) (C:\Temp\pv-guak6rr8\out\geometric_q_fabius_frontiers.aux)
\openout1 = `geometric_q_fabius_frontiers.aux'.

LaTeX Font Info:    Checking defaults for OML/cmm/m/it on input line 170.
LaTeX Font Info:    ... okay on input line 170.
LaTeX Font Info:    Checking defaults for OMS/cmsy/m/n on input line 170.
LaTeX Font Info:    ... okay on input line 170.
LaTeX Font Info:    Checking defaults for OT1/cmr/m/n on input line 170.
LaTeX Font Info:    ... okay on input line 170.
LaTeX Font Info:    Checking defaults for T1/cmr/m/n on input line 170.
LaTeX Font Info:    ... okay on input line 170.
LaTeX Font Info:    Checking defaults for TS1/cmr/m/n on input line 170.
LaTeX Font Info:    ... okay on input line 170.
LaTeX Font Info:    Checking defaults for OMX/cmex/m/n on input line 170.
LaTeX Font Info:    ... okay on input line 170.
LaTeX Font Info:    Checking defaults for U/cmr/m/n on input line 170.
LaTeX Font Info:    ... okay on input line 170.
LaTeX Font Info:    Checking defaults for PD1/pdf/m/n on input line 170.
LaTeX Font Info:    ... okay on input line 170.
LaTeX Font Info:    Checking defaults for PU/pdf/m/n on input line 170.
LaTeX Font Info:    ... okay on input line 170.

*geometry* driver: auto-detecting
*geometry* detected driver: pdftex
*geometry* verbose mode - [ preamble ] result:
* driver: pdftex
* paper: a4paper
* layout: <same size as paper>
* layoutoffset:(h,v)=(0.0pt,0.0pt)
* modes: 
* h-part:(L,W,R)=(73.97716pt, 449.55356pt, 73.97716pt)
* v-part:(T,H,B)=(73.97716pt, 697.09253pt, 73.97716pt)
* \paperwidth=597.50787pt
* \paperheight=845.04684pt
* \textwidth=449.55356pt
* \textheight=697.09253pt
* \oddsidemargin=1.70717pt
* \evensidemargin=1.70717pt
* \topmargin=-38.29283pt
* \headheight=15.0pt
* \headsep=25.0pt
* \topskip=11.0pt
* \footskip=30.0pt
* \marginparwidth=59.0pt
* \marginparsep=10.0pt
* \columnsep=10.0pt
* \skip\footins=10.0pt plus 4.0pt minus 2.0pt
* \hoffset=0.0pt
* \voffset=0.0pt
* \mag=1000
* \@twocolumnfalse
* \@twosidefalse
* \@mparswitchfalse
* \@reversemarginfalse
* (1in=72.27pt=25.4mm, 1cm=28.453pt)

\c@mv@tabular=\count382
\c@mv@boldtabular=\count383
LaTeX Info: Redefining \microtypecontext on input line 170.
Package microtype Info: Applying patch `item' on input line 170.
Package microtype Info: Applying patch `toc' on input line 170.
Package microtype Info: Applying patch `eqnum' on input line 170.
Package microtype Info: Applying patch `footnote' on input line 170.
Package microtype Info: Applying patch `verbatim' on input line 170.
LaTeX Info: Redefining \microtypesetup on input line 170.
Package microtype Info: Generating PDF output.
Package microtype Info: Character protrusion enabled (level 2).
Package microtype Info: Using default protrusion set `alltext'.
Package microtype Info: Automatic font expansion enabled (level 2),
(microtype)             stretch: 20, shrink: 20, step: 1, non-selected.
Package microtype Info: Using default expansion set `alltext-nott'.
Package microtype Info: Patching command `\showhyphens'.
Package microtype Info: No adjustment of tracking.
Package microtype Info: No adjustment of interword spacing.
Package microtype Info: No adjustment of character kerning.
Package microtype Info: Loading generic protrusion settings for font family
(microtype)             `LibertinusSerif-TLF' (encoding: T1).
(microtype)             For optimal results, create family-specific settings.
(microtype)             See the microtype manual for details.

(C:\Users\vresh\AppData\Local\Programs\MiKTeX\tex/context/base/mkii\supp-pdf.mk
ii
[Loading MPS to PDF converter (version 2006.09.02).]
\scratchcounter=\count384
\scratchdimen=\dimen351
\scratchbox=\box95
\nofMPsegments=\count385
\nofMParguments=\count386
\everyMPshowfont=\toks66
\MPscratchCnt=\count387
\MPscratchDim=\dimen352
\MPnumerator=\count388
\makeMPintoPDFobject=\count389
\everyMPtoPDFconversion=\toks67
)
(C:\Users\vresh\AppData\Local\Programs\MiKTeX\tex/latex/epstopdf-pkg\epstopdf-b
ase.sty
Package: epstopdf-base 2020-01-24 v2.11 Base part for package epstopdf


Package epstopdf Warning: Shell escape feature is not enabled.

Package epstopdf-base Info: Redefining graphics rule for `.eps' on input line 4
85.

(C:\Users\vresh\AppData\Local\Programs\MiKTeX\tex/latex/00miktex\epstopdf-sys.c
fg
File: epstopdf-sys.cfg 2021/03/18 v2.0 Configuration of epstopdf for MiKTeX
))
\c@lstlisting=\count390
Package hyperref Info: Link coloring ON on input line 170.
 (C:\Temp\pv-guak6rr8\out\geometric_q_fabius_frontiers.out)
(C:\Temp\pv-guak6rr8\out\geometric_q_fabius_frontiers.out)
\@outlinefile=\write4
\openout4 = `geometric_q_fabius_frontiers.out'.

Package caption Info: Begin \AtBeginDocument code.
Package caption Info: End \AtBeginDocument code.


Package pgfplots Warning: running in backwards compatibility mode (unsuitable t
ick labels; missing features). Consider writing \pgfplotsset{compat=1.18} into 
your preamble.
 on input line 170.

LaTeX Font Info:    Font shape `T1/LibertinusSerif-TLF/m/n' will be
(Font)              scaled to size 17.28pt on input line 172.
LaTeX Font Info:    Font shape `T1/LibertinusSerif-TLF/b/n' will be
(Font)              scaled to size 17.28pt on input line 172.
(C:\Users\vresh\AppData\Local\Programs\MiKTeX\tex/latex/microtype\mt-cmr.cfg
File: mt-cmr.cfg 2013/05/19 v2.2 microtype config. file: Computer Modern Roman 
(RS)
)
LaTeX Font Info:    Trying to load font information for U+msa on input line 172
.

(C:\Users\vresh\AppData\Local\Programs\MiKTeX\tex/latex/amsfonts\umsa.fd
File: umsa.fd 2013/01/14 v3.01 AMS symbols A
)
(C:\Users\vresh\AppData\Local\Programs\MiKTeX\tex/latex/microtype\mt-msa.cfg
File: mt-msa.cfg 2006/02/04 v1.1 microtype config. file: AMS symbols (a) (RS)
)
LaTeX Font Info:    Trying to load font information for U+msb on input line 172
.

(C:\Users\vresh\AppData\Local\Programs\MiKTeX\tex/latex/amsfonts\umsb.fd
File: umsb.fd 2013/01/14 v3.01 AMS symbols B
)
(C:\Users\vresh\AppData\Local\Programs\MiKTeX\tex/latex/microtype\mt-msb.cfg
File: mt-msb.cfg 2005/06/01 v1.0 microtype config. file: AMS symbols (b) (RS)
)
LaTeX Font Info:    Trying to load font information for U+rsfs on input line 17
2.

(C:\Users\vresh\AppData\Local\Programs\MiKTeX\tex/latex/jknappen\ursfs.fd
File: ursfs.fd 1998/03/24 rsfs font definition file (jk)
)
LaTeX Font Info:    Font shape `T1/LibertinusSerif-TLF/b/n' will be
(Font)              scaled to size 12.0pt on input line 172.
LaTeX Font Info:    Font shape `T1/LibertinusSerif-TLF/m/n' will be
(Font)              scaled to size 12.0pt on input line 172.
LaTeX Font Info:    Font shape `T1/LibertinusSerif-TLF/m/n' will be
(Font)              scaled to size 14.4pt on input line 172.
LaTeX Font Info:    Font shape `T1/LibertinusSerif-TLF/b/n' will be
(Font)              scaled to size 14.4pt on input line 172.

(C:\Temp\pv-guak6rr8\out\geometric_q_fabius_frontiers.toc
LaTeX Font Info:    Font shape `T1/LibertinusSerif-TLF/b/n' will be
(Font)              scaled to size 10.95pt on input line 2.
 [1

{C:/Users/vresh/AppData/Local/MiKTeX/fonts/map/pdftex/pdftex.map}{C:/Users/vres
h/AppData/Local/Programs/MiKTeX/fonts/enc/dvips/libertinus-type1/lbn1_sfissr.en
c}{C:/Users/vresh/AppData/Local/Programs/MiKTeX/fonts/enc/dvips/libertinus-type
1/lbn1_75t36g.enc}]
LaTeX Font Info:    Font shape `T1/LibertinusSerif-TLF/m/n' will be
(Font)              scaled to size 10.0pt on input line 69.
[2] [3] [4] [5] [6] [7] [8] [9] [10] [11] [12] [13] [14] [15] [16])
\tf@toc=\write5
\openout5 = `geometric_q_fabius_frontiers.toc'.

 [17]
LaTeX Font Info:    Trying to load font information for T1+LibertinusMono-TLF o
n input line 180.

(C:\Users\vresh\AppData\Local\Programs\MiKTeX\tex/latex/libertinus-type1\t1libe
rtinusmono-tlf.fd
File: T1LibertinusMono-TLF.fd 2025/01/11 (autoinst) Font definitions for T1/Lib
ertinusMono-TLF.
)
LaTeX Font Info:    Font shape `T1/LibertinusMono-TLF/m/n' will be
(Font)              scaled to size 9.30756pt on input line 180.
Package microtype Info: Loading generic protrusion settings for font family
(microtype)             `LibertinusMono-TLF' (encoding: T1).
(microtype)             For optimal results, create family-specific settings.
(microtype)             See the microtype manual for details.
Package microtype Info: Character `guilsinglleft ' is missing
(microtype)             in font `T1/LibertinusMono-TLF/m/n/10.95'.
(microtype)             Ignoring protrusion settings for this character.
Package microtype Info: Character `guilsinglright ' is missing
(microtype)             in font `T1/LibertinusMono-TLF/m/n/10.95'.
(microtype)             Ignoring protrusion settings for this character.
LaTeX Font Info:    Trying to load font information for TS1+LibertinusSerif-TLF
 on input line 192.

(C:\Users\vresh\AppData\Local\Programs\MiKTeX\tex/latex/libertinus-type1\ts1lib
ertinusserif-tlf.fd
File: TS1LibertinusSerif-TLF.fd 2024/09/22 (autoinst) Font definitions for TS1/
LibertinusSerif-TLF.
)
LaTeX Font Info:    Font shape `TS1/LibertinusSerif-TLF/m/n' will be
(Font)              scaled to size 10.95pt on input line 192.
Package microtype Info: Loading generic protrusion settings for font family
(microtype)             `LibertinusSerif-TLF' (encoding: TS1).
(microtype)             For optimal results, create family-specific settings.
(microtype)             See the microtype manual for details.
LaTeX Font Info:    Font shape `T1/LibertinusSerif-TLF/m/n' will be
(Font)              scaled to size 9.0pt on input line 192.
LaTeX Font Info:    Font shape `T1/LibertinusMono-TLF/m/n' will be
(Font)              scaled to size 7.65005pt on input line 192.
Package microtype Info: Character `guilsinglleft ' is missing
(microtype)             in font `T1/LibertinusMono-TLF/m/n/9'.
(microtype)             Ignoring protrusion settings for this character.
Package microtype Info: Character `guilsinglright ' is missing
(microtype)             in font `T1/LibertinusMono-TLF/m/n/9'.
(microtype)             Ignoring protrusion settings for this character.
 [18

{C:/Users/vresh/AppData/Local/Programs/MiKTeX/fonts/enc/dvips/libertinus-type1/
lbn1_or3pzs.enc}{C:/Users/vresh/AppData/Local/Programs/MiKTeX/fonts/enc/dvips/l
ibertinus-type1/lbn1_rlktsf.enc}] [19] [20] [21]
LaTeX Font Info:    Font shape `T1/LibertinusSerif-TLF/m/n' will be
(Font)              scaled to size 20.74pt on input line 233.
LaTeX Font Info:    Font shape `T1/LibertinusSerif-TLF/b/n' will be
(Font)              scaled to size 20.74pt on input line 233.
Package microtype Info: Loading generic protrusion settings for font family
(microtype)             `cmss' (encoding: OT1).
(microtype)             For optimal results, create family-specific settings.
(microtype)             See the microtype manual for details.
LaTeX Font Info:    Font shape `T1/LibertinusSerif-TLF/m/it' will be
(Font)              scaled to size 10.95pt on input line 295.

[22


{C:/Users/vresh/AppData/Local/Programs/MiKTeX/fonts/enc/dvips/libertinus-type1/
lbn1_sncvby.enc}] [23] [24] [25] [26]
LaTeX Font Info:    Font shape `T1/LibertinusSerif-TLF/m/it' will be
(Font)              scaled to size 8.0pt on input line 723.
LaTeX Font Info:    Font shape `T1/LibertinusSerif-TLF/m/it' will be
(Font)              scaled to size 6.0pt on input line 723.
 [27]
LaTeX Font Info:    Font shape `T1/LibertinusSerif-TLF/m/it' will be
(Font)              scaled to size 10.0pt on input line 864.

Underfull \hbox (badness 2351) in paragraph at lines 899--907
[]\T1/LibertinusSerif-TLF/m/n/10.95 (+20) (i) If $\OML/cmm/m/it/10.95 U[]$ \T1/
LibertinusSerif-TLF/m/n/10.95 (+20) is uni-form on $\OT1/cmr/m/n/10.95 [\OMS/cm
sy/m/n/10.95 ^^@\OT1/cmr/m/n/10.95 1\OML/cmm/m/it/10.95 ; \OT1/cmr/m/n/10.95 1]
$ \T1/LibertinusSerif-TLF/m/n/10.95 (+20) then $\OML/cmm/m/it/10.95 U[] \OT1/cm
r/m/n/10.95 = 2\OML/cmm/m/it/10.95 V$ \T1/LibertinusSerif-TLF/m/n/10.95 (+20) w
ith $\OML/cmm/m/it/10.95 V$ \T1/LibertinusSerif-TLF/m/n/10.95 (+20) uni-form on
 $\OT1/cmr/m/n/10.95 [\OMS/cmsy/m/n/10.95 ^^@[]\OML/cmm/m/it/10.95 ; []\OT1/cmr
/m/n/10.95 ]$\T1/LibertinusSerif-TLF/m/n/10.95 (+20) , so
 []

[28] [29] [30] [31] [32]
LaTeX Font Info:    Font shape `T1/LibertinusSerif-TLF/b/n' will be
(Font)              scaled to size 10.0pt on input line 1210.
LaTeX Font Info:    Font shape `T1/LibertinusSerif-TLF/m/sc' will be
(Font)              scaled to size 10.0pt on input line 1211.
 [33

{C:/Users/vresh/AppData/Local/Programs/MiKTeX/fonts/enc/dvips/libertinus-type1/
lbn1_cb34qf.enc}] [34

] [35] [36]
LaTeX Font Info:    Font shape `T1/LibertinusSerif-TLF/b/it' will be
(Font)              scaled to size 10.95pt on input line 1480.
LaTeX Font Info:    Font shape `T1/LibertinusMono-TLF/m/it' will be
(Font)              scaled to size 9.30756pt on input line 1481.
Package microtype Info: Character `guilsinglleft ' is missing
(microtype)             in font `T1/LibertinusMono-TLF/m/it/10.95'.
(microtype)             Ignoring protrusion settings for this character.
Package microtype Info: Character `guilsinglright ' is missing
(microtype)             in font `T1/LibertinusMono-TLF/m/it/10.95'.
(microtype)             Ignoring protrusion settings for this character.
 [37{C:/Users/vresh/AppData/Local/Programs/MiKTeX/fonts/enc/dvips/libertinus-ty
pe1/lbn1_opzo24.enc}] [38] [39] [40] [41] [42]
LaTeX Font Info:    Font shape `T1/LibertinusSerif-TLF/m/n' will be
(Font)              scaled to size 8.0pt on input line 1956.
LaTeX Font Info:    Font shape `T1/LibertinusSerif-TLF/m/n' will be
(Font)              scaled to size 6.0pt on input line 1956.
 [43] [44]

Package hyperref Warning: Token not allowed in a PDF string (Unicode):
(hyperref)                removing `math shift' on input line 2063.


Package hyperref Warning: Token not allowed in a PDF string (Unicode):
(hyperref)                removing `superscript' on input line 2063.


Package hyperref Warning: Token not allowed in a PDF string (Unicode):
(hyperref)                removing `math shift' on input line 2063.

[45]

Package hyperref Warning: Token not allowed in a PDF string (Unicode):
(hyperref)                removing `math shift' on input line 2195.


Package hyperref Warning: Token not allowed in a PDF string (Unicode):
(hyperref)                removing `math shift' on input line 2195.

[46] [47] [48] [49] [50] [51] [52] [53] [54] [55] [56] [57] [58] [59] [60]
[61] [62] [63] [64] [65] [66] [67] [68] [69]
<assets/Fabius_Newton_Rvachev_Frontier_Report/figures/richardson_tomography.png
, id=3991, 520.344pt x 332.1135pt>
File: assets/Fabius_Newton_Rvachev_Frontier_Report/figures/richardson_tomograph
y.png Graphic file (type png)
<use assets/Fabius_Newton_Rvachev_Frontier_Report/figures/richardson_tomography
.png>
Package pdftex.def Info: assets/Fabius_Newton_Rvachev_Frontier_Report/figures/r
ichardson_tomography.png  used on input line 3959.
(pdftex.def)             Requested size: 409.09538pt x 261.12015pt.


Package hyperref Warning: Token not allowed in a PDF string (Unicode):
(hyperref)                removing `math shift' on input line 3975.


Package hyperref Warning: Token not allowed in a PDF string (Unicode):
(hyperref)                removing `math shift' on input line 3975.

[70]
<assets/Fabius_Newton_Rvachev_Frontier_Report/figures/boundary_layers.png, id=4
006, 520.344pt x 346.896pt>
File: assets/Fabius_Newton_Rvachev_Frontier_Report/figures/boundary_layers.png 
Graphic file (type png)
<use assets/Fabius_Newton_Rvachev_Frontier_Report/figures/boundary_layers.png>
Package pdftex.def Info: assets/Fabius_Newton_Rvachev_Frontier_Report/figures/b
oundary_layers.png  used on input line 4023.
(pdftex.def)             Requested size: 409.09538pt x 272.74269pt.

(C:\Users\vresh\AppData\Local\Programs\MiKTeX\tex/latex/listings\lstlang1.sty
File: lstlang1.sty 2025/11/14 1.11b listings language file
)
[71 <./assets/Fabius_Newton_Rvachev_Frontier_Report/figures/richardson_tomograp
hy.png>] [72 <./assets/Fabius_Newton_Rvachev_Frontier_Report/figures/boundary_l
ayers.png>]
LaTeX Font Info:    Font shape `T1/LibertinusMono-TLF/m/n' will be
(Font)              scaled to size 8.50006pt on input line 4039.
Package microtype Info: Character `guilsinglleft ' is missing
(microtype)             in font `T1/LibertinusMono-TLF/m/n/10'.
(microtype)             Ignoring protrusion settings for this character.
Package microtype Info: Character `guilsinglright ' is missing
(microtype)             in font `T1/LibertinusMono-TLF/m/n/10'.
(microtype)             Ignoring protrusion settings for this character.
LaTeX Font Info:    Font shape `T1/LibertinusMono-TLF/b/n' will be
(Font)              scaled to size 8.50006pt on input line 4040.
Package microtype Info: Character `guilsinglleft ' is missing
(microtype)             in font `T1/LibertinusMono-TLF/b/n/10'.
(microtype)             Ignoring protrusion settings for this character.
Package microtype Info: Character `guilsinglright ' is missing
(microtype)             in font `T1/LibertinusMono-TLF/b/n/10'.
(microtype)             Ignoring protrusion settings for this character.
 [73] [74] [75] [76]
ignored: Infinite glue shrinkage found in box being split [77]
ignored: Infini
te glue shrinkage found in box being split [78]
ignored: Infinite glue shrinkage found in
 box being split [79] [80]
Underfull \hbox (badness 3919) in paragraph at lines 4508--4512
[]\T1/LibertinusSerif-TLF/m/n/10.95 (+20) The nu-mer-i-cal script fixes the pre
-ci-sion and grid sizes ex-plic-itly. Its for-mu-las use
 []

[81] [82] [83] [84] [85] [86] [87] [88] [89] [90] [91] [92] [93] [94] [95]
[96]
Underfull \hbox (badness 1742) in paragraph at lines 5807--5814
[]\T1/LibertinusSerif-TLF/m/n/10.95 (+20) For $[] \OML/cmm/m/it/10.95 < b^^Z$ \
T1/LibertinusSerif-TLF/m/n/10.95 (+20) ev-ery fac-tor $\OML/cmm/m/it/10.95 '\OT
1/cmr/m/n/10.95 (\OML/cmm/m/it/10.95 ^^X=b[]\OT1/cmr/m/n/10.95 )$ \T1/Libertinu
sSerif-TLF/m/n/10.95 (+20) is eval-u-ated in-side the disc of an-a-lyt-ic-ity, 
and
 []

[97]

Package amsmath Warning: Foreign command \atopwithdelims;
(amsmath)                \frac or \genfrac should be used instead
(amsmath)                 on input line 5885.

[98] [99] [100] [101] [102] [103] [104] [105]
LaTeX Font Info:    Font shape `TS1/LibertinusSerif-TLF/m/n' will be
(Font)              scaled to size 10.0pt on input line 6427.
 [106] [107] [108] [109] [110]
[111] [112] [113]

Package hyperref Warning: Token not allowed in a PDF string (Unicode):
(hyperref)                removing `math shift' on input line 7007.


Package hyperref Warning: Token not allowed in a PDF string (Unicode):
(hyperref)                removing `superscript' on input line 7007.


Package hyperref Warning: Token not allowed in a PDF string (Unicode):
(hyperref)                removing `math shift' on input line 7007.

[114]

Package hyperref Warning: Token not allowed in a PDF string (Unicode):
(hyperref)                removing `math shift' on input line 7101.


Package hyperref Warning: Token not allowed in a PDF string (Unicode):
(hyperref)                removing `superscript' on input line 7101.


Package hyperref Warning: Token not allowed in a PDF string (Unicode):
(hyperref)                removing `math shift' on input line 7101.

[115] [116] [117] [118] [119]
Underfull \hbox (badness 5771) in paragraph at lines 7557--7557
[]|\T1/LibertinusSerif-TLF/m/n/10.95 (+20) Positive; strictly in-side
 []


Underfull \hbox (badness 5924) in paragraph at lines 7557--7557
[]|\T1/LibertinusSerif-TLF/m/n/10.95 (+20) Positive; ex-act sup-port
 []

[120]
<assets/finite_sinc_products_report/finite_sinc_approximants.png, id=4613, 520.
344pt x 325.215pt>
File: assets/finite_sinc_products_report/finite_sinc_approximants.png Graphic f
ile (type png)
<use assets/finite_sinc_products_report/finite_sinc_approximants.png>
Package pdftex.def Info: assets/finite_sinc_products_report/finite_sinc_approxi
mants.png  used on input line 7589.
(pdftex.def)             Requested size: 395.60931pt x 247.27017pt.
<assets/finite_sinc_products_report/scaled_error_profiles.png, id=4614, 520.344
pt x 325.215pt>
File: assets/finite_sinc_products_report/scaled_error_profiles.png Graphic file
 (type png)
<use assets/finite_sinc_products_report/scaled_error_profiles.png>
Package pdftex.def Info: assets/finite_sinc_products_report/scaled_error_profil
es.png  used on input line 7598.
(pdftex.def)             Requested size: 395.60931pt x 247.27017pt.
<assets/finite_sinc_products_report/convergence_comparison.png, id=4617, 520.34
4pt x 325.215pt>
File: assets/finite_sinc_products_report/convergence_comparison.png Graphic fil
e (type png)
<use assets/finite_sinc_products_report/convergence_comparison.png>
Package pdftex.def Info: assets/finite_sinc_products_report/convergence_compari
son.png  used on input line 7606.
(pdftex.def)             Requested size: 395.60931pt x 247.27017pt.
 [121 <./assets/finite_sinc_products_report/finite_sinc_approximants.png (PNG c
opy)>] [122 <./assets/finite_sinc_products_report/scaled_error_profiles.png (PN
G copy)> <./assets/finite_sinc_products_report/convergence_comparison.png (PNG 
copy)>] [123] [124] [125]
(C:\Users\vresh\AppData\Local\Programs\MiKTeX\tex/latex/listings\lstlang1.sty
File: lstlang1.sty 2025/11/14 1.11b listings language file
)
(C:\Users\vresh\AppData\Local\Programs\MiKTeX\tex/latex/listings\lstlang1.sty
File: lstlang1.sty 2025/11/14 1.11b listings language file
)
[126] [127] [128]
<assets/Rvachev_Piecewise_Approximation_Fourier_Images/data/transfer_profile.pn
g, id=4721, 578.16pt x 332.1135pt>
File: assets/Rvachev_Piecewise_Approximation_Fourier_Images/data/transfer_profi
le.png Graphic file (type png)
<use assets/Rvachev_Piecewise_Approximation_Fourier_Images/data/transfer_profil
e.png>
Package pdftex.def Info: assets/Rvachev_Piecewise_Approximation_Fourier_Images/
data/transfer_profile.png  used on input line 8153.
(pdftex.def)             Requested size: 413.58844pt x 237.5759pt.
 [129]
<assets/rvachev_fourier_frontier_report/numerical_output/divisor_arithmetic.png
, id=4737, 650.43pt x 361.35pt>
File: assets/rvachev_fourier_frontier_report/numerical_output/divisor_arithmeti
c.png Graphic file (type png)
<use assets/rvachev_fourier_frontier_report/numerical_output/divisor_arithmetic
.png>
Package pdftex.def Info: assets/rvachev_fourier_frontier_report/numerical_outpu
t/divisor_arithmetic.png  used on input line 8223.
(pdftex.def)             Requested size: 422.58144pt x 234.76996pt.
 [130 <./assets/Rvachev_Piecewise_Approximation_Fourier_Images/data/transfer_pr
ofile.png>] [131 <./assets/rvachev_fourier_frontier_report/numerical_output/div
isor_arithmetic.png>]
<assets/Rvachev_Piecewise_Approximation_Fourier_Images/data/coefficient_asympto
tic.png, id=4766, 578.16pt x 332.1135pt>
File: assets/Rvachev_Piecewise_Approximation_Fourier_Images/data/coefficient_as
ymptotic.png Graphic file (type png)
<use assets/Rvachev_Piecewise_Approximation_Fourier_Images/data/coefficient_asy
mptotic.png>
Package pdftex.def Info: assets/Rvachev_Piecewise_Approximation_Fourier_Images/
data/coefficient_asymptotic.png  used on input line 8378.
(pdftex.def)             Requested size: 404.59544pt x 232.41199pt.
 [132] [133 <./assets/Rvachev_Piecewise_Approximation_Fourier_Images/data/coeff
icient_asymptotic.png>]
<assets/rvachev_fourier_frontier_report/numerical_output/critical_boundary_laye
r.png, id=4796, 614.295pt x 346.896pt>
File: assets/rvachev_fourier_frontier_report/numerical_output/critical_boundary
_layer.png Graphic file (type png)
<use assets/rvachev_fourier_frontier_report/numerical_output/critical_boundary_
layer.png>
Package pdftex.def Info: assets/rvachev_fourier_frontier_report/numerical_outpu
t/critical_boundary_layer.png  used on input line 8544.
(pdftex.def)             Requested size: 413.58844pt x 233.55714pt.
 [134]
<assets/Rvachev_Piecewise_Approximation_Fourier_Images/data/finite_spectra_log.
png, id=4808, 578.16pt x 332.1135pt>
File: assets/Rvachev_Piecewise_Approximation_Fourier_Images/data/finite_spectra
_log.png Graphic file (type png)
<use assets/Rvachev_Piecewise_Approximation_Fourier_Images/data/finite_spectra_
log.png>
Package pdftex.def Info: assets/Rvachev_Piecewise_Approximation_Fourier_Images/
data/finite_spectra_log.png  used on input line 8554.
(pdftex.def)             Requested size: 422.58144pt x 242.74489pt.

[135 <./assets/rvachev_fourier_frontier_report/numerical_output/critical_bounda
ry_layer.png>] [136 <./assets/Rvachev_Piecewise_Approximation_Fourier_Images/da
ta/finite_spectra_log.png>]
<assets/Rvachev_Piecewise_Approximation_Fourier_Images/data/scaled_fourier_erro
r.png, id=4830, 578.16pt x 332.1135pt>
File: assets/Rvachev_Piecewise_Approximation_Fourier_Images/data/scaled_fourier
_error.png Graphic file (type png)
<use assets/Rvachev_Piecewise_Approximation_Fourier_Images/data/scaled_fourier_
error.png>
Package pdftex.def Info: assets/Rvachev_Piecewise_Approximation_Fourier_Images/
data/scaled_fourier_error.png  used on input line 8670.
(pdftex.def)             Requested size: 422.58144pt x 242.74489pt.
 [137 <./assets/Rvachev_Piecewise_Approximation_Fourier_Images/data/scaled_four
ier_error.png>] [138] [139]
<assets/Rvachev_Piecewise_Approximation_Fourier_Images/data/accelerated_surroga
tes.png, id=4872, 578.16pt x 346.896pt>
File: assets/Rvachev_Piecewise_Approximation_Fourier_Images/data/accelerated_su
rrogates.png Graphic file (type png)
<use assets/Rvachev_Piecewise_Approximation_Fourier_Images/data/accelerated_sur
rogates.png>
Package pdftex.def Info: assets/Rvachev_Piecewise_Approximation_Fourier_Images/
data/accelerated_surrogates.png  used on input line 8906.
(pdftex.def)             Requested size: 422.58144pt x 253.54956pt.
 [140 <./assets/Rvachev_Piecewise_Approximation_Fourier_Images/data/accelerated
_surrogates.png>]
[141] [142]
ignored: Infinite glue shrinkage found in box being split [143]
LaTeX Font Info:    Trying to load font information for T1+LibertinusSans-TLF o
n input line 9131.

(C:\Users\vresh\AppData\Local\Programs\MiKTeX\tex/latex/libertinus-type1\t1libe
rtinussans-tlf.fd
File: T1LibertinusSans-TLF.fd 2024/09/22 (autoinst) Font definitions for T1/Lib
ertinusSans-TLF.
)
LaTeX Font Info:    Font shape `T1/LibertinusSans-TLF/m/n' will be
(Font)              scaled to size 10.95pt on input line 9131.
Package microtype Info: Loading generic protrusion settings for font family
(microtype)             `LibertinusSans-TLF' (encoding: T1).
(microtype)             For optimal results, create family-specific settings.
(microtype)             See the microtype manual for details.
 [144{C:/Users/vresh/AppData/Local/Programs/MiKTeX/fonts/enc/dvips/libertinus-t
ype1/lbn1_mfadfl.enc}] [145] [146] [147] [148] [149] [150]
[151] [152] [153] [154]
<assets/fabius_finite_products_frontier/figures/finite_spline_approximants.png,
 id=5119, 461.3235pt x 304.7385pt>
File: assets/fabius_finite_products_frontier/figures/finite_spline_approximants
.png Graphic file (type png)
<use assets/fabius_finite_products_frontier/figures/finite_spline_approximants.
png>
Package pdftex.def Info: assets/fabius_finite_products_frontier/figures/finite_
spline_approximants.png  used on input line 9930.
(pdftex.def)             Requested size: 409.09538pt x 270.23991pt.
<assets/fabius_finite_products_frontier/figures/scaled_density_error.png, id=51
20, 462.528pt x 304.7385pt>
File: assets/fabius_finite_products_frontier/figures/scaled_density_error.png G
raphic file (type png)
<use assets/fabius_finite_products_frontier/figures/scaled_density_error.png>
Package pdftex.def Info: assets/fabius_finite_products_frontier/figures/scaled_
density_error.png  used on input line 9937.
(pdftex.def)             Requested size: 409.09538pt x 269.54707pt.
<assets/fabius_finite_products_frontier/figures/scaled_stop_loss.png, id=5121, 
471.7625pt x 304.7385pt>
File: assets/fabius_finite_products_frontier/figures/scaled_stop_loss.png Graph
ic file (type png)
<use assets/fabius_finite_products_frontier/figures/scaled_stop_loss.png>
Package pdftex.def Info: assets/fabius_finite_products_frontier/figures/scaled_
stop_loss.png  used on input line 9944.
(pdftex.def)             Requested size: 409.09538pt x 264.2601pt.
<assets/fabius_finite_products_frontier/figures/exact_metric_rates.png, id=5122
, 461.725pt x 305.5415pt>
File: assets/fabius_finite_products_frontier/figures/exact_metric_rates.png Gra
phic file (type png)
<use assets/fabius_finite_products_frontier/figures/exact_metric_rates.png>
Package pdftex.def Info: assets/fabius_finite_products_frontier/figures/exact_m
etric_rates.png  used on input line 9987.
(pdftex.def)             Requested size: 395.60931pt x 261.79083pt.
 [155] [156 <./assets/fabius_finite_products_frontier/figures/finite_spline_app
roximants.png> <./assets/fabius_finite_products_frontier/figures/scaled_density
_error.png>] [157 <./assets/fabius_finite_products_frontier/figures/scaled_stop
_loss.png>] [158 <./assets/fabius_finite_products_frontier/figures/exact_metric
_rates.png>] [159]
<assets/fabius_finite_products_frontier/figures/information_transport_ratios.pn
g, id=5179, 460.5205pt x 306.746pt>
File: assets/fabius_finite_products_frontier/figures/information_transport_rati
os.png Graphic file (type png)
<use assets/fabius_finite_products_frontier/figures/information_transport_ratio
s.png>
Package pdftex.def Info: assets/fabius_finite_products_frontier/figures/informa
tion_transport_ratios.png  used on input line 10154.
(pdftex.def)             Requested size: 395.60931pt x 263.52026pt.
<assets/fabius_finite_products_frontier/figures/fisher_information.png, id=5186
, 460.5205pt x 305.943pt>
File: assets/fabius_finite_products_frontier/figures/fisher_information.png Gra
phic file (type png)
<use assets/fabius_finite_products_frontier/figures/fisher_information.png>
Package pdftex.def Info: assets/fabius_finite_products_frontier/figures/fisher_
information.png  used on input line 10182.
(pdftex.def)             Requested size: 386.61633pt x 256.85497pt.
 [160] [161 <./assets/fabius_finite_products_frontier/figures/information_trans
port_ratios.png> <./assets/fabius_finite_products_frontier/figures/fisher_infor
mation.png>] [162] [163] [164]
ignored: Infinite glue shrinkage found in box being split
[165]
LaTeX Font Info:    Font shape `T1/LibertinusSerif-TLF/m/n' will be
(Font)              scaled to size 7.0pt on input line 10544.
LaTeX Font Info:    Font shape `T1/LibertinusSerif-TLF/m/n' will be
(Font)              scaled to size 5.0pt on input line 10544.
 [166] [167] [168] [169]
LaTeX Font Info:    Trying to load font information for U+euf on input line 108
10.

(C:\Users\vresh\AppData\Local\Programs\MiKTeX\tex/latex/amsfonts\ueuf.fd
File: ueuf.fd 2013/01/14 v3.01 Euler Fraktur
)
(C:\Users\vresh\AppData\Local\Programs\MiKTeX\tex/latex/microtype\mt-euf.cfg
File: mt-euf.cfg 2006/07/03 v1.1 microtype config. file: AMS Euler Fraktur (RS)

)
[170] [171]
LaTeX Font Info:    Font shape `T1/LibertinusSans-TLF/b/n' will be
(Font)              scaled to size 10.95pt on input line 10947.
 [172] [173] [174] [175] [176] [177] [178] [179] [180] [181]
<assets/Rvachev_Atomic_Functions_Report/fup_clt.png, id=5491, 650.43pt x 361.35
pt>
File: assets/Rvachev_Atomic_Functions_Report/fup_clt.png Graphic file (type png
)
<use assets/Rvachev_Atomic_Functions_Report/fup_clt.png>
Package pdftex.def Info: assets/Rvachev_Atomic_Functions_Report/fup_clt.png  us
ed on input line 11646.
(pdftex.def)             Requested size: 404.59544pt x 224.77904pt.

[182 <./assets/Rvachev_Atomic_Functions_Report/fup_clt.png>]
<assets/Atomic_Functions_Rvachev_Report_Package/figures/fup_edgeworth_error.png
, id=5505, 607.068pt x 354.3639pt>
File: assets/Atomic_Functions_Rvachev_Report_Package/figures/fup_edgeworth_erro
r.png Graphic file (type png)
<use assets/Atomic_Functions_Rvachev_Report_Package/figures/fup_edgeworth_error
.png>
Package pdftex.def Info: assets/Atomic_Functions_Rvachev_Report_Package/figures
/fup_edgeworth_error.png  used on input line 11735.
(pdftex.def)             Requested size: 413.58844pt x 241.42386pt.
 [183 <./assets/Atomic_Functions_Rvachev_Report_Package/figures/fup_edgeworth_e
rror.png (PNG copy)>] [184] [185] [186] [187] [188] [189] [190]
<assets/Atomic_Functions_Beyond_Dyadic_Frontiers/figures/derivative_energy_cant
or_limit_a_3.png, id=5620, 657.2555pt x 336.8585pt>
File: assets/Atomic_Functions_Beyond_Dyadic_Frontiers/figures/derivative_energy
_cantor_limit_a_3.png Graphic file (type png)
<use assets/Atomic_Functions_Beyond_Dyadic_Frontiers/figures/derivative_energy_
cantor_limit_a_3.png>
Package pdftex.def Info: assets/Atomic_Functions_Beyond_Dyadic_Frontiers/figure
s/derivative_energy_cantor_limit_a_3.png  used on input line 12353.
(pdftex.def)             Requested size: 413.58844pt x 211.97011pt.
 [191] [192 <./assets/Atomic_Functions_Beyond_Dyadic_Frontiers/figures/derivati
ve_energy_cantor_limit_a_3.png>]
<assets/Atomic_Functions_Beyond_Dyadic_Report-2/figures/spectral_lognormal_gene
ral_base.png, id=5651, 639.8304pt x 384.2355pt>
File: assets/Atomic_Functions_Beyond_Dyadic_Report-2/figures/spectral_lognormal
_general_base.png Graphic file (type png)
<use assets/Atomic_Functions_Beyond_Dyadic_Report-2/figures/spectral_lognormal_
general_base.png>
Package pdftex.def Info: assets/Atomic_Functions_Beyond_Dyadic_Report-2/figures
/spectral_lognormal_general_base.png  used on input line 12444.
(pdftex.def)             Requested size: 404.59544pt x 242.97253pt.

[193 <./assets/Atomic_Functions_Beyond_Dyadic_Report-2/figures/spectral_lognorm
al_general_base.png (PNG copy)>] [194]
<assets/Atomic_Functions_Rvachev_Report_Package/figures/derivative_gram_spectru
m.png, id=5681, 607.068pt x 354.3639pt>
File: assets/Atomic_Functions_Rvachev_Report_Package/figures/derivative_gram_sp
ectrum.png Graphic file (type png)
<use assets/Atomic_Functions_Rvachev_Report_Package/figures/derivative_gram_spe
ctrum.png>
Package pdftex.def Info: assets/Atomic_Functions_Rvachev_Report_Package/figures
/derivative_gram_spectrum.png  used on input line 12568.
(pdftex.def)             Requested size: 413.58844pt x 241.42386pt.
 [195 <./assets/Atomic_Functions_Rvachev_Report_Package/figures/derivative_gram
_spectrum.png (PNG copy)>] [196] [197]
Underfull \hbox (badness 2189) in paragraph at lines 12844--12854
[]\T1/LibertinusSerif-TLF/m/n/10.95 (+20) For fixed $\OML/cmm/m/it/10.95 r$\T1/
LibertinusSerif-TLF/m/n/10.95 (+20) , $[][] \OT1/cmr/m/n/10.95 = (\OML/cmm/m/it
/10.95 Q[]\OT1/cmr/m/n/10.95 ; \OML/cmm/m/it/10.95 Q\OT1/cmr/m/n/10.95 )[]\OML/
cmm/m/it/10.95 =\OT1/cmr/m/n/10.95 (\OML/cmm/m/it/10.95 Q\OT1/cmr/m/n/10.95 ; \
OML/cmm/m/it/10.95 Q\OT1/cmr/m/n/10.95 )[] \OMS/cmsy/m/n/10.95 ! \OT1/cmr/m/n/1
0.95 1\OML/cmm/m/it/10.95 =\OT1/cmr/m/n/10.95 (\OML/cmm/m/it/10.95 Q\OT1/cmr/m/
n/10.95 ; \OML/cmm/m/it/10.95 Q\OT1/cmr/m/n/10.95 )[]$\T1/LibertinusSerif-TLF/m
/n/10.95 (+20) , with summable ma-jo-
 []


Underfull \hbox (badness 1297) in paragraph at lines 12844--12854
\T1/LibertinusSerif-TLF/m/n/10.95 (+20) rant $\OMS/cmsy/m/n/10.95 j\OML/cmm/m/i
t/10.95 a[]\OMS/cmsy/m/n/10.95 j ^^T \OML/cmm/m/it/10.95 q[]=\OT1/cmr/m/n/10.95
 (\OML/cmm/m/it/10.95 Q\OT1/cmr/m/n/10.95 ; \OML/cmm/m/it/10.95 Q\OT1/cmr/m/n/1
0.95 )[]$\T1/LibertinusSerif-TLF/m/n/10.95 (+20) , so dom-i-nated con-ver-gence
 gives the $\OML/cmm/m/it/10.95 `[]$ \T1/LibertinusSerif-TLF/m/n/10.95 (+20) li
mit; Eu-ler's the-o-rem
 []

[198]
<assets/Atomic_Functions_Rvachev_Expanded_Report/derivative_gram_theta.png, id=
5739, 607.068pt x 354.123pt>
File: assets/Atomic_Functions_Rvachev_Expanded_Report/derivative_gram_theta.png
 Graphic file (type png)
<use assets/Atomic_Functions_Rvachev_Expanded_Report/derivative_gram_theta.png>

Package pdftex.def Info: assets/Atomic_Functions_Rvachev_Expanded_Report/deriva
tive_gram_theta.png  used on input line 12914.
(pdftex.def)             Requested size: 413.58844pt x 241.25974pt.
 [199 <./assets/Atomic_Functions_Rvachev_Expanded_Report/derivative_gram_theta.
png>] [200]
<assets/Atomic_Functions_Beyond_Dyadic_Expanded/figures/orthogonal_derivative_l
adder_a_2_6.png, id=5786, 715.0715pt x 359.3425pt>
File: assets/Atomic_Functions_Beyond_Dyadic_Expanded/figures/orthogonal_derivat
ive_ladder_a_2_6.png Graphic file (type png)
<use assets/Atomic_Functions_Beyond_Dyadic_Expanded/figures/orthogonal_derivati
ve_ladder_a_2_6.png>
Package pdftex.def Info: assets/Atomic_Functions_Beyond_Dyadic_Expanded/figures
/orthogonal_derivative_ladder_a_2_6.png  used on input line 13109.
(pdftex.def)             Requested size: 413.58844pt x 207.83757pt.
 [201 <./assets/Atomic_Functions_Beyond_Dyadic_Expanded/figures/orthogonal_deri
vative_ladder_a_2_6.png>] [202] [203] [204]
<assets/atomic_sinc_splines_report_package/figures/cantor_gap_atlas_a3.png, id=
5848, 578.16pt x 346.896pt>
File: assets/atomic_sinc_splines_report_package/figures/cantor_gap_atlas_a3.png
 Graphic file (type png)
<use assets/atomic_sinc_splines_report_package/figures/cantor_gap_atlas_a3.png>

Package pdftex.def Info: assets/atomic_sinc_splines_report_package/figures/cant
or_gap_atlas_a3.png  used on input line 13397.
(pdftex.def)             Requested size: 422.58144pt x 253.54956pt.
 [205 <./assets/atomic_sinc_splines_report_package/figures/cantor_gap_atlas_a3.
png>] [206]
<assets/Atomic_Functions_Beyond_Dyadic_Report/figures/tube_oscillation_a_3.png,
 id=5886, 664.884pt x 375.804pt>
File: assets/Atomic_Functions_Beyond_Dyadic_Report/figures/tube_oscillation_a_3
.png Graphic file (type png)
<use assets/Atomic_Functions_Beyond_Dyadic_Report/figures/tube_oscillation_a_3.
png>
Package pdftex.def Info: assets/Atomic_Functions_Beyond_Dyadic_Report/figures/t
ube_oscillation_a_3.png  used on input line 13530.
(pdftex.def)             Requested size: 422.58144pt x 238.85078pt.
 [207 <./assets/Atomic_Functions_Beyond_Dyadic_Report/figures/tube_oscillation_
a_3.png (PNG copy)>]
<assets/Atomic_Functions_Beyond_Dyadic_Report/figures/degree_critical_limit.png
, id=5902, 664.884pt x 375.804pt>
File: assets/Atomic_Functions_Beyond_Dyadic_Report/figures/degree_critical_limi
t.png Graphic file (type png)
<use assets/Atomic_Functions_Beyond_Dyadic_Report/figures/degree_critical_limit
.png>
Package pdftex.def Info: assets/Atomic_Functions_Beyond_Dyadic_Report/figures/d
egree_critical_limit.png  used on input line 13584.
(pdftex.def)             Requested size: 422.58144pt x 238.85078pt.
 [208 <./assets/Atomic_Functions_Beyond_Dyadic_Report/figures/degree_critical_l
imit.png (PNG copy)>]
<assets/Atomic_Functions_Beyond_Dyadic_Report-3/figures/distance_to_singular_se
t_a_3.png, id=5920, 583.7007pt x 340.6326pt>
File: assets/Atomic_Functions_Beyond_Dyadic_Report-3/figures/distance_to_singul
ar_set_a_3.png Graphic file (type png)
<use assets/Atomic_Functions_Beyond_Dyadic_Report-3/figures/distance_to_singula
r_set_a_3.png>
Package pdftex.def Info: assets/Atomic_Functions_Beyond_Dyadic_Report-3/figures
/distance_to_singular_set_a_3.png  used on input line 13659.
(pdftex.def)             Requested size: 404.59544pt x 236.11264pt.
 [209 <./assets/Atomic_Functions_Beyond_Dyadic_Report-3/figures/distance_to_sin
gular_set_a_3.png (PNG copy)>]
Underfull \hbox (badness 2717) in paragraph at lines 13719--13720
[]\T1/LibertinusSerif-TLF/b/n/10.95 (+20) Theorem 15.7 \T1/LibertinusSerif-TLF/
m/n/10.95 (+20) (Two-term jet tail and sharp ex-po-nen-tial in-te-gra-bil-ity)\
T1/LibertinusSerif-TLF/b/n/10.95 (+20) . []\T1/LibertinusSerif-TLF/m/it/10.95 (
+20) Let $\OML/cmm/m/it/10.95 a > \OT1/cmr/m/n/10.95 2$ \T1/LibertinusSerif-TLF
/m/it/10.95 (+20) and
 []

[210]
<assets/Atomic_Functions_Rvachev_qBinomial_Frontiers/figures/highest_jet_partia
l_theta.png, id=5954, 621.522pt x 361.35pt>
File: assets/Atomic_Functions_Rvachev_qBinomial_Frontiers/figures/highest_jet_p
artial_theta.png Graphic file (type png)
<use assets/Atomic_Functions_Rvachev_qBinomial_Frontiers/figures/highest_jet_pa
rtial_theta.png>
Package pdftex.def Info: assets/Atomic_Functions_Rvachev_qBinomial_Frontiers/fi
gures/highest_jet_partial_theta.png  used on input line 13834.
(pdftex.def)             Requested size: 395.60931pt x 230.01158pt.
 [211 <./assets/Atomic_Functions_Rvachev_qBinomial_Frontiers/figures/highest_je
t_partial_theta.png>] [212] [213]
<assets/atomic_sinc_splines_report_package/figures/fourier_envelope_a22.png, id
=6003, 578.16pt x 346.896pt>
File: assets/atomic_sinc_splines_report_package/figures/fourier_envelope_a22.pn
g Graphic file (type png)
<use assets/atomic_sinc_splines_report_package/figures/fourier_envelope_a22.png
>
Package pdftex.def Info: assets/atomic_sinc_splines_report_package/figures/four
ier_envelope_a22.png  used on input line 14043.
(pdftex.def)             Requested size: 422.58144pt x 253.54956pt.
 [214 <./assets/atomic_sinc_splines_report_package/figures/fourier_envelope_a22
.png>] [215]
<assets/atomic_sinc_splines_report_package/figures/scaled_prefix_error_a22.png,
 id=6038, 578.16pt x 346.896pt>
File: assets/atomic_sinc_splines_report_package/figures/scaled_prefix_error_a22
.png Graphic file (type png)
<use assets/atomic_sinc_splines_report_package/figures/scaled_prefix_error_a22.
png>
Package pdftex.def Info: assets/atomic_sinc_splines_report_package/figures/scal
ed_prefix_error_a22.png  used on input line 14177.
(pdftex.def)             Requested size: 422.58144pt x 253.54956pt.
 [216 <./assets/atomic_sinc_splines_report_package/figures/scaled_prefix_error_
a22.png>]
<assets/atomic_sinc_splines_report_package/figures/family_profiles.png, id=6048
, 578.16pt x 346.896pt>
File: assets/atomic_sinc_splines_report_package/figures/family_profiles.png Gra
phic file (type png)
<use assets/atomic_sinc_splines_report_package/figures/family_profiles.png>
Package pdftex.def Info: assets/atomic_sinc_splines_report_package/figures/fami
ly_profiles.png  used on input line 14259.
(pdftex.def)             Requested size: 422.58144pt x 253.54956pt.
 [217] [218 <./assets/atomic_sinc_splines_report_package/figures/family_profile
s.png>]
<assets/Atomic_Functions_Beyond_Dyadic_Report/figures/gaussian_cumulant_limit.p
ng, id=6080, 664.884pt x 375.804pt>
File: assets/Atomic_Functions_Beyond_Dyadic_Report/figures/gaussian_cumulant_li
mit.png Graphic file (type png)
<use assets/Atomic_Functions_Beyond_Dyadic_Report/figures/gaussian_cumulant_lim
it.png>
Package pdftex.def Info: assets/Atomic_Functions_Beyond_Dyadic_Report/figures/g
aussian_cumulant_limit.png  used on input line 14334.
(pdftex.def)             Requested size: 422.58144pt x 238.85078pt.
 [219 <./assets/Atomic_Functions_Beyond_Dyadic_Report/figures/gaussian_cumulant
_limit.png (PNG copy)>] [220] [221]
<assets/Atomic_Functions_Beyond_Dyadic_Report/figures/periodic_correction_bases
.png, id=6138, 664.884pt x 375.804pt>
File: assets/Atomic_Functions_Beyond_Dyadic_Report/figures/periodic_correction_
bases.png Graphic file (type png)
<use assets/Atomic_Functions_Beyond_Dyadic_Report/figures/periodic_correction_b
ases.png>
Package pdftex.def Info: assets/Atomic_Functions_Beyond_Dyadic_Report/figures/p
eriodic_correction_bases.png  used on input line 14564.
(pdftex.def)             Requested size: 422.58144pt x 238.85078pt.
 [222] [223 <./assets/Atomic_Functions_Beyond_Dyadic_Report/figures/periodic_co
rrection_bases.png (PNG copy)>] [224] [225]
Underfull \hbox (badness 1400) in paragraph at lines 14858--14862
[]\T1/LibertinusSerif-TLF/b/n/10.95 (+20) Signed lead-ing co-ef-fi-cients. \T1/
LibertinusSerif-TLF/m/n/10.95 (+20) Poly-no-mial fits on ev-ery gap through gen
-er-a-tion three
 []

[226] [227] [228] [229] [230]
Underfull \hbox (badness 1509) in paragraph at lines 15269--15269
[]|\T1/LibertinusSerif-TLF/m/n/10.95 (+20) Shift sums, dif-fer-ence equa-tion,
 []


Underfull \hbox (badness 1783) in paragraph at lines 15270--15270
[]|\T1/LibertinusSerif-TLF/m/n/10.95 (+20) Uniqueness of the rep-re-sent-ing
 []

[231]
Underfull \hbox (badness 10000) in paragraph at lines 15291--15291
[]|\T1/LibertinusSerif-TLF/m/n/10.95 (+20) Fourier con-ven-tion,
 []


Underfull \hbox (badness 1253) in paragraph at lines 15292--15294
[]|\T1/LibertinusSerif-TLF/m/n/10.95 (+20) one con-ven-tion fixed glob-ally; ev
-ery
 []


Underfull \hbox (badness 1546) in paragraph at lines 15294--15294
[]|\T1/LibertinusSerif-TLF/m/n/10.95 (+20) the mask read var-i-ously as
 []


Underfull \hbox (badness 10000) in paragraph at lines 15298--15299
[]|\T1/LibertinusSerif-TLF/m/n/10.95 (+20) indices al-ter-nat-ing among
 []


Underfull \hbox (badness 10000) in paragraph at lines 15304--15304
[]|\T1/LibertinusMono-TLF/m/n/10.95 up\T1/LibertinusSerif-TLF/m/n/10.95 (+20) ,
 mixed Cyril-lic
 []


Underfull \hbox (badness 2158) in paragraph at lines 15306--15306
[]|$\OML/cmm/m/it/10.95 ^^N$ \T1/LibertinusSerif-TLF/m/n/10.95 (+20) in-dices s
hifted by
 []


Underfull \hbox (badness 1946) in paragraph at lines 15324--15324
[]|\T1/LibertinusSerif-TLF/m/n/10.95 (+20) Uniqueness hy-poth-e-
 []


Underfull \hbox (badness 10000) in paragraph at lines 15326--15328
[]|\T1/LibertinusSerif-TLF/m/n/10.95 (+20) re-derived from $[][] \OML/cmm/m/it/
10.95 z \OT1/cmr/m/n/10.95 =
 []


ignored: Infinite glue shrinkage found in box being split [232] [233] [234] [235] [236] 
[237]
<assets/Fabius_Q_Connections_Report/figures/physical_densities.png, id=6384, 59
7.77614pt x 366.51215pt>
File: assets/Fabius_Q_Connections_Report/figures/physical_densities.png Graphic
 file (type png)
<use assets/Fabius_Q_Connections_Report/figures/physical_densities.png>
Package pdftex.def Info: assets/Fabius_Q_Connections_Report/figures/physical_de
nsities.png  used on input line 15706.
(pdftex.def)             Requested size: 404.59544pt x 248.07289pt.
 [238 <./assets/Fabius_Q_Connections_Report/figures/physical_densities.png>] [2
39] [240] [241] [242] [243] [244] [245]
[246] [247] [248] [249] [250] [251] [252]
Underfull \hbox (badness 1348) in paragraph at lines 16802--16810
[]\T1/LibertinusSerif-TLF/m/n/10.95 (+20) Its $\OML/cmm/m/it/10.95 t \OT1/cmr/m
/n/10.95 = 0$ \T1/LibertinusSerif-TLF/m/n/10.95 (+20) face is fi-nite Pochham-m
er/Gaussian cal-cu-lus, $\U/rsfs/m/n/10.95 Z[]\OT1/cmr/m/n/10.95 (\OML/cmm/m/it
/10.95 u; \OT1/cmr/m/n/10.95 0; \OML/cmm/m/it/10.95 ^^Z; ^^[\OT1/cmr/m/n/10.95 
) = (\OML/cmm/m/it/10.95 u\OT1/cmr/m/n/10.95 ; \OML/cmm/m/it/10.95 ^^Z\OT1/cmr/
m/n/10.95 )[] =
 []

[253]
Underfull \hbox (badness 2401) in paragraph at lines 16853--16860
\T1/LibertinusSerif-TLF/m/n/10.95 (+20) equa-tion $\OT1/cmr/m/n/10.95 ^^D[](\OM
L/cmm/m/it/10.95 u; z\OT1/cmr/m/n/10.95 ; \OML/cmm/m/it/10.95 q\OT1/cmr/m/n/10.
95 ) = (1 \OMS/cmsy/m/n/10.95 ^^@ \OML/cmm/m/it/10.95 uz\OT1/cmr/m/n/10.95 ) ^^
D[](\OML/cmm/m/it/10.95 uq; z[]\OT1/cmr/m/n/10.95 ; \OML/cmm/m/it/10.95 q\OT1/c
mr/m/n/10.95 )$ \T1/LibertinusSerif-TLF/m/n/10.95 (+20) and the fi-nite reci-pr
ocity $\OT1/cmr/m/n/10.95 ^^D[](\OML/cmm/m/it/10.95 u; z\OT1/cmr/m/n/10.95 ; \O
ML/cmm/m/it/10.95 q\OT1/cmr/m/n/10.95 ) =
 []


Underfull \hbox (badness 1320) in paragraph at lines 16853--16860
\OT1/cmr/m/n/10.95 (\OMS/cmsy/m/n/10.95 ^^@\OML/cmm/m/it/10.95 u\OT1/cmr/m/n/10
.95 )[]\OML/cmm/m/it/10.95 q[]z[]\OT1/cmr/m/n/10.95 ^^D[](\OML/cmm/m/it/10.95 u
[]; z[]\OT1/cmr/m/n/10.95 ; \OML/cmm/m/it/10.95 q[]\OT1/cmr/m/n/10.95 )$ \T1/Li
bertinusSerif-TLF/m/n/10.95 (+20) --- the digit-polynomial coun-ter-part of the
 re-cip-ro-cal law
 []

[254]
Underfull \hbox (badness 1533) in paragraph at lines 16906--16915
[]\T1/LibertinusSerif-TLF/m/n/10.95 (+20) Factor $\OT1/cmr/m/n/10.95 1 \OMS/cms
y/m/n/10.95 ^^@ \OT1/cmr/m/n/10.95 e[] = \OMS/cmsy/m/n/10.95 ^^@\OML/cmm/m/it/1
0.95 zE\OT1/cmr/m/n/10.95 (\OML/cmm/m/it/10.95 z\OT1/cmr/m/n/10.95 )$ \T1/Liber
tinusSerif-TLF/m/n/10.95 (+20) in each term of the Prouhet face: $[][]\OT1/cmr/
m/n/10.95 (1 \OMS/cmsy/m/n/10.95 ^^@ \OT1/cmr/m/n/10.95 e[]) =
 []

[255]
<assets/Signed_Reciprocal_q_Fabius_Frontiers/dyadic_thue_morse_comb.png, id=661
1, 650.43pt x 245.718pt>
File: assets/Signed_Reciprocal_q_Fabius_Frontiers/dyadic_thue_morse_comb.png Gr
aphic file (type png)
<use assets/Signed_Reciprocal_q_Fabius_Frontiers/dyadic_thue_morse_comb.png>
Package pdftex.def Info: assets/Signed_Reciprocal_q_Fabius_Frontiers/dyadic_thu
e_morse_comb.png  used on input line 17029.
(pdftex.def)             Requested size: 215.78378pt x 81.51836pt.
<assets/Signed_Reciprocal_q_Fabius_Frontiers/quartic_cantor_comb.png, id=6612, 
650.43pt x 245.718pt>
File: assets/Signed_Reciprocal_q_Fabius_Frontiers/quartic_cantor_comb.png Graph
ic file (type png)
<use assets/Signed_Reciprocal_q_Fabius_Frontiers/quartic_cantor_comb.png>
Package pdftex.def Info: assets/Signed_Reciprocal_q_Fabius_Frontiers/quartic_ca
ntor_comb.png  used on input line 17033.
(pdftex.def)             Requested size: 215.78378pt x 81.51836pt.
 [256 <./assets/Signed_Reciprocal_q_Fabius_Frontiers/dyadic_thue_morse_comb.png
> <./assets/Signed_Reciprocal_q_Fabius_Frontiers/quartic_cantor_comb.png>] [257
]
<assets/Signed_Reciprocal_q_Fabius_Frontiers/quartic_endpoint_decay.png, id=663
9, 592.2855pt x 361.35pt>
File: assets/Signed_Reciprocal_q_Fabius_Frontiers/quartic_endpoint_decay.png Gr
aphic file (type png)
<use assets/Signed_Reciprocal_q_Fabius_Frontiers/quartic_endpoint_decay.png>
Package pdftex.def Info: assets/Signed_Reciprocal_q_Fabius_Frontiers/quartic_en
dpoint_decay.png  used on input line 17141.
(pdftex.def)             Requested size: 350.65121pt x 213.92798pt.
 [258 <./assets/Signed_Reciprocal_q_Fabius_Frontiers/quartic_endpoint_decay.png
>] [259] [260] [261] [262] [263

]
ignored: Infinite glue shrinkage found in box being split [264] [265]

Package hyperref Warning: Token not allowed in a PDF string (Unicode):
(hyperref)                removing `math shift' on input line 17694.


Package hyperref Warning: Token not allowed in a PDF string (Unicode):
(hyperref)                removing `math shift' on input line 17694.

[266] [267] [268] [269] [270]

Package hyperref Warning: Token not allowed in a PDF string (Unicode):
(hyperref)                removing `superscript' on input line 18125.

[271]

Package hyperref Warning: Token not allowed in a PDF string (Unicode):
(hyperref)                removing `superscript' on input line 18177.

[272]

Package hyperref Warning: Token not allowed in a PDF string (Unicode):
(hyperref)                removing `math shift' on input line 18282.


Package hyperref Warning: Token not allowed in a PDF string (Unicode):
(hyperref)                removing `math shift' on input line 18282.

[273] [274] [275] [276] [277]
(assets/geometric-sinc-and-exponent-families/Fabius_Rvachev_Frontier_Report/num
erical_results.tex)
<assets/geometric-sinc-and-exponent-families/Fabius_Rvachev_Frontier_Report/fig
ures/negative_duality_histogram.png, id=6951, 607.068pt x 346.896pt>
File: assets/geometric-sinc-and-exponent-families/Fabius_Rvachev_Frontier_Repor
t/figures/negative_duality_histogram.png Graphic file (type png)
<use assets/geometric-sinc-and-exponent-families/Fabius_Rvachev_Frontier_Report
/figures/negative_duality_histogram.png>
Package pdftex.def Info: assets/geometric-sinc-and-exponent-families/Fabius_Rva
chev_Frontier_Report/figures/negative_duality_histogram.png  used on input line
 18680.
(pdftex.def)             Requested size: 413.58844pt x 236.33607pt.
<assets/geometric-sinc-and-exponent-families/Fabius_Rvachev_Frontier_Report/fig
ures/plateau_phase.png, id=6954, 607.068pt x 346.896pt>
File: assets/geometric-sinc-and-exponent-families/Fabius_Rvachev_Frontier_Repor
t/figures/plateau_phase.png Graphic file (type png)
<use assets/geometric-sinc-and-exponent-families/Fabius_Rvachev_Frontier_Report
/figures/plateau_phase.png>
Package pdftex.def Info: assets/geometric-sinc-and-exponent-families/Fabius_Rva
chev_Frontier_Report/figures/plateau_phase.png  used on input line 18691.
(pdftex.def)             Requested size: 413.58844pt x 236.33607pt.
 [278] [279 <./assets/geometric-sinc-and-exponent-families/Fabius_Rvachev_Front
ier_Report/figures/negative_duality_histogram.png>]
<assets/geometric-sinc-and-exponent-families/Fabius_Rvachev_Frontier_Report/fig
ures/gaussian_boundary.png, id=6974, 607.068pt x 346.896pt>
File: assets/geometric-sinc-and-exponent-families/Fabius_Rvachev_Frontier_Repor
t/figures/gaussian_boundary.png Graphic file (type png)
<use assets/geometric-sinc-and-exponent-families/Fabius_Rvachev_Frontier_Report
/figures/gaussian_boundary.png>
Package pdftex.def Info: assets/geometric-sinc-and-exponent-families/Fabius_Rva
chev_Frontier_Report/figures/gaussian_boundary.png  used on input line 18702.
(pdftex.def)             Requested size: 413.58844pt x 236.33607pt.
 [280 <./assets/geometric-sinc-and-exponent-families/Fabius_Rvachev_Frontier_Re
port/figures/plateau_phase.png>] [281 <./assets/geometric-sinc-and-exponent-fam
ilies/Fabius_Rvachev_Frontier_Report/figures/gaussian_boundary.png>]

Package hyperref Warning: Token not allowed in a PDF string (Unicode):
(hyperref)                removing `math shift' on input line 18734.


Package hyperref Warning: Token not allowed in a PDF string (Unicode):
(hyperref)                removing `math shift' on input line 18734.


Package hyperref Warning: Token not allowed in a PDF string (Unicode):
(hyperref)                removing `math shift' on input line 18770.


Package hyperref Warning: Token not allowed in a PDF string (Unicode):
(hyperref)                removing `math shift' on input line 18770.

[282

]
Underfull \hbox (badness 1028) in paragraph at lines 18822--18826
[]\T1/LibertinusSerif-TLF/m/n/10.95 (+20) Two fur-ther re-or-ga-ni-za-tions com
-plete the pa-ram-e-ter pic-ture. Residue classes pro-duce a
 []

[283] [284] [285

] [286

] [287] [288] [289] [290] [291] [292] [293] [294]
[295] [296] [297] [298] [299] [300] [301] [302]
Underfull \hbox (badness 1590) in paragraph at lines 20451--20460
\T1/LibertinusSerif-TLF/m/n/10.95 (+20) absolutely con-ver-gent there. Only eve
n pow-ers oc-cur, so $\OML/cmm/m/it/10.95 ^^T[]\OT1/cmr/m/n/10.95 (\OML/cmm/m/i
t/10.95 q\OT1/cmr/m/n/10.95 ) = 0$ \T1/LibertinusSerif-TLF/m/n/10.95 (+20) and 
$\OML/cmm/m/it/10.95 ^^T[]\OT1/cmr/m/n/10.95 (\OML/cmm/m/it/10.95 q\OT1/cmr/m/n
/10.95 ) =
 []

[303] [304] [305] [306] [307] [308] [309]
<assets/geometric-sinc-and-exponent-families/Cyclotomic_q_Fabius_Rvachev_Fronti
er/figures/radial_action_convergence.png, id=7470, 520.344pt x 346.896pt>
File: assets/geometric-sinc-and-exponent-families/Cyclotomic_q_Fabius_Rvachev_F
rontier/figures/radial_action_convergence.png Graphic file (type png)
<use assets/geometric-sinc-and-exponent-families/Cyclotomic_q_Fabius_Rvachev_Fr
ontier/figures/radial_action_convergence.png>
Package pdftex.def Info: assets/geometric-sinc-and-exponent-families/Cyclotomic
_q_Fabius_Rvachev_Frontier/figures/radial_action_convergence.png  used on input
 line 21114.
(pdftex.def)             Requested size: 409.09538pt x 272.74269pt.
<assets/geometric-sinc-and-exponent-families/Cyclotomic_q_Fabius_Rvachev_Fronti
er/figures/cyclotomic_blowup_errors.png, id=7472, 520.344pt x 346.896pt>
File: assets/geometric-sinc-and-exponent-families/Cyclotomic_q_Fabius_Rvachev_F
rontier/figures/cyclotomic_blowup_errors.png Graphic file (type png)
<use assets/geometric-sinc-and-exponent-families/Cyclotomic_q_Fabius_Rvachev_Fr
ontier/figures/cyclotomic_blowup_errors.png>
Package pdftex.def Info: assets/geometric-sinc-and-exponent-families/Cyclotomic
_q_Fabius_Rvachev_Frontier/figures/cyclotomic_blowup_errors.png  used on input 
line 21126.
(pdftex.def)             Requested size: 409.09538pt x 272.74269pt.
 [310 <./assets/geometric-sinc-and-exponent-families/Cyclotomic_q_Fabius_Rvache
v_Frontier/figures/radial_action_convergence.png>]
<assets/geometric-sinc-and-exponent-families/Cyclotomic_q_Fabius_Rvachev_Fronti
er/figures/bell_moment_collapse.png, id=7483, 520.344pt x 346.896pt>
File: assets/geometric-sinc-and-exponent-families/Cyclotomic_q_Fabius_Rvachev_F
rontier/figures/bell_moment_collapse.png Graphic file (type png)
<use assets/geometric-sinc-and-exponent-families/Cyclotomic_q_Fabius_Rvachev_Fr
ontier/figures/bell_moment_collapse.png>
Package pdftex.def Info: assets/geometric-sinc-and-exponent-families/Cyclotomic
_q_Fabius_Rvachev_Frontier/figures/bell_moment_collapse.png  used on input line
 21135.
(pdftex.def)             Requested size: 220.2837pt x 146.85982pt.
<assets/geometric-sinc-and-exponent-families/Cyclotomic_q_Fabius_Rvachev_Fronti
er/figures/inverse_branch_errors.png, id=7484, 520.344pt x 346.896pt>
File: assets/geometric-sinc-and-exponent-families/Cyclotomic_q_Fabius_Rvachev_F
rontier/figures/inverse_branch_errors.png Graphic file (type png)
<use assets/geometric-sinc-and-exponent-families/Cyclotomic_q_Fabius_Rvachev_Fr
ontier/figures/inverse_branch_errors.png>
Package pdftex.def Info: assets/geometric-sinc-and-exponent-families/Cyclotomic
_q_Fabius_Rvachev_Frontier/figures/inverse_branch_errors.png  used on input lin
e 21141.
(pdftex.def)             Requested size: 220.2837pt x 146.85982pt.

(assets/geometric-sinc-and-exponent-families/Cyclotomic_q_Fabius_Rvachev_Fronti
er/data/numerical_slopes_table.tex) [311 <./assets/geometric-sinc-and-exponent-
families/Cyclotomic_q_Fabius_Rvachev_Frontier/figures/cyclotomic_blowup_errors.
png> <./assets/geometric-sinc-and-exponent-families/Cyclotomic_q_Fabius_Rvachev
_Frontier/figures/bell_moment_collapse.png> <./assets/geometric-sinc-and-expone
nt-families/Cyclotomic_q_Fabius_Rvachev_Frontier/figures/inverse_branch_errors.
png>] [312] [313] [314] [315] [316] [317] [318] [319] [320

]
Underfull \hbox (badness 2111) in paragraph at lines 21729--21730
[]|\T1/LibertinusSerif-TLF/m/n/10.95 (+20) Exponent- and $\OML/cmm/m/it/10.95 q
$\T1/LibertinusSerif-TLF/m/n/10.95 (+20) -series
 []


Underfull \hbox (badness 4556) in paragraph at lines 21730--21733
\T1/LibertinusSerif-TLF/m/n/10.95 (+20) lants, $\OML/cmm/m/it/10.95 q$\T1/Liber
tinusSerif-TLF/m/n/10.95 (+20) -Pochhammer struc-ture,
 []


Underfull \hbox (badness 10000) in paragraph at lines 21733--21735
[]|\T1/LibertinusSerif-TLF/m/n/10.95 (+20) A com-plete continuous-
 []


Underfull \hbox (badness 10000) in paragraph at lines 21748--21749
[]|\T1/LibertinusSerif-TLF/m/n/10.95 (+20) Fixed-base end-
 []


Underfull \hbox (badness 1264) in paragraph at lines 21749--21751
[]|\T1/LibertinusSerif-TLF/m/n/10.95 (+20) Spatial end-point asymp-totics at
 []


Underfull \hbox (badness 7273) in paragraph at lines 21751--21753
[]|\T1/LibertinusSerif-TLF/m/n/10.95 (+20) A parameter-boundary large-
 []


Underfull \hbox (badness 6016) in paragraph at lines 21755--21757
[]|\T1/LibertinusSerif-TLF/m/n/10.95 (+20) Strict log-concavity, na-tive Ja-
 []


Underfull \hbox (badness 10000) in paragraph at lines 21755--21757
\T1/LibertinusSerif-TLF/m/n/10.95 (+20) cobi/Hankel the-ory, free and
 []

[321] [322] [323] [324] [325] [326] [327] [328] [329]
<assets/q-fabius-parameter-deformations/fabius_q_frontiers_report/figures/rate_
function_lambert.png, id=7795, 511.4745pt x 323.244pt>
File: assets/q-fabius-parameter-deformations/fabius_q_frontiers_report/figures/
rate_function_lambert.png Graphic file (type png)
<use assets/q-fabius-parameter-deformations/fabius_q_frontiers_report/figures/r
ate_function_lambert.png>
Package pdftex.def Info: assets/q-fabius-parameter-deformations/fabius_q_fronti
ers_report/figures/rate_function_lambert.png  used on input line 22548.
(pdftex.def)             Requested size: 413.58844pt x 261.3823pt.
 [330] [331 <./assets/q-fabius-parameter-deformations/fabius_q_frontiers_report
/figures/rate_function_lambert.png>] [332] [333] [334] [335]
<assets/q-fabius-parameter-deformations/fabius_q_frontiers_report/figures/edgew
orth_errors.png, id=7968, 507.861pt x 319.6305pt>
File: assets/q-fabius-parameter-deformations/fabius_q_frontiers_report/figures/
edgeworth_errors.png Graphic file (type png)
<use assets/q-fabius-parameter-deformations/fabius_q_frontiers_report/figures/e
dgeworth_errors.png>
Package pdftex.def Info: assets/q-fabius-parameter-deformations/fabius_q_fronti
ers_report/figures/edgeworth_errors.png  used on input line 23012.
(pdftex.def)             Requested size: 413.58844pt x 260.3039pt.
 [336 <./assets/q-fabius-parameter-deformations/fabius_q_frontiers_report/figur
es/edgeworth_errors.png>] [337]
<assets/q-fabius-parameter-deformations/fabius_q_frontiers_report/figures/cgf_m
idpoint_correction.png, id=8016, 511.4745pt x 319.6305pt>
File: assets/q-fabius-parameter-deformations/fabius_q_frontiers_report/figures/
cgf_midpoint_correction.png Graphic file (type png)
<use assets/q-fabius-parameter-deformations/fabius_q_frontiers_report/figures/c
gf_midpoint_correction.png>
Package pdftex.def Info: assets/q-fabius-parameter-deformations/fabius_q_fronti
ers_report/figures/cgf_midpoint_correction.png  used on input line 23173.
(pdftex.def)             Requested size: 413.58844pt x 258.46033pt.
<assets/q-fabius-parameter-deformations/fabius_q_frontiers_report/figures/conve
x_order_stoploss.png, id=8017, 512.46pt x 322.587pt>
File: assets/q-fabius-parameter-deformations/fabius_q_frontiers_report/figures/
convex_order_stoploss.png Graphic file (type png)
<use assets/q-fabius-parameter-deformations/fabius_q_frontiers_report/figures/c
onvex_order_stoploss.png>
Package pdftex.def Info: assets/q-fabius-parameter-deformations/fabius_q_fronti
ers_report/figures/convex_order_stoploss.png  used on input line 23181.
(pdftex.def)             Requested size: 413.58844pt x 260.35881pt.
 [338 <./assets/q-fabius-parameter-deformations/fabius_q_frontiers_report/figur
es/cgf_midpoint_correction.png>]
Underfull \hbox (badness 2326) in paragraph at lines 23228--23238
\T1/LibertinusSerif-TLF/m/it/10.95 (+20) The mid-point Euler--Maclaurin ex-pan-
sion [] holds with $\OML/cmm/m/it/10.95 g$ \T1/LibertinusSerif-TLF/m/it/10.95 (
+20) re-placed by $\OML/cmm/m/it/10.95 K[]$ \T1/LibertinusSerif-TLF/m/it/10.95 
(+20) and with the
 []

[339 <./assets/q-fabius-parameter-deformations/fabius_q_frontiers_report/figure
s/convex_order_stoploss.png>] [340] [341] [342] [343]

Package hyperref Warning: Token not allowed in a PDF string (Unicode):
(hyperref)                removing `math shift' on input line 23502.


Package hyperref Warning: Token not allowed in a PDF string (Unicode):
(hyperref)                removing `math shift' on input line 23502.

LaTeX Font Info:    Font shape `T1/LibertinusSerif-TLF/m/sc' will be
(Font)              scaled to size 10.95pt on input line 23523.
[344

] [345

] [346] [347] [348] [349] [350] [351] [352] [353] [354] [355]
[356] [357] [358] [359] [360] [361] [362] [363] [364]
(assets/q-fabius-parameter-deformations/Continuous_Parameter_Edgeworth_and_q_Ge
vrey_Frontier/data/edgeworth_table.tex)
<assets/q-fabius-parameter-deformations/Continuous_Parameter_Edgeworth_and_q_Ge
vrey_Frontier/figures/edgeworth_error_scaling.png, id=8492, 520.344pt x 339.669
pt>
File: assets/q-fabius-parameter-deformations/Continuous_Parameter_Edgeworth_and
_q_Gevrey_Frontier/figures/edgeworth_error_scaling.png Graphic file (type png)
<use assets/q-fabius-parameter-deformations/Continuous_Parameter_Edgeworth_and_
q_Gevrey_Frontier/figures/edgeworth_error_scaling.png>
Package pdftex.def Info: assets/q-fabius-parameter-deformations/Continuous_Para
meter_Edgeworth_and_q_Gevrey_Frontier/figures/edgeworth_error_scaling.png  used
 on input line 24968.
(pdftex.def)             Requested size: 395.60931pt x 258.25996pt.
<assets/q-fabius-parameter-deformations/Continuous_Parameter_Edgeworth_and_q_Ge
vrey_Frontier/figures/density_edgeworth_comparison.png, id=8493, 520.344pt x 33
9.669pt>
File: assets/q-fabius-parameter-deformations/Continuous_Parameter_Edgeworth_and
_q_Gevrey_Frontier/figures/density_edgeworth_comparison.png Graphic file (type 
png)
<use assets/q-fabius-parameter-deformations/Continuous_Parameter_Edgeworth_and_
q_Gevrey_Frontier/figures/density_edgeworth_comparison.png>
Package pdftex.def Info: assets/q-fabius-parameter-deformations/Continuous_Para
meter_Edgeworth_and_q_Gevrey_Frontier/figures/density_edgeworth_comparison.png 
 used on input line 24975.
(pdftex.def)             Requested size: 395.60931pt x 258.25996pt.

(assets/q-fabius-parameter-deformations/Continuous_Parameter_Edgeworth_and_q_Ge
vrey_Frontier/data/quantile_table.tex)
(assets/q-fabius-parameter-deformations/Continuous_Parameter_Edgeworth_and_q_Ge
vrey_Frontier/data/ldp_edge_table.tex) [365] [366 <./assets/q-fabius-parameter-
deformations/Continuous_Parameter_Edgeworth_and_q_Gevrey_Frontier/figures/edgew
orth_error_scaling.png> <./assets/q-fabius-parameter-deformations/Continuous_Pa
rameter_Edgeworth_and_q_Gevrey_Frontier/figures/density_edgeworth_comparison.pn
g>]
<assets/q-fabius-parameter-deformations/Continuous_Parameter_Edgeworth_and_q_Ge
vrey_Frontier/figures/large_deviation_rate.png, id=8512, 520.344pt x 339.669pt>

File: assets/q-fabius-parameter-deformations/Continuous_Parameter_Edgeworth_and
_q_Gevrey_Frontier/figures/large_deviation_rate.png Graphic file (type png)
<use assets/q-fabius-parameter-deformations/Continuous_Parameter_Edgeworth_and_
q_Gevrey_Frontier/figures/large_deviation_rate.png>
Package pdftex.def Info: assets/q-fabius-parameter-deformations/Continuous_Para
meter_Edgeworth_and_q_Gevrey_Frontier/figures/large_deviation_rate.png  used on
 input line 25002.
(pdftex.def)             Requested size: 395.60931pt x 258.25996pt.
 [367] [368 <./assets/q-fabius-parameter-deformations/Continuous_Parameter_Edge
worth_and_q_Gevrey_Frontier/figures/large_deviation_rate.png>] [369]
[370] [371] [372] [373] [374]

Package hyperref Warning: Token not allowed in a PDF string (Unicode):
(hyperref)                removing `math shift' on input line 25288.


Package hyperref Warning: Token not allowed in a PDF string (Unicode):
(hyperref)                removing `math shift' on input line 25288.

[375

] [376] [377] [378]
Underfull \hbox (badness 1067) in paragraph at lines 25562--25567
\T1/LibertinusSerif-TLF/m/n/10.95 (+20) and in par-tic-u-lar $\OML/cmm/m/it/10.
95 q \OMS/cmsy/m/n/10.95 7! \OML/cmm/m/it/10.95 X[]$ \T1/LibertinusSerif-TLF/m/
n/10.95 (+20) is $\OML/cmm/m/it/10.95 C[]$ \T1/LibertinusSerif-TLF/m/n/10.95 (+
20) in $\OML/cmm/m/it/10.95 L[]$ \T1/LibertinusSerif-TLF/m/n/10.95 (+20) un-der
 the common-digit cou-pling. Put $\OML/cmm/m/it/10.95 "[] \OT1/cmr/m/n/10.95 =
 []

[379] [380] [381] [382] [383] [384] [385] [386] [387] [388]
Underfull \hbox (badness 1325) in paragraph at lines 26444--26452
\T1/LibertinusSerif-TLF/m/n/10.95 (+20) which is $\OML/cmm/m/it/10.95 a[] \OT1/
cmr/m/n/10.95 = \OMS/cmsy/m/n/10.95 O[]\OT1/cmr/m/n/10.95 (\OML/cmm/m/it/10.95 
k[]\OT1/cmr/m/n/10.95 )$ \T1/LibertinusSerif-TLF/m/n/10.95 (+20) for ev-ery $\O
ML/cmm/m/it/10.95 A$\T1/LibertinusSerif-TLF/m/n/10.95 (+20) . For the $\OML/cmm
/m/it/10.95 C[]$ \T1/LibertinusSerif-TLF/m/n/10.95 (+20) con-ver-gence, the Mar
kov in-equal-ity
 []

<assets/q-fabius-parameter-deformations/Fabius_Flat_Parameter_Response_Dynamics
/figures/tangent_legendre_coefficients.png, id=8841, 505.89pt x 310.761pt>
File: assets/q-fabius-parameter-deformations/Fabius_Flat_Parameter_Response_Dyn
amics/figures/tangent_legendre_coefficients.png Graphic file (type png)
<use assets/q-fabius-parameter-deformations/Fabius_Flat_Parameter_Response_Dyna
mics/figures/tangent_legendre_coefficients.png>
Package pdftex.def Info: assets/q-fabius-parameter-deformations/Fabius_Flat_Par
ameter_Response_Dynamics/figures/tangent_legendre_coefficients.png  used on inp
ut line 26469.
(pdftex.def)             Requested size: 368.6372pt x 226.45058pt.
[389] [390 <./assets/q-fabius-parameter-deformations/Fabius_Flat_Parameter_Resp
onse_Dynamics/figures/tangent_legendre_coefficients.png>] [391] [392] [393]
[394] [395]
<assets/q-fabius-parameter-deformations/Fabius_Flat_Parameter_Response_Dynamics
/figures/tangent_cdf.png, id=8957, 505.89pt x 310.761pt>
File: assets/q-fabius-parameter-deformations/Fabius_Flat_Parameter_Response_Dyn
amics/figures/tangent_cdf.png Graphic file (type png)
<use assets/q-fabius-parameter-deformations/Fabius_Flat_Parameter_Response_Dyna
mics/figures/tangent_cdf.png>
Package pdftex.def Info: assets/q-fabius-parameter-deformations/Fabius_Flat_Par
ameter_Response_Dynamics/figures/tangent_cdf.png  used on input line 27021.
(pdftex.def)             Requested size: 368.6372pt x 226.45058pt.
 [396] [397 <./assets/q-fabius-parameter-deformations/Fabius_Flat_Parameter_Res
ponse_Dynamics/figures/tangent_cdf.png>] [398] [399] [400] [401]
[402

] [403] [404]
Underfull \hbox (badness 3333) in paragraph at lines 27608--27613
[]\T1/LibertinusSerif-TLF/m/n/10.95 (+20) V. A. Rvachev,  Com-pactly sup-ported
 so-lu-tions of functional-differential equa-tions
 []


Underfull \hbox (badness 1092) in paragraph at lines 27608--27613
\T1/LibertinusSerif-TLF/m/n/10.95 (+20) and their ap-pli-ca-tions,  \T1/Liberti
nusSerif-TLF/m/it/10.95 (+20) Rus-sian Math-e-mat-i-cal Sur-veys \T1/Libertinus
Serif-TLF/b/n/10.95 (+20) 45 \T1/LibertinusSerif-TLF/m/n/10.95 (+20) (1990), no
. 1, 87--120; DOI:
 []


Underfull \hbox (badness 10000) in paragraph at lines 27635--27638
[]\T1/LibertinusSerif-TLF/m/n/10.95 (+20) V. Reshet-nikov et al.,  Non-formaliz
ed re-search fron-tiers and the-matic
 []


Underfull \hbox (badness 10000) in paragraph at lines 27635--27638
\T1/LibertinusSerif-TLF/m/n/10.95 (+20) draft con-sol-i-da-tions for the Fabius
--Rvachev sys-tem,  \T1/LibertinusMono-TLF/m/n/10.95 ProveIt \T1/LibertinusSeri
f-TLF/m/n/10.95 (+20) repos-i-tory,
 []

[405] [406] [407] (C:\Temp\pv-guak6rr8\out\geometric_q_fabius_frontiers.aux)
 ***********
LaTeX2e <2025-11-01>
L3 programming layer <2026-03-20>
 ***********
Package rerunfilecheck Info: File `geometric_q_fabius_frontiers.out' has not ch
anged.
(rerunfilecheck)             Checksum: B5A720CCBFF000F719CB2473F05ACB21;160987.

 ) 
Here is how much of TeX's memory you used:
 55249 strings out of 467691
 1275870 string characters out of 5414987
 2090377 words of memory out of 5000000
 79616 multiletter control sequences out of 15000+600000
 864854 words of font info for 697 fonts, out of 8000000 for 9000
 1141 hyphenation exceptions out of 8191
 98i,13n,117p,1027b,1474s stack positions out of 10000i,1000n,20000p,200000b,200000s
<C:/Users/vresh/AppData/Local/Programs/MiKTeX/fonts/type1/public/libertinus-t
ype1/LibertinusMono-Bold.pfb><C:/Users/vresh/AppData/Local/Programs/MiKTeX/font
s/type1/public/libertinus-type1/LibertinusMono-Italic.pfb><C:/Users/vresh/AppDa
ta/Local/Programs/MiKTeX/fonts/type1/public/libertinus-type1/LibertinusMono-Reg
ular.pfb><C:/Users/vresh/AppData/Local/Programs/MiKTeX/fonts/type1/public/liber
tinus-type1/LibertinusSans-Bold.pfb><C:/Users/vresh/AppData/Local/Programs/MiKT
eX/fonts/type1/public/libertinus-type1/LibertinusSans-Regular.pfb><C:/Users/vre
sh/AppData/Local/Programs/MiKTeX/fonts/type1/public/libertinus-type1/Libertinus
Serif-Bold.pfb><C:/Users/vresh/AppData/Local/Programs/MiKTeX/fonts/type1/public
/libertinus-type1/LibertinusSerif-BoldItalic.pfb><C:/Users/vresh/AppData/Local/
Programs/MiKTeX/fonts/type1/public/libertinus-type1/LibertinusSerif-Italic.pfb>
<C:/Users/vresh/AppData/Local/Programs/MiKTeX/fonts/type1/public/libertinus-typ
e1/LibertinusSerif-Regular.pfb><C:/Users/vresh/AppData/Local/Programs/MiKTeX/fo
nts/type1/public/amsfonts/cm/cmbx10.pfb><C:/Users/vresh/AppData/Local/Programs/
MiKTeX/fonts/type1/public/amsfonts/cm/cmbx8.pfb><C:/Users/vresh/AppData/Local/P
rograms/MiKTeX/fonts/type1/public/amsfonts/cm/cmex10.pfb><C:/Users/vresh/AppDat
a/Local/Programs/MiKTeX/fonts/type1/public/amsfonts/cmextra/cmex8.pfb><C:/Users
/vresh/AppData/Local/Programs/MiKTeX/fonts/type1/public/amsfonts/cm/cmmi10.pfb>
<C:/Users/vresh/AppData/Local/Programs/MiKTeX/fonts/type1/public/amsfonts/cm/cm
mi12.pfb><C:/Users/vresh/AppData/Local/Programs/MiKTeX/fonts/type1/public/amsfo
nts/cm/cmmi5.pfb><C:/Users/vresh/AppData/Local/Programs/MiKTeX/fonts/type1/publ
ic/amsfonts/cm/cmmi6.pfb><C:/Users/vresh/AppData/Local/Programs/MiKTeX/fonts/ty
pe1/public/amsfonts/cm/cmmi7.pfb><C:/Users/vresh/AppData/Local/Programs/MiKTeX/
fonts/type1/public/amsfonts/cm/cmmi8.pfb><C:/Users/vresh/AppData/Local/Programs
/MiKTeX/fonts/type1/public/amsfonts/cm/cmmi9.pfb><C:/Users/vresh/AppData/Local/
Programs/MiKTeX/fonts/type1/public/amsfonts/cm/cmmib10.pfb><C:/Users/vresh/AppD
ata/Local/Programs/MiKTeX/fonts/type1/public/amsfonts/cmextra/cmmib8.pfb><C:/Us
ers/vresh/AppData/Local/Programs/MiKTeX/fonts/type1/public/amsfonts/cm/cmr10.pf
b><C:/Users/vresh/AppData/Local/Programs/MiKTeX/fonts/type1/public/amsfonts/cm/
cmr12.pfb><C:/Users/vresh/AppData/Local/Programs/MiKTeX/fonts/type1/public/amsf
onts/cm/cmr5.pfb><C:/Users/vresh/AppData/Local/Programs/MiKTeX/fonts/type1/publ
ic/amsfonts/cm/cmr6.pfb><C:/Users/vresh/AppData/Local/Programs/MiKTeX/fonts/typ
e1/public/amsfonts/cm/cmr7.pfb><C:/Users/vresh/AppData/Local/Programs/MiKTeX/fo
nts/type1/public/amsfonts/cm/cmr8.pfb><C:/Users/vresh/AppData/Local/Programs/Mi
KTeX/fonts/type1/public/amsfonts/cm/cmr9.pfb><C:/Users/vresh/AppData/Local/Prog
rams/MiKTeX/fonts/type1/public/amsfonts/cm/cmss10.pfb><C:/Users/vresh/AppData/L
ocal/Programs/MiKTeX/fonts/type1/public/amsfonts/cm/cmss8.pfb><C:/Users/vresh/A
ppData/Local/Programs/MiKTeX/fonts/type1/public/amsfonts/cm/cmsy10.pfb><C:/User
s/vresh/AppData/Local/Programs/MiKTeX/fonts/type1/public/amsfonts/cm/cmsy5.pfb>
<C:/Users/vresh/AppData/Local/Programs/MiKTeX/fonts/type1/public/amsfonts/cm/cm
sy6.pfb><C:/Users/vresh/AppData/Local/Programs/MiKTeX/fonts/type1/public/amsfon
ts/cm/cmsy7.pfb><C:/Users/vresh/AppData/Local/Programs/MiKTeX/fonts/type1/publi
c/amsfonts/cm/cmsy8.pfb><C:/Users/vresh/AppData/Local/Programs/MiKTeX/fonts/typ
e1/public/amsfonts/euler/eufm10.pfb><C:/Users/vresh/AppData/Local/Programs/MiKT
eX/fonts/type1/public/amsfonts/symbols/msam10.pfb><C:/Users/vresh/AppData/Local
/Programs/MiKTeX/fonts/type1/public/amsfonts/symbols/msbm10.pfb><C:/Users/vresh
/AppData/Local/Programs/MiKTeX/fonts/type1/public/amsfonts/symbols/msbm7.pfb><C
:/Users/vresh/AppData/Local/Programs/MiKTeX/fonts/type1/public/rsfs/rsfs10.pfb>

Output written on C:\Temp\pv-guak6rr8\out\geometric_q_fabius_frontiers.pdf (407
 pages, 9471767 bytes).
PDF statistics:
 9962 PDF objects out of 10688 (max. 8388607)
 3123 named destinations out of 3580 (max. 500000)
 123704 words of extra memory for PDF output out of 128383 (max. 10000000)

