This is pdfTeX, Version 3.141592653-2.6-1.40.29 (MiKTeX 26.2) (preloaded format=pdflatex 2026.8.15)  9 SEP 2026 13:14
entering extended mode
 file:line:error style messages enabled.
 %&-line parsing enabled.
**./semi-formalized-research-frontiers.tex
(semi-formalized-research-frontiers.tex
LaTeX2e <2025-11-01>
L3 programming layer <2026-03-20>
(C:\Users\vresh\AppData\Local\Programs\MiKTeX\tex/latex/base\article.cls
Document Class: article 2025/01/22 v1.4n Standard LaTeX document class
(C:\Users\vresh\AppData\Local\Programs\MiKTeX\tex/latex/base\size11.clo
File: size11.clo 2025/01/22 v1.4n Standard LaTeX file (size option)
)
\c@part=\count275
\c@section=\count276
\c@subsection=\count277
\c@subsubsection=\count278
\c@paragraph=\count279
\c@subparagraph=\count280
\c@figure=\count281
\c@table=\count282
\abovecaptionskip=\skip49
\belowcaptionskip=\skip50
\bibindent=\dimen150
)
(C:\Users\vresh\AppData\Local\Programs\MiKTeX\tex/latex/geometry\geometry.sty
Package: geometry 2026/03/07 v6.0 Page Geometry

(C:\Users\vresh\AppData\Local\Programs\MiKTeX\tex/latex/graphics\keyval.sty
Package: keyval 2022/05/29 v1.15 key=value parser (DPC)
\KV@toks@=\toks17
)
(C:\Users\vresh\AppData\Local\Programs\MiKTeX\tex/generic/iftex\ifvtex.sty
Package: ifvtex 2019/10/25 v1.7 ifvtex legacy package. Use iftex instead.

(C:\Users\vresh\AppData\Local\Programs\MiKTeX\tex/generic/iftex\iftex.sty
Package: iftex 2024/12/12 v1.0g TeX engine tests
))
\Gm@cnth=\count283
\Gm@cntv=\count284
\c@Gm@tempcnt=\count285
\Gm@bindingoffset=\dimen151
\Gm@wd@mp=\dimen152
\Gm@odd@mp=\dimen153
\Gm@even@mp=\dimen154
\Gm@layoutwidth=\dimen155
\Gm@layoutheight=\dimen156
\Gm@layouthoffset=\dimen157
\Gm@layoutvoffset=\dimen158
\Gm@dimlist=\toks18

(C:\Users\vresh\AppData\Local\Programs\MiKTeX\tex/latex/geometry\geometry.cfg))
(C:\Users\vresh\AppData\Local\Programs\MiKTeX\tex/latex/base\fontenc.sty
Package: fontenc 2025/07/18 v2.1d Standard LaTeX package
)
(C:\Users\vresh\AppData\Local\Programs\MiKTeX\tex/latex/base\inputenc.sty
Package: inputenc 2024/02/08 v1.3d Input encoding file
\inpenc@prehook=\toks19
\inpenc@posthook=\toks20
)
(C:\Users\vresh\AppData\Local\Programs\MiKTeX\tex/latex/libertinus\libertinus.s
ty
Package: libertinus 2020/05/06 v. 0.02 (Herbert Voss) Supports libertinus fonts
 for pdflatex/lualatex/xelatex
 (C:\Users\vresh\AppData\Local\Programs\MiKTeX\tex/latex/xkeyval\xkeyval.sty
Package: xkeyval 2022/06/16 v2.9 package option processing (HA)

(C:\Users\vresh\AppData\Local\Programs\MiKTeX\tex/generic/xkeyval\xkeyval.tex
(C:\Users\vresh\AppData\Local\Programs\MiKTeX\tex/generic/xkeyval\xkvutils.tex
\XKV@toks=\toks21
\XKV@tempa@toks=\toks22
)
\XKV@depth=\count286
File: xkeyval.tex 2014/12/03 v2.7a key=value parser (HA)
))
(C:\Users\vresh\AppData\Local\Programs\MiKTeX\tex/latex/libertinus-type1\libert
inus-type1.sty
Package: libertinus-type1 2025/11/17 (Bob Tennent) Supports libertinus fonts fo
r latex/pdflatex.

(C:\Users\vresh\AppData\Local\Programs\MiKTeX\tex/generic/iftex\ifxetex.sty
Package: ifxetex 2019/10/25 v0.7 ifxetex legacy package. Use iftex instead.
)
(C:\Users\vresh\AppData\Local\Programs\MiKTeX\tex/generic/iftex\ifluatex.sty
Package: ifluatex 2019/10/25 v1.5 ifluatex legacy package. Use iftex instead.
)
(C:\Users\vresh\AppData\Local\Programs\MiKTeX\tex/latex/base\textcomp.sty
Package: textcomp 2024/04/24 v2.1b Standard LaTeX package
)
(C:\Users\vresh\AppData\Local\Programs\MiKTeX\tex/latex/base\fontenc.sty
Package: fontenc 2025/07/18 v2.1d Standard LaTeX package
)
(C:\Users\vresh\AppData\Local\Programs\MiKTeX\tex/latex/fontaxes\fontaxes.sty
Package: fontaxes 2026-01-02 v2.0.2 Font selection axes (deprecated)
Applying: [2024-11-01] Use figureversions if present on input line 74.

(C:\Users\vresh\AppData\Local\Programs\MiKTeX\tex/latex/figureversions\figureve
rsions.sty
Package: figureversions 2025-04-29 v1.0.1 Figure versions
)
Already applied: [0000-00-00] Fall back to v1 on input line 76.
)))
(C:\Users\vresh\AppData\Local\Programs\MiKTeX\tex/latex/microtype\microtype.sty
Package: microtype 2026/03/01 v3.2d Micro-typographical refinements (RS)
(C:\Users\vresh\AppData\Local\Programs\MiKTeX\tex/latex/etoolbox\etoolbox.sty
Package: etoolbox 2025/10/02 v2.5m e-TeX tools for LaTeX (JAW)
\etb@tempcnta=\count287
)
\MT@toks=\toks23
\MT@tempbox=\box53
\MT@count=\count288
LaTeX Info: Redefining \noprotrusionifhmode on input line 1084.
LaTeX Info: Redefining \leftprotrusion on input line 1085.
\MT@prot@toks=\toks24
LaTeX Info: Redefining \rightprotrusion on input line 1104.
LaTeX Info: Redefining \textls on input line 1449.
\MT@outer@kern=\dimen159
LaTeX Info: Redefining \microtypecontext on input line 2053.
LaTeX Info: Redefining \textmicrotypecontext on input line 2070.
\MT@listname@count=\count289

(C:\Users\vresh\AppData\Local\Programs\MiKTeX\tex/latex/microtype\microtype-pdf
tex.def
File: microtype-pdftex.def 2026/03/01 v3.2d Definitions specific to pdftex (RS)

LaTeX Info: Redefining \lsstyle on input line 944.
LaTeX Info: Redefining \lslig on input line 944.
\MT@outer@space=\skip51
)
Package microtype Info: Loading configuration file microtype.cfg.

(C:\Users\vresh\AppData\Local\Programs\MiKTeX\tex/latex/microtype\microtype.cfg
File: microtype.cfg 2026/03/01 v3.2d microtype main configuration file (RS)
)
LaTeX Info: Redefining \microtypesetup on input line 3065.
) (C:\Users\vresh\AppData\Local\Programs\MiKTeX\tex/latex/amsmath\amsmath.sty
Package: amsmath 2025/07/09 v2.17z AMS math features
\@mathmargin=\skip52

For additional information on amsmath, use the `?' option.
(C:\Users\vresh\AppData\Local\Programs\MiKTeX\tex/latex/amsmath\amstext.sty
Package: amstext 2024/11/17 v2.01 AMS text

(C:\Users\vresh\AppData\Local\Programs\MiKTeX\tex/latex/amsmath\amsgen.sty
File: amsgen.sty 1999/11/30 v2.0 generic functions
\@emptytoks=\toks25
\ex@=\dimen160
))
(C:\Users\vresh\AppData\Local\Programs\MiKTeX\tex/latex/amsmath\amsbsy.sty
Package: amsbsy 1999/11/29 v1.2d Bold Symbols
\pmbraise@=\dimen161
)
(C:\Users\vresh\AppData\Local\Programs\MiKTeX\tex/latex/amsmath\amsopn.sty
Package: amsopn 2022/04/08 v2.04 operator names
)
\inf@bad=\count290
LaTeX Info: Redefining \frac on input line 233.
\uproot@=\count291
\leftroot@=\count292
LaTeX Info: Redefining \overline on input line 398.
LaTeX Info: Redefining \colon on input line 409.
\classnum@=\count293
\DOTSCASE@=\count294
LaTeX Info: Redefining \ldots on input line 495.
LaTeX Info: Redefining \dots on input line 498.
LaTeX Info: Redefining \cdots on input line 619.
\Mathstrutbox@=\box54
\strutbox@=\box55
LaTeX Info: Redefining \big on input line 721.
LaTeX Info: Redefining \Big on input line 722.
LaTeX Info: Redefining \bigg on input line 723.
LaTeX Info: Redefining \Bigg on input line 724.
\big@size=\dimen162
LaTeX Font Info:    Redeclaring font encoding OML on input line 742.
LaTeX Font Info:    Redeclaring font encoding OMS on input line 743.
\macc@depth=\count295
LaTeX Info: Redefining \bmod on input line 904.
LaTeX Info: Redefining \pmod on input line 909.
LaTeX Info: Redefining \smash on input line 939.
LaTeX Info: Redefining \relbar on input line 969.
LaTeX Info: Redefining \Relbar on input line 970.
\c@MaxMatrixCols=\count296
\dotsspace@=\muskip17
\c@parentequation=\count297
\dspbrk@lvl=\count298
\tag@help=\toks26
\row@=\count299
\column@=\count300
\maxfields@=\count301
\andhelp@=\toks27
\eqnshift@=\dimen163
\alignsep@=\dimen164
\tagshift@=\dimen165
\tagwidth@=\dimen166
\totwidth@=\dimen167
\lineht@=\dimen168
\@envbody=\toks28
\multlinegap=\skip53
\multlinetaggap=\skip54
\mathdisplay@stack=\toks29
LaTeX Info: Redefining \[ on input line 2950.
LaTeX Info: Redefining \] on input line 2951.
)
(C:\Users\vresh\AppData\Local\Programs\MiKTeX\tex/latex/amsfonts\amssymb.sty
Package: amssymb 2013/01/14 v3.01 AMS font symbols

(C:\Users\vresh\AppData\Local\Programs\MiKTeX\tex/latex/amsfonts\amsfonts.sty
Package: amsfonts 2013/01/14 v3.01 Basic AMSFonts support
\symAMSa=\mathgroup4
\symAMSb=\mathgroup5
LaTeX Font Info:    Redeclaring math symbol \hbar on input line 98.
LaTeX Font Info:    Overwriting math alphabet `\mathfrak' in version `bold'
(Font)                  U/euf/m/n --> U/euf/b/n on input line 106.
)) (C:\Users\vresh\AppData\Local\Programs\MiKTeX\tex/latex/amscls\amsthm.sty
Package: amsthm 2020/05/29 v2.20.6
\thm@style=\toks30
\thm@bodyfont=\toks31
\thm@headfont=\toks32
\thm@notefont=\toks33
\thm@headpunct=\toks34
\thm@preskip=\skip55
\thm@postskip=\skip56
\thm@headsep=\skip57
\dth@everypar=\toks35
)
(C:\Users\vresh\AppData\Local\Programs\MiKTeX\tex/latex/mathtools\mathtools.sty
Package: mathtools 2024/10/04 v1.31 mathematical typesetting tools
(C:\Users\vresh\AppData\Local\Programs\MiKTeX\tex/latex/tools\calc.sty
Package: calc 2025/03/01 v4.3b Infix arithmetic (KKT,FJ)
\calc@Acount=\count302
\calc@Bcount=\count303
\calc@Adimen=\dimen169
\calc@Bdimen=\dimen170
\calc@Askip=\skip58
\calc@Bskip=\skip59
LaTeX Info: Redefining \setlength on input line 86.
LaTeX Info: Redefining \addtolength on input line 87.
\calc@Ccount=\count304
\calc@Cskip=\skip60
)
(C:\Users\vresh\AppData\Local\Programs\MiKTeX\tex/latex/mathtools\mhsetup.sty
Package: mhsetup 2021/03/18 v1.4 programming setup (MH)
)
\g_MT_multlinerow_int=\count305
\l_MT_multwidth_dim=\dimen171
\origjot=\skip61
\l_MT_shortvdotswithinadjustabove_dim=\dimen172
\l_MT_shortvdotswithinadjustbelow_dim=\dimen173
\l_MT_above_intertext_sep=\dimen174
\l_MT_below_intertext_sep=\dimen175
\l_MT_above_shortintertext_sep=\dimen176
\l_MT_below_shortintertext_sep=\dimen177
\xmathstrut@box=\box56
\xmathstrut@dim=\dimen178
) (C:\Users\vresh\AppData\Local\Programs\MiKTeX\tex/latex/jknappen\mathrsfs.sty
Package: mathrsfs 1996/01/01 Math RSFS package v1.0 (jk)
\symrsfs=\mathgroup6
) (C:\Users\vresh\AppData\Local\Programs\MiKTeX\tex/latex/tools\bm.sty
Package: bm 2025/10/21 v1.2g Bold Symbol Support (DPC/FMi)
\symboldoperators=\mathgroup7
\symboldletters=\mathgroup8
\symboldsymbols=\mathgroup9
Package bm Info: No bold for \OMX/cmex/m/n, using \pmb.
Package bm Info: No bold for \U/msa/m/n, using \pmb.
Package bm Info: No bold for \U/msb/m/n, using \pmb.
Package bm Info: No bold for \U/rsfs/m/n, using \pmb.
LaTeX Font Info:    Redeclaring math alphabet \mathbf on input line 149.
)
(C:\Users\vresh\AppData\Local\Programs\MiKTeX\tex/latex/booktabs\booktabs.sty
Package: booktabs 2020/01/12 v1.61803398 Publication quality tables
\heavyrulewidth=\dimen179
\lightrulewidth=\dimen180
\cmidrulewidth=\dimen181
\belowrulesep=\dimen182
\belowbottomsep=\dimen183
\aboverulesep=\dimen184
\abovetopsep=\dimen185
\cmidrulesep=\dimen186
\cmidrulekern=\dimen187
\defaultaddspace=\dimen188
\@cmidla=\count306
\@cmidlb=\count307
\@aboverulesep=\dimen189
\@belowrulesep=\dimen190
\@thisruleclass=\count308
\@lastruleclass=\count309
\@thisrulewidth=\dimen191
)
(C:\Users\vresh\AppData\Local\Programs\MiKTeX\tex/latex/tools\longtable.sty
Package: longtable 2025-10-13 v4.24 Multi-page Table package (DPC)
\LTleft=\skip62
\LTright=\skip63
\LTpre=\skip64
\LTpost=\skip65
\LTchunksize=\count310
\LTcapwidth=\dimen192
\LT@head=\box57
\LT@firsthead=\box58
\LT@foot=\box59
\LT@lastfoot=\box60
\LT@gbox=\box61
\LT@cols=\count311
\LT@rows=\count312
\c@LT@tables=\count313
\c@LT@chunks=\count314
\LT@p@ftn=\toks36
)
(C:\Users\vresh\AppData\Local\Programs\MiKTeX\tex/latex/tools\array.sty
Package: array 2025/09/25 v2.6n Tabular extension package (FMi)
\col@sep=\dimen193
\ar@mcellbox=\box62
\extrarowheight=\dimen194
\NC@list=\toks37
\extratabsurround=\skip66
\backup@length=\skip67
\ar@cellbox=\box63
)
(C:\Users\vresh\AppData\Local\Programs\MiKTeX\tex/latex/tools\tabularx.sty
Package: tabularx 2023/12/11 v2.12a `tabularx' package (DPC)
\TX@col@width=\dimen195
\TX@old@table=\dimen196
\TX@old@col=\dimen197
\TX@target=\dimen198
\TX@delta=\dimen199
\TX@cols=\count315
\TX@ftn=\toks38
)
(C:\Users\vresh\AppData\Local\Programs\MiKTeX\tex/latex/graphics\graphicx.sty
Package: graphicx 2024/12/31 v1.2e Enhanced LaTeX Graphics (DPC,SPQR)

(C:\Users\vresh\AppData\Local\Programs\MiKTeX\tex/latex/graphics\graphics.sty
Package: graphics 2024/08/06 v1.4g Standard LaTeX Graphics (DPC,SPQR)

(C:\Users\vresh\AppData\Local\Programs\MiKTeX\tex/latex/graphics\trig.sty
Package: trig 2023/12/02 v1.11 sin cos tan (DPC)
)
(C:\Users\vresh\AppData\Local\Programs\MiKTeX\tex/latex/graphics-cfg\graphics.c
fg
File: graphics.cfg 2016/06/04 v1.11 sample graphics configuration
)
Package graphics Info: Driver file: pdftex.def on input line 106.

(C:\Users\vresh\AppData\Local\Programs\MiKTeX\tex/latex/graphics-def\pdftex.def
File: pdftex.def 2025/09/29 v1.2d Graphics/color driver for pdftex
))
\Gin@req@height=\dimen256
\Gin@req@width=\dimen257
)
(C:\Users\vresh\AppData\Local\Programs\MiKTeX\tex/latex/pgfplots\pgfplots.sty
(C:\Users\vresh\AppData\Local\Programs\MiKTeX\tex/generic/pgfplots\pgfplots.rev
ision.tex)
Package: pgfplots 2021/05/15 v1.18.1 Data Visualization (1.18.1)

(C:\Users\vresh\AppData\Local\Programs\MiKTeX\tex/latex/pgf/frontendlayer\tikz.
sty
(C:\Users\vresh\AppData\Local\Programs\MiKTeX\tex/latex/pgf/basiclayer\pgf.sty
(C:\Users\vresh\AppData\Local\Programs\MiKTeX\tex/latex/pgf/utilities\pgfrcs.st
y
(C:\Users\vresh\AppData\Local\Programs\MiKTeX\tex/generic/pgf/utilities\pgfutil
-common.tex
\pgfutil@everybye=\toks39
\pgfutil@tempdima=\dimen258
\pgfutil@tempdimb=\dimen259
)
(C:\Users\vresh\AppData\Local\Programs\MiKTeX\tex/generic/pgf/utilities\pgfutil
-latex.def
\pgfutil@abb=\box64
)
(C:\Users\vresh\AppData\Local\Programs\MiKTeX\tex/generic/pgf/utilities\pgfrcs.
code.tex
(C:\Users\vresh\AppData\Local\Programs\MiKTeX\tex/generic/pgf\pgf.revision.tex)
Package: pgfrcs 2025-08-29 v3.1.11a (3.1.11a)
))
Package: pgf 2025-08-29 v3.1.11a (3.1.11a)

(C:\Users\vresh\AppData\Local\Programs\MiKTeX\tex/latex/pgf/basiclayer\pgfcore.
sty
(C:\Users\vresh\AppData\Local\Programs\MiKTeX\tex/latex/pgf/systemlayer\pgfsys.
sty
(C:\Users\vresh\AppData\Local\Programs\MiKTeX\tex/generic/pgf/systemlayer\pgfsy
s.code.tex
Package: pgfsys 2025-08-29 v3.1.11a (3.1.11a)

(C:\Users\vresh\AppData\Local\Programs\MiKTeX\tex/generic/pgf/utilities\pgfkeys
.code.tex
\pgfkeys@pathtoks=\toks40
\pgfkeys@temptoks=\toks41

(C:\Users\vresh\AppData\Local\Programs\MiKTeX\tex/generic/pgf/utilities\pgfkeys
libraryfiltered.code.tex
\pgfkeys@tmptoks=\toks42
))
\pgf@x=\dimen260
\pgf@y=\dimen261
\pgf@xa=\dimen262
\pgf@ya=\dimen263
\pgf@xb=\dimen264
\pgf@yb=\dimen265
\pgf@xc=\dimen266
\pgf@yc=\dimen267
\pgf@xd=\dimen268
\pgf@yd=\dimen269
\w@pgf@writea=\write3
\r@pgf@reada=\read2
\c@pgf@counta=\count316
\c@pgf@countb=\count317
\c@pgf@countc=\count318
\c@pgf@countd=\count319
\t@pgf@toka=\toks43
\t@pgf@tokb=\toks44
\t@pgf@tokc=\toks45
\pgf@sys@id@count=\count320

(C:\Users\vresh\AppData\Local\Programs\MiKTeX\tex/generic/pgf/systemlayer\pgf.c
fg
File: pgf.cfg 2025-08-29 v3.1.11a (3.1.11a)
)
Driver file for pgf: pgfsys-pdftex.def

(C:\Users\vresh\AppData\Local\Programs\MiKTeX\tex/generic/pgf/systemlayer\pgfsy
s-pdftex.def
File: pgfsys-pdftex.def 2025-08-29 v3.1.11a (3.1.11a)

(C:\Users\vresh\AppData\Local\Programs\MiKTeX\tex/generic/pgf/systemlayer\pgfsy
s-common-pdf.def
File: pgfsys-common-pdf.def 2025-08-29 v3.1.11a (3.1.11a)
)))
(C:\Users\vresh\AppData\Local\Programs\MiKTeX\tex/generic/pgf/systemlayer\pgfsy
ssoftpath.code.tex
File: pgfsyssoftpath.code.tex 2025-08-29 v3.1.11a (3.1.11a)
\pgfsyssoftpath@smallbuffer@items=\count321
\pgfsyssoftpath@bigbuffer@items=\count322
)
(C:\Users\vresh\AppData\Local\Programs\MiKTeX\tex/generic/pgf/systemlayer\pgfsy
sprotocol.code.tex
File: pgfsysprotocol.code.tex 2025-08-29 v3.1.11a (3.1.11a)
))
(C:\Users\vresh\AppData\Local\Programs\MiKTeX\tex/latex/xcolor\xcolor.sty
Package: xcolor 2024/09/29 v3.02 LaTeX color extensions (UK)

(C:\Users\vresh\AppData\Local\Programs\MiKTeX\tex/latex/graphics-cfg\color.cfg
File: color.cfg 2016/01/02 v1.6 sample color configuration
)
Package xcolor Info: Driver file: pdftex.def on input line 274.
(C:\Users\vresh\AppData\Local\Programs\MiKTeX\tex/latex/graphics\mathcolor.ltx)
Package xcolor Info: Model `cmy' substituted by `cmy0' on input line 1349.
Package xcolor Info: Model `hsb' substituted by `rgb' on input line 1353.
Package xcolor Info: Model `RGB' extended on input line 1365.
Package xcolor Info: Model `HTML' substituted by `rgb' on input line 1367.
Package xcolor Info: Model `Hsb' substituted by `hsb' on input line 1368.
Package xcolor Info: Model `tHsb' substituted by `hsb' on input line 1369.
Package xcolor Info: Model `HSB' substituted by `hsb' on input line 1370.
Package xcolor Info: Model `Gray' substituted by `gray' on input line 1371.
Package xcolor Info: Model `wave' substituted by `hsb' on input line 1372.
)
(C:\Users\vresh\AppData\Local\Programs\MiKTeX\tex/generic/pgf/basiclayer\pgfcor
e.code.tex
Package: pgfcore 2025-08-29 v3.1.11a (3.1.11a)

(C:\Users\vresh\AppData\Local\Programs\MiKTeX\tex/generic/pgf/math\pgfmath.code
.tex
(C:\Users\vresh\AppData\Local\Programs\MiKTeX\tex/generic/pgf/math\pgfmathutil.
code.tex)
(C:\Users\vresh\AppData\Local\Programs\MiKTeX\tex/generic/pgf/math\pgfmathparse
r.code.tex
\pgfmath@dimen=\dimen270
\pgfmath@count=\count323
\pgfmath@box=\box65
\pgfmath@toks=\toks46
\pgfmath@stack@operand=\toks47
\pgfmath@stack@operation=\toks48
)
(C:\Users\vresh\AppData\Local\Programs\MiKTeX\tex/generic/pgf/math\pgfmathfunct
ions.code.tex)
(C:\Users\vresh\AppData\Local\Programs\MiKTeX\tex/generic/pgf/math\pgfmathfunct
ions.basic.code.tex)
(C:\Users\vresh\AppData\Local\Programs\MiKTeX\tex/generic/pgf/math\pgfmathfunct
ions.trigonometric.code.tex)
(C:\Users\vresh\AppData\Local\Programs\MiKTeX\tex/generic/pgf/math\pgfmathfunct
ions.random.code.tex)
(C:\Users\vresh\AppData\Local\Programs\MiKTeX\tex/generic/pgf/math\pgfmathfunct
ions.comparison.code.tex)
(C:\Users\vresh\AppData\Local\Programs\MiKTeX\tex/generic/pgf/math\pgfmathfunct
ions.base.code.tex)
(C:\Users\vresh\AppData\Local\Programs\MiKTeX\tex/generic/pgf/math\pgfmathfunct
ions.round.code.tex)
(C:\Users\vresh\AppData\Local\Programs\MiKTeX\tex/generic/pgf/math\pgfmathfunct
ions.misc.code.tex)
(C:\Users\vresh\AppData\Local\Programs\MiKTeX\tex/generic/pgf/math\pgfmathfunct
ions.integerarithmetics.code.tex)
(C:\Users\vresh\AppData\Local\Programs\MiKTeX\tex/generic/pgf/math\pgfmathcalc.
code.tex)
(C:\Users\vresh\AppData\Local\Programs\MiKTeX\tex/generic/pgf/math\pgfmathfloat
.code.tex
\c@pgfmathroundto@lastzeros=\count324
))
(C:\Users\vresh\AppData\Local\Programs\MiKTeX\tex/generic/pgf/math\pgfint.code.
tex)
(C:\Users\vresh\AppData\Local\Programs\MiKTeX\tex/generic/pgf/basiclayer\pgfcor
epoints.code.tex
File: pgfcorepoints.code.tex 2025-08-29 v3.1.11a (3.1.11a)
\pgf@picminx=\dimen271
\pgf@picmaxx=\dimen272
\pgf@picminy=\dimen273
\pgf@picmaxy=\dimen274
\pgf@pathminx=\dimen275
\pgf@pathmaxx=\dimen276
\pgf@pathminy=\dimen277
\pgf@pathmaxy=\dimen278
\pgf@xx=\dimen279
\pgf@xy=\dimen280
\pgf@yx=\dimen281
\pgf@yy=\dimen282
\pgf@zx=\dimen283
\pgf@zy=\dimen284
)
(C:\Users\vresh\AppData\Local\Programs\MiKTeX\tex/generic/pgf/basiclayer\pgfcor
epathconstruct.code.tex
File: pgfcorepathconstruct.code.tex 2025-08-29 v3.1.11a (3.1.11a)
\pgf@path@lastx=\dimen285
\pgf@path@lasty=\dimen286
)
(C:\Users\vresh\AppData\Local\Programs\MiKTeX\tex/generic/pgf/basiclayer\pgfcor
epathusage.code.tex
File: pgfcorepathusage.code.tex 2025-08-29 v3.1.11a (3.1.11a)
\pgf@shorten@end@additional=\dimen287
\pgf@shorten@start@additional=\dimen288
)
(C:\Users\vresh\AppData\Local\Programs\MiKTeX\tex/generic/pgf/basiclayer\pgfcor
escopes.code.tex
File: pgfcorescopes.code.tex 2025-08-29 v3.1.11a (3.1.11a)
\pgfpic=\box66
\pgf@hbox=\box67
\pgf@layerbox@main=\box68
\pgf@picture@serial@count=\count325
)
(C:\Users\vresh\AppData\Local\Programs\MiKTeX\tex/generic/pgf/basiclayer\pgfcor
egraphicstate.code.tex
File: pgfcoregraphicstate.code.tex 2025-08-29 v3.1.11a (3.1.11a)
\pgflinewidth=\dimen289
)
(C:\Users\vresh\AppData\Local\Programs\MiKTeX\tex/generic/pgf/basiclayer\pgfcor
etransformations.code.tex
File: pgfcoretransformations.code.tex 2025-08-29 v3.1.11a (3.1.11a)
\pgf@pt@x=\dimen290
\pgf@pt@y=\dimen291
\pgf@pt@temp=\dimen292
)
(C:\Users\vresh\AppData\Local\Programs\MiKTeX\tex/generic/pgf/basiclayer\pgfcor
equick.code.tex
File: pgfcorequick.code.tex 2025-08-29 v3.1.11a (3.1.11a)
)
(C:\Users\vresh\AppData\Local\Programs\MiKTeX\tex/generic/pgf/basiclayer\pgfcor
eobjects.code.tex
File: pgfcoreobjects.code.tex 2025-08-29 v3.1.11a (3.1.11a)
)
(C:\Users\vresh\AppData\Local\Programs\MiKTeX\tex/generic/pgf/basiclayer\pgfcor
epathprocessing.code.tex
File: pgfcorepathprocessing.code.tex 2025-08-29 v3.1.11a (3.1.11a)
)
(C:\Users\vresh\AppData\Local\Programs\MiKTeX\tex/generic/pgf/basiclayer\pgfcor
earrows.code.tex
File: pgfcorearrows.code.tex 2025-08-29 v3.1.11a (3.1.11a)
\pgfarrowsep=\dimen293
)
(C:\Users\vresh\AppData\Local\Programs\MiKTeX\tex/generic/pgf/basiclayer\pgfcor
eshade.code.tex
File: pgfcoreshade.code.tex 2025-08-29 v3.1.11a (3.1.11a)
\pgf@max=\dimen294
\pgf@sys@shading@range@num=\count326
\pgf@shadingcount=\count327
)
(C:\Users\vresh\AppData\Local\Programs\MiKTeX\tex/generic/pgf/basiclayer\pgfcor
eimage.code.tex
File: pgfcoreimage.code.tex 2025-08-29 v3.1.11a (3.1.11a)
)
(C:\Users\vresh\AppData\Local\Programs\MiKTeX\tex/generic/pgf/basiclayer\pgfcor
eexternal.code.tex
File: pgfcoreexternal.code.tex 2025-08-29 v3.1.11a (3.1.11a)
\pgfexternal@startupbox=\box69
)
(C:\Users\vresh\AppData\Local\Programs\MiKTeX\tex/generic/pgf/basiclayer\pgfcor
elayers.code.tex
File: pgfcorelayers.code.tex 2025-08-29 v3.1.11a (3.1.11a)
)
(C:\Users\vresh\AppData\Local\Programs\MiKTeX\tex/generic/pgf/basiclayer\pgfcor
etransparency.code.tex
File: pgfcoretransparency.code.tex 2025-08-29 v3.1.11a (3.1.11a)
)
(C:\Users\vresh\AppData\Local\Programs\MiKTeX\tex/generic/pgf/basiclayer\pgfcor
epatterns.code.tex
File: pgfcorepatterns.code.tex 2025-08-29 v3.1.11a (3.1.11a)
)
(C:\Users\vresh\AppData\Local\Programs\MiKTeX\tex/generic/pgf/basiclayer\pgfcor
erdf.code.tex
File: pgfcorerdf.code.tex 2025-08-29 v3.1.11a (3.1.11a)
)))
(C:\Users\vresh\AppData\Local\Programs\MiKTeX\tex/generic/pgf/modules\pgfmodule
shapes.code.tex
File: pgfmoduleshapes.code.tex 2025-08-29 v3.1.11a (3.1.11a)
\pgfnodeparttextbox=\box70
)
(C:\Users\vresh\AppData\Local\Programs\MiKTeX\tex/generic/pgf/modules\pgfmodule
plot.code.tex
File: pgfmoduleplot.code.tex 2025-08-29 v3.1.11a (3.1.11a)
)
(C:\Users\vresh\AppData\Local\Programs\MiKTeX\tex/latex/pgf/compatibility\pgfco
mp-version-0-65.sty
Package: pgfcomp-version-0-65 2025-08-29 v3.1.11a (3.1.11a)
\pgf@nodesepstart=\dimen295
\pgf@nodesepend=\dimen296
)
(C:\Users\vresh\AppData\Local\Programs\MiKTeX\tex/latex/pgf/compatibility\pgfco
mp-version-1-18.sty
Package: pgfcomp-version-1-18 2025-08-29 v3.1.11a (3.1.11a)
))
(C:\Users\vresh\AppData\Local\Programs\MiKTeX\tex/latex/pgf/utilities\pgffor.st
y
(C:\Users\vresh\AppData\Local\Programs\MiKTeX\tex/latex/pgf/utilities\pgfkeys.s
ty
(C:\Users\vresh\AppData\Local\Programs\MiKTeX\tex/generic/pgf/utilities\pgfkeys
.code.tex))
(C:\Users\vresh\AppData\Local\Programs\MiKTeX\tex/latex/pgf/math\pgfmath.sty
(C:\Users\vresh\AppData\Local\Programs\MiKTeX\tex/generic/pgf/math\pgfmath.code
.tex))
(C:\Users\vresh\AppData\Local\Programs\MiKTeX\tex/generic/pgf/utilities\pgffor.
code.tex
Package: pgffor 2025-08-29 v3.1.11a (3.1.11a)
\pgffor@iter=\dimen297
\pgffor@skip=\dimen298
\pgffor@stack=\toks49
\pgffor@toks=\toks50
))
(C:\Users\vresh\AppData\Local\Programs\MiKTeX\tex/generic/pgf/frontendlayer/tik
z\tikz.code.tex
Package: tikz 2025-08-29 v3.1.11a (3.1.11a)

(C:\Users\vresh\AppData\Local\Programs\MiKTeX\tex/generic/pgf/libraries\pgflibr
aryplothandlers.code.tex
File: pgflibraryplothandlers.code.tex 2025-08-29 v3.1.11a (3.1.11a)
\pgf@plot@mark@count=\count328
\pgfplotmarksize=\dimen299
)
\tikz@lastx=\dimen300
\tikz@lasty=\dimen301
\tikz@lastxsaved=\dimen302
\tikz@lastysaved=\dimen303
\tikz@lastmovetox=\dimen304
\tikz@lastmovetoy=\dimen305
\tikzleveldistance=\dimen306
\tikzsiblingdistance=\dimen307
\tikz@figbox=\box71
\tikz@figbox@bg=\box72
\tikz@tempbox=\box73
\tikz@tempbox@bg=\box74
\tikztreelevel=\count329
\tikznumberofchildren=\count330
\tikznumberofcurrentchild=\count331
\tikz@fig@count=\count332

(C:\Users\vresh\AppData\Local\Programs\MiKTeX\tex/generic/pgf/modules\pgfmodule
matrix.code.tex
File: pgfmodulematrix.code.tex 2025-08-29 v3.1.11a (3.1.11a)
\pgfmatrixcurrentrow=\count333
\pgfmatrixcurrentcolumn=\count334
\pgf@matrix@numberofcolumns=\count335
)
\tikz@expandcount=\count336

(C:\Users\vresh\AppData\Local\Programs\MiKTeX\tex/generic/pgf/frontendlayer/tik
z/libraries\tikzlibrarytopaths.code.tex
File: tikzlibrarytopaths.code.tex 2025-08-29 v3.1.11a (3.1.11a)
)))
(C:\Users\vresh\AppData\Local\Programs\MiKTeX\tex/generic/pgfplots\pgfplots.cod
e.tex
(C:\Users\vresh\AppData\Local\Programs\MiKTeX\tex/generic/pgfplots\pgfplotscore
.code.tex
\t@pgfplots@toka=\toks51
\t@pgfplots@tokb=\toks52
\t@pgfplots@tokc=\toks53
\pgfplots@tmpa=\dimen308
\c@pgfplots@coordindex=\count337
\c@pgfplots@scanlineindex=\count338

(C:\Users\vresh\AppData\Local\Programs\MiKTeX\tex/generic/pgfplots/sys\pgfplots
sysgeneric.code.tex))
(C:\Users\vresh\AppData\Local\Programs\MiKTeX\tex/generic/pgfplots/libs\pgfplot
slibrary.code.tex)
(C:\Users\vresh\AppData\Local\Programs\MiKTeX\tex/generic/pgfplots/oldpgfcompat
ib\pgfplotsoldpgfsupp_loader.code.tex
(C:\Users\vresh\AppData\Local\Programs\MiKTeX\tex/generic/pgf/libraries\pgflibr
aryfpu.code.tex)
Package pgfplots: loading complementary utilities for your pgf version...
\t@pgf@toka=\toks54
\t@pgf@tokb=\toks55
\t@pgf@tokc=\toks56

(C:\Users\vresh\AppData\Local\Programs\MiKTeX\tex/generic/pgfplots/oldpgfcompat
ib\pgfplotsoldpgfsupp_pgfutil-common-lists.tex))
(C:\Users\vresh\AppData\Local\Programs\MiKTeX\tex/generic/pgfplots/util\pgfplot
sutil.code.tex
(C:\Users\vresh\AppData\Local\Programs\MiKTeX\tex/generic/pgfplots/liststructur
e\pgfplotsliststructure.code.tex)
(C:\Users\vresh\AppData\Local\Programs\MiKTeX\tex/generic/pgfplots/liststructur
e\pgfplotsliststructureext.code.tex)
(C:\Users\vresh\AppData\Local\Programs\MiKTeX\tex/generic/pgfplots/liststructur
e\pgfplotsarray.code.tex
\c@pgfplotsarray@tmp=\count339
)
(C:\Users\vresh\AppData\Local\Programs\MiKTeX\tex/generic/pgfplots/liststructur
e\pgfplotsmatrix.code.tex)
(C:\Users\vresh\AppData\Local\Programs\MiKTeX\tex/generic/pgfplots/numtable\pgf
plotstableshared.code.tex
\c@pgfplotstable@counta=\count340
\t@pgfplotstable@a=\toks57
)
(C:\Users\vresh\AppData\Local\Programs\MiKTeX\tex/generic/pgfplots/liststructur
e\pgfplotsdeque.code.tex)
(C:\Users\vresh\AppData\Local\Programs\MiKTeX\tex/generic/pgfplots/util\pgfplot
sbinary.code.tex
(C:\Users\vresh\AppData\Local\Programs\MiKTeX\tex/generic/pgfplots/util\pgfplot
sbinary.data.code.tex))
(C:\Users\vresh\AppData\Local\Programs\MiKTeX\tex/generic/pgfplots/util\pgfplot
sutil.verb.code.tex)
(C:\Users\vresh\AppData\Local\Programs\MiKTeX\tex/generic/pgfplots/libs\pgflibr
arypgfplots.surfshading.code.tex
\c@pgfplotslibrarysurf@no=\count341

(C:\Users\vresh\AppData\Local\Programs\MiKTeX\tex/generic/pgfplots/sys\pgflibra
rypgfplots.surfshading.pgfsys-pdftex.def)))
(C:\Users\vresh\AppData\Local\Programs\MiKTeX\tex/generic/pgfplots/util\pgfplot
scolormap.code.tex
(C:\Users\vresh\AppData\Local\Programs\MiKTeX\tex/generic/pgfplots/util\pgfplot
scolor.code.tex))
(C:\Users\vresh\AppData\Local\Programs\MiKTeX\tex/generic/pgfplots\pgfplotsstac
kedplots.code.tex)
(C:\Users\vresh\AppData\Local\Programs\MiKTeX\tex/generic/pgfplots\pgfplotsplot
handlers.code.tex
(C:\Users\vresh\AppData\Local\Programs\MiKTeX\tex/generic/pgfplots\pgfplotsmesh
plothandler.code.tex
(C:\Users\vresh\AppData\Local\Programs\MiKTeX\tex/generic/pgfplots\pgfplotsmesh
plotimage.code.tex)))
(C:\Users\vresh\AppData\Local\Programs\MiKTeX\tex/generic/pgfplots\pgfplots.sca
ling.code.tex)
(C:\Users\vresh\AppData\Local\Programs\MiKTeX\tex/generic/pgfplots\pgfplotscoor
dprocessing.code.tex)
(C:\Users\vresh\AppData\Local\Programs\MiKTeX\tex/generic/pgfplots\pgfplots.err
orbars.code.tex)
(C:\Users\vresh\AppData\Local\Programs\MiKTeX\tex/generic/pgfplots\pgfplots.mar
kers.code.tex)
(C:\Users\vresh\AppData\Local\Programs\MiKTeX\tex/generic/pgfplots\pgfplotstick
s.code.tex)
(C:\Users\vresh\AppData\Local\Programs\MiKTeX\tex/generic/pgfplots\pgfplots.pat
hs.code.tex)
(C:\Users\vresh\AppData\Local\Programs\MiKTeX\tex/generic/pgf/frontendlayer/tik
z/libraries\tikzlibrarydecorations.code.tex
(C:\Users\vresh\AppData\Local\Programs\MiKTeX\tex/generic/pgf/modules\pgfmodule
decorations.code.tex
\pgfdecoratedcompleteddistance=\dimen309
\pgfdecoratedremainingdistance=\dimen310
\pgfdecoratedinputsegmentcompleteddistance=\dimen311
\pgfdecoratedinputsegmentremainingdistance=\dimen312
\pgf@decorate@distancetomove=\dimen313
\pgf@decorate@repeatstate=\count342
\pgfdecorationsegmentamplitude=\dimen314
\pgfdecorationsegmentlength=\dimen315
)
\tikz@lib@dec@box=\box75
)
(C:\Users\vresh\AppData\Local\Programs\MiKTeX\tex/generic/pgf/frontendlayer/tik
z/libraries\tikzlibrarydecorations.pathmorphing.code.tex
(C:\Users\vresh\AppData\Local\Programs\MiKTeX\tex/generic/pgf/libraries/decorat
ions\pgflibrarydecorations.pathmorphing.code.tex))
(C:\Users\vresh\AppData\Local\Programs\MiKTeX\tex/generic/pgf/frontendlayer/tik
z/libraries\tikzlibrarydecorations.pathreplacing.code.tex
(C:\Users\vresh\AppData\Local\Programs\MiKTeX\tex/generic/pgf/libraries/decorat
ions\pgflibrarydecorations.pathreplacing.code.tex))
(C:\Users\vresh\AppData\Local\Programs\MiKTeX\tex/generic/pgfplots/libs\tikzlib
rarypgfplots.contourlua.code.tex)
\pgfplots@numplots=\count343
\pgfplots@xmin@reg=\dimen316
\pgfplots@xmax@reg=\dimen317
\pgfplots@ymin@reg=\dimen318
\pgfplots@ymax@reg=\dimen319
\pgfplots@zmin@reg=\dimen320
\pgfplots@zmax@reg=\dimen321
)
(C:\Users\vresh\AppData\Local\Programs\MiKTeX\tex/generic/pgf/frontendlayer/tik
z/libraries\tikzlibraryplotmarks.code.tex
File: tikzlibraryplotmarks.code.tex 2025-08-29 v3.1.11a (3.1.11a)

(C:\Users\vresh\AppData\Local\Programs\MiKTeX\tex/generic/pgf/libraries\pgflibr
aryplotmarks.code.tex
File: pgflibraryplotmarks.code.tex 2025-08-29 v3.1.11a (3.1.11a)
)))
(C:\Users\vresh\AppData\Local\Programs\MiKTeX\tex/latex/enumitem\enumitem.sty
Package: enumitem 2025/02/06 v3.11 Customized lists
\labelindent=\skip68
\enit@outerparindent=\dimen322
\enit@toks=\toks58
\enit@inbox=\box76
\enit@count@id=\count344
\enitdp@description=\count345
)
(C:\Users\vresh\AppData\Local\Programs\MiKTeX\tex/latex/fancyhdr\fancyhdr.sty
Package: fancyhdr 2025/02/07 v5.2 Extensive control of page headers and footers

\f@nch@headwidth=\skip69
\f@nch@offset@elh=\skip70
\f@nch@offset@erh=\skip71
\f@nch@offset@olh=\skip72
\f@nch@offset@orh=\skip73
\f@nch@offset@elf=\skip74
\f@nch@offset@erf=\skip75
\f@nch@offset@olf=\skip76
\f@nch@offset@orf=\skip77
\f@nch@height=\skip78
\f@nch@footalignment=\skip79
\f@nch@widthL=\skip80
\f@nch@widthC=\skip81
\f@nch@widthR=\skip82
\@temptokenb=\toks59
)
(C:\Users\vresh\AppData\Local\Programs\MiKTeX\tex/latex/titlesec\titlesec.sty
Package: titlesec 2025/01/04 v2.17 Sectioning titles
\ttl@box=\box77
\beforetitleunit=\skip83
\aftertitleunit=\skip84
\ttl@plus=\dimen323
\ttl@minus=\dimen324
\ttl@toksa=\toks60
\titlewidth=\dimen325
\titlewidthlast=\dimen326
\titlewidthfirst=\dimen327
)
(C:\Users\vresh\AppData\Local\Programs\MiKTeX\tex/latex/listings\listings.sty
\lst@mode=\count346
\lst@gtempboxa=\box78
\lst@token=\toks61
\lst@length=\count347
\lst@currlwidth=\dimen328
\lst@column=\count348
\lst@pos=\count349
\lst@lostspace=\dimen329
\lst@width=\dimen330
\lst@newlines=\count350
\lst@lineno=\count351
\lst@maxwidth=\dimen331

(C:\Users\vresh\AppData\Local\Programs\MiKTeX\tex/latex/listings\lstpatch.sty
File: lstpatch.sty 2025/11/14 1.11b (Carsten Heinz)
)
(C:\Users\vresh\AppData\Local\Programs\MiKTeX\tex/latex/listings\lstmisc.sty
File: lstmisc.sty 2025/11/14 1.11b (Carsten Heinz)
\c@lstnumber=\count352
\lst@skipnumbers=\count353
\lst@framebox=\box79
)
(C:\Users\vresh\AppData\Local\Programs\MiKTeX\tex/latex/listings\listings.cfg
File: listings.cfg 2025/11/14 1.11b listings configuration
))
Package: listings 2025/11/14 1.11b (Carsten Heinz)
==> First Aid for listings.sty no longer applied!
    Expected:
        2024/09/23 1.10c (Carsten Heinz)
    but found:
        2025/11/14 1.11b (Carsten Heinz)
    so I'm assuming it got fixed.
(C:\Users\vresh\AppData\Local\Programs\MiKTeX\tex/latex/xurl\xurl.sty
Package: xurl 2022/01/09 v 0.10 modify URL breaks

(C:\Users\vresh\AppData\Local\Programs\MiKTeX\tex/latex/url\url.sty
\Urlmuskip=\muskip18
Package: url 2013/09/16  ver 3.4  Verb mode for urls, etc.
))
(C:\Users\vresh\AppData\Local\Programs\MiKTeX\tex/latex/hyperref\hyperref.sty
Package: hyperref 2026-01-29 v7.01p Hypertext links for LaTeX

(C:\Users\vresh\AppData\Local\Programs\MiKTeX\tex/latex/kvsetkeys\kvsetkeys.sty
Package: kvsetkeys 2022-10-05 v1.19 Key value parser (HO)
)
(C:\Users\vresh\AppData\Local\Programs\MiKTeX\tex/generic/kvdefinekeys\kvdefine
keys.sty
Package: kvdefinekeys 2019-12-19 v1.6 Define keys (HO)
)
(C:\Users\vresh\AppData\Local\Programs\MiKTeX\tex/generic/pdfescape\pdfescape.s
ty
Package: pdfescape 2019/12/09 v1.15 Implements pdfTeX's escape features (HO)

(C:\Users\vresh\AppData\Local\Programs\MiKTeX\tex/generic/ltxcmds\ltxcmds.sty
Package: ltxcmds 2023-12-04 v1.26 LaTeX kernel commands for general use (HO)
)
(C:\Users\vresh\AppData\Local\Programs\MiKTeX\tex/generic/pdftexcmds\pdftexcmds
.sty
Package: pdftexcmds 2020-06-27 v0.33 Utility functions of pdfTeX for LuaTeX (HO
)

(C:\Users\vresh\AppData\Local\Programs\MiKTeX\tex/generic/infwarerr\infwarerr.s
ty
Package: infwarerr 2019/12/03 v1.5 Providing info/warning/error messages (HO)
)
Package pdftexcmds Info: \pdf@primitive is available.
Package pdftexcmds Info: \pdf@ifprimitive is available.
Package pdftexcmds Info: \pdfdraftmode found.
))
(C:\Users\vresh\AppData\Local\Programs\MiKTeX\tex/latex/hycolor\hycolor.sty
Package: hycolor 2020-01-27 v1.10 Color options for hyperref/bookmark (HO)
)
(C:\Users\vresh\AppData\Local\Programs\MiKTeX\tex/latex/hyperref\nameref.sty
Package: nameref 2026-01-29 v2.58 Cross-referencing by name of section

(C:\Users\vresh\AppData\Local\Programs\MiKTeX\tex/latex/refcount\refcount.sty
Package: refcount 2019/12/15 v3.6 Data extraction from label references (HO)
)
(C:\Users\vresh\AppData\Local\Programs\MiKTeX\tex/generic/gettitlestring\gettit
lestring.sty
Package: gettitlestring 2019/12/15 v1.6 Cleanup title references (HO)

(C:\Users\vresh\AppData\Local\Programs\MiKTeX\tex/latex/kvoptions\kvoptions.sty
Package: kvoptions 2022-06-15 v3.15 Key value format for package options (HO)
))
\c@section@level=\count354
)
(C:\Users\vresh\AppData\Local\Programs\MiKTeX\tex/generic/stringenc\stringenc.s
ty
Package: stringenc 2019/11/29 v1.12 Convert strings between diff. encodings (HO
)
)
\@linkdim=\dimen332
\Hy@linkcounter=\count355
\Hy@pagecounter=\count356
 (C:\Users\vresh\AppData\Local\Programs\MiKTeX\tex/latex/hyperref\pd1enc.def
File: pd1enc.def 2026-01-29 v7.01p Hyperref: PDFDocEncoding definition (HO)
Now handling font encoding PD1 ...
... no UTF-8 mapping file for font encoding PD1
) (C:\Users\vresh\AppData\Local\Programs\MiKTeX\tex/generic/intcalc\intcalc.sty
Package: intcalc 2019/12/15 v1.3 Expandable calculations with integers (HO)
)
\Hy@SavedSpaceFactor=\count357
 (C:\Users\vresh\AppData\Local\Programs\MiKTeX\tex/latex/hyperref\puenc.def
File: puenc.def 2026-01-29 v7.01p Hyperref: PDF Unicode definition (HO)
Now handling font encoding PU ...
... no UTF-8 mapping file for font encoding PU
)
Package hyperref Info: Hyper figures OFF on input line 4201.
Package hyperref Info: Link nesting OFF on input line 4206.
Package hyperref Info: Hyper index ON on input line 4209.
Package hyperref Info: Plain pages OFF on input line 4216.
Package hyperref Info: Backreferencing OFF on input line 4221.
Package hyperref Info: Implicit mode ON; LaTeX internals redefined.
Package hyperref Info: Bookmarks ON on input line 4468.
\c@Hy@tempcnt=\count358
LaTeX Info: Redefining \url on input line 4807.
\XeTeXLinkMargin=\dimen333

(C:\Users\vresh\AppData\Local\Programs\MiKTeX\tex/generic/bitset\bitset.sty
Package: bitset 2019/12/09 v1.3 Handle bit-vector datatype (HO)

(C:\Users\vresh\AppData\Local\Programs\MiKTeX\tex/generic/bigintcalc\bigintcalc
.sty
Package: bigintcalc 2019/12/15 v1.5 Expandable calculations on big integers (HO
)
))
\Fld@menulength=\count359
\Field@Width=\dimen334
\Fld@charsize=\dimen335
Package hyperref Info: Hyper figures OFF on input line 6084.
Package hyperref Info: Link nesting OFF on input line 6089.
Package hyperref Info: Hyper index ON on input line 6092.
Package hyperref Info: backreferencing OFF on input line 6099.
Package hyperref Info: Link coloring OFF on input line 6104.
Package hyperref Info: Link coloring with OCG OFF on input line 6109.
Package hyperref Info: PDF/A mode OFF on input line 6114.
\Hy@abspage=\count360
\c@Item=\count361
\c@Hfootnote=\count362
)
Package hyperref Info: Driver (autodetected): hpdftex.

(C:\Users\vresh\AppData\Local\Programs\MiKTeX\tex/latex/hyperref\hpdftex.def
File: hpdftex.def 2026-01-29 v7.01p Hyperref driver for pdfTeX
\Fld@listcount=\count363
\c@bookmark@seq@number=\count364

(C:\Users\vresh\AppData\Local\Programs\MiKTeX\tex/latex/rerunfilecheck\rerunfil
echeck.sty
Package: rerunfilecheck 2025-06-21 v1.11 Rerun checks for auxiliary files (HO)

(C:\Users\vresh\AppData\Local\Programs\MiKTeX\tex/generic/uniquecounter\uniquec
ounter.sty
Package: uniquecounter 2019/12/15 v1.4 Provide unlimited unique counter (HO)
)
Package uniquecounter Info: New unique counter `rerunfilecheck' on input line 2
84.
)
\Hy@SectionHShift=\skip85
)
(C:\Users\vresh\AppData\Local\Programs\MiKTeX\tex/latex/cleveref\cleveref.sty
Package: cleveref 2018/03/27 v0.21.4 Intelligent cross-referencing
Package cleveref Info: `hyperref' support loaded on input line 2370.
LaTeX Info: Redefining \cref on input line 2370.
LaTeX Info: Redefining \Cref on input line 2370.
LaTeX Info: Redefining \crefrange on input line 2370.
LaTeX Info: Redefining \Crefrange on input line 2370.
LaTeX Info: Redefining \cpageref on input line 2370.
LaTeX Info: Redefining \Cpageref on input line 2370.
LaTeX Info: Redefining \cpagerefrange on input line 2370.
LaTeX Info: Redefining \Cpagerefrange on input line 2370.
LaTeX Info: Redefining \labelcref on input line 2370.
LaTeX Info: Redefining \labelcpageref on input line 2370.
Package cleveref Info: `amsthm' support loaded on input line 3026.
Package cleveref Info: `listings' support loaded on input line 3131.
Package cleveref Info: include cross-reference names in hyperlinks on input lin
e 7836.
Package cleveref Info: include cross-reference names in hyperlinks on input lin
e 7852.
Package cleveref Info: no abbreviation of names on input line 7852.
)
==> First Aid for cleveref.sty applied!
(C:\Users\vresh\AppData\Local\Programs\MiKTeX\tex/latex/aliascnt\aliascnt.sty
Package: aliascnt 2026-03-08 v1.7 Alias counters (HO)
)
Package hyperref Info: Option `colorlinks' set `true' on input line 36.

(../fabius-notation.tex)
\c@theorem=\count365
LaTeX Font Info:    Trying to load font information for T1+LibertinusSerif-TLF 
on input line 180.

(C:\Users\vresh\AppData\Local\Programs\MiKTeX\tex/latex/libertinus-type1\t1libe
rtinusserif-tlf.fd
File: T1LibertinusSerif-TLF.fd 2024/09/22 (autoinst) Font definitions for T1/Li
bertinusSerif-TLF.
)
LaTeX Font Info:    Font shape `T1/LibertinusSerif-TLF/m/n' will be
(Font)              scaled to size 10.95pt on input line 180.

(C:\Users\vresh\AppData\Local\Programs\MiKTeX\tex/latex/l3backend\l3backend-pdf
tex.def
File: l3backend-pdftex.def 2026-02-18 L3 backend support: PDF output (pdfTeX)
\l__color_backend_stack_int=\count366
)
No file semi-formalized-research-frontiers.aux.
\openout1 = `semi-formalized-research-frontiers.aux'.

LaTeX Font Info:    Checking defaults for OML/cmm/m/it on input line 180.
LaTeX Font Info:    ... okay on input line 180.
LaTeX Font Info:    Checking defaults for OMS/cmsy/m/n on input line 180.
LaTeX Font Info:    ... okay on input line 180.
LaTeX Font Info:    Checking defaults for OT1/cmr/m/n on input line 180.
LaTeX Font Info:    ... okay on input line 180.
LaTeX Font Info:    Checking defaults for T1/cmr/m/n on input line 180.
LaTeX Font Info:    ... okay on input line 180.
LaTeX Font Info:    Checking defaults for TS1/cmr/m/n on input line 180.
LaTeX Font Info:    ... okay on input line 180.
LaTeX Font Info:    Checking defaults for OMX/cmex/m/n on input line 180.
LaTeX Font Info:    ... okay on input line 180.
LaTeX Font Info:    Checking defaults for U/cmr/m/n on input line 180.
LaTeX Font Info:    ... okay on input line 180.
LaTeX Font Info:    Checking defaults for PD1/pdf/m/n on input line 180.
LaTeX Font Info:    ... okay on input line 180.
LaTeX Font Info:    Checking defaults for PU/pdf/m/n on input line 180.
LaTeX Font Info:    ... okay on input line 180.
*geometry* driver: auto-detecting
*geometry* detected driver: pdftex
*geometry* verbose mode - [ preamble ] result:
* driver: pdftex
* paper: a4paper
* layout: <same size as paper>
* layoutoffset:(h,v)=(0.0pt,0.0pt)
* modes: 
* h-part:(L,W,R)=(76.82243pt, 443.863pt, 76.82243pt)
* v-part:(T,H,B)=(76.82243pt, 691.40198pt, 76.82243pt)
* \paperwidth=597.50787pt
* \paperheight=845.04684pt
* \textwidth=443.863pt
* \textheight=691.40198pt
* \oddsidemargin=4.55244pt
* \evensidemargin=4.55244pt
* \topmargin=-35.44756pt
* \headheight=15.0pt
* \headsep=25.0pt
* \topskip=11.0pt
* \footskip=30.0pt
* \marginparwidth=59.0pt
* \marginparsep=10.0pt
* \columnsep=10.0pt
* \skip\footins=10.0pt plus 4.0pt minus 2.0pt
* \hoffset=0.0pt
* \voffset=0.0pt
* \mag=1000
* \@twocolumnfalse
* \@twosidefalse
* \@mparswitchfalse
* \@reversemarginfalse
* (1in=72.27pt=25.4mm, 1cm=28.453pt)

\c@mv@tabular=\count367
\c@mv@boldtabular=\count368
LaTeX Info: Redefining \microtypecontext on input line 180.
Package microtype Info: Applying patch `item' on input line 180.
Package microtype Info: Applying patch `toc' on input line 180.
Package microtype Info: Applying patch `eqnum' on input line 180.
Package microtype Info: Applying patch `footnote' on input line 180.
Package microtype Info: Applying patch `verbatim' on input line 180.
LaTeX Info: Redefining \microtypesetup on input line 180.
Package microtype Info: Generating PDF output.
Package microtype Info: Character protrusion enabled (level 2).
Package microtype Info: Using default protrusion set `alltext'.
Package microtype Info: Automatic font expansion enabled (level 2),
(microtype)             stretch: 20, shrink: 20, step: 1, non-selected.
Package microtype Info: Using default expansion set `alltext-nott'.
Package microtype Info: Patching command `\showhyphens'.
Package microtype Info: No adjustment of tracking.
Package microtype Info: No adjustment of interword spacing.
Package microtype Info: No adjustment of character kerning.
Package microtype Info: Loading generic protrusion settings for font family
(microtype)             `LibertinusSerif-TLF' (encoding: T1).
(microtype)             For optimal results, create family-specific settings.
(microtype)             See the microtype manual for details.

(C:\Users\vresh\AppData\Local\Programs\MiKTeX\tex/context/base/mkii\supp-pdf.mk
ii
[Loading MPS to PDF converter (version 2006.09.02).]
\scratchcounter=\count369
\scratchdimen=\dimen336
\scratchbox=\box80
\nofMPsegments=\count370
\nofMParguments=\count371
\everyMPshowfont=\toks62
\MPscratchCnt=\count372
\MPscratchDim=\dimen337
\MPnumerator=\count373
\makeMPintoPDFobject=\count374
\everyMPtoPDFconversion=\toks63
)
(C:\Users\vresh\AppData\Local\Programs\MiKTeX\tex/latex/epstopdf-pkg\epstopdf-b
ase.sty
Package: epstopdf-base 2020-01-24 v2.11 Base part for package epstopdf


Package epstopdf Warning: Shell escape feature is not enabled.

Package epstopdf-base Info: Redefining graphics rule for `.eps' on input line 4
85.

(C:\Users\vresh\AppData\Local\Programs\MiKTeX\tex/latex/00miktex\epstopdf-sys.c
fg
File: epstopdf-sys.cfg 2021/03/18 v2.0 Configuration of epstopdf for MiKTeX
))
Package pgfplots notification 'compat/show suggested version=true': document ha
s been generated with the most recent feature set (\pgfplotsset{compat=1.18}).

\c@lstlisting=\count375
Package hyperref Info: Link coloring ON on input line 180.
\@outlinefile=\write4
\openout4 = `semi-formalized-research-frontiers.out'.

LaTeX Font Info:    Font shape `T1/LibertinusSerif-TLF/m/n' will be
(Font)              scaled to size 17.28pt on input line 260.
LaTeX Font Info:    Font shape `T1/LibertinusSerif-TLF/b/n' will be
(Font)              scaled to size 17.28pt on input line 260.
LaTeX Font Info:    Font shape `T1/LibertinusSerif-TLF/b/n' will be
(Font)              scaled to size 12.0pt on input line 260.
LaTeX Font Info:    Font shape `T1/LibertinusSerif-TLF/m/n' will be
(Font)              scaled to size 12.0pt on input line 260.
(C:\Users\vresh\AppData\Local\Programs\MiKTeX\tex/latex/microtype\mt-cmr.cfg
File: mt-cmr.cfg 2013/05/19 v2.2 microtype config. file: Computer Modern Roman 
(RS)
)
LaTeX Font Info:    Trying to load font information for U+msa on input line 260
.

(C:\Users\vresh\AppData\Local\Programs\MiKTeX\tex/latex/amsfonts\umsa.fd
File: umsa.fd 2013/01/14 v3.01 AMS symbols A
)
(C:\Users\vresh\AppData\Local\Programs\MiKTeX\tex/latex/microtype\mt-msa.cfg
File: mt-msa.cfg 2006/02/04 v1.1 microtype config. file: AMS symbols (a) (RS)
)
LaTeX Font Info:    Trying to load font information for U+msb on input line 260
.

(C:\Users\vresh\AppData\Local\Programs\MiKTeX\tex/latex/amsfonts\umsb.fd
File: umsb.fd 2013/01/14 v3.01 AMS symbols B
)
(C:\Users\vresh\AppData\Local\Programs\MiKTeX\tex/latex/microtype\mt-msb.cfg
File: mt-msb.cfg 2005/06/01 v1.0 microtype config. file: AMS symbols (b) (RS)
)
LaTeX Font Info:    Trying to load font information for U+rsfs on input line 26
0.

(C:\Users\vresh\AppData\Local\Programs\MiKTeX\tex/latex/jknappen\ursfs.fd
File: ursfs.fd 1998/03/24 rsfs font definition file (jk)
)
LaTeX Font Info:    Trying to load font information for T1+LibertinusMono-TLF o
n input line 260.

(C:\Users\vresh\AppData\Local\Programs\MiKTeX\tex/latex/libertinus-type1\t1libe
rtinusmono-tlf.fd
File: T1LibertinusMono-TLF.fd 2025/01/11 (autoinst) Font definitions for T1/Lib
ertinusMono-TLF.
)
LaTeX Font Info:    Font shape `T1/LibertinusMono-TLF/m/n' will be
(Font)              scaled to size 10.20007pt on input line 260.
Package microtype Info: Loading generic protrusion settings for font family
(microtype)             `LibertinusMono-TLF' (encoding: T1).
(microtype)             For optimal results, create family-specific settings.
(microtype)             See the microtype manual for details.
Package microtype Info: Character `guilsinglleft ' is missing
(microtype)             in font `T1/LibertinusMono-TLF/m/n/12'.
(microtype)             Ignoring protrusion settings for this character.
Package microtype Info: Character `guilsinglright ' is missing
(microtype)             in font `T1/LibertinusMono-TLF/m/n/12'.
(microtype)             Ignoring protrusion settings for this character.
LaTeX Font Info:    Font shape `T1/LibertinusSerif-TLF/m/n' will be
(Font)              scaled to size 10.0pt on input line 260.
LaTeX Font Info:    Font shape `T1/LibertinusMono-TLF/m/n' will be
(Font)              scaled to size 8.50006pt on input line 260.
Package microtype Info: Character `guilsinglleft ' is missing
(microtype)             in font `T1/LibertinusMono-TLF/m/n/10'.
(microtype)             Ignoring protrusion settings for this character.
Package microtype Info: Character `guilsinglright ' is missing
(microtype)             in font `T1/LibertinusMono-TLF/m/n/10'.
(microtype)             Ignoring protrusion settings for this character.
LaTeX Font Info:    Font shape `T1/LibertinusSerif-TLF/b/n' will be
(Font)              scaled to size 10.0pt on input line 261.
 [1

{C:/Users/vresh/AppData/Local/MiKTeX/fonts/map/pdftex/pdftex.map}{C:/Users/vres
h/AppData/Local/Programs/MiKTeX/fonts/enc/dvips/libertinus-type1/lbn1_sfissr.en
c}{C:/Users/vresh/AppData/Local/Programs/MiKTeX/fonts/enc/dvips/libertinus-type
1/lbn1_75t36g.enc}{C:/Users/vresh/AppData/Local/Programs/MiKTeX/fonts/enc/dvips
/libertinus-type1/lbn1_or3pzs.enc}] [2] [3] [4] [5]
[6]
LaTeX Font Info:    Font shape `T1/LibertinusSerif-TLF/m/n' will be
(Font)              scaled to size 14.4pt on input line 587.
LaTeX Font Info:    Font shape `T1/LibertinusSerif-TLF/b/n' will be
(Font)              scaled to size 14.4pt on input line 587.

No file semi-formalized-research-frontiers.toc.
\tf@toc=\write5
\openout5 = `semi-formalized-research-frontiers.toc'.

[7

] [8

]
Underfull \hbox (badness 3557) in paragraph at lines 635--635
[]|\T1/LibertinusSerif-TLF/m/n/10.95 (+20) Bounded Fabius func-
 []

LaTeX Font Info:    Font shape `T1/LibertinusMono-TLF/m/n' will be
(Font)              scaled to size 9.30756pt on input line 635.
Package microtype Info: Character `guilsinglleft ' is missing
(microtype)             in font `T1/LibertinusMono-TLF/m/n/10.95'.
(microtype)             Ignoring protrusion settings for this character.
Package microtype Info: Character `guilsinglright ' is missing
(microtype)             in font `T1/LibertinusMono-TLF/m/n/10.95'.
(microtype)             Ignoring protrusion settings for this character.

Underfull \hbox (badness 2073) in paragraph at lines 645--648
[]|$\T1/LibertinusMono-TLF/m/n/10.95 D y a d i c D e r i v a t i v e F i l t
 []


Underfull \hbox (badness 3646) in paragraph at lines 645--648
\T1/LibertinusMono-TLF/m/n/10.95 r a t i o n . l e a n$ \T1/LibertinusSerif-TLF
/m/n/10.95 (+20) (zero def-i-ni-
 []


Underfull \hbox (badness 3199) in paragraph at lines 645--648
\T1/LibertinusSerif-TLF/m/n/10.95 (+20) the all-real and dyadic below-
 []


Underfull \hbox (badness 10000) in paragraph at lines 656--656
[]|\T1/LibertinusSerif-TLF/m/n/10.95 (+20) Fractional causal
 []


Underfull \hbox (badness 1024) in paragraph at lines 671--671
[]|$\T1/LibertinusMono-TLF/m/n/10.95 f a b i u s R e d u c t i o n S um$ \T1/Li
bertinusSerif-TLF/m/n/10.95 (+20) and
 []


Underfull \hbox (badness 2608) in paragraph at lines 673--673
[]|\T1/LibertinusSerif-TLF/m/n/10.95 (+20) Finite com-plex Thue--
 []


Underfull \hbox (badness 6188) in paragraph at lines 679--682
\T1/LibertinusSerif-TLF/m/n/10.95 (+20) ences and sym-met-ric
 []

LaTeX Font Info:    Font shape `T1/LibertinusSerif-TLF/m/it' will be
(Font)              scaled to size 10.95pt on input line 689.

Underfull \hbox (badness 10000) in paragraph at lines 689--694
[]|\T1/LibertinusSerif-TLF/m/it/10.95 (+20) Same sur-face, poly-
 []


Underfull \hbox (badness 1048) in paragraph at lines 689--694
\T1/LibertinusSerif-TLF/m/it/10.95 (+20) no-mial layer. \T1/LibertinusSerif-TLF
/m/n/10.95 (+20) Over a
 []


Underfull \hbox (badness 10000) in paragraph at lines 689--694
\T1/LibertinusSerif-TLF/m/n/10.95 (+20) degree-$\OMS/cmsy/m/n/10.95 j\OML/cmm/m
/it/10.95 s\OMS/cmsy/m/n/10.95 j$ \T1/LibertinusSerif-TLF/m/n/10.95 (+20) co-ef
-fi-cient
 []


Underfull \hbox (badness 10000) in paragraph at lines 689--694
\T1/LibertinusSerif-TLF/m/n/10.95 (+20) with sign-free fac-tor
 []


Underfull \hbox (badness 10000) in paragraph at lines 689--694
\OMS/cmsy/m/n/10.95 j\OML/cmm/m/it/10.95 s\OMS/cmsy/m/n/10.95 j\OT1/cmr/m/n/10.
95 ! [][](2\OML/cmm/m/it/10.95 a[]\OT1/cmr/m/n/10.95 )$\T1/LibertinusSerif-TLF/
m/n/10.95 (+20) , an-ni-
 []


Underfull \hbox (badness 10000) in paragraph at lines 689--694
\T1/LibertinusSerif-TLF/m/n/10.95 (+20) hi-lates lower de-gree
 []


Underfull \hbox (badness 10000) in paragraph at lines 689--694
\T1/LibertinusSerif-TLF/m/n/10.95 (+20) in-clud-ing the zero-
 []


Underfull \hbox (badness 10000) in paragraph at lines 689--694
\T1/LibertinusSerif-TLF/m/n/10.95 (+20) polynomial/empty-
 []


Underfull \hbox (badness 10000) in paragraph at lines 689--694
\T1/LibertinusSerif-TLF/m/n/10.95 (+20) support bound-ary,
 []


Underfull \hbox (badness 10000) in paragraph at lines 699--706
[]|\T1/LibertinusSerif-TLF/m/it/10.95 (+20) Same sur-face, dyadic
 []


Underfull \hbox (badness 3861) in paragraph at lines 699--706
\T1/LibertinusSerif-TLF/m/n/10.95 (+20) is group-valued. Its
 []


Underfull \hbox (badness 10000) in paragraph at lines 699--706
\T1/LibertinusSerif-TLF/m/n/10.95 (+20) increasing-grid wrap-
 []


Underfull \hbox (badness 10000) in paragraph at lines 699--706
\T1/LibertinusSerif-TLF/m/n/10.95 (+20) zero field: the all-
 []


Underfull \hbox (badness 2469) in paragraph at lines 699--706
\T1/LibertinusSerif-TLF/m/n/10.95 (+20) order form, in-clud-ing
 []


Underfull \hbox (badness 2020) in paragraph at lines 699--706
\OML/cmm/m/it/10.95 m \OT1/cmr/m/n/10.95 = 0$\T1/LibertinusSerif-TLF/m/n/10.95 
(+20) , has points
 []


Underfull \hbox (badness 10000) in paragraph at lines 699--706
\T1/LibertinusSerif-TLF/m/n/10.95 (+20) At pos-i-tive or-der
 []


Underfull \hbox (badness 10000) in paragraph at lines 699--706
\T1/LibertinusSerif-TLF/m/n/10.95 (+20) point is $\OML/cmm/m/it/10.95 x \OMS/cm
sy/m/n/10.95 ^^@ \OT1/cmr/m/n/10.95 (1 \OMS/cmsy/m/n/10.95 ^^@
 []


Underfull \hbox (badness 1024) in paragraph at lines 699--706
\OT1/cmr/m/n/10.95 2[]) + \OML/cmm/m/it/10.95 n=\OT1/cmr/m/n/10.95 2[]$\T1/Libe
rtinusSerif-TLF/m/n/10.95 (+20) ; its
 []


Underfull \hbox (badness 10000) in paragraph at lines 699--706
\T1/LibertinusSerif-TLF/m/n/10.95 (+20) its mesh spac-ing is
 []


Underfull \hbox (badness 7256) in paragraph at lines 699--706
\T1/LibertinusSerif-TLF/m/n/10.95 (+20) ment sign is $\OT1/cmr/m/n/10.95 (\OMS/
cmsy/m/n/10.95 ^^@\OT1/cmr/m/n/10.95 1)[]$\T1/LibertinusSerif-TLF/m/n/10.95 (+2
0) .
 []


Underfull \hbox (badness 8189) in paragraph at lines 699--706
\T1/LibertinusSerif-TLF/m/n/10.95 (+20) affine-grid clauses of
 []


Underfull \hbox (badness 10000) in paragraph at lines 699--706
\T1/LibertinusSerif-TLF/m/n/10.95 (+20) the continuous-chaos
 []


Underfull \hbox (badness 10000) in paragraph at lines 699--706
\T1/LibertinusSerif-TLF/m/n/10.95 (+20) re-port's Thue--Morse
 []

LaTeX Font Info:    Font shape `T1/LibertinusSerif-TLF/m/n' will be
(Font)              scaled to size 8.0pt on input line 715.
LaTeX Font Info:    Font shape `T1/LibertinusSerif-TLF/m/n' will be
(Font)              scaled to size 6.0pt on input line 715.

Underfull \hbox (badness 10000) in paragraph at lines 713--721
[]|\T1/LibertinusSerif-TLF/m/n/10.95 (+20) Local centered-box
 []


Underfull \hbox (badness 1028) in paragraph at lines 713--721
\T1/LibertinusSerif-TLF/m/n/10.95 (+20) non-neg-a-tive half-steps
 []


Underfull \hbox (badness 10000) in paragraph at lines 713--721
\T1/LibertinusSerif-TLF/m/n/10.95 (+20) ex-actly $[] \OML/cmm/m/it/10.95 I$\T1/
LibertinusSerif-TLF/m/n/10.95 (+20) ,
 []


Underfull \hbox (badness 10000) in paragraph at lines 713--721
[] \OML/cmm/m/it/10.95 I$\T1/LibertinusSerif-TLF/m/n/10.95 (+20) ,
 []


Underfull \hbox (badness 10000) in paragraph at lines 713--721
[] \U/msb/m/n/10.95 R \OML/cmm/m/it/10.95 N g I$\T1/LibertinusSerif-TLF/m/n/10.
95 (+20) ,
 []


Underfull \hbox (badness 10000) in paragraph at lines 713--721
\T1/LibertinusSerif-TLF/m/n/10.95 (+20) is lo-cal, real-valued,
 []


Underfull \hbox (badness 6188) in paragraph at lines 713--721
\T1/LibertinusMono-TLF/m/n/10.95 t h m : T M -[] c o r n e r$
 []


Underfull \hbox (badness 10000) in paragraph at lines 713--721
\T1/LibertinusSerif-TLF/m/n/10.95 (+20) Walsh conditional-
 []


Underfull \hbox (badness 10000) in paragraph at lines 728--728
[]|\T1/LibertinusSerif-TLF/m/n/10.95 (+20) Prime-power Pas-cal
 []


Underfull \hbox (badness 1242) in paragraph at lines 740--740
[]|\T1/LibertinusSerif-TLF/m/n/10.95 (+20) Generic weighted uni-
 []


Underfull \hbox (badness 10000) in paragraph at lines 750--750
[]|\T1/LibertinusSerif-TLF/m/n/10.95 (+20) Contractive affine
 []


Underfull \hbox (badness 1087) in paragraph at lines 757--757
[]|\T1/LibertinusSerif-TLF/m/n/10.95 (+20) Named ge-o-met-ric uni-
 []


Underfull \hbox (badness 10000) in paragraph at lines 768--768
[]|\T1/LibertinusSerif-TLF/m/n/10.95 (+20) Geometric sinc-prefix
 []


Underfull \hbox (badness 1478) in paragraph at lines 769--770
\T1/LibertinusSerif-TLF/m/n/10.95 (+20) phase-bearing pre-fix limit, and
 []


Underfull \hbox (badness 10000) in paragraph at lines 774--775
[]|\T1/LibertinusSerif-TLF/m/n/10.95 (+20) Locally uni-form con-ver-gence,
 []


Underfull \hbox (badness 10000) in paragraph at lines 774--775
\T1/LibertinusSerif-TLF/m/n/10.95 (+20) point-wise mul-ti-pli-a-bil-ity and
 []


Underfull \hbox (badness 2922) in paragraph at lines 783--783
[]|\T1/LibertinusSerif-TLF/m/n/10.95 (+20) Geometric char-ac-ter-is-
 []


Underfull \hbox (badness 1796) in paragraph at lines 784--787
\T1/LibertinusSerif-TLF/m/n/10.95 (+20) function iden-ti-ties through the
 []


Underfull \hbox (badness 10000) in paragraph at lines 789--789
[]|\T1/LibertinusSerif-TLF/m/n/10.95 (+20) Fixed-nome en-tire
 []


Underfull \hbox (badness 2050) in paragraph at lines 795--799
\T1/LibertinusSerif-TLF/m/n/10.95 (+20) reciprocal-power form as-sumes
 []


Underfull \hbox (badness 1675) in paragraph at lines 799--799
[]|\T1/LibertinusSerif-TLF/m/n/10.95 (+20) Outer ge-o-met-ric spec-
 []


Underfull \hbox (badness 1748) in paragraph at lines 799--799
\T1/LibertinusSerif-TLF/m/n/10.95 (+20) tral Pochham-mer nor-
 []


Underfull \hbox (badness 10000) in paragraph at lines 808--808
[]|\T1/LibertinusSerif-TLF/m/n/10.95 (+20) Finite q-Pochhammer
 []


Underfull \hbox (badness 10000) in paragraph at lines 814--814
[]|\T1/LibertinusSerif-TLF/m/n/10.95 (+20) Generic in-fi-nite q-
 []


Underfull \hbox (badness 2165) in paragraph at lines 824--824
[]|\T1/LibertinusSerif-TLF/m/n/10.95 (+20) Effective fixed-column
 []


Underfull \hbox (badness 10000) in paragraph at lines 844--844
[]|\T1/LibertinusSerif-TLF/m/n/10.95 (+20) Gaussian-binomial
 []


Underfull \hbox (badness 10000) in paragraph at lines 849--849
[]|\T1/LibertinusSerif-TLF/m/n/10.95 (+20) Generic Gaussian-
 []


Underfull \hbox (badness 10000) in paragraph at lines 849--849
\T1/LibertinusSerif-TLF/m/n/10.95 (+20) polynomial de-gree,
 []


Underfull \hbox (badness 10000) in paragraph at lines 849--849
\T1/LibertinusSerif-TLF/m/n/10.95 (+20) palin-dromic-ity, mean,
 []


Underfull \hbox (badness 10000) in paragraph at lines 862--862
[]|\T1/LibertinusSerif-TLF/m/n/10.95 (+20) Gaussian-binomial
 []


Underfull \hbox (badness 1824) in paragraph at lines 862--862
\T1/LibertinusSerif-TLF/m/n/10.95 (+20) sec-ond deriva-tive and
 []


Underfull \hbox (badness 10000) in paragraph at lines 870--870
[]|\T1/LibertinusSerif-TLF/m/n/10.95 (+20) Universal Gaussian-
 []


Underfull \hbox (badness 10000) in paragraph at lines 891--891
[]|\T1/LibertinusSerif-TLF/m/n/10.95 (+20) Terminating two-phi-
 []


Underfull \hbox (badness 10000) in paragraph at lines 897--897
[]|\T1/LibertinusSerif-TLF/m/n/10.95 (+20) The two q-Chu--
 []


Underfull \hbox (badness 10000) in paragraph at lines 921--921
[]|\T1/LibertinusSerif-TLF/m/n/10.95 (+20) MacMahon q-Catalan
 []


Underfull \hbox (badness 10000) in paragraph at lines 930--930
[]|\T1/LibertinusSerif-TLF/m/n/10.95 (+20) Newton in-ter-po-la-tion
 []


Underfull \hbox (badness 10000) in paragraph at lines 954--954
[]|\T1/LibertinusSerif-TLF/m/n/10.95 (+20) Rogers--Szeg® poly-no-
 []


Underfull \hbox (badness 10000) in paragraph at lines 959--959
[]|\T1/LibertinusSerif-TLF/m/n/10.95 (+20) Generic continuous-
 []


Underfull \hbox (badness 10000) in paragraph at lines 987--988
[]|\T1/LibertinusSerif-TLF/m/n/10.95 (+20) Generic bounded-
 []


Underfull \hbox (badness 10000) in paragraph at lines 987--988
\T1/LibertinusSerif-TLF/m/n/10.95 (+20) measure cen-tered
 []


Underfull \hbox (badness 10000) in paragraph at lines 987--988
\T1/LibertinusSerif-TLF/m/n/10.95 (+20) mo-ment/Laurent cal-
 []


Underfull \hbox (badness 8038) in paragraph at lines 987--988
\T1/LibertinusSerif-TLF/m/n/10.95 (+20) cu-lus (one def-i-ni-tion,
 []


Underfull \hbox (badness 10000) in paragraph at lines 1004--1004
[]|\T1/LibertinusSerif-TLF/m/n/10.95 (+20) Geometric-uniform
 []


Underfull \hbox (badness 10000) in paragraph at lines 1015--1015
[]|\T1/LibertinusSerif-TLF/m/n/10.95 (+20) Canonical Cauchy--
 []


Underfull \hbox (badness 10000) in paragraph at lines 1015--1015
\T1/LibertinusSerif-TLF/m/n/10.95 (+20) Stieltjes pow-ers and
 []


Underfull \hbox (badness 10000) in paragraph at lines 1048--1048
[]|\T1/LibertinusSerif-TLF/m/n/10.95 (+20) Weighted sur-vival,
 []


Underfull \hbox (badness 10000) in paragraph at lines 1048--1048
\T1/LibertinusSerif-TLF/m/n/10.95 (+20) lower-CDF, frac-tional,
 []


Underfull \hbox (badness 10000) in paragraph at lines 1078--1078
[]|\T1/LibertinusSerif-TLF/m/n/10.95 (+20) Absolutely-continuous
 []


Underfull \hbox (badness 10000) in paragraph at lines 1095--1095
[]|\T1/LibertinusSerif-TLF/m/n/10.95 (+20) Unconditionally
 []


Underfull \hbox (badness 10000) in paragraph at lines 1095--1095
\T1/LibertinusSerif-TLF/m/n/10.95 (+20) summable analytic-
 []


Underfull \hbox (badness 6016) in paragraph at lines 1103--1103
[]|\T1/LibertinusSerif-TLF/m/n/10.95 (+20) Formal im-plicit roots
 []


Underfull \hbox (badness 1460) in paragraph at lines 1103--1103
\T1/LibertinusSerif-TLF/m/n/10.95 (+20) and non-monic Hensel
 []


Underfull \hbox (badness 10000) in paragraph at lines 1115--1129
[]|\T1/LibertinusSerif-TLF/m/n/10.95 (+20) Effective dyadic in-
 []


Underfull \hbox (badness 10000) in paragraph at lines 1115--1129
\T1/LibertinusSerif-TLF/m/n/10.95 (+20) verse con-ti-nu-ity
 []


Underfull \hbox (badness 10000) in paragraph at lines 1115--1129
\T1/LibertinusSerif-TLF/m/n/10.95 (+20) (two def-i-ni-tions and
 []


Underfull \hbox (badness 10000) in paragraph at lines 1115--1129
\T1/LibertinusSerif-TLF/m/n/10.95 (+20) and $\OML/cmm/m/it/10.95 D[]\OT1/cmr/m/
n/10.95 (\OML/cmm/m/it/10.95 r\OT1/cmr/m/n/10.95 ) =
 []


Underfull \hbox (badness 10000) in paragraph at lines 1115--1129
\OT1/cmr/m/n/10.95 2[](\OML/cmm/m/it/10.95 r \OT1/cmr/m/n/10.95 + 1)[]$\T1/Libe
rtinusSerif-TLF/m/n/10.95 (+20) ,
 []


Underfull \hbox (badness 10000) in paragraph at lines 1115--1129
\T1/LibertinusSerif-TLF/m/n/10.95 (+20) the pos-i-tive ze-roth
 []


Underfull \hbox (badness 1845) in paragraph at lines 1115--1129
\T1/LibertinusSerif-TLF/m/n/10.95 (+20) re-cur-rence term gives
 []


Underfull \hbox (badness 10000) in paragraph at lines 1115--1129
[]\OT1/cmr/m/n/10.95 2[](\OML/cmm/m/it/10.95 r \OT1/cmr/m/n/10.95 + 1)!(2[] \OM
S/cmsy/m/n/10.95 ^^@
 []


Underfull \hbox (badness 1152) in paragraph at lines 1115--1129
\OT1/cmr/m/n/10.95 1)[][] \OMS/cmsy/m/n/10.95 ^^T \OML/cmm/m/it/10.95 F\OT1/cmr
/m/n/10.95 (2[])$ \T1/LibertinusSerif-TLF/m/n/10.95 (+20) for
 []


Underfull \hbox (badness 6173) in paragraph at lines 1115--1129
\T1/LibertinusSerif-TLF/m/n/10.95 (+20) i-na-tor bounds fol-low,
 []


Underfull \hbox (badness 8075) in paragraph at lines 1115--1129
\OML/cmm/m/it/10.95 D[]\OT1/cmr/m/n/10.95 (\OML/cmm/m/it/10.95 r\OT1/cmr/m/n/10
.95 ) \OMS/cmsy/m/n/10.95 ^^T \OML/cmm/m/it/10.95 D[]\OT1/cmr/m/n/10.95 (\OML/c
mm/m/it/10.95 r\OT1/cmr/m/n/10.95 )$\T1/LibertinusSerif-TLF/m/n/10.95 (+20) ,
 []


Underfull \hbox (badness 1077) in paragraph at lines 1115--1129
\T1/LibertinusSerif-TLF/m/n/10.95 (+20) each de-nom-i-na-tor has
 []


Underfull \hbox (badness 1019) in paragraph at lines 1115--1129
\T1/LibertinusSerif-TLF/m/n/10.95 (+20) both strict and closed
 []


Underfull \hbox (badness 1221) in paragraph at lines 1115--1129
\T1/LibertinusSerif-TLF/m/n/10.95 (+20) in-verse mod-uli: strict
 []


Underfull \hbox (badness 1540) in paragraph at lines 1115--1129
\T1/LibertinusSerif-TLF/m/n/10.95 (+20) gives in-verse er-ror at
 []


Underfull \hbox (badness 2495) in paragraph at lines 1115--1129
\T1/LibertinusMono-TLF/m/n/10.95 E f f e c t i v e l y U n i
 []


Underfull \hbox (badness 2469) in paragraph at lines 1115--1129
\T1/LibertinusMono-TLF/m/n/10.95 f o r m C o n t i n u o us$\T1/LibertinusSerif
-TLF/m/n/10.95 (+20) ;
 []


Underfull \hbox (badness 10000) in paragraph at lines 1115--1129
\T1/LibertinusSerif-TLF/m/n/10.95 (+20) it does not sup-ply
 []


Underfull \hbox (badness 1371) in paragraph at lines 1115--1129
\T1/LibertinusMono-TLF/m/n/10.95 u t a b le$\T1/LibertinusSerif-TLF/m/n/10.95 (
+20) , a com-bined
 []


Underfull \hbox (badness 3724) in paragraph at lines 1115--1129
\T1/LibertinusMono-TLF/m/n/10.95 F u n c t i on$ \T1/LibertinusSerif-TLF/m/n/10
.95 (+20) the-o-rem,
 []


Underfull \hbox (badness 10000) in paragraph at lines 1115--1129
\T1/LibertinusSerif-TLF/m/n/10.95 (+20) a log-a-rith-mic $\OML/cmm/m/it/10.95 r
\OT1/cmr/m/n/10.95 (\OML/cmm/m/it/10.95 n\OT1/cmr/m/n/10.95 )$\T1/LibertinusSer
if-TLF/m/n/10.95 (+20) ,
 []


Underfull \hbox (badness 6725) in paragraph at lines 1115--1129
\T1/LibertinusSerif-TLF/m/n/10.95 (+20) an ex-act least/ceiling
 []


Underfull \hbox (badness 8038) in paragraph at lines 1115--1129
\T1/LibertinusSerif-TLF/m/n/10.95 (+20) de-nom-i-na-tor, tol-er-ant
 []


Underfull \hbox (badness 1533) in paragraph at lines 1115--1129
\T1/LibertinusSerif-TLF/m/n/10.95 (+20) bi-sec-tion, or input-bit
 []


Underfull \hbox (badness 10000) in paragraph at lines 1145--1158
\T1/LibertinusSerif-TLF/m/n/10.95 (+20) in-verse con-ti-nu-ity
 []


Underfull \hbox (badness 3547) in paragraph at lines 1145--1158
\T1/LibertinusSerif-TLF/m/n/10.95 (+20) (three def-i-ni-tions and
 []


Underfull \hbox (badness 10000) in paragraph at lines 1145--1158
\T1/LibertinusSerif-TLF/m/n/10.95 (+20) primitive-recursive
 []


Underfull \hbox (badness 1796) in paragraph at lines 1145--1158
\T1/LibertinusSerif-TLF/m/n/10.95 (+20) se-lec-tor is $\OML/cmm/m/it/10.95 r[]\
OT1/cmr/m/n/10.95 (\OML/cmm/m/it/10.95 n\OT1/cmr/m/n/10.95 ) =
 []


Underfull \hbox (badness 1859) in paragraph at lines 1145--1158
[]\OT1/cmr/m/n/10.95 (\OML/cmm/m/it/10.95 n\OT1/cmr/m/n/10.95 ) + 1$\T1/Liberti
nusSerif-TLF/m/n/10.95 (+20) ; for
 []


Underfull \hbox (badness 10000) in paragraph at lines 1145--1158
\T1/LibertinusSerif-TLF/m/n/10.95 (+20) de-nom-i-na-tors take
 []


Underfull \hbox (badness 2189) in paragraph at lines 1145--1158
\T1/LibertinusSerif-TLF/m/n/10.95 (+20) their dyadic pre-de-ces-
 []


Underfull \hbox (badness 10000) in paragraph at lines 1145--1158
\T1/LibertinusSerif-TLF/m/n/10.95 (+20) in-puts, are prim-i-tive
 []


Underfull \hbox (badness 8000) in paragraph at lines 1145--1158
\T1/LibertinusSerif-TLF/m/n/10.95 (+20) re-cur-sive, and re-tain
 []


Underfull \hbox (badness 10000) in paragraph at lines 1145--1158
\T1/LibertinusSerif-TLF/m/n/10.95 (+20) the factorial-to-Delta
 []


Underfull \hbox (badness 1540) in paragraph at lines 1145--1158
\T1/LibertinusSerif-TLF/m/n/10.95 (+20) er-ror be-low $\OT1/cmr/m/n/10.95 1\OML
/cmm/m/it/10.95 =n$\T1/LibertinusSerif-TLF/m/n/10.95 (+20) , and
 []


Underfull \hbox (badness 10000) in paragraph at lines 1145--1158
\T1/LibertinusSerif-TLF/m/n/10.95 (+20) each de-nom-i-na-tor
 []


Underfull \hbox (badness 10000) in paragraph at lines 1145--1158
\T1/LibertinusSerif-TLF/m/n/10.95 (+20) sep-a-rately wit-nesses
 []


Underfull \hbox (badness 10000) in paragraph at lines 1145--1158
\T1/LibertinusSerif-TLF/m/n/10.95 (+20) ex-act endpoint-mass
 []


Underfull \hbox (badness 10000) in paragraph at lines 1145--1158
\T1/LibertinusSerif-TLF/m/n/10.95 (+20) ceil-ing de-nom-i-na-tor,
 []


Underfull \hbox (badness 10000) in paragraph at lines 1145--1158
\T1/LibertinusSerif-TLF/m/n/10.95 (+20) tol-er-ant bi-sec-tion,
 []


Underfull \hbox (badness 2495) in paragraph at lines 1145--1158
\T1/LibertinusMono-TLF/m/n/10.95 S e q u e n t i a l l y C o
 []


Underfull \hbox (badness 1163) in paragraph at lines 1145--1158
\T1/LibertinusMono-TLF/m/n/10.95 m p u t a b le$\T1/LibertinusSerif-TLF/m/n/10.
95 (+20) , the com-
 []


Underfull \hbox (badness 2103) in paragraph at lines 1145--1158
\T1/LibertinusSerif-TLF/m/n/10.95 (+20) bined $\T1/LibertinusMono-TLF/m/n/10.95
 I s C o m p u t a b
 []


Underfull \hbox (badness 3179) in paragraph at lines 1145--1158
\T1/LibertinusMono-TLF/m/n/10.95 l e R e a l F u n c t i on$
 []


Underfull \hbox (badness 10000) in paragraph at lines 1145--1158
\T1/LibertinusSerif-TLF/m/n/10.95 (+20) asymp-totics re-main
 []


Underfull \hbox (badness 4660) in paragraph at lines 1145--1158
\T1/LibertinusSerif-TLF/m/n/10.95 (+20) two rows record the
 []


Underfull \hbox (badness 10000) in paragraph at lines 1145--1158
\T1/LibertinusSerif-TLF/m/n/10.95 (+20) down-stream re-al-izer
 []


Underfull \hbox (badness 10000) in paragraph at lines 1178--1188
[]|\T1/LibertinusSerif-TLF/m/n/10.95 (+20) Sharp ex-act dyadic
 []


Underfull \hbox (badness 2418) in paragraph at lines 1178--1188
\T1/LibertinusSerif-TLF/m/n/10.95 (+20) in-verse mod-u-lus (two
 []


Underfull \hbox (badness 10000) in paragraph at lines 1178--1188
\T1/LibertinusSerif-TLF/m/n/10.95 (+20) def-i-ni-tions and ten
 []


Underfull \hbox (badness 2165) in paragraph at lines 1178--1188
\T1/LibertinusSerif-TLF/m/n/10.95 (+20) the nat-u-ral ceil-ing of
 []


Underfull \hbox (badness 10000) in paragraph at lines 1178--1188
\OT1/cmr/m/n/10.95 1\OML/cmm/m/it/10.95 =F\OT1/cmr/m/n/10.95 (2[])$ \T1/Liberti
nusSerif-TLF/m/n/10.95 (+20) is pos-i-tive,
 []


Underfull \hbox (badness 10000) in paragraph at lines 1178--1188
\T1/LibertinusSerif-TLF/m/n/10.95 (+20) the ex-act ra-tio-nal
 []


Underfull \hbox (badness 10000) in paragraph at lines 1178--1188
\T1/LibertinusSerif-TLF/m/n/10.95 (+20) end-point mass, and
 []


Underfull \hbox (badness 10000) in paragraph at lines 1178--1188
\T1/LibertinusSerif-TLF/m/n/10.95 (+20) is the least pos-i-tive
 []


Underfull \hbox (badness 10000) in paragraph at lines 1178--1188
\T1/LibertinusSerif-TLF/m/n/10.95 (+20) in-te-ger with that
 []


Underfull \hbox (badness 1264) in paragraph at lines 1178--1188
\T1/LibertinusSerif-TLF/m/n/10.95 (+20) ev-ery smaller pos-i-tive
 []


Underfull \hbox (badness 4531) in paragraph at lines 1178--1188
\T1/LibertinusSerif-TLF/m/n/10.95 (+20) so it is least among
 []


Underfull \hbox (badness 10000) in paragraph at lines 1178--1188
\T1/LibertinusSerif-TLF/m/n/10.95 (+20) strict in-te-ger mod-uli
 []


Underfull \hbox (badness 5622) in paragraph at lines 1178--1188
\T1/LibertinusSerif-TLF/m/n/10.95 (+20) for this fixed dyadic
 []


Underfull \hbox (badness 10000) in paragraph at lines 1178--1188
\T1/LibertinusSerif-TLF/m/n/10.95 (+20) wrap-per takes value
 []


Underfull \hbox (badness 10000) in paragraph at lines 1178--1188
\T1/LibertinusSerif-TLF/m/n/10.95 (+20) fixed-target ceil-ing
 []


Underfull \hbox (badness 10000) in paragraph at lines 1178--1188
\T1/LibertinusSerif-TLF/m/n/10.95 (+20) giv-ing a strict $\OT1/cmr/m/n/10.95 1\
OML/cmm/m/it/10.95 =n$
 []


Underfull \hbox (badness 1360) in paragraph at lines 1178--1188
\T1/LibertinusSerif-TLF/m/n/10.95 (+20) out-put wit-ness. This
 []


Underfull \hbox (badness 10000) in paragraph at lines 1178--1188
\T1/LibertinusSerif-TLF/m/n/10.95 (+20) for the weaker $\OT1/cmr/m/n/10.95 1\OM
L/cmm/m/it/10.95 =n$
 []


Underfull \hbox (badness 10000) in paragraph at lines 1202--1212
[]|\T1/LibertinusSerif-TLF/m/n/10.95 (+20) Fixed-depth ef-fec-tive
 []


Underfull \hbox (badness 10000) in paragraph at lines 1202--1212
\T1/LibertinusSerif-TLF/m/n/10.95 (+20) mono-tone in-ver-sion
 []


Underfull \hbox (badness 2547) in paragraph at lines 1202--1212
\T1/LibertinusSerif-TLF/m/n/10.95 (+20) out-put pre-ci-sion $\OML/cmm/m/it/10.9
5 p$\T1/LibertinusSerif-TLF/m/n/10.95 (+20) , a
 []


Underfull \hbox (badness 10000) in paragraph at lines 1202--1212
\T1/LibertinusSerif-TLF/m/n/10.95 (+20) natural-recursive con-
 []


Underfull \hbox (badness 10000) in paragraph at lines 1202--1212
\T1/LibertinusSerif-TLF/m/n/10.95 (+20) depth $\OML/cmm/m/it/10.95 s$\T1/Libert
inusSerif-TLF/m/n/10.95 (+20) , its bracket
 []


Underfull \hbox (badness 10000) in paragraph at lines 1202--1212
\T1/LibertinusSerif-TLF/m/n/10.95 (+20) in-dex $\OML/cmm/m/it/10.95 j$ \T1/Libe
rtinusSerif-TLF/m/n/10.95 (+20) rep-re-sents
 []


Underfull \hbox (badness 10000) in paragraph at lines 1202--1212
\T1/LibertinusSerif-TLF/m/n/10.95 (+20) it com-pares for-ward
 []


Underfull \hbox (badness 10000) in paragraph at lines 1202--1212
\T1/LibertinusSerif-TLF/m/n/10.95 (+20) and tar-get dyadic
 []


Underfull \hbox (badness 10000) in paragraph at lines 1202--1212
\T1/LibertinusSerif-TLF/m/n/10.95 (+20) names at pre-ci-sion
 []


Underfull \hbox (badness 5008) in paragraph at lines 1202--1212
\T1/LibertinusSerif-TLF/m/n/10.95 (+20) a four-numerator-unit
 []


Underfull \hbox (badness 4995) in paragraph at lines 1202--1212
\T1/LibertinusSerif-TLF/m/n/10.95 (+20) mar-gin. A cer-ti-fied
 []


Underfull \hbox (badness 3323) in paragraph at lines 1202--1212
\T1/LibertinusSerif-TLF/m/n/10.95 (+20) sign se-lects one half;
 []


Underfull \hbox (badness 7796) in paragraph at lines 1202--1212
\T1/LibertinusSerif-TLF/m/n/10.95 (+20) an in-con-clu-sive com-
 []


Underfull \hbox (badness 10000) in paragraph at lines 1202--1212
\T1/LibertinusSerif-TLF/m/n/10.95 (+20) par-i-son stores the
 []


Underfull \hbox (badness 2150) in paragraph at lines 1202--1212
\T1/LibertinusSerif-TLF/m/n/10.95 (+20) mid-point and dou-bles
 []


Underfull \hbox (badness 1286) in paragraph at lines 1202--1212
\T1/LibertinusSerif-TLF/m/n/10.95 (+20) that stored nu-mer-a-tor
 []


Underfull \hbox (badness 10000) in paragraph at lines 1202--1212
\T1/LibertinusSerif-TLF/m/n/10.95 (+20) on ev-ery re-main-ing
 []


Underfull \hbox (badness 10000) in paragraph at lines 1202--1212
\T1/LibertinusSerif-TLF/m/n/10.95 (+20) to de-nom-i-na-tor $\OT1/cmr/m/n/10.95 
2[]$\T1/LibertinusSerif-TLF/m/n/10.95 (+20) .
 []


Underfull \hbox (badness 10000) in paragraph at lines 1202--1212
\T1/LibertinusSerif-TLF/m/n/10.95 (+20) The generic the-o-rem
 []


Underfull \hbox (badness 10000) in paragraph at lines 1202--1212
\T1/LibertinusSerif-TLF/m/n/10.95 (+20) as-sumes a pos-i-tive
 []


Underfull \hbox (badness 10000) in paragraph at lines 1202--1212
\T1/LibertinusSerif-TLF/m/n/10.95 (+20) com-putable de-nom-
 []


Underfull \hbox (badness 10000) in paragraph at lines 1202--1212
\T1/LibertinusSerif-TLF/m/n/10.95 (+20) i-na-tor and its strict
 []


Underfull \hbox (badness 4543) in paragraph at lines 1202--1212
\T1/LibertinusSerif-TLF/m/n/10.95 (+20) ca-tion; the fol-low-ing
 []


Underfull \hbox (badness 6526) in paragraph at lines 1202--1212
\T1/LibertinusSerif-TLF/m/n/10.95 (+20) nal dyadic-gap lower
 []


Underfull \hbox (badness 10000) in paragraph at lines 1222--1230
\T1/LibertinusSerif-TLF/m/n/10.95 (+20) com-putable pos-i-tive
 []


Underfull \hbox (badness 10000) in paragraph at lines 1222--1230
\T1/LibertinusSerif-TLF/m/n/10.95 (+20) ra-tio-nal dyadic gaps
 []


Underfull \hbox (badness 10000) in paragraph at lines 1222--1230
\T1/LibertinusSerif-TLF/m/n/10.95 (+20) com-putable se-quence
 []


Underfull \hbox (badness 10000) in paragraph at lines 1222--1230
\T1/LibertinusSerif-TLF/m/n/10.95 (+20) of pos-i-tive nat-u-ral
 []


Underfull \hbox (badness 10000) in paragraph at lines 1222--1230
\T1/LibertinusSerif-TLF/m/n/10.95 (+20) nu-mer-a-tors and de-
 []


Underfull \hbox (badness 10000) in paragraph at lines 1222--1230
\T1/LibertinusSerif-TLF/m/n/10.95 (+20) nom-i-na-tors gives a
 []


Underfull \hbox (badness 10000) in paragraph at lines 1222--1230
\T1/LibertinusSerif-TLF/m/n/10.95 (+20) pos-i-tive com-putable
 []


Underfull \hbox (badness 2717) in paragraph at lines 1222--1230
\T1/LibertinusSerif-TLF/m/n/10.95 (+20) in-verse pair on $\OT1/cmr/m/n/10.95 [0
\OML/cmm/m/it/10.95 ; \OT1/cmr/m/n/10.95 1]$\T1/LibertinusSerif-TLF/m/n/10.95 (
+20) ,
 []


Underfull \hbox (badness 10000) in paragraph at lines 1222--1230
\T1/LibertinusSerif-TLF/m/n/10.95 (+20) yields the in-verse
 []


Underfull \hbox (badness 10000) in paragraph at lines 1222--1230
\T1/LibertinusSerif-TLF/m/n/10.95 (+20) mod-u-lus, se-quen-tial
 []


Underfull \hbox (badness 10000) in paragraph at lines 1222--1230
\T1/LibertinusSerif-TLF/m/n/10.95 (+20) com-putabil-ity, and
 []


Underfull \hbox (badness 10000) in paragraph at lines 1222--1230
\T1/LibertinusSerif-TLF/m/n/10.95 (+20) ef-fec-tive uni-form
 []


Underfull \hbox (badness 1354) in paragraph at lines 1222--1230
\T1/LibertinusSerif-TLF/m/n/10.95 (+20) con-ti-nu-ity. The to-tal
 []


Underfull \hbox (badness 1354) in paragraph at lines 1222--1230
\T1/LibertinusSerif-TLF/m/n/10.95 (+20) re-sult is pre-cisely the
 []


Underfull \hbox (badness 10000) in paragraph at lines 1222--1230
\OML/cmm/m/it/10.95 g\OT1/cmr/m/n/10.95 ([](\OML/cmm/m/it/10.95 x\OT1/cmr/m/n/1
0.95 ))$\T1/LibertinusSerif-TLF/m/n/10.95 (+20) ,
 []


Underfull \hbox (badness 7613) in paragraph at lines 1240--1243
[]|\T1/LibertinusSerif-TLF/m/n/10.95 (+20) Computability of the
 []


Underfull \hbox (badness 10000) in paragraph at lines 1240--1243
\T1/LibertinusSerif-TLF/m/n/10.95 (+20) (zero def-i-ni-tions and
 []


Underfull \hbox (badness 10000) in paragraph at lines 1240--1243
\T1/LibertinusSerif-TLF/m/n/10.95 (+20) com-putable centered-
 []


Underfull \hbox (badness 2608) in paragraph at lines 1240--1243
\T1/LibertinusSerif-TLF/m/n/10.95 (+20) spline or-a-cle and the
 []


Underfull \hbox (badness 10000) in paragraph at lines 1240--1243
\T1/LibertinusSerif-TLF/m/n/10.95 (+20) to-tal-izes it, and the
 []


Underfull \hbox (badness 1231) in paragraph at lines 1240--1243
\T1/LibertinusSerif-TLF/m/n/10.95 (+20) u-lus sup-plies ef-fec-tive
 []


Underfull \hbox (badness 1158) in paragraph at lines 1247--1255
\OML/cmm/m/it/10.95 W[] \OT1/cmr/m/n/10.95 = \OMS/cmsy/m/n/10.95 ^^@\OML/cmm/m/
it/10.95 ^^N=\OT1/cmr/m/n/10.95 (\OML/cmm/m/it/10.95 e[] \OMS/cmsy/m/n/10.95 ^^
@ \OT1/cmr/m/n/10.95 1)$\T1/LibertinusSerif-TLF/m/n/10.95 (+20) ,
 []


Underfull \hbox (badness 1137) in paragraph at lines 1247--1255
\OML/cmm/m/it/10.95 W[] \OT1/cmr/m/n/10.95 = \OMS/cmsy/m/n/10.95 ^^@\OML/cmm/m/
it/10.95 ^^Ne[]=\OT1/cmr/m/n/10.95 (\OML/cmm/m/it/10.95 e[] \OMS/cmsy/m/n/10.95
 ^^@
 []


Underfull \hbox (badness 1033) in paragraph at lines 1247--1255
\OT1/cmr/m/n/10.95 1) = \OMS/cmsy/m/n/10.95 ^^@\OML/cmm/m/it/10.95 ^^N=\OT1/cmr
/m/n/10.95 (1 \OMS/cmsy/m/n/10.95 ^^@ \OML/cmm/m/it/10.95 e[]\OT1/cmr/m/n/10.95
 )$\T1/LibertinusSerif-TLF/m/n/10.95 (+20) ,
 []


Underfull \hbox (badness 10000) in paragraph at lines 1265--1273
[]|\T1/LibertinusSerif-TLF/m/n/10.95 (+20) The branch gap as
 []


Underfull \hbox (badness 10000) in paragraph at lines 1265--1273
\T1/LibertinusSerif-TLF/m/n/10.95 (+20) a global co-or-di-nate
 []


Underfull \hbox (badness 10000) in paragraph at lines 1265--1273
\T1/LibertinusSerif-TLF/m/n/10.95 (+20) (four def-i-ni-tions and
 []


Underfull \hbox (badness 10000) in paragraph at lines 1265--1273
\T1/LibertinusSerif-TLF/m/n/10.95 (+20) six-teen the-o-rems).
 []


Underfull \hbox (badness 4072) in paragraph at lines 1265--1273
\T1/LibertinusSerif-TLF/m/n/10.95 (+20) same for-mu-las de-fine
 []


Underfull \hbox (badness 2293) in paragraph at lines 1265--1273
\OMS/cmsy/m/n/10.95 ^^@\OT1/cmr/m/n/10.95 1 \OML/cmm/m/it/10.95 < A\OT1/cmr/m/n
/10.95 (\OML/cmm/m/it/10.95 ^^N\OT1/cmr/m/n/10.95 ) \OML/cmm/m/it/10.95 < \OT1/
cmr/m/n/10.95 0$\T1/LibertinusSerif-TLF/m/n/10.95 (+20) ,
 []


Underfull \hbox (badness 7777) in paragraph at lines 1265--1273
\OML/cmm/m/it/10.95 B\OT1/cmr/m/n/10.95 (\OML/cmm/m/it/10.95 ^^N\OT1/cmr/m/n/10
.95 ) \OML/cmm/m/it/10.95 < \OMS/cmsy/m/n/10.95 ^^@\OT1/cmr/m/n/10.95 1$\T1/Lib
ertinusSerif-TLF/m/n/10.95 (+20) , and
 []


Underfull \hbox (badness 5245) in paragraph at lines 1265--1273
\OML/cmm/m/it/10.95 X\OT1/cmr/m/n/10.95 (\OML/cmm/m/it/10.95 ^^N\OT1/cmr/m/n/10
.95 ) = \OML/cmm/m/it/10.95 A\OT1/cmr/m/n/10.95 (\OML/cmm/m/it/10.95 ^^N\OT1/cm
r/m/n/10.95 )\OML/cmm/m/it/10.95 e[]$\T1/LibertinusSerif-TLF/m/n/10.95 (+20) .
 []


Underfull \hbox (badness 2573) in paragraph at lines 1265--1273
\T1/LibertinusSerif-TLF/m/n/10.95 (+20) Since $\OML/cmm/m/it/10.95 B \OT1/cmr/m
/n/10.95 = \OML/cmm/m/it/10.95 A \OMS/cmsy/m/n/10.95 ^^@ \OML/cmm/m/it/10.95 ^^
N$
 []


Underfull \hbox (badness 6316) in paragraph at lines 1265--1273
\T1/LibertinusSerif-TLF/m/n/10.95 (+20) and $\OML/cmm/m/it/10.95 Be[] \OT1/cmr/
m/n/10.95 = \OML/cmm/m/it/10.95 Ae[]$\T1/LibertinusSerif-TLF/m/n/10.95 (+20) ,
 []


Underfull \hbox (badness 10000) in paragraph at lines 1265--1273
\T1/LibertinusSerif-TLF/m/n/10.95 (+20) branch unique-ness
 []


Underfull \hbox (badness 10000) in paragraph at lines 1265--1273
\T1/LibertinusSerif-TLF/m/n/10.95 (+20) proves that $\OML/cmm/m/it/10.95 X$ \T1
/LibertinusSerif-TLF/m/n/10.95 (+20) and
 []


Underfull \hbox (badness 10000) in paragraph at lines 1265--1273
\T1/LibertinusSerif-TLF/m/n/10.95 (+20) are in-verse bi-jec-
 []


Underfull \hbox (badness 7256) in paragraph at lines 1265--1273
\T1/LibertinusSerif-TLF/m/n/10.95 (+20) tions be-tween $\OT1/cmr/m/n/10.95 (0\O
ML/cmm/m/it/10.95 ; \OMS/cmsy/m/n/10.95 1\OT1/cmr/m/n/10.95 )$
 []


Underfull \hbox (badness 1783) in paragraph at lines 1265--1273
\T1/LibertinusSerif-TLF/m/n/10.95 (+20) and $\OT1/cmr/m/n/10.95 (\OMS/cmsy/m/n/
10.95 ^^@\OML/cmm/m/it/10.95 e[]; \OT1/cmr/m/n/10.95 0)$\T1/LibertinusSerif-TLF
/m/n/10.95 (+20) . With
 []


Underfull \hbox (badness 2134) in paragraph at lines 1265--1273
\OML/cmm/m/it/10.95 t \OT1/cmr/m/n/10.95 = \OML/cmm/m/it/10.95 e[] > \OT1/cmr/m
/n/10.95 1$\T1/LibertinusSerif-TLF/m/n/10.95 (+20) , the
 []


Underfull \hbox (badness 10000) in paragraph at lines 1265--1273
\T1/LibertinusSerif-TLF/m/n/10.95 (+20) two branch val-ues
 []


Underfull \hbox (badness 10000) in paragraph at lines 1265--1273
\T1/LibertinusSerif-TLF/m/n/10.95 (+20) are $\OMS/cmsy/m/n/10.95 ^^@ [] \OML/cm
m/m/it/10.95 t=\OT1/cmr/m/n/10.95 (\OML/cmm/m/it/10.95 t \OMS/cmsy/m/n/10.95 ^^
@ \OT1/cmr/m/n/10.95 1)$\T1/LibertinusSerif-TLF/m/n/10.95 (+20) ,
 []


Underfull \hbox (badness 10000) in paragraph at lines 1265--1273
\OMS/cmsy/m/n/10.95 ^^@\OML/cmm/m/it/10.95 t [] t=\OT1/cmr/m/n/10.95 (\OML/cmm/
m/it/10.95 t \OMS/cmsy/m/n/10.95 ^^@ \OT1/cmr/m/n/10.95 1)$\T1/LibertinusSerif-
TLF/m/n/10.95 (+20) ,
 []


Underfull \hbox (badness 5288) in paragraph at lines 1265--1273
\T1/LibertinusSerif-TLF/m/n/10.95 (+20) and the ar-gu-ment is
 []


Underfull \hbox (badness 10000) in paragraph at lines 1287--1292
\T1/LibertinusSerif-TLF/m/n/10.95 (+20) (zero def-i-ni-tions and
 []


Underfull \hbox (badness 3735) in paragraph at lines 1287--1292
\T1/LibertinusSerif-TLF/m/n/10.95 (+20) nine the-o-rems). On
 []


Underfull \hbox (badness 10000) in paragraph at lines 1287--1292
\OML/cmm/m/it/10.95 W[]=W[] \OT1/cmr/m/n/10.95 = \OML/cmm/m/it/10.95 e[]$\T1/Li
bertinusSerif-TLF/m/n/10.95 (+20) ,
 []


Underfull \hbox (badness 10000) in paragraph at lines 1287--1292
\OML/cmm/m/it/10.95 W[] \OT1/cmr/m/n/10.95 + \OML/cmm/m/it/10.95 W[] \OT1/cmr/m
/n/10.95 =
 []


Underfull \hbox (badness 1694) in paragraph at lines 1287--1292
\OMS/cmsy/m/n/10.95 ^^@\OML/cmm/m/it/10.95 ^^N []\OT1/cmr/m/n/10.95 (\OML/cmm/m
/it/10.95 ^^N=\OT1/cmr/m/n/10.95 2) \OML/cmm/m/it/10.95 < \OMS/cmsy/m/n/10.95 ^
^@\OT1/cmr/m/n/10.95 2$\T1/LibertinusSerif-TLF/m/n/10.95 (+20) ,
 []


Underfull \hbox (badness 10000) in paragraph at lines 1287--1292
\T1/LibertinusSerif-TLF/m/n/10.95 (+20) and $\OML/cmm/m/it/10.95 W[]W[] \OT1/cm
r/m/n/10.95 =
 []


Underfull \hbox (badness 10000) in paragraph at lines 1287--1292
\OML/cmm/m/it/10.95 ^^N[]=\OT1/cmr/m/n/10.95 (4 [][](\OML/cmm/m/it/10.95 ^^N=\O
T1/cmr/m/n/10.95 2)) \OMS/cmsy/m/n/10.95 2
 []


Underfull \hbox (badness 10000) in paragraph at lines 1287--1292
\OT1/cmr/m/n/10.95 (0\OML/cmm/m/it/10.95 ; \OT1/cmr/m/n/10.95 1)$\T1/Libertinus
Serif-TLF/m/n/10.95 (+20) . The bounds
 []


Underfull \hbox (badness 1681) in paragraph at lines 1287--1292
\T1/LibertinusSerif-TLF/m/n/10.95 (+20) are $[] \OML/cmm/m/it/10.95 y > y$ \T1/
LibertinusSerif-TLF/m/n/10.95 (+20) and
 []


Underfull \hbox (badness 10000) in paragraph at lines 1287--1292
\OML/cmm/m/it/10.95 y [] y > \OT1/cmr/m/n/10.95 1$ \T1/LibertinusSerif-TLF/m/n/
10.95 (+20) at
 []


Underfull \hbox (badness 1226) in paragraph at lines 1302--1307
\T1/LibertinusSerif-TLF/m/n/10.95 (+20) equal $\OMS/cmsy/m/n/10.95 ^^@\OT1/cmr/
m/n/10.95 2\OML/cmm/m/it/10.95 ; \OT1/cmr/m/n/10.95 1$\T1/LibertinusSerif-TLF/m
/n/10.95 (+20) ; zero is the sin-gu-
 []


Underfull \hbox (badness 2134) in paragraph at lines 1307--1318
[]|\T1/LibertinusSerif-TLF/m/n/10.95 (+20) The Bernoulli branch-
 []


Underfull \hbox (badness 10000) in paragraph at lines 1307--1318
\T1/LibertinusSerif-TLF/m/n/10.95 (+20) gen-er-at-ing iden-tity
 []


Underfull \hbox (badness 2837) in paragraph at lines 1307--1318
\T1/LibertinusSerif-TLF/m/n/10.95 (+20) ex-actly $\T1/LibertinusMono-TLF/m/n/10
.95 eq : p a i r -[] B
 []


Underfull \hbox (badness 10000) in paragraph at lines 1307--1318
\T1/LibertinusSerif-TLF/m/n/10.95 (+20) stan-dard removable-
 []


Underfull \hbox (badness 10000) in paragraph at lines 1307--1318
\T1/LibertinusSerif-TLF/m/n/10.95 (+20) origin con-ven-tion,
 []


Underfull \hbox (badness 2538) in paragraph at lines 1307--1318
\T1/LibertinusSerif-TLF/m/n/10.95 (+20) se-ries is summable if
 []


Underfull \hbox (badness 10000) in paragraph at lines 1307--1318
\T1/LibertinusSerif-TLF/m/n/10.95 (+20) so it di-verges on
 []


Underfull \hbox (badness 10000) in paragraph at lines 1307--1318
\T1/LibertinusSerif-TLF/m/n/10.95 (+20) the bound-ary and
 []


Underfull \hbox (badness 1122) in paragraph at lines 1307--1318
\T1/LibertinusSerif-TLF/m/n/10.95 (+20) pre-cisely on that disk
 []


Underfull \hbox (badness 1253) in paragraph at lines 1307--1318
\T1/LibertinusSerif-TLF/m/n/10.95 (+20) away from zero. On
 []


Underfull \hbox (badness 1762) in paragraph at lines 1307--1318
\OML/cmm/m/it/10.95 x \OMS/cmsy/m/n/10.95 2 \OT1/cmr/m/n/10.95 (\OMS/cmsy/m/n/1
0.95 ^^@\OML/cmm/m/it/10.95 e[]; \OT1/cmr/m/n/10.95 0)$ \T1/LibertinusSerif-TLF
/m/n/10.95 (+20) with
 []


Underfull \hbox (badness 10000) in paragraph at lines 1307--1318
\OMS/cmsy/m/n/10.95 ^^@ [][] \OML/cmm/m/it/10.95 B[]^^N[]=n\OT1/cmr/m/n/10.95 !
$
 []


Underfull \hbox (badness 10000) in paragraph at lines 1307--1318
\T1/LibertinusSerif-TLF/m/n/10.95 (+20) and $\OML/cmm/m/it/10.95 W[] \OT1/cmr/m
/n/10.95 =
 []


Underfull \hbox (badness 1675) in paragraph at lines 1324--1330
\T1/LibertinusMono-TLF/m/n/10.95 u l l i . l e a n$\T1/LibertinusSerif-TLF/m/n/
10.95 (+20) ; ex-haus-tive pub-
 []


Underfull \hbox (badness 1997) in paragraph at lines 1324--1330
\T1/LibertinusSerif-TLF/m/n/10.95 (+20) lic sur-face. No equal-ity with
 []


Underfull \hbox (badness 1072) in paragraph at lines 1324--1330
\T1/LibertinusSerif-TLF/m/n/10.95 (+20) Lean's lit-eral to-tal-ized quo-tient
 []


Underfull \hbox (badness 1694) in paragraph at lines 1324--1330
\T1/LibertinusSerif-TLF/m/n/10.95 (+20) at zero is claimed. The com-
 []


Underfull \hbox (badness 10000) in paragraph at lines 1330--1341
[]|\T1/LibertinusSerif-TLF/m/n/10.95 (+20) Raw real Lam-bert
 []


Underfull \hbox (badness 1466) in paragraph at lines 1330--1341
\T1/LibertinusSerif-TLF/m/n/10.95 (+20) 36-name cur-va-ture in-
 []


Underfull \hbox (badness 1019) in paragraph at lines 1330--1341
\OML/cmm/m/it/10.95 W[] \OT1/cmr/m/n/10.95 = \OMS/cmsy/m/n/10.95 ^^@\OML/cmm/m/
it/10.95 e[]\OT1/cmr/m/n/10.95 (\OML/cmm/m/it/10.95 W \OT1/cmr/m/n/10.95 +
 []


Underfull \hbox (badness 5302) in paragraph at lines 1330--1341
\OT1/cmr/m/n/10.95 2)\OML/cmm/m/it/10.95 =\OT1/cmr/m/n/10.95 (\OML/cmm/m/it/10.
95 W \OT1/cmr/m/n/10.95 + 1)[]$\T1/LibertinusSerif-TLF/m/n/10.95 (+20) , hence
 []


Underfull \hbox (badness 10000) in paragraph at lines 1330--1341
\T1/LibertinusSerif-TLF/m/n/10.95 (+20) do-main $\OT1/cmr/m/n/10.95 [\OMS/cmsy/
m/n/10.95 ^^@\OML/cmm/m/it/10.95 e[]; \OMS/cmsy/m/n/10.95 1\OT1/cmr/m/n/10.95 )
$\T1/LibertinusSerif-TLF/m/n/10.95 (+20) .
 []


Underfull \hbox (badness 2503) in paragraph at lines 1330--1341
\OML/cmm/m/it/10.95 z \OMS/cmsy/m/n/10.95 2 \OT1/cmr/m/n/10.95 (\OMS/cmsy/m/n/1
0.95 ^^@\OML/cmm/m/it/10.95 e[]; \OT1/cmr/m/n/10.95 0)$\T1/LibertinusSerif-TLF/
m/n/10.95 (+20) ; the
 []


Underfull \hbox (badness 10000) in paragraph at lines 1330--1341
\T1/LibertinusSerif-TLF/m/n/10.95 (+20) with strict con-vex-ity
 []


Underfull \hbox (badness 10000) in paragraph at lines 1330--1341
\T1/LibertinusSerif-TLF/m/n/10.95 (+20) on $\OT1/cmr/m/n/10.95 [\OMS/cmsy/m/n/1
0.95 ^^@\OML/cmm/m/it/10.95 e[]; \OMS/cmsy/m/n/10.95 ^^@\OT1/cmr/m/n/10.95 2\OM
L/cmm/m/it/10.95 e[]\OT1/cmr/m/n/10.95 ]$
 []


Underfull \hbox (badness 10000) in paragraph at lines 1330--1341
\T1/LibertinusSerif-TLF/m/n/10.95 (+20) and strict con-cav-ity
 []


Underfull \hbox (badness 5388) in paragraph at lines 1330--1341
\T1/LibertinusSerif-TLF/m/n/10.95 (+20) on $\OT1/cmr/m/n/10.95 [\OMS/cmsy/m/n/1
0.95 ^^@\OT1/cmr/m/n/10.95 2\OML/cmm/m/it/10.95 e[]; \OT1/cmr/m/n/10.95 0)$\T1/
LibertinusSerif-TLF/m/n/10.95 (+20) . The
 []


Underfull \hbox (badness 10000) in paragraph at lines 1330--1341
\T1/LibertinusSerif-TLF/m/n/10.95 (+20) endpoint-inclusive
 []


Underfull \hbox (badness 5175) in paragraph at lines 1330--1341
\T1/LibertinusSerif-TLF/m/n/10.95 (+20) shape re-sults do not
 []


Underfull \hbox (badness 4805) in paragraph at lines 1330--1341
\T1/LibertinusSerif-TLF/m/n/10.95 (+20) as-sert a branch-point
 []


Underfull \hbox (badness 10000) in paragraph at lines 1330--1341
\T1/LibertinusSerif-TLF/m/n/10.95 (+20) deriva-tive, vertical-
 []


Underfull \hbox (badness 10000) in paragraph at lines 1330--1341
\T1/LibertinusSerif-TLF/m/n/10.95 (+20) tangent limit, or
 []


Underfull \hbox (badness 1412) in paragraph at lines 1330--1341
\T1/LibertinusSerif-TLF/m/n/10.95 (+20) Puiseux law; the two
 []


Underfull \hbox (badness 10000) in paragraph at lines 1330--1341
\T1/LibertinusSerif-TLF/m/n/10.95 (+20) later branch-point
 []


Underfull \hbox (badness 10000) in paragraph at lines 1330--1341
\T1/LibertinusSerif-TLF/m/n/10.95 (+20) sup-ply the ver-ti-cal
 []


Underfull \hbox (badness 1803) in paragraph at lines 1330--1341
\T1/LibertinusSerif-TLF/m/n/10.95 (+20) ge-om-e-try and lead-ing
 []


Underfull \hbox (badness 10000) in paragraph at lines 1356--1361
[]|\T1/LibertinusSerif-TLF/m/n/10.95 (+20) Lambert branch-point
 []


Underfull \hbox (badness 10000) in paragraph at lines 1356--1361
\T1/LibertinusSerif-TLF/m/n/10.95 (+20) right-hand fil-ter at
 []


Underfull \hbox (badness 1215) in paragraph at lines 1356--1361
\OML/cmm/m/it/10.95 b \OT1/cmr/m/n/10.95 = \OMS/cmsy/m/n/10.95 ^^@ []\OT1/cmr/m
/n/10.95 (\OMS/cmsy/m/n/10.95 ^^@\OT1/cmr/m/n/10.95 1)$\T1/LibertinusSerif-TLF/
m/n/10.95 (+20) , the
 []


Underfull \hbox (badness 2096) in paragraph at lines 1356--1361
\T1/LibertinusSerif-TLF/m/n/10.95 (+20) end-point se-cant slope
 []


Underfull \hbox (badness 10000) in paragraph at lines 1356--1361
\T1/LibertinusSerif-TLF/m/n/10.95 (+20) tend to $\OT1/cmr/m/n/10.95 +\OMS/cmsy/
m/n/10.95 1$\T1/LibertinusSerif-TLF/m/n/10.95 (+20) , while
 []


Underfull \hbox (badness 10000) in paragraph at lines 1356--1361
\T1/LibertinusSerif-TLF/m/n/10.95 (+20) their lower-branch
 []


Underfull \hbox (badness 10000) in paragraph at lines 1356--1361
\T1/LibertinusSerif-TLF/m/n/10.95 (+20) coun-ter-parts tend to
 []


Underfull \hbox (badness 10000) in paragraph at lines 1356--1361
\OMS/cmsy/m/n/10.95 ^^@1$\T1/LibertinusSerif-TLF/m/n/10.95 (+20) . Con-se-quent
ly
 []


Underfull \hbox (badness 3449) in paragraph at lines 1356--1361
\T1/LibertinusSerif-TLF/m/n/10.95 (+20) nei-ther branch has a
 []


Underfull \hbox (badness 4036) in paragraph at lines 1356--1361
\T1/LibertinusSerif-TLF/m/n/10.95 (+20) fi-nite right deriva-tive
 []


Underfull \hbox (badness 10000) in paragraph at lines 1371--1380
[]|\T1/LibertinusSerif-TLF/m/n/10.95 (+20) Lambert lead-ing
 []


Underfull \hbox (badness 10000) in paragraph at lines 1371--1380
\T1/LibertinusSerif-TLF/m/n/10.95 (+20) branch-point asymp-
 []


Underfull \hbox (badness 10000) in paragraph at lines 1371--1380
\T1/LibertinusSerif-TLF/m/n/10.95 (+20) totics (one non-com-
 []


Underfull \hbox (badness 1168) in paragraph at lines 1371--1380
\T1/LibertinusSerif-TLF/m/n/10.95 (+20) putable def-i-ni-tion and
 []


Underfull \hbox (badness 1558) in paragraph at lines 1371--1380
\T1/LibertinusSerif-TLF/m/n/10.95 (+20) eight the-o-rems). Put
 []


Underfull \hbox (badness 10000) in paragraph at lines 1371--1380
[]$ \T1/LibertinusSerif-TLF/m/n/10.95 (+20) is
 []


Underfull \hbox (badness 2903) in paragraph at lines 1371--1380
\OML/cmm/m/it/10.95 b$ \T1/LibertinusSerif-TLF/m/n/10.95 (+20) and has the stat
ed
 []


Underfull \hbox (badness 7064) in paragraph at lines 1371--1380
\T1/LibertinusSerif-TLF/m/n/10.95 (+20) ex-act square. Both
 []


Underfull \hbox (badness 10000) in paragraph at lines 1371--1380
\T1/LibertinusSerif-TLF/m/n/10.95 (+20) squared dis-place-ment
 []


Underfull \hbox (badness 3514) in paragraph at lines 1371--1380
\T1/LibertinusSerif-TLF/m/n/10.95 (+20) asymp-tot-i-cally equiv-a-
 []


Underfull \hbox (badness 1895) in paragraph at lines 1371--1380
\T1/LibertinusSerif-TLF/m/n/10.95 (+20) along the same right-
 []


Underfull \hbox (badness 10000) in paragraph at lines 1371--1380
\T1/LibertinusSerif-TLF/m/n/10.95 (+20) hand fil-ter. These
 []


Underfull \hbox (badness 5771) in paragraph at lines 1371--1380
\T1/LibertinusSerif-TLF/m/n/10.95 (+20) are only the lead-ing
 []


Underfull \hbox (badness 6741) in paragraph at lines 1371--1380
\OML/cmm/m/it/10.95 O\OT1/cmr/m/n/10.95 (\OML/cmm/m/it/10.95 z \OMS/cmsy/m/n/10
.95 ^^@ \OML/cmm/m/it/10.95 b\OT1/cmr/m/n/10.95 )$ \T1/LibertinusSerif-TLF/m/n/
10.95 (+20) re-main-der,
 []


Underfull \hbox (badness 10000) in paragraph at lines 1371--1380
\T1/LibertinusSerif-TLF/m/n/10.95 (+20) higher co-ef-fi-cients,
 []


Underfull \hbox (badness 5460) in paragraph at lines 1371--1380
\T1/LibertinusSerif-TLF/m/n/10.95 (+20) and a con-ver-gent or
 []


Underfull \hbox (badness 10000) in paragraph at lines 1391--1397
\T1/LibertinusSerif-TLF/m/n/10.95 (+20) exponential cur-va-ture
 []


Underfull \hbox (badness 10000) in paragraph at lines 1391--1397
\T1/LibertinusSerif-TLF/m/n/10.95 (+20) (four dec-la-ra-tions).
 []


Underfull \hbox (badness 10000) in paragraph at lines 1391--1397
\T1/LibertinusSerif-TLF/m/n/10.95 (+20) exponential peak at
 []


Underfull \hbox (badness 10000) in paragraph at lines 1391--1397
\T1/LibertinusSerif-TLF/m/n/10.95 (+20) pa-ram-e-ters $\OML/cmm/m/it/10.95 m; A
; ^^L$\T1/LibertinusSerif-TLF/m/n/10.95 (+20) .
 []


Underfull \hbox (badness 3826) in paragraph at lines 1391--1397
\T1/LibertinusSerif-TLF/m/n/10.95 (+20) If $\OML/cmm/m/it/10.95 m \OMS/cmsy/m/n
/10.95 2 \U/msb/m/n/10.95 N[] \OMS/cmsy/m/n/10.95 n f\OT1/cmr/m/n/10.95 0\OMS/c
msy/m/n/10.95 g$\T1/LibertinusSerif-TLF/m/n/10.95 (+20) ,
 []


Underfull \hbox (badness 1117) in paragraph at lines 1391--1397
\OT1/cmr/m/n/10.95 0 \OML/cmm/m/it/10.95 < x < P$\T1/LibertinusSerif-TLF/m/n/10
.95 (+20) , both
 []


Underfull \hbox (badness 1033) in paragraph at lines 1391--1397
\OML/cmm/m/it/10.95 ^^U[] \OT1/cmr/m/n/10.95 = \OML/cmm/m/it/10.95 ^^U[]m \OMS/
cmsy/m/n/10.95 ^^@ \OT1/cmr/m/n/10.95 (\OML/cmm/m/it/10.95 m \OMS/cmsy/m/n/10.9
5 ^^@
 []


Underfull \hbox (badness 2970) in paragraph at lines 1391--1397
\T1/LibertinusSerif-TLF/m/n/10.95 (+20) tion, or global shape
 []


Underfull \hbox (badness 10000) in paragraph at lines 1403--1415
[]|\T1/LibertinusSerif-TLF/m/n/10.95 (+20) Fabius Lam-bert cur-
 []


Underfull \hbox (badness 2600) in paragraph at lines 1403--1415
\T1/LibertinusSerif-TLF/m/n/10.95 (+20) va-ture (one def-i-ni-tion
 []


Underfull \hbox (badness 10000) in paragraph at lines 1403--1415
\T1/LibertinusSerif-TLF/m/n/10.95 (+20) and eigh-teen the-
 []


Underfull \hbox (badness 10000) in paragraph at lines 1403--1415
\T1/LibertinusSerif-TLF/m/n/10.95 (+20) o-rems, com-plet-ing
 []


Underfull \hbox (badness 10000) in paragraph at lines 1403--1415
\T1/LibertinusSerif-TLF/m/n/10.95 (+20) the 36-name in-ven-
 []


Underfull \hbox (badness 2932) in paragraph at lines 1403--1415
\OML/cmm/m/it/10.95 x[] \OT1/cmr/m/n/10.95 = 2\OML/cmm/m/it/10.95 e[]=L$\T1/Lib
ertinusSerif-TLF/m/n/10.95 (+20) , and
 []


Underfull \hbox (badness 3861) in paragraph at lines 1403--1415
\OML/cmm/m/it/10.95 P \OT1/cmr/m/n/10.95 = \OML/cmm/m/it/10.95 e[]=L$\T1/Libert
inusSerif-TLF/m/n/10.95 (+20) . On
 []


Underfull \hbox (badness 10000) in paragraph at lines 1403--1415
\OML/cmm/m/it/10.95 ^^U[] \OT1/cmr/m/n/10.95 = \OML/cmm/m/it/10.95 L^^U[]\OT1/c
mr/m/n/10.95 (2 \OMS/cmsy/m/n/10.95 ^^@
 []


Underfull \hbox (badness 10000) in paragraph at lines 1403--1415
\OML/cmm/m/it/10.95 L^^U\OT1/cmr/m/n/10.95 )\OML/cmm/m/it/10.95 =[]x[]\OT1/cmr/
m/n/10.95 (1 \OMS/cmsy/m/n/10.95 ^^@ \OML/cmm/m/it/10.95 L^^U\OT1/cmr/m/n/10.95
 )[][]$\T1/LibertinusSerif-TLF/m/n/10.95 (+20) ,
 []


Underfull \hbox (badness 10000) in paragraph at lines 1403--1415
\T1/LibertinusSerif-TLF/m/n/10.95 (+20) sign equiv-a-lences on
 []


Underfull \hbox (badness 1910) in paragraph at lines 1403--1415
\T1/LibertinusSerif-TLF/m/n/10.95 (+20) its unique zero there;
 []


Underfull \hbox (badness 10000) in paragraph at lines 1403--1415
\T1/LibertinusSerif-TLF/m/n/10.95 (+20) are $[]\OT1/cmr/m/n/10.95 (0\OML/cmm/m/
it/10.95 ; x[]\OT1/cmr/m/n/10.95 )$ \T1/LibertinusSerif-TLF/m/n/10.95 (+20) and

 []


Underfull \hbox (badness 1242) in paragraph at lines 1403--1415
\T1/LibertinusSerif-TLF/m/n/10.95 (+20) spe-cial-iza-tion adds no
 []


Underfull \hbox (badness 10000) in paragraph at lines 1403--1415
\T1/LibertinusSerif-TLF/m/n/10.95 (+20) vertical-tangent limit,
 []


Underfull \hbox (badness 10000) in paragraph at lines 1437--1444
\T1/LibertinusSerif-TLF/m/n/10.95 (+20) re-cur-rence (0+3).
 []


Underfull \hbox (badness 1242) in paragraph at lines 1437--1444
\T1/LibertinusSerif-TLF/m/n/10.95 (+20) From $\OML/cmm/m/it/10.95 FG[] \OT1/cmr
/m/n/10.95 = \OML/cmm/m/it/10.95 ^^LF[]G$\T1/LibertinusSerif-TLF/m/n/10.95 (+20
) ,
 []


Underfull \hbox (badness 1442) in paragraph at lines 1437--1444
\T1/LibertinusSerif-TLF/m/n/10.95 (+20) Euler- deriva-tive co-ef-
 []


Underfull \hbox (badness 5203) in paragraph at lines 1437--1444
\OT1/cmr/m/n/10.95 1)\OML/cmm/m/it/10.95 j \OMS/cmsy/m/n/10.95 ^^@ \OML/cmm/m/i
t/10.95 n\OT1/cmr/m/n/10.95 )\OML/cmm/m/it/10.95 a[]c[]$ \T1/LibertinusSerif-TL
F/m/n/10.95 (+20) over
 []


Underfull \hbox (badness 10000) in paragraph at lines 1437--1444
\T1/LibertinusSerif-TLF/m/n/10.95 (+20) ev-ery com-mu-ta-tive
 []


Underfull \hbox (badness 10000) in paragraph at lines 1437--1444
\T1/LibertinusSerif-TLF/m/n/10.95 (+20) ring. The for-mal
 []


Underfull \hbox (badness 10000) in paragraph at lines 1437--1444
\T1/LibertinusSerif-TLF/m/n/10.95 (+20) falling-factorial sub-
 []


Underfull \hbox (badness 5970) in paragraph at lines 1437--1444
\T1/LibertinusSerif-TLF/m/n/10.95 (+20) sti-tu-tion sup-plies the
 []


Underfull \hbox (badness 10000) in paragraph at lines 1437--1444
\T1/LibertinusSerif-TLF/m/n/10.95 (+20) unit-constant power
 []


Underfull \hbox (badness 1237) in paragraph at lines 1437--1444
\T1/LibertinusSerif-TLF/m/n/10.95 (+20) clause of $\T1/LibertinusMono-TLF/m/n/1
0.95 a l g : m e r g
 []


Underfull \hbox (badness 7685) in paragraph at lines 1437--1444
\T1/LibertinusSerif-TLF/m/n/10.95 (+20) Ex-act. No an-a-lytic
 []


Underfull \hbox (badness 10000) in paragraph at lines 1437--1444
\T1/LibertinusSerif-TLF/m/n/10.95 (+20) 207-row coefficient-
 []


Underfull \hbox (badness 6910) in paragraph at lines 1449--1454
[]|\T1/LibertinusSerif-TLF/m/n/10.95 (+20) Ordinary com-po-si-tion
 []


Underfull \hbox (badness 6316) in paragraph at lines 1449--1454
\T1/LibertinusMono-TLF/m/n/10.95 t . m u l t i n o m i a l$
 []


Underfull \hbox (badness 10000) in paragraph at lines 1462--1465
[]|\T1/LibertinusSerif-TLF/m/n/10.95 (+20) Formal rescal-ing
 []


Underfull \hbox (badness 10000) in paragraph at lines 1462--1465
\T1/LibertinusSerif-TLF/m/n/10.95 (+20) (0+4). Co-ef-fi-cient
 []


Underfull \hbox (badness 10000) in paragraph at lines 1462--1465
\T1/LibertinusSerif-TLF/m/n/10.95 (+20) com-par-i-son proves
 []


Underfull \hbox (badness 1874) in paragraph at lines 1462--1465
\OT1/cmr/m/n/10.95 (\OML/cmm/m/it/10.95 f\OT1/cmr/m/n/10.95 (\OML/cmm/m/it/10.9
5 cX\OT1/cmr/m/n/10.95 ))[] = \OML/cmm/m/it/10.95 cf[]\OT1/cmr/m/n/10.95 (\OML/
cmm/m/it/10.95 cX\OT1/cmr/m/n/10.95 )$
 []


Underfull \hbox (badness 10000) in paragraph at lines 1462--1465
\T1/LibertinusSerif-TLF/m/n/10.95 (+20) over a com-mu-ta-tive
 []


Underfull \hbox (badness 10000) in paragraph at lines 1462--1465
\T1/LibertinusSerif-TLF/m/n/10.95 (+20) semir-ing; the ex-po-
 []


Underfull \hbox (badness 10000) in paragraph at lines 1462--1465
\T1/LibertinusSerif-TLF/m/n/10.95 (+20) nen-tial cases use a
 []


Underfull \hbox (badness 10000) in paragraph at lines 1462--1465
\T1/LibertinusSerif-TLF/m/n/10.95 (+20) com-mu-ta-tive ra-tio-nal
 []


Underfull \hbox (badness 2326) in paragraph at lines 1462--1465
\T1/LibertinusSerif-TLF/m/n/10.95 (+20) moved from the Nör-
 []


Underfull \hbox (badness 5504) in paragraph at lines 1462--1465
\T1/LibertinusSerif-TLF/m/n/10.95 (+20) lund mod-ule with-out
 []


Underfull \hbox (badness 10000) in paragraph at lines 1462--1465
\T1/LibertinusSerif-TLF/m/n/10.95 (+20) chang-ing the global
 []


Underfull \hbox (badness 10000) in paragraph at lines 1471--1475
\T1/LibertinusSerif-TLF/m/n/10.95 (+20) over a com-mu-ta-
 []


Underfull \hbox (badness 10000) in paragraph at lines 1471--1475
\T1/LibertinusSerif-TLF/m/n/10.95 (+20) tive ra-tio-nal al-ge-bra,
 []


Underfull \hbox (badness 10000) in paragraph at lines 1471--1475
\T1/LibertinusSerif-TLF/m/n/10.95 (+20) Lagrange--Bürmann
 []


Underfull \hbox (badness 10000) in paragraph at lines 1471--1475
\T1/LibertinusSerif-TLF/m/n/10.95 (+20) gen-er-at-ing func-tion
 []


Underfull \hbox (badness 3492) in paragraph at lines 1471--1475
\T1/LibertinusSerif-TLF/m/n/10.95 (+20) for ev-ery so-lu-tion of
 []


Underfull \hbox (badness 5771) in paragraph at lines 1471--1475
\OML/cmm/m/it/10.95 T \OT1/cmr/m/n/10.95 = \OML/cmm/m/it/10.95 X []\OT1/cmr/m/n
/10.95 (\OMS/cmsy/m/n/10.95 ^^@\OML/cmm/m/it/10.95 aT\OT1/cmr/m/n/10.95 )$\T1/L
ibertinusSerif-TLF/m/n/10.95 (+20) ,
 []


Underfull \hbox (badness 2538) in paragraph at lines 1471--1475
\T1/LibertinusSerif-TLF/m/n/10.95 (+20) in-clud-ing its con-stant
 []


Underfull \hbox (badness 10000) in paragraph at lines 1471--1475
\T1/LibertinusSerif-TLF/m/n/10.95 (+20) proves the all-index
 []


Underfull \hbox (badness 4378) in paragraph at lines 1471--1475
\T1/LibertinusSerif-TLF/m/n/10.95 (+20) bi-no-mial law. Thus
 []


Underfull \hbox (badness 1178) in paragraph at lines 1488--1492
\T1/LibertinusSerif-TLF/m/n/10.95 (+20) log-a-rithm (0+5). The
 []


Underfull \hbox (badness 4805) in paragraph at lines 1488--1492
\T1/LibertinusSerif-TLF/m/n/10.95 (+20) con-structed re-cip-ro-cal
 []


Underfull \hbox (badness 10000) in paragraph at lines 1488--1492
\T1/LibertinusSerif-TLF/m/n/10.95 (+20) and the log-a-rithm
 []


Underfull \hbox (badness 10000) in paragraph at lines 1488--1492
\T1/LibertinusSerif-TLF/m/n/10.95 (+20) prod-uct law give
 []


Underfull \hbox (badness 10000) in paragraph at lines 1488--1492
[]\OT1/cmr/m/n/10.95 (\OML/cmm/m/it/10.95 X=\OT1/cmr/m/n/10.95 ([] \OML/cmm/m/i
t/10.95 X \OMS/cmsy/m/n/10.95 ^^@
 []


Underfull \hbox (badness 10000) in paragraph at lines 1488--1492
\OT1/cmr/m/n/10.95 1)) = \OMS/cmsy/m/n/10.95 ^^@\OML/cmm/m/it/10.95 X=\OT1/cmr/
m/n/10.95 2 \OMS/cmsy/m/n/10.95 ^^@
 []


Underfull \hbox (badness 10000) in paragraph at lines 1488--1492
[][] \OML/cmm/m/it/10.95 ^^L[]X[]=\OT1/cmr/m/n/10.95 (\OML/cmm/m/it/10.95 n n\O
T1/cmr/m/n/10.95 !)$
 []


Underfull \hbox (badness 1609) in paragraph at lines 1488--1492
\T1/LibertinusSerif-TLF/m/n/10.95 (+20) sep-a-rated be-cause the
 []


Underfull \hbox (badness 10000) in paragraph at lines 1488--1492
\T1/LibertinusSerif-TLF/m/n/10.95 (+20) Bernoulli con-ven-tions
 []


Underfull \hbox (badness 10000) in paragraph at lines 1488--1492
\T1/LibertinusSerif-TLF/m/n/10.95 (+20) dif-fer; no an-a-lytic
 []


Underfull \hbox (badness 10000) in paragraph at lines 1499--1502
[]|\T1/LibertinusSerif-TLF/m/n/10.95 (+20) Raney num-bers
 []


Underfull \hbox (badness 10000) in paragraph at lines 1499--1502
\T1/LibertinusSerif-TLF/m/n/10.95 (+20) (4+12). Lagrange--
 []


Underfull \hbox (badness 10000) in paragraph at lines 1499--1502
\T1/LibertinusSerif-TLF/m/n/10.95 (+20) denominator-cleared
 []


Underfull \hbox (badness 10000) in paragraph at lines 1499--1502
\T1/LibertinusSerif-TLF/m/n/10.95 (+20) for-mu-las, in-clud-ing
 []


Underfull \hbox (badness 6625) in paragraph at lines 1499--1502
\T1/LibertinusSerif-TLF/m/n/10.95 (+20) i-cally con-structed $\OML/cmm/m/it/10.
95 T[]$\T1/LibertinusSerif-TLF/m/n/10.95 (+20) .
 []


Underfull \hbox (badness 10000) in paragraph at lines 1499--1502
\T1/LibertinusSerif-TLF/m/n/10.95 (+20) ar-bi-trary so-lu-tion of
 []


Underfull \hbox (badness 10000) in paragraph at lines 1499--1502
\T1/LibertinusSerif-TLF/m/n/10.95 (+20) printed row re-mains
 []


Underfull \hbox (badness 4595) in paragraph at lines 1510--1516
\T1/LibertinusSerif-TLF/m/n/10.95 (+20) so-ci-a-he-dral arith-metic
 []


Underfull \hbox (badness 2671) in paragraph at lines 1510--1516
\T1/LibertinusSerif-TLF/m/n/10.95 (+20) (4+23). Bi-no-mial ab-
 []


Underfull \hbox (badness 3872) in paragraph at lines 1510--1516
\T1/LibertinusSerif-TLF/m/n/10.95 (+20) ter-mi-nant, ex-act quo-
 []


Underfull \hbox (badness 1953) in paragraph at lines 1510--1516
\T1/LibertinusSerif-TLF/m/n/10.95 (+20) tient, di-vis-i-bil-ity, sup-
 []


Underfull \hbox (badness 2922) in paragraph at lines 1510--1516
\T1/LibertinusSerif-TLF/m/n/10.95 (+20) ar-rays are def-i-ni-tions,
 []


Underfull \hbox (badness 3849) in paragraph at lines 1510--1516
\T1/LibertinusSerif-TLF/m/n/10.95 (+20) re-main Par-tial. The
 []


Underfull \hbox (badness 10000) in paragraph at lines 1529--1533
[]|\T1/LibertinusSerif-TLF/m/n/10.95 (+20) Weighted bi-no-mial
 []


Underfull \hbox (badness 3713) in paragraph at lines 1529--1533
\T1/LibertinusSerif-TLF/m/n/10.95 (+20) trans-la-tion and in-ver-
 []


Underfull \hbox (badness 10000) in paragraph at lines 1529--1533
\T1/LibertinusSerif-TLF/m/n/10.95 (+20) is Ex-act over com-
 []


Underfull \hbox (badness 10000) in paragraph at lines 1529--1533
\T1/LibertinusSerif-TLF/m/n/10.95 (+20) mu-ta-tive semir-ings,
 []


Underfull \hbox (badness 10000) in paragraph at lines 1529--1533
\T1/LibertinusSerif-TLF/m/n/10.95 (+20) with left-cancellative
 []


Underfull \hbox (badness 5985) in paragraph at lines 1529--1533
\T1/LibertinusSerif-TLF/m/n/10.95 (+20) ad-di-tion needed only
 []


Underfull \hbox (badness 3989) in paragraph at lines 1529--1533
\T1/LibertinusSerif-TLF/m/n/10.95 (+20) for in-jec-tiv-ity; $\T1/LibertinusMono
-TLF/m/n/10.95 c o r :
 []


Underfull \hbox (badness 1337) in paragraph at lines 1529--1533
\T1/LibertinusSerif-TLF/m/n/10.95 (+20) is Ex-act over com-mu-
 []


Underfull \hbox (badness 10000) in paragraph at lines 1529--1533
\T1/LibertinusSerif-TLF/m/n/10.95 (+20) fi-nite iden-ti-ties, not
 []


Underfull \hbox (badness 2221) in paragraph at lines 1546--1550
\T1/LibertinusMono-TLF/m/n/10.95 m : p o w e r-[] l og$\T1/LibertinusSerif-TLF/
m/n/10.95 (+20) , and
 []


Underfull \hbox (badness 3861) in paragraph at lines 1546--1550
\T1/LibertinusMono-TLF/m/n/10.95 p0 : c o r : e x p-[] l o g
 []


Underfull \hbox (badness 3942) in paragraph at lines 1546--1550
\T1/LibertinusMono-TLF/m/n/10.95 -[] j e t s$ \T1/LibertinusSerif-TLF/m/n/10.95
 (+20) are Ex-act as
 []


Underfull \hbox (badness 1708) in paragraph at lines 1546--1550
\T1/LibertinusSerif-TLF/m/n/10.95 (+20) ge-bras/fields. No an-
 []


Underfull \hbox (badness 3386) in paragraph at lines 1546--1550
\T1/LibertinusSerif-TLF/m/n/10.95 (+20) a-lytic con-ver-gence or
 []


Underfull \hbox (badness 2326) in paragraph at lines 1568--1574
\T1/LibertinusSerif-TLF/m/n/10.95 (+20) two gen-er-ated). $\T1/LibertinusMono-T
LF/m/n/10.95 q0 :
 []


Underfull \hbox (badness 4899) in paragraph at lines 1568--1574
\T1/LibertinusMono-TLF/m/n/10.95 l e m : d i c k s o n$ \T1/LibertinusSerif-TLF
/m/n/10.95 (+20) re-
 []


Underfull \hbox (badness 1028) in paragraph at lines 1568--1574
\T1/LibertinusSerif-TLF/m/n/10.95 (+20) mains Ex-act. $\T1/LibertinusMono-TLF/m
/n/10.95 q0 : l e
 []


Underfull \hbox (badness 4193) in paragraph at lines 1568--1574
\T1/LibertinusMono-TLF/m/n/10.95 m : n e u m a n n$ \T1/LibertinusSerif-TLF/m/n
/10.95 (+20) is Ex-
 []


Underfull \hbox (badness 6675) in paragraph at lines 1568--1574
\T1/LibertinusSerif-TLF/m/n/10.95 (+20) af-ter its reverse-well-
 []


Underfull \hbox (badness 3333) in paragraph at lines 1568--1574
\T1/LibertinusSerif-TLF/m/n/10.95 (+20) by $\T1/LibertinusMono-TLF/m/n/10.95 S 
e t . I s P W O$ \T1/LibertinusSerif-TLF/m/n/10.95 (+20) on
 []


Underfull \hbox (badness 1087) in paragraph at lines 1568--1574
\T1/LibertinusSerif-TLF/m/n/10.95 (+20) named wrap-pers state
 []


Underfull \hbox (badness 3895) in paragraph at lines 1568--1574
\T1/LibertinusSerif-TLF/m/n/10.95 (+20) more gen-er-ally for a
 []


Underfull \hbox (badness 2005) in paragraph at lines 1568--1574
\T1/LibertinusSerif-TLF/m/n/10.95 (+20) monoid. This is the
 []


Underfull \hbox (badness 1248) in paragraph at lines 1568--1574
\T1/LibertinusSerif-TLF/m/n/10.95 (+20) order-theoretic mech-a-
 []


Underfull \hbox (badness 2057) in paragraph at lines 1585--1587
\T1/LibertinusSerif-TLF/m/n/10.95 (+20) trans-mono-mi-als is de-
 []


Underfull \hbox (badness 10000) in paragraph at lines 1592--1599
[]|\T1/LibertinusSerif-TLF/m/n/10.95 (+20) Sequence-indexed
 []


Underfull \hbox (badness 10000) in paragraph at lines 1592--1599
\T1/LibertinusSerif-TLF/m/n/10.95 (+20) scale and Poincaré
 []


Underfull \hbox (badness 7415) in paragraph at lines 1592--1599
\T1/LibertinusSerif-TLF/m/n/10.95 (+20) ture, two def-i-ni-tions,
 []


Underfull \hbox (badness 6316) in paragraph at lines 1592--1599
\T1/LibertinusSerif-TLF/m/n/10.95 (+20) six the-o-rems). The
 []


Underfull \hbox (badness 10000) in paragraph at lines 1592--1599
\T1/LibertinusSerif-TLF/m/n/10.95 (+20) se-quence forms of
 []


Underfull \hbox (badness 10000) in paragraph at lines 1592--1599
\T1/LibertinusMono-TLF/m/n/10.95 q0 : d e f : s c a l e$\T1/LibertinusSerif-TLF
/m/n/10.95 (+20) ,
 []


Underfull \hbox (badness 1033) in paragraph at lines 1592--1599
\T1/LibertinusMono-TLF/m/n/10.95 q0 : d e f : p o i n c a re$\T1/LibertinusSeri
f-TLF/m/n/10.95 (+20) ,
 []


Underfull \hbox (badness 10000) in paragraph at lines 1592--1599
\T1/LibertinusSerif-TLF/m/n/10.95 (+20) and $\T1/LibertinusMono-TLF/m/n/10.95 q
0 : p r op :
 []


Underfull \hbox (badness 10000) in paragraph at lines 1592--1599
\T1/LibertinusMono-TLF/m/n/10.95 u n i q u e n e ss$ \T1/LibertinusSerif-TLF/m/
n/10.95 (+20) are
 []


Underfull \hbox (badness 6876) in paragraph at lines 1592--1599
\T1/LibertinusSerif-TLF/m/n/10.95 (+20) Ex-act for co-ef-fi-cients
 []


Underfull \hbox (badness 2717) in paragraph at lines 1592--1599
\T1/LibertinusSerif-TLF/m/n/10.95 (+20) space over the scalar
 []


Underfull \hbox (badness 10000) in paragraph at lines 1592--1599
\T1/LibertinusSerif-TLF/m/n/10.95 (+20) field; the quo-tient
 []


Underfull \hbox (badness 10000) in paragraph at lines 1592--1599
\T1/LibertinusSerif-TLF/m/n/10.95 (+20) wrap-per is scalar-
 []


Underfull \hbox (badness 10000) in paragraph at lines 1592--1599
\T1/LibertinusSerif-TLF/m/n/10.95 (+20) valued. Unique-ness
 []


Underfull \hbox (badness 1107) in paragraph at lines 1592--1599
\T1/LibertinusSerif-TLF/m/n/10.95 (+20) re-quires $\T1/LibertinusMono-TLF/m/n/1
0.95 [l . N e B o t]$\T1/LibertinusSerif-TLF/m/n/10.95 (+20) ;
 []


Underfull \hbox (badness 10000) in paragraph at lines 1592--1599
\T1/LibertinusSerif-TLF/m/n/10.95 (+20) the first-omitted-term
 []


Underfull \hbox (badness 7256) in paragraph at lines 1592--1599
\T1/LibertinusSerif-TLF/m/n/10.95 (+20) re-main-der con-ven-tion
 []


Underfull \hbox (badness 10000) in paragraph at lines 1592--1599
\T1/LibertinusSerif-TLF/m/n/10.95 (+20) flat-remainder re-cov-
 []


Underfull \hbox (badness 1466) in paragraph at lines 1592--1599
\T1/LibertinusSerif-TLF/m/n/10.95 (+20) ery, unordered-set, or
 []


Underfull \hbox (badness 2302) in paragraph at lines 1610--1613
\T1/LibertinusSerif-TLF/m/n/10.95 (+20) an-a-lytic zero/one/ $\T1/LibertinusMon
o-TLF/m/n/10.95 a t
 []


Underfull \hbox (badness 6380) in paragraph at lines 1610--1613
\T1/LibertinusMono-TLF/m/n/10.95 T o p$ \T1/LibertinusSerif-TLF/m/n/10.95 (+20)
 tri-chotomy and
 []


Underfull \hbox (badness 6332) in paragraph at lines 1610--1613
\T1/LibertinusSerif-TLF/m/n/10.95 (+20) integer-generator rule
 []


Underfull \hbox (badness 2359) in paragraph at lines 1610--1613
\T1/LibertinusSerif-TLF/m/n/10.95 (+20) and max-i-mal pack-age
 []


Underfull \hbox (badness 10000) in paragraph at lines 1623--1626
[]|\T1/LibertinusSerif-TLF/m/n/10.95 (+20) Power--logarithmic
 []


Underfull \hbox (badness 3281) in paragraph at lines 1623--1626
\T1/LibertinusSerif-TLF/m/n/10.95 (+20) scale se-quences (0+4).
 []


Underfull \hbox (badness 10000) in paragraph at lines 1623--1626
\T1/LibertinusSerif-TLF/m/n/10.95 (+20) power/logarithmic
 []


Underfull \hbox (badness 10000) in paragraph at lines 1623--1626
\T1/LibertinusSerif-TLF/m/n/10.95 (+20) maximal clauses of
 []


Underfull \hbox (badness 2343) in paragraph at lines 1632--1636
\T1/LibertinusMono-TLF/m/n/10.95 c k -[] a n t i d e r i v a t
 []


Underfull \hbox (badness 1237) in paragraph at lines 1632--1636
\T1/LibertinusMono-TLF/m/n/10.95 i v e$ \T1/LibertinusSerif-TLF/m/n/10.95 (+20)
 is Ex-act: an ex-
 []


Underfull \hbox (badness 4660) in paragraph at lines 1632--1636
\T1/LibertinusSerif-TLF/m/n/10.95 (+20) in-verse off res-o-nance
 []


Underfull \hbox (badness 10000) in paragraph at lines 1653--1662
[]|\T1/LibertinusSerif-TLF/m/n/10.95 (+20) Abstract differential-
 []


Underfull \hbox (badness 1033) in paragraph at lines 1653--1662
\T1/LibertinusSerif-TLF/m/n/10.95 (+20) trans-ports the poly-no-
 []


Underfull \hbox (badness 1867) in paragraph at lines 1653--1662
\T1/LibertinusSerif-TLF/m/n/10.95 (+20) its degree- pre-serv-ing
 []


Underfull \hbox (badness 3386) in paragraph at lines 1653--1662
\T1/LibertinusSerif-TLF/m/n/10.95 (+20) non-res-o-nant prim-i-tive
 []


Underfull \hbox (badness 3861) in paragraph at lines 1653--1662
\T1/LibertinusMono-TLF/m/n/10.95 p l t : eq : m o t-[] b l o
 []


Underfull \hbox (badness 6001) in paragraph at lines 1653--1662
\T1/LibertinusMono-TLF/m/n/10.95 c k -[] d e r i v a t i v e$
 []


Underfull \hbox (badness 10000) in paragraph at lines 1653--1662
\T1/LibertinusSerif-TLF/m/n/10.95 (+20) is Ex-act. Only
 []


Underfull \hbox (badness 7869) in paragraph at lines 1653--1662
\T1/LibertinusSerif-TLF/m/n/10.95 (+20) is closed; that com-
 []


Underfull \hbox (badness 10000) in paragraph at lines 1653--1662
\T1/LibertinusSerif-TLF/m/n/10.95 (+20) pound the-o-rem
 []


Underfull \hbox (badness 10000) in paragraph at lines 1653--1662
\T1/LibertinusSerif-TLF/m/n/10.95 (+20) re-mains Par-tial be-
 []


Underfull \hbox (badness 10000) in paragraph at lines 1653--1662
\T1/LibertinusSerif-TLF/m/n/10.95 (+20) growth, algebraic-
 []


Underfull \hbox (badness 10000) in paragraph at lines 1653--1662
\T1/LibertinusSerif-TLF/m/n/10.95 (+20) independence, and
 []


Underfull \hbox (badness 10000) in paragraph at lines 1653--1662
\T1/LibertinusSerif-TLF/m/n/10.95 (+20) con-crete Laurent-ring
 []


Underfull \hbox (badness 10000) in paragraph at lines 1676--1681
[]|\T1/LibertinusSerif-TLF/m/n/10.95 (+20) Catalan quadratic
 []


Underfull \hbox (badness 10000) in paragraph at lines 1676--1681
\T1/LibertinusSerif-TLF/m/n/10.95 (+20) core (3+8). $\T1/LibertinusMono-TLF/m/n
/10.95 p6 :
 []


Underfull \hbox (badness 10000) in paragraph at lines 1676--1681
\T1/LibertinusMono-TLF/m/n/10.95 p r op : q u a d r a t i
 []


Underfull \hbox (badness 4805) in paragraph at lines 1676--1681
\T1/LibertinusMono-TLF/m/n/10.95 c-[] c o r e-[] c a t a l an$
 []


Underfull \hbox (badness 3158) in paragraph at lines 1676--1681
\T1/LibertinusSerif-TLF/m/n/10.95 (+20) is Ex-act. $\T1/LibertinusMono-TLF/m/n/
10.95 p6 : l e m :
 []


Underfull \hbox (badness 1092) in paragraph at lines 1676--1681
\T1/LibertinusSerif-TLF/m/n/10.95 (+20) family and coefficient-
 []


Underfull \hbox (badness 10000) in paragraph at lines 1676--1681
\T1/LibertinusSerif-TLF/m/n/10.95 (+20) recursion layer only;
 []


Underfull \hbox (badness 10000) in paragraph at lines 1676--1681
\T1/LibertinusSerif-TLF/m/n/10.95 (+20) ex-is-tence/uniqueness,
 []


Underfull \hbox (badness 10000) in paragraph at lines 1676--1681
\T1/LibertinusSerif-TLF/m/n/10.95 (+20) the square-root iden-
 []


Underfull \hbox (badness 10000) in paragraph at lines 1676--1681
\T1/LibertinusSerif-TLF/m/n/10.95 (+20) tity, and the ex-act
 []


Underfull \hbox (badness 3514) in paragraph at lines 1676--1681
\T1/LibertinusMono-TLF/m/n/10.95 d e e p e s t-[] p o l e$ \T1/LibertinusSerif-
TLF/m/n/10.95 (+20) is
 []


Underfull \hbox (badness 10000) in paragraph at lines 1676--1681
\T1/LibertinusSerif-TLF/m/n/10.95 (+20) Ab-sent be-cause no
 []


Underfull \hbox (badness 10000) in paragraph at lines 1690--1694
[]|\T1/LibertinusSerif-TLF/m/n/10.95 (+20) Derangement nearest-
 []


Underfull \hbox (badness 10000) in paragraph at lines 1690--1694
\T1/LibertinusSerif-TLF/m/n/10.95 (+20) integer sur-face (1+7).
 []


Underfull \hbox (badness 10000) in paragraph at lines 1690--1694
\T1/LibertinusSerif-TLF/m/n/10.95 (+20) The in-te-ger iden-tity,
 []


Underfull \hbox (badness 10000) in paragraph at lines 1690--1694
\T1/LibertinusSerif-TLF/m/n/10.95 (+20) strict de-fect bounds,
 []


Underfull \hbox (badness 10000) in paragraph at lines 1690--1694
\T1/LibertinusSerif-TLF/m/n/10.95 (+20) and round-ing con-
 []


Underfull \hbox (badness 4467) in paragraph at lines 1690--1694
\T1/LibertinusSerif-TLF/m/n/10.95 (+20) clu-sion of $\T1/LibertinusMono-TLF/m/n
/10.95 p8 : c o r :
 []


Underfull \hbox (badness 1253) in paragraph at lines 1690--1694
\T1/LibertinusMono-TLF/m/n/10.95 n e a r e s t-[] i n t e g er$
 []


Underfull \hbox (badness 1609) in paragraph at lines 1690--1694
\T1/LibertinusSerif-TLF/m/n/10.95 (+20) are Ex-act. The com-
 []


Underfull \hbox (badness 10000) in paragraph at lines 1690--1694
\T1/LibertinusSerif-TLF/m/n/10.95 (+20) pound printed re-sult
 []


Underfull \hbox (badness 2503) in paragraph at lines 1690--1694
\T1/LibertinusSerif-TLF/m/n/10.95 (+20) is Par-tial at ar-bi-trary
 []


Underfull \hbox (badness 1509) in paragraph at lines 1690--1694
\T1/LibertinusSerif-TLF/m/n/10.95 (+20) and its branch fam-ily
 []


Underfull \hbox (badness 10000) in paragraph at lines 1704--1709
[]|\T1/LibertinusSerif-TLF/m/n/10.95 (+20) Linear--logarithmic
 []


Underfull \hbox (badness 4403) in paragraph at lines 1704--1709
\T1/LibertinusSerif-TLF/m/n/10.95 (+20) core in-ver-sion (4+18).
 []


Underfull \hbox (badness 10000) in paragraph at lines 1704--1709
\T1/LibertinusSerif-TLF/m/n/10.95 (+20) Parts (2)--(4) of $\T1/LibertinusMono-T
LF/m/n/10.95 p0 :
 []


Underfull \hbox (badness 10000) in paragraph at lines 1704--1709
\T1/LibertinusSerif-TLF/m/n/10.95 (+20) are Ex-act over the
 []


Underfull \hbox (badness 10000) in paragraph at lines 1704--1709
\T1/LibertinusSerif-TLF/m/n/10.95 (+20) re-als, in-clud-ing the
 []


Underfull \hbox (badness 10000) in paragraph at lines 1704--1709
\T1/LibertinusSerif-TLF/m/n/10.95 (+20) sign-free equiv-a-lence,
 []


Underfull \hbox (badness 10000) in paragraph at lines 1704--1709
\T1/LibertinusSerif-TLF/m/n/10.95 (+20) the positive-branch
 []


Underfull \hbox (badness 4531) in paragraph at lines 1704--1709
\T1/LibertinusSerif-TLF/m/n/10.95 (+20) both negative-$\OML/cmm/m/it/10.95 b$ \
T1/LibertinusSerif-TLF/m/n/10.95 (+20) roots
 []


Underfull \hbox (badness 10000) in paragraph at lines 1704--1709
\T1/LibertinusSerif-TLF/m/n/10.95 (+20) with thresh-old and
 []


Underfull \hbox (badness 10000) in paragraph at lines 1704--1709
\T1/LibertinusSerif-TLF/m/n/10.95 (+20) clause and com-plex
 []


Underfull \hbox (badness 10000) in paragraph at lines 1732--1736
[]|\T1/LibertinusSerif-TLF/m/n/10.95 (+20) Ordinary par-tial Bell
 []


Underfull \hbox (badness 10000) in paragraph at lines 1732--1736
\T1/LibertinusSerif-TLF/m/n/10.95 (+20) nor-mal-iza-tion (2+4).
 []


Underfull \hbox (badness 10000) in paragraph at lines 1732--1736
\T1/LibertinusSerif-TLF/m/n/10.95 (+20) The gen-er-at-ing char-
 []


Underfull \hbox (badness 10000) in paragraph at lines 1732--1736
\T1/LibertinusSerif-TLF/m/n/10.95 (+20) ac-ter-i-za-tion, fac-to-rial
 []


Underfull \hbox (badness 10000) in paragraph at lines 1732--1736
\T1/LibertinusSerif-TLF/m/n/10.95 (+20) nor-mal-iza-tion bridge,
 []


Underfull \hbox (badness 7151) in paragraph at lines 1732--1736
\T1/LibertinusSerif-TLF/m/n/10.95 (+20) and van-ish-ing clause
 []


Underfull \hbox (badness 1331) in paragraph at lines 1732--1736
\T1/LibertinusSerif-TLF/m/n/10.95 (+20) printed lemma is Par-
 []


Underfull \hbox (badness 10000) in paragraph at lines 1732--1736
\T1/LibertinusSerif-TLF/m/n/10.95 (+20) tial at its dis-played
 []


Underfull \hbox (badness 10000) in paragraph at lines 1732--1736
\T1/LibertinusSerif-TLF/m/n/10.95 (+20) iden-ti-fi-ca-tion, which
 []


Underfull \hbox (badness 2150) in paragraph at lines 1732--1736
\T1/LibertinusSerif-TLF/m/n/10.95 (+20) this mod-ule does not
 []


Underfull \hbox (badness 1867) in paragraph at lines 1744--1747
\T1/LibertinusSerif-TLF/m/n/10.95 (+20) in-ver-sion (3+6). The
 []


Underfull \hbox (badness 1735) in paragraph at lines 1744--1747
\T1/LibertinusSerif-TLF/m/n/10.95 (+20) plex general-$\OML/cmm/m/it/10.95 W[]$ 
\T1/LibertinusSerif-TLF/m/n/10.95 (+20) read-
 []


Underfull \hbox (badness 10000) in paragraph at lines 1757--1762
[]|\T1/LibertinusSerif-TLF/m/n/10.95 (+20) Remainder trans-port
 []


Underfull \hbox (badness 1521) in paragraph at lines 1757--1762
\T1/LibertinusMono-TLF/m/n/10.95 d e r-[] t r a n s p o rt$ \T1/LibertinusSerif
-TLF/m/n/10.95 (+20) is
 []


Underfull \hbox (badness 10000) in paragraph at lines 1757--1762
\T1/LibertinusSerif-TLF/m/n/10.95 (+20) Ex-act and keeps its
 []


Underfull \hbox (badness 10000) in paragraph at lines 1757--1762
\T1/LibertinusSerif-TLF/m/n/10.95 (+20) one-sided deriva-tive
 []


Underfull \hbox (badness 10000) in paragraph at lines 1757--1762
\T1/LibertinusSerif-TLF/m/n/10.95 (+20) hy-pothe-ses dis-tinct.
 []


Underfull \hbox (badness 10000) in paragraph at lines 1757--1762
\T1/LibertinusSerif-TLF/m/n/10.95 (+20) re-quir-ing a second-
 []


Underfull \hbox (badness 6316) in paragraph at lines 1767--1771
\T1/LibertinusMono-TLF/m/n/10.95 t h m : s t a i r c a s e$
 []


Underfull \hbox (badness 7944) in paragraph at lines 1767--1771
\T1/LibertinusSerif-TLF/m/n/10.95 (+20) monotonicity and in-
 []


Underfull \hbox (badness 1424) in paragraph at lines 1767--1771
\T1/LibertinusSerif-TLF/m/n/10.95 (+20) mod-ule does not con-
 []


Underfull \hbox (badness 3396) in paragraph at lines 1779--1785
[]|\T1/LibertinusSerif-TLF/m/n/10.95 (+20) Flatness and in-vis-i-ble
 []


Underfull \hbox (badness 10000) in paragraph at lines 1779--1785
\T1/LibertinusSerif-TLF/m/n/10.95 (+20) re-main-ders (4+22).
 []


Underfull \hbox (badness 4072) in paragraph at lines 1779--1785
\T1/LibertinusMono-TLF/m/n/10.95 q0 : d e f : f l at$ \T1/LibertinusSerif-TLF/m
/n/10.95 (+20) and
 []


Underfull \hbox (badness 10000) in paragraph at lines 1779--1785
\T1/LibertinusSerif-TLF/m/n/10.95 (+20) all three clauses of
 []


Underfull \hbox (badness 5105) in paragraph at lines 1779--1785
\T1/LibertinusSerif-TLF/m/n/10.95 (+20) are Ex-act for vector-
 []


Underfull \hbox (badness 7291) in paragraph at lines 1779--1785
\T1/LibertinusSerif-TLF/m/n/10.95 (+20) valued func-tions and
 []


Underfull \hbox (badness 10000) in paragraph at lines 1779--1785
\T1/LibertinusSerif-TLF/m/n/10.95 (+20) valued scale, with
 []


Underfull \hbox (badness 10000) in paragraph at lines 1779--1785
\T1/LibertinusSerif-TLF/m/n/10.95 (+20) the same-coefficient
 []


Underfull \hbox (badness 10000) in paragraph at lines 1779--1785
\T1/LibertinusSerif-TLF/m/n/10.95 (+20) to an equiv-a-lence.
 []


Underfull \hbox (badness 10000) in paragraph at lines 1779--1785
\T1/LibertinusSerif-TLF/m/n/10.95 (+20) Vari-able scalar mul-
 []


Underfull \hbox (badness 10000) in paragraph at lines 1779--1785
\T1/LibertinusSerif-TLF/m/n/10.95 (+20) ti-pli-ca-tion re-quires
 []


Underfull \hbox (badness 5374) in paragraph at lines 1779--1785
\T1/LibertinusSerif-TLF/m/n/10.95 (+20) scale ab-sorp-tion; the
 []


Underfull \hbox (badness 10000) in paragraph at lines 1779--1785
\T1/LibertinusSerif-TLF/m/n/10.95 (+20) re-main scalar-valued.
 []


Underfull \hbox (badness 10000) in paragraph at lines 1779--1785
\T1/LibertinusSerif-TLF/m/n/10.95 (+20) No con-ver-gence or
 []


Underfull \hbox (badness 10000) in paragraph at lines 1779--1785
\T1/LibertinusSerif-TLF/m/n/10.95 (+20) re-cov-ery be-yond flat
 []


Underfull \hbox (badness 10000) in paragraph at lines 1809--1812
[]|\T1/LibertinusSerif-TLF/m/n/10.95 (+20) Harmonic-increment
 []


Underfull \hbox (badness 10000) in paragraph at lines 1809--1812
\T1/LibertinusSerif-TLF/m/n/10.95 (+20) lead-ing or-der (0+2).
 []


Underfull \hbox (badness 10000) in paragraph at lines 1809--1812
\T1/LibertinusSerif-TLF/m/n/10.95 (+20) The $\OML/cmm/m/it/10.95 w[]=n \OMS/cms
y/m/n/10.95 ! \OML/cmm/m/it/10.95 c[]$
 []


Underfull \hbox (badness 2057) in paragraph at lines 1809--1812
\T1/LibertinusSerif-TLF/m/n/10.95 (+20) clause of $\T1/LibertinusMono-TLF/m/n/1
0.95 p l t : l e m :
 []


Underfull \hbox (badness 3514) in paragraph at lines 1809--1812
\T1/LibertinusMono-TLF/m/n/10.95 m o t-[] h a r m o n i c$ \T1/LibertinusSerif-
TLF/m/n/10.95 (+20) is
 []


Underfull \hbox (badness 10000) in paragraph at lines 1809--1812
\T1/LibertinusSerif-TLF/m/n/10.95 (+20) cor-rec-tion, con-stant,
 []


Underfull \hbox (badness 10000) in paragraph at lines 1816--1820
[]|\T1/LibertinusSerif-TLF/m/n/10.95 (+20) Stirling-series co-ef-
 []


Underfull \hbox (badness 4242) in paragraph at lines 1816--1820
\T1/LibertinusSerif-TLF/m/n/10.95 (+20) fi-cients (3+12). The
 []


Underfull \hbox (badness 10000) in paragraph at lines 1816--1820
\T1/LibertinusSerif-TLF/m/n/10.95 (+20) for-mal def-i-ni-tion,
 []


Underfull \hbox (badness 10000) in paragraph at lines 1816--1820
\T1/LibertinusSerif-TLF/m/n/10.95 (+20) re-cur-rence, and the
 []


Underfull \hbox (badness 10000) in paragraph at lines 1816--1820
\T1/LibertinusSerif-TLF/m/n/10.95 (+20) dis-played val-ues
 []


Underfull \hbox (badness 7613) in paragraph at lines 1816--1820
\OML/cmm/m/it/10.95 c[] \OT1/cmr/m/n/10.95 = 1\OML/cmm/m/it/10.95 =\OT1/cmr/m/n
/10.95 288$\T1/LibertinusSerif-TLF/m/n/10.95 (+20) , and
 []


Underfull \hbox (badness 3354) in paragraph at lines 1816--1820
\T1/LibertinusSerif-TLF/m/n/10.95 (+20) are Ex-act. The sur-
 []


Underfull \hbox (badness 10000) in paragraph at lines 1816--1820
\T1/LibertinusSerif-TLF/m/n/10.95 (+20) corol-lary re-mains
 []


Underfull \hbox (badness 10000) in paragraph at lines 1816--1820
\T1/LibertinusSerif-TLF/m/n/10.95 (+20) Par-tial be-cause this
 []


Underfull \hbox (badness 7030) in paragraph at lines 1837--1842
[]|\T1/LibertinusSerif-TLF/m/n/10.95 (+20) Wright omega ba-sics
 []


Underfull \hbox (badness 1205) in paragraph at lines 1837--1842
\T1/LibertinusSerif-TLF/m/n/10.95 (+20) real propo-si-tion $\T1/LibertinusMono-
TLF/m/n/10.95 p l t :
 []


Underfull \hbox (badness 3861) in paragraph at lines 1837--1842
\T1/LibertinusMono-TLF/m/n/10.95 p r op : m o t-[] o m e g a
 []


Underfull \hbox (badness 1292) in paragraph at lines 1837--1842
\T1/LibertinusMono-TLF/m/n/10.95 -[] b a s ic$ \T1/LibertinusSerif-TLF/m/n/10.9
5 (+20) is Ex-act: its
 []


ignored: Infinite glue shrinkage found in box being split [9]
ignored: Infinite glue shrinkage fou
nd in box being split [10{C:/Users/vresh/AppData/Local/Programs/MiKTeX/fonts/en
c/dvips/libertinus-type1/lbn1_sncvby.enc}]
ignored: Infinite glue shrinkage found in box 
being split [11]
ignored: Infinite glue shrinkage found in box being split [12]
ignored: Infinite g
lue shrinkage found in box being split [13]
ignored: Infinite glue shrinkage found in box
 being split [14]
ignored: Infinite glue shrinkage found in box being split [15]
ignored: Infinite 
glue shrinkage found in box being split [16]
ignored: Infinite glue shrinkage found in bo
x being split [17]
ignored: Infinite glue shrinkage found in box being split [18]
ignored: Infinite
 glue shrinkage found in box being split [19]
ignored: Infinite glue shrinkage found in b
ox being split [20]
ignored: Infinite glue shrinkage found in box being split
[21]
ignored: Infinite glue shrinkage found in box being split [22]
ignored: Infinite glue shrinkag
e found in box being split [23]
ignored: Infinite glue shrinkage found in box being split
 [24]
ignored: Infinite glue shrinkage found in box being split [25]
ignored: Infinite glue shrinka
ge found in box being split [26]
ignored: Infinite glue shrinkage found in box being spli
t [27]
ignored: Infinite glue shrinkage found in box being split [28]
ignored: Infinite glue shrink
age found in box being split [29]
ignored: Infinite glue shrinkage found in box being spl
it [30]
ignored: Infinite glue shrinkage found in box being split [31]
ignored: Infinite glue shrin
kage found in box being split [32]
ignored: Infinite glue shrinkage found in box being sp
lit [33]
ignored: Infinite glue shrinkage found in box being split [34]
ignored: Infinite glue shri
nkage found in box being split [35]
ignored: Infinite glue shrinkage found in box being s
plit
[36]
ignored: Infinite glue shrinkage found in box being split [37]
ignored: Infinite glue shrinkag
e found in box being split [38]
ignored: Infinite glue shrinkage found in box being split
 [39]
ignored: Infinite glue shrinkage found in box being split [40]
ignored: Infinite glue shrinka
ge found in box being split [41]
ignored: Infinite glue shrinkage found in box being spli
t [42]
ignored: Infinite glue shrinkage found in box being split [43]
ignored: Infinite glue shrink
age found in box being split [44] [45]
LaTeX Font Info:    Font shape `T1/LibertinusSerif-TLF/b/n' will be
(Font)              scaled to size 20.74pt on input line 1924.


LaTeX Warning: Reference `part:inverse' on page 1 undefined on input line 1927.


LaTeX Font Info:    Font shape `T1/LibertinusSerif-TLF/b/n' will be
(Font)              scaled to size 10.95pt on input line 1951.

LaTeX Warning: Reference `part:inverse' on page 1 undefined on input line 1951.



LaTeX Warning: Reference `part:inverse' on page 1 undefined on input line 1982.


[46

]
Underfull \hbox (badness 2573) in paragraph at lines 2017--2019
[]\T1/LibertinusSerif-TLF/m/n/10.95 (+20) The repos-i-tory snap-shot un-der-ly-
ing this sup-ple-ment is the fol-low-ing com-mit on the
 []


LaTeX Warning: Reference `part:inverse' on page 1 undefined on input line 2026.



Underfull \hbox (badness 10000) in paragraph at lines 2063--2063
[]|\T1/LibertinusSerif-TLF/b/n/10.95 (+20) Compressed
 []

[47]

LaTeX Warning: Reference `integration:app:concordance' on page 1 undefined on i
nput line 2085.

LaTeX Font Info:    Font shape `T1/LibertinusSerif-TLF/m/it' will be
(Font)              scaled to size 10.0pt on input line 2087.

LaTeX Warning: Citation `integration:arias05442' on page 48 undefined on input 
line 2098.

[48]

LaTeX Warning: Reference `integration:eq:original-characterization-data' on pag
e 49 undefined on input line 2118.


LaTeX Warning: Reference `integration:eq:original-characterization-derivative' 
on page 49 undefined on input line 2119.


LaTeX Warning: Reference `integration:eq:original-characterization-derivative' 
on page 49 undefined on input line 2134.


LaTeX Warning: Reference `part:inverse' on page 1 undefined on input line 2153.


Package microtype Info: Loading generic protrusion settings for font family
(microtype)             `cmss' (encoding: OT1).
(microtype)             For optimal results, create family-specific settings.
(microtype)             See the microtype manual for details.
[49]

LaTeX Warning: Reference `integration:def:elementary-class' on page 1 undefined
 on input line 2220.

[50]

LaTeX Warning: Reference `integration:lem:finite-bad-composition' on page 1 und
efined on input line 2284.


LaTeX Warning: Reference `integration:thm:elementary-dense-analytic' on page 1 
undefined on input line 2311.


LaTeX Warning: Reference `integration:thm:elementary-obstruction' on page 1 und
efined on input line 2325.


LaTeX Warning: Reference `integration:thm:elementary-obstruction' on page 1 und
efined on input line 2340.

[51]

LaTeX Warning: Reference `integration:thm:elementary-obstruction' on page 1 und
efined on input line 2357.


LaTeX Warning: Reference `inverse:sec:inverse-calculus' on page 1 undefined on 
input line 2363.


LaTeX Warning: Reference `integration:eq:coordinate-majorant' on page 52 undefi
ned on input line 2418.

[52]

LaTeX Warning: Reference `integration:eq:X-head-tail-split' on page 53 undefine
d on input line 2465.

[53] [54] [55]

LaTeX Warning: Reference `integration:eq:affine-independent-copy-map' on page 5
6 undefined on input line 2699.

[56]

LaTeX Warning: Reference `integration:eq:affine-charfun-iterate' on page 57 und
efined on input line 2714.


LaTeX Warning: Reference `integration:eq:geometric-law-unique' on page 57 undef
ined on input line 2745.

[57] [58]

LaTeX Warning: Reference `integration:eq:qpochhammer-factor-zero' on page 59 un
defined on input line 2876.


LaTeX Warning: Reference `integration:eq:qpochhammer-inverse-lattice' on page 5
9 undefined on input line 2878.


LaTeX Warning: Reference `integration:eq:geometric-sinc-pochhammer' on page 59 
undefined on input line 2908.

[59] [60] [61] [62] [63]

LaTeX Warning: Reference `integration:eq:generalized-rvachev-dyadic-order' on p
age 64 undefined on input line 3317.

[64] [65] [66] [67] [68] [69] [70] [71] [72] [73]
LaTeX Font Info:    Trying to load font information for TS1+LibertinusSerif-TLF
 on input line 4102.

(C:\Users\vresh\AppData\Local\Programs\MiKTeX\tex/latex/libertinus-type1\ts1lib
ertinusserif-tlf.fd
File: TS1LibertinusSerif-TLF.fd 2024/09/22 (autoinst) Font definitions for TS1/
LibertinusSerif-TLF.
)
LaTeX Font Info:    Font shape `TS1/LibertinusSerif-TLF/m/n' will be
(Font)              scaled to size 10.0pt on input line 4102.
Package microtype Info: Loading generic protrusion settings for font family
(microtype)             `LibertinusSerif-TLF' (encoding: TS1).
(microtype)             For optimal results, create family-specific settings.
(microtype)             See the microtype manual for details.


LaTeX Warning: Reference `integration:eq:affine-independent-copy-charfun' on pa
ge 74 undefined on input line 4116.


LaTeX Warning: Reference `integration:eq:affine-charfun-iterate' on page 74 und
efined on input line 4117.


LaTeX Warning: Reference `integration:eq:geometric-sinc-residual' on page 74 un
defined on input line 4118.


LaTeX Warning: Reference `integration:eq:geometric-sinc-characteristic' on page
 74 undefined on input line 4120.


LaTeX Warning: Reference `integration:eq:geometric-reciprocal-gamma-characteris
tic' on page 74 undefined on input line 4121.

[74{C:/Users/vresh/AppData/Local/Programs/MiKTeX/fonts/enc/dvips/libertinus-typ
e1/lbn1_rlktsf.enc}]

LaTeX Warning: Reference `integration:eq:X-head-tail-split' on page 75 undefine
d on input line 4150.

[75]

LaTeX Warning: Reference `integration:eq:CDF-is-F' on page 76 undefined on inpu
t line 4226.


LaTeX Warning: Reference `integration:thm:survival-kernel-Banach' on page 1 und
efined on input line 4287.


LaTeX Warning: Reference `integration:eq:g-FTC-hypothesis' on page 76 undefined
 on input line 4288.

[76] [77] [78] [79]

LaTeX Warning: Reference `integration:thm:fractional-cdf-layer-cake' on page 1 
undefined on input line 4617.

[80]

LaTeX Warning: Reference `integration:eq:raw-laplace-def' on page 81 undefined 
on input line 4668.


LaTeX Warning: Reference `integration:thm:survival-Fubini' on page 1 undefined 
on input line 4674.

[81]

LaTeX Warning: Reference `integration:eq:laplace-zero-survival' on page 82 unde
fined on input line 4705.


LaTeX Warning: Reference `integration:eq:laplace-successor-survival' on page 82
 undefined on input line 4706.


LaTeX Warning: Reference `integration:eq:survival-tilt-def' on page 82 undefine
d on input line 4711.


LaTeX Warning: Reference `integration:eq:M-zero' on page 82 undefined on input 
line 4717.


LaTeX Warning: Reference `integration:eq:M-successor' on page 82 undefined on i
nput line 4717.


LaTeX Warning: Reference `integration:eq:law-reflection' on page 82 undefined o
n input line 4736.


LaTeX Warning: Reference `integration:eq:law-M-identification' on page 82 undef
ined on input line 4766.


LaTeX Warning: Reference `integration:eq:M-zero-half-moment' on page 82 undefin
ed on input line 4767.


LaTeX Warning: Reference `integration:eq:endpoint-raw-reflection' on page 82 un
defined on input line 4767.


LaTeX Warning: Reference `integration:eq:M-iterated-derivative' on page 82 unde
fined on input line 4768.

[82]

LaTeX Warning: Reference `integration:eq:law-M-identification' on page 83 undef
ined on input line 4781.


LaTeX Warning: Reference `part:dyadicasym' on page 1 undefined on input line 47
82.


LaTeX Warning: Reference `dyadicasym:eq:B-product' on page 83 undefined on inpu
t line 4784.

LaTeX Font Info:    Font shape `T1/LibertinusSerif-TLF/m/it' will be
(Font)              scaled to size 8.0pt on input line 4817.
LaTeX Font Info:    Font shape `T1/LibertinusSerif-TLF/m/it' will be
(Font)              scaled to size 6.0pt on input line 4817.
[83]

LaTeX Warning: Reference `integration:eq:half-indicator-total-integral' on page
 84 undefined on input line 4868.


LaTeX Warning: Reference `integration:eq:atomic-histogram-sandwich' on page 84 
undefined on input line 4928.

[84]

LaTeX Warning: Reference `integration:eq:portmanteau-Ioc' on page 85 undefined 
on input line 4940.


LaTeX Warning: Reference `integration:eq:atomic-histogram-sandwich' on page 85 
undefined on input line 4941.

[85]

LaTeX Warning: Reference `integration:eq:path-last-edge' on page 86 undefined o
n input line 5047.

[86]

LaTeX Warning: Reference `integration:eq:path-sum-zero' on page 87 undefined on
 input line 5077.


LaTeX Warning: Reference `integration:eq:triangular-recurrence' on page 87 unde
fined on input line 5079.


LaTeX Warning: Reference `integration:thm:path-last-edge' on page 1 undefined o
n input line 5085.


LaTeX Warning: Reference `dyadicweb:eq:ordered-composition' on page 87 undefine
d on input line 5099.


LaTeX Warning: Reference `integration:thm:triangular-path-solver' on page 1 und
efined on input line 5101.


LaTeX Warning: Reference `integration:eq:toeplitz-tail-index' on page 87 undefi
ned on input line 5145.

[87]

LaTeX Warning: Reference `part:dyadicweb' on page 1 undefined on input line 517
0.


LaTeX Warning: Reference `integration:thm:finite-row-toeplitz' on page 1 undefi
ned on input line 5183.

[88]

LaTeX Warning: Reference `integration:eq:flat-all-orders' on page 89 undefined 
on input line 5271.

[89]

LaTeX Warning: Reference `integration:eq:small-log-coordinates' on page 90 unde
fined on input line 5315.


LaTeX Warning: Reference `integration:eq:formal-exp-ode' on page 90 undefined o
n input line 5364.


LaTeX Warning: Reference `integration:eq:expcoeff-recurrence' on page 90 undefi
ned on input line 5365.

[90]

LaTeX Warning: Reference `integration:eq:a4' on page 91 undefined on input line
 5378.

[91]

LaTeX Warning: Reference `integration:eq:logcoeff-recurrence' on page 92 undefi
ned on input line 5460.


LaTeX Warning: Reference `integration:eq:formal-log-ode' on page 92 undefined o
n input line 5461.


LaTeX Warning: Reference `integration:eq:logcoeff-recurrence' on page 92 undefi
ned on input line 5468.


LaTeX Warning: Reference `integration:eq:logcoeff-recurrence' on page 92 undefi
ned on input line 5488.


LaTeX Warning: Reference `integration:eq:logcoeff-recurrence' on page 92 undefi
ned on input line 5508.

[92]

LaTeX Warning: Reference `integration:thm:expcoeff-correctness' on page 1 undef
ined on input line 5554.


LaTeX Warning: Reference `integration:eq:finite-remainder-evaluated' on page 93
 undefined on input line 5572.

[93]

LaTeX Warning: Reference `integration:eq:normalized-gaussian-moment' on page 94
 undefined on input line 5674.


LaTeX Warning: Reference `integration:eq:gaussian-contraction-monomials' on pag
e 94 undefined on input line 5692.

[94]
LaTeX Font Info:    Trying to load font information for U+euf on input line 570
7.
 (C:\Users\vresh\AppData\Local\Programs\MiKTeX\tex/latex/amsfonts\ueuf.fd
File: ueuf.fd 2013/01/14 v3.01 Euler Fraktur
)
(C:\Users\vresh\AppData\Local\Programs\MiKTeX\tex/latex/microtype\mt-euf.cfg
File: mt-euf.cfg 2006/07/03 v1.1 microtype config. file: AMS Euler Fraktur (RS)

)

LaTeX Warning: Reference `integration:lem:monomial-gaussian-tail' on page 1 und
efined on input line 5744.


LaTeX Warning: Reference `integration:thm:polynomial-gaussian-tail' on page 1 u
ndefined on input line 5780.


LaTeX Warning: Reference `integration:eq:order-radius-exponential' on page 95 u
ndefined on input line 5781.


LaTeX Warning: Reference `integration:eq:bounded-polynomial-tail-weight' on pag
e 95 undefined on input line 5785.


LaTeX Warning: Reference `part:inverse' on page 1 undefined on input line 5803.



LaTeX Warning: Reference `part:dyadicasym' on page 1 undefined on input line 58
04.

[95] [96]

LaTeX Warning: Reference `integration:thm:triangular-path-solver' on page 1 und
efined on input line 5831.

[97

]

LaTeX Warning: Reference `integration:sec:scale-positive' on page 1 undefined o
n input line 5949.


LaTeX Warning: Reference `part:inverse' on page 1 undefined on input line 5952.



LaTeX Warning: Reference `integration:sec:inverse' on page 1 undefined on input
 line 5952.


LaTeX Warning: Reference `integration:sec:elementary' on page 1 undefined on in
put line 5956.


LaTeX Warning: Reference `integration:sec:not-elementary' on page 1 undefined o
n input line 5959.


LaTeX Warning: Reference `integration:sec:not-elementary' on page 1 undefined o
n input line 5962.


LaTeX Warning: Reference `integration:sec:product-law' on page 1 undefined on i
nput line 5970.


LaTeX Warning: Reference `integration:sec:weighted-naturality' on page 1 undefi
ned on input line 5974.


LaTeX Warning: Reference `integration:sec:weighted-naturality' on page 1 undefi
ned on input line 5980.


LaTeX Warning: Reference `integration:sec:weighted-naturality' on page 1 undefi
ned on input line 5985.


LaTeX Warning: Reference `integration:sec:weighted-naturality' on page 1 undefi
ned on input line 5992.


LaTeX Warning: Reference `integration:thm:affine-independent-copy-unique' on pa
ge 1 undefined on input line 5998.


LaTeX Warning: Reference `integration:eq:geometric-law-unique' on page 1 undefi
ned on input line 6003.


LaTeX Warning: Reference `integration:eq:geometric-sinc-residual' on page 1 und
efined on input line 6008.


LaTeX Warning: Reference `integration:eq:geometric-sinc-characteristic' on page
 1 undefined on input line 6013.


LaTeX Warning: Reference `integration:eq:geometric-reciprocal-gamma-characteris
tic' on page 1 undefined on input line 6020.


LaTeX Warning: Reference `integration:eq:geometric-sinc-characteristic' on page
 1 undefined on input line 6020.


LaTeX Warning: Reference `integration:eq:geometric-sinc-pochhammer' on page 1 u
ndefined on input line 6028.


LaTeX Warning: Reference `integration:eq:geometric-sinc-pochhammer' on page 1 u
ndefined on input line 6042.


LaTeX Warning: Reference `integration:thm:generalized-rvachev-identifiability' 
on page 1 undefined on input line 6048.


LaTeX Warning: Reference `integration:thm:qpochhammer-entire' on page 1 undefin
ed on input line 6055.


LaTeX Warning: Reference `integration:sec:weighted-naturality' on page 1 undefi
ned on input line 6203.


LaTeX Warning: Reference `integration:sec:weighted-naturality' on page 1 undefi
ned on input line 6210.


LaTeX Warning: Reference `integration:sec:survival-fubini' on page 1 undefined 
on input line 6215.


LaTeX Warning: Reference `integration:thm:survival-layer-cake' on page 1 undefi
ned on input line 6218.


LaTeX Warning: Reference `integration:thm:fractional-cdf-layer-cake' on page 1 
undefined on input line 6223.


LaTeX Warning: Reference `integration:thm:fractional-cdf-layer-cake' on page 1 
undefined on input line 6227.


LaTeX Warning: Reference `integration:sec:survival-fubini' on page 1 undefined 
on input line 6234.


LaTeX Warning: Reference `integration:sec:survival-fubini' on page 1 undefined 
on input line 6241.

LaTeX Font Info:    Font shape `T1/LibertinusSerif-TLF/m/n' will be
(Font)              scaled to size 7.0pt on input line 6403.
LaTeX Font Info:    Font shape `T1/LibertinusSerif-TLF/m/n' will be
(Font)              scaled to size 5.0pt on input line 6403.

LaTeX Warning: Reference `integration:rem:fractional-volterra-boundary' on page
 1 undefined on input line 6585.


LaTeX Warning: Reference `integration:rem:fractional-volterra-boundary' on page
 1 undefined on input line 6597.


LaTeX Warning: Reference `integration:sec:probability-laplace' on page 1 undefi
ned on input line 6611.


LaTeX Warning: Reference `integration:sec:survival-fubini' on page 1 undefined 
on input line 6611.


LaTeX Warning: Reference `integration:sec:probability-laplace' on page 1 undefi
ned on input line 6614.


LaTeX Warning: Reference `integration:sec:step-measure-bridge' on page 1 undefi
ned on input line 6618.


LaTeX Warning: Reference `integration:sec:fabius-composition-formula' on page 1
 undefined on input line 6621.


LaTeX Warning: Reference `integration:sec:path-sums' on page 1 undefined on inp
ut line 6621.


LaTeX Warning: Reference `integration:sec:fabius-toeplitz' on page 1 undefined 
on input line 6625.


LaTeX Warning: Reference `integration:sec:toeplitz' on page 1 undefined on inpu
t line 6625.


LaTeX Warning: Reference `integration:sec:exp-coeff' on page 1 undefined on inp
ut line 6662.


LaTeX Warning: Reference `integration:sec:poincare-api' on page 1 undefined on 
input line 6662.


LaTeX Warning: Reference `integration:sec:log-coeff' on page 1 undefined on inp
ut line 6665.


LaTeX Warning: Reference `integration:sec:finite-remainder' on page 1 undefined
 on input line 6669.


LaTeX Warning: Reference `integration:sec:poincare-api' on page 1 undefined on 
input line 6672.


LaTeX Warning: Reference `integration:sec:full-assembly' on page 1 undefined on
 input line 6675.


LaTeX Warning: Reference `integration:sec:poincare-api' on page 1 undefined on 
input line 6675.


LaTeX Warning: Reference `integration:sec:gaussian-contraction' on page 1 undef
ined on input line 6679.


LaTeX Warning: Reference `integration:sec:gaussian-tails' on page 1 undefined o
n input line 6682.


LaTeX Warning: Reference `integration:sec:gaussian-tails' on page 1 undefined o
n input line 6685.


LaTeX Warning: Reference `inverse:sec:module-concordance' on page 1 undefined o
n input line 6689.


ignored: Infinite glue shrinkage found in box being split [98]
ignored: Infinite glue shrinkage fo
und in box being split [99]
ignored: Infinite glue shrinkage found in box being split [10
0]
ignored: Infinite glue shrinkage found in box being split [101]
ignored: Infinite glue shrinkage
 found in box being split [102]
ignored: Infinite glue shrinkage found in box being split
 [103]
ignored: Infinite glue shrinkage found in box being split [104]
ignored: Infinite glue shrin
kage found in box being split [105]
ignored: Infinite glue shrinkage found in box being s
plit [106]
ignored: Infinite glue shrinkage found in box being split [107]
ignored: Infinite glue s
hrinkage found in box being split [108]
ignored: Infinite glue shrinkage found in box bei
ng split [109]
ignored: Infinite glue shrinkage found in box being split [110]
ignored: Infinite gl
ue shrinkage found in box being split
[111]
ignored: Infinite glue shrinkage found in box being split [112]
ignored: Infinite glue shrink
age found in box being split [113]
ignored: Infinite glue shrinkage found in box being sp
lit [114]
ignored: Infinite glue shrinkage found in box being split [115]
Underfull \hbox (badness 2941) in paragraph at lines 6701--6701
[]|\T1/LibertinusSerif-TLF/m/n/10 (+20) Status be-fore this
 []


Underfull \hbox (badness 10000) in paragraph at lines 6704--6704
[]|\T1/LibertinusSerif-TLF/m/n/10 (+20) Assumed in the
 []


LaTeX Warning: Reference `part:inverse' on page 1 undefined on input line 6706.



Underfull \hbox (badness 2050) in paragraph at lines 6739--6759
[]|\T1/LibertinusSerif-TLF/m/n/10 (+20) With $\OML/cmm/m/it/10 z[]\OT1/cmr/m/n/
10 (\OML/cmm/m/it/10 t\OT1/cmr/m/n/10 ) = (1 \OMS/cmsy/m/n/10 ^^@ \OML/cmm/m/it
/10 q\OT1/cmr/m/n/10 )\OML/cmm/m/it/10 t=\OT1/cmr/m/n/10 (2\OML/cmm/m/it/10 ^^Y
\OT1/cmr/m/n/10 )$\T1/LibertinusSerif-TLF/m/n/10 (+20) , ex-act named
 []


Underfull \hbox (badness 5908) in paragraph at lines 6739--6759
\T1/LibertinusSerif-TLF/m/n/10 (+20) bridges prove $\OML/cmm/m/it/10 ^^^[]\OT1/
cmr/m/n/10 (\OML/cmm/m/it/10 t\OT1/cmr/m/n/10 ) = \OML/cmm/m/it/10 e[]S[]\OT1/c
mr/m/n/10 (\OML/cmm/m/it/10 z[]\OT1/cmr/m/n/10 (\OML/cmm/m/it/10 t\OT1/cmr/m/n/
10 )) =
 []


Underfull \hbox (badness 5548) in paragraph at lines 6776--6776
[]|\T1/LibertinusSerif-TLF/m/n/10 (+20) Finite formal-to-analytic re-
 []


Underfull \hbox (badness 2126) in paragraph at lines 6778--6782
[]|\T1/LibertinusSerif-TLF/m/n/10 (+20) Unconditional di-ag-o-nal-iza-tion un-d
er weighted
 []


LaTeX Warning: Reference `part:inverse' on page 1 undefined on input line 6785.



ignored: Infinite glue shrinkage found in box being split [116]
ignored: Infinite glue shrinkage f
ound in box being split [117]

LaTeX Warning: Reference `integration:sec:scale-positive' on page 1 undefined o
n input line 6794.

[118] [119] [120] [121]
LaTeX Font Info:    Font shape `T1/LibertinusSerif-TLF/m/n' will be
(Font)              scaled to size 9.0pt on input line 7082.
LaTeX Font Info:    Font shape `T1/LibertinusMono-TLF/m/n' will be
(Font)              scaled to size 7.65005pt on input line 7085.
Package microtype Info: Character `guilsinglleft ' is missing
(microtype)             in font `T1/LibertinusMono-TLF/m/n/9'.
(microtype)             Ignoring protrusion settings for this character.
Package microtype Info: Character `guilsinglright ' is missing
(microtype)             in font `T1/LibertinusMono-TLF/m/n/9'.
(microtype)             Ignoring protrusion settings for this character.

Underfull \hbox (badness 1609) in paragraph at lines 7090--7090
[]|\T1/LibertinusSerif-TLF/m/n/10.95 (+20) weighted com-po-si-tion/path
 []


Underfull \hbox (badness 10000) in paragraph at lines 7093--7093
[]|\T1/LibertinusSerif-TLF/m/n/10.95 (+20) formal ex-po-nen-tial co-ef-fi-
 []


Underfull \hbox (badness 10000) in paragraph at lines 7102--7102
[]|\T1/LibertinusSerif-TLF/m/n/10.95 (+20) corrected sharp Lam-bert
 []


Underfull \hbox (badness 10000) in paragraph at lines 7103--7103
[]|\T1/LibertinusSerif-TLF/m/n/10.95 (+20) normalized real sad-dle
 []


ignored: Infinite glue shrinkage found in box being split [122]

LaTeX Warning: Citation `integration:fabius1966' undefined on input line 7151.


LaTeX Warning: Citation `integration:arias1982' undefined on input line 7151.


LaTeX Warning: Citation `integration:arias05442' undefined on input line 7151.


LaTeX Warning: Citation `integration:arias2018' undefined on input line 7151.


LaTeX Warning: Citation `integration:mainarticle' undefined on input line 7151.



LaTeX Warning: Citation `integration:repo' undefined on input line 7151.

[123] [124] [125

]

LaTeX Warning: Citation `repeated2:mse-question' on page 126 undefined on input
 line 7275.


LaTeX Warning: Citation `repeated2:mse-answer' on page 126 undefined on input l
ine 7276.


LaTeX Warning: Citation `repeated2:mse-question' on page 126 undefined on input
 line 7284.


LaTeX Warning: Citation `repeated2:mse-answer' on page 126 undefined on input l
ine 7284.


LaTeX Warning: Reference `repeated2:eq:original-recurrence' on page 126 undefin
ed on input line 7296.


LaTeX Warning: Reference `repeated2:sec:exact-spline' on page 1 undefined on in
put line 7326.


LaTeX Warning: Reference `repeated2:eq:linear-indexing' on page 126 undefined o
n input line 7355.


LaTeX Warning: Reference `repeated2:thm:exact-iterate-intro' on page 1 undefine
d on input line 7355.

[126] [127]

LaTeX Warning: Reference `repeated2:eq:original-recurrence' on page 128 undefin
ed on input line 7450.


LaTeX Warning: Reference `repeated2:eq:T-definition' on page 128 undefined on i
nput line 7467.


LaTeX Warning: Reference `repeated2:eq:T-moving-window' on page 128 undefined o
n input line 7491.


LaTeX Warning: Reference `repeated2:eq:X-recursion' on page 128 undefined on in
put line 7520.


LaTeX Warning: Reference `repeated2:eq:Xn-random-sum' on page 128 undefined on 
input line 7523.


LaTeX Warning: Reference `repeated2:eq:fn-box-convolution' on page 128 undefine
d on input line 7524.


LaTeX Warning: Reference `repeated2:eq:X-recursion' on page 128 undefined on in
put line 7529.

[128]

LaTeX Warning: Citation `repeated2:arias1982' on page 129 undefined on input li
ne 7559.


LaTeX Warning: Reference `repeated2:eq:up-random-series' on page 129 undefined 
on input line 7563.


LaTeX Warning: Reference `repeated2:prop:T-probability' on page 1 undefined on 
input line 7569.


LaTeX Warning: Reference `repeated2:eq:up-differential-equation' on page 129 un
defined on input line 7581.


LaTeX Warning: Reference `repeated2:eq:fn-box-convolution' on page 129 undefine
d on input line 7593.

[129]

LaTeX Warning: Reference `repeated2:eq:fn-box-convolution' on page 130 undefine
d on input line 7644.


LaTeX Warning: Reference `repeated2:eq:general-box-spline' on page 130 undefine
d on input line 7670.


LaTeX Warning: Reference `repeated2:eq:general-box-spline' on page 130 undefine
d on input line 7680.


LaTeX Warning: Reference `repeated2:eq:general-box-spline' on page 130 undefine
d on input line 7690.

[130]
LaTeX Font Info:    Font shape `T1/LibertinusSerif-TLF/m/sc' will be
(Font)              scaled to size 10.95pt on input line 7710.


LaTeX Warning: Reference `repeated2:eq:weighted-complex-block' on page 131 unde
fined on input line 7741.

[131{C:/Users/vresh/AppData/Local/Programs/MiKTeX/fonts/enc/dvips/libertinus-ty
pe1/lbn1_cb34qf.enc}]

LaTeX Warning: Reference `repeated2:thm:exact-iterate-intro' on page 1 undefine
d on input line 7765.


LaTeX Warning: Reference `repeated2:eq:fn-halfwidths' on page 132 undefined on 
input line 7766.


LaTeX Warning: Reference `repeated2:lem:general-box-spline' on page 1 undefined
 on input line 7766.


LaTeX Warning: Reference `repeated2:eq:first-difference-generating' on page 132
 undefined on input line 7768.


LaTeX Warning: Reference `repeated2:eq:box-prefactor' on page 132 undefined on 
input line 7769.


LaTeX Warning: Reference `repeated2:eq:exact-iterate-intro' on page 132 undefin
ed on input line 7770.


LaTeX Warning: Reference `repeated2:eq:exact-iterate-mse-scaling' on page 132 u
ndefined on input line 7771.


LaTeX Warning: Reference `repeated2:eq:exact-iterate-intro' on page 132 undefin
ed on input line 7776.

[132] [133]

LaTeX Warning: Reference `repeated2:eq:tail-replacement' on page 134 undefined 
on input line 8432.


LaTeX Warning: Reference `repeated2:eq:up-random-series' on page 134 undefined 
on input line 8474.


LaTeX Warning: Reference `repeated2:eq:X-tail-F' on page 134 undefined on input
 line 8489.


LaTeX Warning: Reference `repeated2:eq:F-quarter' on page 134 undefined on inpu
t line 8494.

[134]

LaTeX Warning: Reference `repeated2:eq:X-tail-F' on page 135 undefined on input
 line 8537.


LaTeX Warning: Reference `repeated2:eq:K-explicit' on page 135 undefined on inp
ut line 8545.


LaTeX Warning: Reference `repeated2:lem:peano-identity' on page 1 undefined on 
input line 8547.


LaTeX Warning: Reference `repeated2:lem:up-moments' on page 1 undefined on inpu
t line 8553.


LaTeX Warning: Reference `repeated2:eq:K-explicit' on page 135 undefined on inp
ut line 8558.


LaTeX Warning: Reference `repeated2:eq:Kprime-F' on page 135 undefined on input
 line 8567.


LaTeX Warning: Reference `repeated2:eq:K-mass-and-max' on page 135 undefined on
 input line 8576.

[135]

LaTeX Warning: Reference `repeated2:eq:peano-identity' on page 136 undefined on
 input line 8599.


LaTeX Warning: Reference `repeated2:eq:finite-infinite-convolution-split' on pa
ge 136 undefined on input line 8617.


LaTeX Warning: Reference `repeated2:lem:peano-identity' on page 1 undefined on 
input line 8623.


LaTeX Warning: Reference `repeated2:eq:error-distribution-convolution' on page 
136 undefined on input line 8662.


LaTeX Warning: Reference `repeated2:eq:K-mass-and-max' on page 136 undefined on
 input line 8665.


LaTeX Warning: Reference `repeated2:eq:exact-pointwise-error' on page 136 undef
ined on input line 8691.

[136]

LaTeX Warning: Reference `repeated2:eq:pnm-decomposition' on page 137 undefined
 on input line 8745.


LaTeX Warning: Reference `repeated2:eq:pnm-norm' on page 137 undefined on input
 line 8764.


LaTeX Warning: Reference `repeated2:eq:pnm-plateau' on page 137 undefined on in
put line 8764.

[137]

LaTeX Warning: Reference `repeated2:eq:pnm-plateau' on page 138 undefined on in
put line 8803.


LaTeX Warning: Reference `repeated2:eq:pn-top-delta-comb' on page 138 undefined
 on input line 8826.


LaTeX Warning: Reference `repeated2:sec:error-decomposition' on page 1 undefine
d on input line 8836.


LaTeX Warning: Reference `repeated2:sec:partial-density-geometry' on page 1 und
efined on input line 8837.


LaTeX Warning: Reference `repeated2:eq:error-extremizer-grid' on page 138 undef
ined on input line 8850.


LaTeX Warning: Reference `repeated2:eq:signed-extremizer-error' on page 138 und
efined on input line 8851.


LaTeX Warning: Reference `repeated2:eq:exact-pointwise-error' on page 138 undef
ined on input line 8857.


LaTeX Warning: Reference `repeated2:eq:pnm-norm' on page 138 undefined on input
 line 8858.

[138]

LaTeX Warning: Reference `repeated2:eq:pnm-plateau' on page 139 undefined on in
put line 8865.


LaTeX Warning: Reference `repeated2:eq:error-distribution-convolution' on page 
139 undefined on input line 8873.


LaTeX Warning: Reference `repeated2:eq:pn-top-delta-comb' on page 139 undefined
 on input line 8877.


LaTeX Warning: Reference `repeated2:eq:sharp-derivative-error' on page 139 unde
fined on input line 8894.

LaTeX Font Info:    Font shape `TS1/LibertinusSerif-TLF/m/n' will be
(Font)              scaled to size 10.95pt on input line 8900.

LaTeX Warning: Reference `repeated2:eq:signed-first-stage-error' on page 139 un
defined on input line 8923.


LaTeX Warning: Reference `repeated2:eq:error-distribution-convolution' on page 
139 undefined on input line 8927.


LaTeX Warning: Reference `repeated2:eq:pn-top-delta-comb' on page 139 undefined
 on input line 8929.


LaTeX Warning: Reference `repeated2:eq:Kprime-max' on page 139 undefined on inp
ut line 8938.


LaTeX Warning: Reference `repeated2:eq:Kprime-F' on page 139 undefined on input
 line 8940.


LaTeX Warning: Reference `repeated2:eq:first-stage-Kprime-copies' on page 139 u
ndefined on input line 8945.


LaTeX Warning: Reference `repeated2:eq:signed-first-stage-error' on page 139 un
defined on input line 8946.


LaTeX Warning: Reference `repeated2:eq:sharp-derivative-error' on page 139 unde
fined on input line 8951.


LaTeX Warning: Reference `repeated2:eq:Cr-norm' on page 139 undefined on input 
line 8952.

[139]

LaTeX Warning: Reference `repeated2:eq:sharp-derivative-error' on page 140 unde
fined on input line 8977.


LaTeX Warning: Reference `repeated2:eq:Cr-norm' on page 140 undefined on input 
line 8980.


LaTeX Warning: Reference `repeated2:eq:first-stage-full' on page 140 undefined 
on input line 8982.


LaTeX Warning: Reference `repeated2:eq:tent-uniform-rate' on page 140 undefined
 on input line 9009.


LaTeX Warning: Reference `repeated2:eq:up-F-relation' on page 140 undefined on 
input line 9024.


LaTeX Warning: Reference `repeated2:eq:error-extremizer-grid' on page 140 undef
ined on input line 9032.

[140]

LaTeX Warning: Reference `repeated2:tab:exact-errors' on page 1 undefined on in
put line 9047.


LaTeX Warning: Reference `repeated2:eq:exact-pointwise-error' on page 141 undef
ined on input line 9510.

[141]

LaTeX Warning: Reference `repeated2:eq:leading-profile' on page 142 undefined o
n input line 9526.


LaTeX Warning: Reference `repeated2:eq:up-derivative-norm' on page 142 undefine
d on input line 9526.


LaTeX Warning: Reference `repeated2:eq:sharp-derivative-error' on page 142 unde
fined on input line 9527.


LaTeX Warning: Reference `repeated2:eq:leading-profile' on page 142 undefined o
n input line 9554.


LaTeX Warning: Reference `repeated2:eq:sharp-derivative-error' on page 142 unde
fined on input line 9555.

[142]

LaTeX Warning: Reference `repeated2:eq:A-Taylor-remainder' on page 143 undefine
d on input line 9618.


LaTeX Warning: Reference `repeated2:eq:finite-fourier-product' on page 143 unde
fined on input line 9622.


LaTeX Warning: Reference `repeated2:eq:all-orders-expansion' on page 143 undefi
ned on input line 9637.


LaTeX Warning: Reference `repeated2:eq:B-generating' on page 143 undefined on i
nput line 9659.


LaTeX Warning: Reference `repeated2:eq:lambda-formula' on page 143 undefined on
 input line 9660.


LaTeX Warning: Reference `repeated2:eq:all-orders-expansion' on page 143 undefi
ned on input line 9667.


LaTeX Warning: Reference `repeated2:eq:error-extremizer-grid' on page 143 undef
ined on input line 9676.


LaTeX Warning: Reference `repeated2:cor:higher-flatness-grid' on page 1 undefin
ed on input line 9677.


LaTeX Warning: Reference `repeated2:eq:signed-extremizer-error' on page 143 und
efined on input line 9678.

[143]

LaTeX Warning: Reference `repeated2:eq:exact-iterate-intro' on page 144 undefin
ed on input line 9720.

(C:\Users\vresh\AppData\Local\Programs\MiKTeX\tex/latex/listings\lstlang1.sty
File: lstlang1.sty 2025/11/14 1.11b listings language file
)
Package hyperref Info: bookmark level for unknown lstlisting defaults to 0 on i
nput line 9725.
LaTeX Font Info:    Font shape `T1/LibertinusMono-TLF/b/n' will be
(Font)              scaled to size 8.50006pt on input line 9726.
Package microtype Info: Character `guilsinglleft ' is missing
(microtype)             in font `T1/LibertinusMono-TLF/b/n/10'.
(microtype)             Ignoring protrusion settings for this character.
Package microtype Info: Character `guilsinglright ' is missing
(microtype)             in font `T1/LibertinusMono-TLF/b/n/10'.
(microtype)             Ignoring protrusion settings for this character.

[144]

LaTeX Warning: Reference `repeated2:eq:finite-spline-derivatives' on page 145 u
ndefined on input line 9759.


LaTeX Warning: Reference `repeated2:eq:fn-box-convolution' on page 145 undefine
d on input line 9768.


LaTeX Warning: Reference `repeated2:eq:finite-fourier-product' on page 145 unde
fined on input line 9772.


LaTeX Warning: Reference `repeated2:eq:Xn-random-sum' on page 145 undefined on 
input line 9812.


LaTeX Warning: Reference `repeated2:eq:fn-box-convolution' on page 145 undefine
d on input line 9812.

[145]

LaTeX Warning: Reference `repeated2:eq:general-box-spline' on page 146 undefine
d on input line 9814.


LaTeX Warning: Reference `repeated2:eq:first-difference-generating' on page 146
 undefined on input line 9816.


LaTeX Warning: Reference `repeated2:eq:K-definition' on page 146 undefined on i
nput line 9817.


LaTeX Warning: Reference `repeated2:eq:pnm-decomposition' on page 146 undefined
 on input line 9819.

[146] [147]

LaTeX Warning: Citation `dyadicweb:mainarticle' on page 148 undefined on input 
line 9979.


LaTeX Warning: Citation `dyadicweb:proveit' on page 148 undefined on input line
 9982.


LaTeX Warning: Reference `dyadicweb:sec:formal-map' on page 1 undefined on inpu
t line 9984.

[148

]

LaTeX Warning: Reference `dyadicweb:tab:formula-map' on page 1 undefined on inp
ut line 10014.

[149]

LaTeX Warning: Reference `dyadicweb:eq:input-moment-dyadic' on page 150 undefin
ed on input line 10071.


LaTeX Warning: Reference `dyadicweb:eq:input-q-dyadic' on page 150 undefined on
 input line 10072.

[150]

LaTeX Warning: Reference `dyadicweb:eq:C-def' on page 151 undefined on input li
ne 10153.


LaTeX Warning: Reference `dyadicweb:eq:A-C-transform' on page 151 undefined on 
input line 10158.


LaTeX Warning: Reference `dyadicweb:eq:input-moment-dyadic' on page 151 undefin
ed on input line 10166.


LaTeX Warning: Reference `dyadicweb:eq:input-moment-dyadic' on page 151 undefin
ed on input line 10170.

[151]

LaTeX Warning: Reference `dyadicweb:eq:expectation-Z' on page 152 undefined on 
input line 10197.


LaTeX Warning: Reference `dyadicweb:eq:input-moment-dyadic' on page 152 undefin
ed on input line 10198.


LaTeX Warning: Reference `dyadicweb:eq:master-coefficient' on page 152 undefine
d on input line 10217.


LaTeX Warning: Reference `dyadicweb:eq:d-moment-prefix' on page 152 undefined o
n input line 10233.

[152]

LaTeX Warning: Reference `dyadicweb:eq:input-moment-dyadic' on page 153 undefin
ed on input line 10265.


LaTeX Warning: Reference `dyadicweb:eq:A-product' on page 153 undefined on inpu
t line 10270.


LaTeX Warning: Reference `integration:thm:triangular-path-solver' on page 1 und
efined on input line 10313.


LaTeX Warning: Reference `dyadicweb:eq:ordered-composition' on page 153 undefin
ed on input line 10319.

[153]

LaTeX Warning: Reference `dyadicweb:eq:ordered-composition' on page 154 undefin
ed on input line 10351.


LaTeX Warning: Reference `dyadicweb:eq:A-product' on page 154 undefined on inpu
t line 10361.


LaTeX Warning: Reference `dyadicweb:eq:log-A' on page 154 undefined on input li
ne 10398.

[154]

LaTeX Warning: Reference `dyadicweb:eq:A-refinement' on page 155 undefined on i
nput line 10408.


LaTeX Warning: Reference `dyadicweb:eq:input-moment-dyadic' on page 155 undefin
ed on input line 10458.


LaTeX Warning: Reference `dyadicweb:eq:input-moment-dyadic' on page 155 undefin
ed on input line 10476.


LaTeX Warning: Reference `dyadicweb:eq:matched-spline' on page 155 undefined on
 input line 10477.

[155]

LaTeX Warning: Reference `dyadicweb:eq:moment-corrected-spline' on page 156 und
efined on input line 10490.

[156]

LaTeX Warning: Reference `dyadicweb:thm:moment-corrected-spline' on page 1 unde
fined on input line 10564.


LaTeX Warning: Reference `dyadicweb:eq:reciprocal-spline' on page 157 undefined
 on input line 10564.


LaTeX Warning: Reference `dyadicweb:eq:moment-corrected-spline' on page 157 und
efined on input line 10567.


LaTeX Warning: Reference `dyadicweb:eq:reciprocal-spline' on page 157 undefined
 on input line 10567.

[157]

LaTeX Warning: Reference `dyadicweb:eq:Dq-def' on page 158 undefined on input l
ine 10649.

[158]

LaTeX Warning: Reference `dyadicq:eq:qdiff-top-coeff' on page 159 undefined on 
input line 10711.


LaTeX Warning: Reference `dyadicq:eq:scaled-qdiff-characteristic' on page 159 u
ndefined on input line 10729.


LaTeX Warning: Reference `dyadicq:eq:q-leading-extractor-general' on page 159 u
ndefined on input line 10732.

[159] [160] [161] [162] [163]

LaTeX Warning: Reference `dyadicweb:thm:master-coefficient' on page 1 undefined
 on input line 11094.


LaTeX Warning: Reference `dyadicweb:prop:q-residue-extractor' on page 1 undefin
ed on input line 11098.


LaTeX Warning: Reference `dyadicweb:eq:cauchy-X' on page 164 undefined on input
 line 11114.


LaTeX Warning: Reference `dyadicweb:eq:q-node-contour' on page 164 undefined on
 input line 11114.


LaTeX Warning: Reference `dyadicweb:eq:A-refinement' on page 164 undefined on i
nput line 11145.

[164]

LaTeX Warning: Reference `dyadicweb:eq:Ck-factor-local' on page 165 undefined o
n input line 11150.


LaTeX Warning: Reference `dyadicweb:eq:A-geometric-bridge' on page 165 undefine
d on input line 11150.


LaTeX Warning: Reference `dyadicweb:eq:Rmn-def' on page 165 undefined on input 
line 11151.


LaTeX Warning: Reference `dyadicweb:eq:input-q-dyadic' on page 165 undefined on
 input line 11197.


LaTeX Warning: Reference `dyadicweb:eq:q-barycentric-normalization' on page 165
 undefined on input line 11198.


LaTeX Warning: Reference `dyadicweb:lem:Rmn-leading' on page 1 undefined on inp
ut line 11200.

[165]

LaTeX Warning: Reference `dyadicweb:sec:discrete' on page 1 undefined on input 
line 11236.


LaTeX Warning: Citation `dyadicweb:gasper2004' on page 166 undefined on input l
ine 11251.


LaTeX Warning: Citation `dyadicweb:dlmf17' on page 166 undefined on input line 
11251.

[166]

LaTeX Warning: Reference `dyadicweb:eq:T-def-local' on page 167 undefined on in
put line 11295.

[167] [168]

LaTeX Warning: Reference `dyadicweb:eq:digit-Appell' on page 169 undefined on i
nput line 11471.


LaTeX Warning: Reference `dyadicweb:eq:T-def-local' on page 169 undefined on in
put line 11510.

[169]

LaTeX Warning: Reference `dyadicweb:eq:input-moment-dyadic' on page 170 undefin
ed on input line 11545.


LaTeX Warning: Reference `dyadicweb:eq:input-q-dyadic' on page 170 undefined on
 input line 11547.


LaTeX Warning: Reference `dyadicweb:eq:digit-sparse' on page 170 undefined on i
nput line 11549.


LaTeX Warning: Reference `dyadicweb:eq:master-coefficient' on page 170 undefine
d on input line 11553.


LaTeX Warning: Reference `dyadicweb:eq:T-reduction-local' on page 170 undefined
 on input line 11554.

[170]

LaTeX Warning: Reference `dyadicweb:eq:shifted-total-error' on page 171 undefin
ed on input line 11605.


LaTeX Warning: Reference `dyadicweb:thm:D-error' on page 1 undefined on input l
ine 11605.


LaTeX Warning: Reference `dyadicweb:cor:D-Q-decay' on page 1 undefined on input
 line 11606.


LaTeX Warning: Reference `dyadicweb:eq:centered-global-error-input' on page 171
 undefined on input line 11607.


LaTeX Warning: Reference `dyadicweb:eq:input-q-dyadic' on page 171 undefined on
 input line 11628.


LaTeX Warning: Reference `dyadicweb:eq:DnQ-local' on page 171 undefined on inpu
t line 11648.


LaTeX Warning: Reference `dyadicweb:eq:input-q-dyadic' on page 171 undefined on
 input line 11649.

[171]

LaTeX Warning: Reference `dyadicweb:eq:omega-local' on page 172 undefined on in
put line 11665.


LaTeX Warning: Reference `dyadicweb:eq:DnQ-local' on page 172 undefined on inpu
t line 11674.


LaTeX Warning: Reference `dyadicweb:eq:Wn-product' on page 172 undefined on inp
ut line 11716.


LaTeX Warning: Reference `dyadicweb:eq:Wn-product' on page 172 undefined on inp
ut line 11721.


LaTeX Warning: Reference `dyadicweb:eq:Wn-roots' on page 172 undefined on input
 line 11723.

[172]

LaTeX Warning: Reference `dyadicweb:eq:Wn-roots' on page 173 undefined on input
 line 11757.


LaTeX Warning: Reference `dyadicweb:eq:D-toeplitz-local' on page 173 undefined 
on input line 11771.


LaTeX Warning: Reference `dyadicweb:eq:Wn-product' on page 173 undefined on inp
ut line 11771.

[173]

LaTeX Warning: Reference `dyadicweb:eq:model-errors' on page 174 undefined on i
nput line 11818.


LaTeX Warning: Reference `dyadicweb:eq:DnQ-limit-local' on page 174 undefined o
n input line 11824.


LaTeX Warning: Reference `dyadicweb:eq:shifted-total-error' on page 174 undefin
ed on input line 11848.


LaTeX Warning: Reference `dyadicweb:eq:D-toeplitz-local' on page 174 undefined 
on input line 11849.


LaTeX Warning: Reference `dyadicweb:eq:Wn-weighted-variation' on page 174 undef
ined on input line 11857.


LaTeX Warning: Reference `dyadicweb:prop:finite-Q-invariance' on page 1 undefin
ed on input line 11880.

[174]

LaTeX Warning: Reference `dyadicweb:eq:DnQ-local' on page 175 undefined on inpu
t line 11903.


LaTeX Warning: Reference `dyadicweb:eq:synchronized-exact' on page 175 undefine
d on input line 11925.


LaTeX Warning: Reference `dyadicweb:eq:input-q-dyadic' on page 175 undefined on
 input line 11926.


LaTeX Warning: Reference `dyadicweb:eq:synchronized-error' on page 175 undefine
d on input line 11928.


LaTeX Warning: Reference `dyadicweb:eq:input-moment-dyadic' on page 175 undefin
ed on input line 11931.


LaTeX Warning: Reference `dyadicweb:eq:DnQ-local' on page 175 undefined on inpu
t line 11944.


LaTeX Warning: Reference `dyadicweb:thm:D-error' on page 1 undefined on input l
ine 11945.

[175]

LaTeX Warning: Reference `dyadicweb:thm:dyadic-stabilization' on page 1 undefin
ed on input line 11974.


LaTeX Warning: Reference `dyadicweb:prop:finite-Q-invariance' on page 1 undefin
ed on input line 11976.


LaTeX Warning: Reference `dyadicweb:eq:global-q-series-local' on page 176 undef
ined on input line 11980.


LaTeX Warning: Reference `dyadicweb:eq:DnQ-limit-local' on page 176 undefined o
n input line 11981.


LaTeX Warning: Reference `dyadicweb:tab:row-constants' on page 1 undefined on i
nput line 12019.

[176]

LaTeX Warning: Reference `dyadicweb:eq:chain-coefficient' on page 177 undefined
 on input line 12069.


LaTeX Warning: Reference `dyadicweb:eq:chain-moment' on page 177 undefined on i
nput line 12070.


LaTeX Warning: Reference `dyadicweb:eq:chain-q' on page 177 undefined on input 
line 12071.


LaTeX Warning: Reference `dyadicweb:eq:chain-moment-spline' on page 177 undefin
ed on input line 12072.


LaTeX Warning: Reference `dyadicweb:eq:chain-binary' on page 177 undefined on i
nput line 12073.


LaTeX Warning: Reference `dyadicweb:eq:chain-q-spline' on page 177 undefined on
 input line 12074.

[177]

LaTeX Warning: Reference `dyadicweb:eq:master-coefficient' on page 178 undefine
d on input line 12102.


LaTeX Warning: Reference `dyadicweb:eq:F-five-sixteen' on page 178 undefined on
 input line 12103.


LaTeX Warning: Reference `dyadicweb:eq:moment-corrected-spline' on page 178 und
efined on input line 12114.


LaTeX Warning: Reference `dyadicweb:eq:chain-q-spline' on page 178 undefined on
 input line 12155.

[178] [179]
Underfull \hbox (badness 4505) in paragraph at lines 12289--12289
\T1/LibertinusSerif-TLF/m/n/10 (+20) in-ter-po-la-tion weights, not mys-te-ri-o
us
 []


Underfull \hbox (badness 3780) in paragraph at lines 12289--12289
[]|\T1/LibertinusSerif-TLF/m/n/10 (+20) Approximate ar-bi-trary $\OML/cmm/m/it/
10 x$
 []


Underfull \hbox (badness 10000) in paragraph at lines 12289--12289
[]|\T1/LibertinusSerif-TLF/m/n/10 (+20) Accelerate arbitrary-
 []


Underfull \hbox (badness 7759) in paragraph at lines 12289--12289
\T1/LibertinusSerif-TLF/m/n/10 (+20) argument spline con-ver-
 []


LaTeX Warning: Reference `dyadicweb:eq:d-recurrence-companion' on page 180 unde
fined on input line 12301.


LaTeX Warning: Reference `dyadicweb:eq:Appell-definition' on page 180 undefined
 on input line 12302.


LaTeX Warning: Reference `dyadicweb:eq:digit-Appell' on page 180 undefined on i
nput line 12303.


LaTeX Warning: Reference `dyadicweb:eq:digit-Appell-tail' on page 180 undefined
 on input line 12309.


LaTeX Warning: Reference `dyadicq:eq:raw-q-Appell' on page 180 undefined on inp
ut line 12311.


LaTeX Warning: Reference `dyadicweb:eq:d-recurrence-companion' on page 180 unde
fined on input line 12317.


LaTeX Warning: Reference `dyadicweb:eq:d-moment-prefix' on page 180 undefined o
n input line 12318.

[180]

LaTeX Warning: Reference `dyadicweb:sec:discrete' on page 1 undefined on input 
line 12386.

[181]

LaTeX Warning: Reference `dyadicweb:eq:T-def-local' on page 182 undefined on in
put line 12400.


Underfull \hbox (badness 10000) in alignment at lines 12426--12430
[] []
 []


Underfull \hbox (badness 10000) in alignment at lines 12430--12434
[] []
 []


LaTeX Warning: Reference `dyadicq:rem:scaled-qdiff' on page 1 undefined on inpu
t line 12465.


Underfull \hbox (badness 1502) in paragraph at lines 12472--12473
[]|\T1/LibertinusSerif-TLF/m/n/10 (+20) Scalar nor-mal-iza-tions, real/complex 
trans-lated forms, and the
 []


Underfull \hbox (badness 10000) in alignment at lines 12434--12483
[] []
 []


ignored: Infinite glue shrinkage found in box being split [182]
ignored: Infinite glue shrinkage f
ound in box being split [183]
ignored: Infinite glue shrinkage found in box being split [
184]
ignored: Infinite glue shrinkage found in box being split [185]
ignored: Infinite glue shrinka
ge found in box being split [186]
ignored: Infinite glue shrinkage found in box being spl
it [187]

LaTeX Warning: Reference `dyadicweb:eq:expectation-Y' on page 188 undefined on 
input line 12490.


LaTeX Warning: Reference `dyadicweb:eq:cauchy-X' on page 188 undefined on input
 line 12490.


LaTeX Warning: Reference `dyadicweb:eq:q-node-contour' on page 188 undefined on
 input line 12490.


LaTeX Warning: Reference `dyadicweb:eq:moment-corrected-spline' on page 188 und
efined on input line 12493.


LaTeX Warning: Reference `dyadicweb:eq:reciprocal-spline' on page 188 undefined
 on input line 12493.


LaTeX Warning: Reference `dyadicweb:eq:D-error' on page 188 undefined on input 
line 12496.


LaTeX Warning: Reference `dyadicweb:eq:shifted-spline-bound-local' on page 188 
undefined on input line 12498.

[188] [189]

LaTeX Warning: Reference `part:dyadicweb' on page 1 undefined on input line 126
34.

[190

]

LaTeX Warning: Reference `dyadicasym:sec:coefficient-saddle' on page 1 undefine
d on input line 12735.

[191]

LaTeX Warning: Reference `dyadicasym:thm:headline' on page 1 undefined on input
 line 12785.


LaTeX Warning: Reference `part:dyadicweb' on page 1 undefined on input line 127
99.


LaTeX Warning: Reference `dyadicweb:eq:inverse-dyadic-input' on page 192 undefi
ned on input line 12811.


LaTeX Warning: Reference `dyadicweb:eq:A-product' on page 192 undefined on inpu
t line 12812.


LaTeX Warning: Reference `dyadicweb:eq:A-refinement' on page 192 undefined on i
nput line 12812.


LaTeX Warning: Reference `dyadicweb:eq:d-recurrence-companion' on page 192 unde
fined on input line 12815.


LaTeX Warning: Reference `dyadicweb:eq:ordered-composition' on page 192 undefin
ed on input line 12816.


LaTeX Warning: Reference `dyadicweb:eq:q-barycentric-normalization' on page 192
 undefined on input line 12817.


LaTeX Warning: Reference `dyadicweb:eq:master-coefficient' on page 192 undefine
d on input line 12818.

[192]

LaTeX Warning: Reference `dyadicweb:sec:q-extraction' on page 1 undefined on in
put line 12835.


LaTeX Warning: Reference `dyadicasym:eq:F-an' on page 193 undefined on input li
ne 12843.


LaTeX Warning: Reference `dyadicasym:eq:A-product' on page 193 undefined on inp
ut line 12880.

[193]

LaTeX Warning: Reference `dyadicasym:eq:P-report' on page 194 undefined on inpu
t line 12931.


LaTeX Warning: Reference `dyadicasym:eq:Lambda-dilation' on page 194 undefined 
on input line 12935.


LaTeX Warning: Reference `dyadicasym:eq:Lambda-periodic' on page 194 undefined 
on input line 12936.


LaTeX Warning: Reference `dyadicasym:eq:Psi-intro' on page 194 undefined on inp
ut line 12946.


LaTeX Warning: Reference `dyadicasym:eq:CF-intro' on page 194 undefined on inpu
t line 12964.

[194]

LaTeX Warning: Reference `dyadicasym:eq:Lambda-periodic' on page 195 undefined 
on input line 13026.


LaTeX Warning: Reference `dyadicasym:eq:Rn-bound' on page 195 undefined on inpu
t line 13028.


LaTeX Warning: Reference `dyadicasym:eq:dn-B-second' on page 195 undefined on i
nput line 13042.


LaTeX Warning: Reference `dyadicasym:eq:log-d-transfer' on page 195 undefined o
n input line 13051.

[195]

LaTeX Warning: Reference `dyadicasym:eq:Lambda-periodic' on page 196 undefined 
on input line 13062.


LaTeX Warning: Reference `dyadicasym:eq:qprime' on page 196 undefined on input 
line 13071.


LaTeX Warning: Reference `dyadicasym:eq:qsecond' on page 196 undefined on input
 line 13071.


Underfull \hbox (badness 2343) in paragraph at lines 13077--13080
\T1/LibertinusSerif-TLF/m/n/10.95 (+20) This can-cel-la-tion is the an-a-lytic 
rea-son that the first non-pe-ri-odic end-point cor-rec-tion is
 []


LaTeX Warning: Reference `dyadicasym:eq:Lambda-periodic' on page 196 undefined 
on input line 13081.


LaTeX Warning: Reference `dyadicasym:eq:cumulant-expansion' on page 196 undefin
ed on input line 13081.


LaTeX Warning: Reference `dyadicasym:eq:log-d-transfer' on page 196 undefined o
n input line 13082.


LaTeX Warning: Reference `dyadicasym:eq:dn-logphase' on page 196 undefined on i
nput line 13095.


LaTeX Warning: Reference `dyadicasym:eq:log-F-exact' on page 196 undefined on i
nput line 13096.


LaTeX Warning: Reference `dyadicasym:eq:F-periodic-derivative' on page 196 unde
fined on input line 13103.


LaTeX Warning: Citation `dyadicasym:corless1996' on page 196 undefined on input
 line 13117.


LaTeX Warning: Reference `dyadicasym:eq:lambda-n-intro' on page 196 undefined o
n input line 13117.

[196]

LaTeX Warning: Reference `dyadicasym:eq:lambda-fixed' on page 197 undefined on 
input line 13141.


LaTeX Warning: Reference `dyadicasym:eq:delta-expansion' on page 197 undefined 
on input line 13156.


LaTeX Warning: Reference `dyadicasym:eq:Psi-phase-transfer' on page 197 undefin
ed on input line 13158.


LaTeX Warning: Reference `dyadicasym:eq:F-periodic-derivative' on page 197 unde
fined on input line 13159.


LaTeX Warning: Reference `dyadicasym:eq:headline-expanded' on page 197 undefine
d on input line 13159.


LaTeX Warning: Reference `dyadicasym:eq:lambda-expansion' on page 197 undefined
 on input line 13184.


LaTeX Warning: Reference `dyadicasym:eq:headline-compact' on page 197 undefined
 on input line 13190.


LaTeX Warning: Reference `dyadicasym:eq:headline-expanded' on page 197 undefine
d on input line 13190.

[197]

LaTeX Warning: Reference `dyadicasym:eq:A-reflection' on page 198 undefined on 
input line 13204.


LaTeX Warning: Reference `dyadicasym:thm:periodic-decomposition' on page 1 unde
fined on input line 13205.

[198]

LaTeX Warning: Reference `dyadicasym:eq:Cn-def' on page 199 undefined on input 
line 13263.


LaTeX Warning: Reference `dyadicasym:eq:A1-report' on page 199 undefined on inp
ut line 13286.


LaTeX Warning: Reference `dyadicasym:eq:coefficient-local-phase' on page 199 un
defined on input line 13287.


LaTeX Warning: Reference `dyadicasym:eq:headline-compact' on page 199 undefined
 on input line 13302.


LaTeX Warning: Reference `dyadicasym:eq:N-m-a' on page 199 undefined on input l
ine 13306.

[199]

LaTeX Warning: Reference `dyadicasym:eq:coefficient-local-phase' on page 200 un
defined on input line 13363.

[200]

LaTeX Warning: Reference `dyadicasym:eq:headline-expanded' on page 201 undefine
d on input line 13431.


LaTeX Warning: Reference `dyadicweb:eq:ordered-composition' on page 201 undefin
ed on input line 13436.


LaTeX Warning: Reference `dyadicasym:eq:an-asymptotic' on page 201 undefined on
 input line 13451.


LaTeX Warning: Reference `dyadicasym:eq:N-m-a' on page 201 undefined on input l
ine 13468.

[201]

LaTeX Warning: Reference `dyadicweb:eq:input-q-dyadic' on page 202 undefined on
 input line 13491.


LaTeX Warning: Reference `dyadicasym:eq:F-an' on page 202 undefined on input li
ne 13493.


ignored: Infinite glue shrinkage found in box being split [202]

LaTeX Warning: Reference `dyadicasym:eq:N-asymptotic' on page 203 undefined on 
input line 13582.


LaTeX Warning: Reference `dyadicasym:eq:headline-compact' on page 203 undefined
 on input line 13619.

[203]

LaTeX Warning: Reference `dyadicasym:eq:yn-increments' on page 204 undefined on
 input line 13648.


LaTeX Warning: Reference `dyadicasym:eq:headline-expanded' on page 204 undefine
d on input line 13652.


LaTeX Warning: Reference `dyadicasym:eq:headline-compact' on page 204 undefined
 on input line 13677.


LaTeX Warning: Reference `dyadicweb:eq:input-q-dyadic' on page 204 undefined on
 input line 13685.


LaTeX Warning: Reference `dyadicasym:eq:general-x-main' on page 204 undefined o
n input line 13687.

[204]

LaTeX Warning: Reference `dyadicweb:eq:d-recurrence-companion' on page 205 unde
fined on input line 13707.


LaTeX Warning: Reference `dyadicasym:eq:first-correction-dyadic' on page 205 un
defined on input line 13747.

[205] [206]

LaTeX Warning: Citation `dyadicasym:proveit2026' on page 207 undefined on input
 line 13806.


LaTeX Warning: Reference `dyadicweb:sec:q-extraction' on page 1 undefined on in
put line 13831.


LaTeX Warning: Reference `dyadicasym:sec:coefficient-saddle' on page 1 undefine
d on input line 13870.

[207

] [208]

LaTeX Warning: Reference `dyadicasym:eq:lambda-fixed-app' on page 209 undefined
 on input line 13949.


LaTeX Warning: Reference `dyadicasym:eq:lambda-expansion' on page 209 undefined
 on input line 13955.


LaTeX Warning: Reference `dyadicasym:eq:lambda-ansatz' on page 209 undefined on
 input line 13962.


LaTeX Warning: Reference `dyadicasym:eq:c1-c2' on page 209 undefined on input l
ine 13962.


LaTeX Warning: Reference `dyadicasym:eq:H-expanded' on page 209 undefined on in
put line 13969.


LaTeX Warning: Reference `dyadicasym:eq:compact-to-expanded' on page 209 undefi
ned on input line 13971.


LaTeX Warning: Reference `dyadicasym:tab:numerics' on page 1 undefined on input
 line 13976.

[209

]

LaTeX Warning: Reference `dyadicasym:eq:P-mean' on page 210 undefined on input 
line 14008.


LaTeX Warning: Reference `dyadicasym:eq:Psi-Fourier-report' on page 210 undefin
ed on input line 14010.


LaTeX Warning: Reference `dyadicasym:eq:Mn' on page 210 undefined on input line
 14012.


LaTeX Warning: Reference `dyadicasym:eq:A1-report' on page 210 undefined on inp
ut line 14013.


Package longtable Warning: Column widths have changed
(longtable)                in table 21 on input line 14049.

[210] [211]

LaTeX Warning: Citation `tmrates:reshetnikovExposition' on page 212 undefined o
n input line 14220.

[212

]

LaTeX Warning: Citation `tmrates:proveit' on page 213 undefined on input line 1
4279.

[213]

LaTeX Warning: Reference `tmrates:eq:prefix-generating' on page 214 undefined o
n input line 14342.

[214]

LaTeX Warning: Reference `tmrates:eq:coefficient-bridge' on page 215 undefined 
on input line 14381.


LaTeX Warning: Reference `tmrates:eq:qualitative-W' on page 215 undefined on in
put line 14399.


LaTeX Warning: Reference `tmrates:eq:Pn' on page 215 undefined on input line 14
408.


LaTeX Warning: Reference `tmrates:eq:atomic-law' on page 215 undefined on input
 line 14409.

[215]

LaTeX Warning: Reference `tmrates:eq:rn' on page 216 undefined on input line 14
467.


LaTeX Warning: Reference `tmrates:eq:vn' on page 216 undefined on input line 14
469.


LaTeX Warning: Reference `tmrates:eq:tail-convolution' on page 216 undefined on
 input line 14492.


LaTeX Warning: Reference `tmrates:eq:heuristic-leading' on page 216 undefined o
n input line 14500.

[216]

LaTeX Warning: Reference `tmrates:eq:lattice-inversion' on page 217 undefined o
n input line 14533.


LaTeX Warning: Reference `tmrates:eq:Hn' on page 217 undefined on input line 14
537.


LaTeX Warning: Reference `tmrates:eq:lattice-inversion' on page 217 undefined o
n input line 14537.


LaTeX Warning: Reference `tmrates:eq:infinite-cosine' on page 217 undefined on 
input line 14547.


LaTeX Warning: Reference `tmrates:eq:finite-cosine' on page 217 undefined on in
put line 14548.


LaTeX Warning: Reference `tmrates:eq:sharp-derivatives' on page 217 undefined o
n input line 14582.

[217]

LaTeX Warning: Reference `tmrates:eq:Hn-inversion' on page 218 undefined on inp
ut line 14638.


LaTeX Warning: Reference `tmrates:eq:Rn' on page 218 undefined on input line 14
638.


LaTeX Warning: Reference `tmrates:eq:Rn-expansion' on page 218 undefined on inp
ut line 14639.


LaTeX Warning: Reference `tmrates:eq:Rn-global-bound' on page 218 undefined on 
input line 14644.


LaTeX Warning: Reference `tmrates:eq:fourier-rapid' on page 218 undefined on in
put line 14645.


LaTeX Warning: Reference `tmrates:eq:alpha-n' on page 218 undefined on input li
ne 14660.


LaTeX Warning: Reference `tmrates:eq:beta-n' on page 218 undefined on input lin
e 14660.


LaTeX Warning: Reference `tmrates:eq:center-expansion' on page 218 undefined on
 input line 14661.


LaTeX Warning: Reference `tmrates:eq:sharp-derivatives' on page 218 undefined o
n input line 14662.


LaTeX Warning: Reference `tmrates:eq:center-leading' on page 218 undefined on i
nput line 14662.


LaTeX Warning: Reference `tmrates:eq:heuristic-leading' on page 218 undefined o
n input line 14670.

[218]

LaTeX Warning: Reference `tmrates:eq:center-leading' on page 219 undefined on i
nput line 14695.

[219]

LaTeX Warning: Reference `tmrates:eq:cardinal-average' on page 220 undefined on
 input line 14787.


LaTeX Warning: Reference `tmrates:eq:cardinal-second-moment' on page 220 undefi
ned on input line 14788.


LaTeX Warning: Reference `tmrates:eq:center-leading' on page 220 undefined on i
nput line 14818.

[220]

LaTeX Warning: Reference `tmrates:eq:center-leading' on page 221 undefined on i
nput line 14841.


LaTeX Warning: Reference `tmrates:eq:hist-sharp' on page 221 undefined on input
 line 14867.


LaTeX Warning: Reference `tmrates:eq:An' on page 221 undefined on input line 14
889.


LaTeX Warning: Reference `tmrates:eq:rn' on page 221 undefined on input line 14
902.

[221]

LaTeX Warning: Reference `tmrates:eq:center-leading' on page 222 undefined on i
nput line 14936.


LaTeX Warning: Reference `tmrates:eq:floor-first' on page 222 undefined on inpu
t line 14939.


LaTeX Warning: Reference `tmrates:eq:floor-second' on page 222 undefined on inp
ut line 14941.


LaTeX Warning: Reference `tmrates:eq:effective-center-bound' on page 222 undefi
ned on input line 14977.


LaTeX Warning: Reference `tmrates:eq:effective-uniform-profile-bound' on page 2
22 undefined on input line 14981.

Package pgfplots info on input line 15014: Using 'lua backend=false' for axis: 
ymode=log unsupported (yet).

LaTeX Warning: Reference `tmrates:eq:binary-phase-expansion' on page 222 undefi
ned on input line 15046.


LaTeX Warning: Reference `tmrates:eq:binary-phase-expansion' on page 222 undefi
ned on input line 15046.

[222]

LaTeX Warning: Reference `tmrates:eq:delta' on page 223 undefined on input line
 15070.


LaTeX Warning: Reference `tmrates:eq:floor-first' on page 223 undefined on inpu
t line 15075.


LaTeX Warning: Reference `tmrates:eq:floor-profile' on page 223 undefined on in
put line 15076.


LaTeX Warning: Reference `tmrates:eq:floor-sharp' on page 223 undefined on inpu
t line 15077.

[223]

LaTeX Warning: Reference `tmrates:eq:zero-run-boundary' on page 224 undefined o
n input line 15116.


LaTeX Warning: Reference `tmrates:eq:floor-sharp' on page 224 undefined on inpu
t line 15121.


LaTeX Warning: Reference `tmrates:eq:midpoint-band' on page 224 undefined on in
put line 15154.


LaTeX Warning: Reference `tmrates:eq:coefficient-bridge' on page 224 undefined 
on input line 15167.


LaTeX Warning: Reference `tmrates:eq:An' on page 224 undefined on input line 15
167.


LaTeX Warning: Reference `tmrates:eq:midpoint-exact' on page 224 undefined on i
nput line 15168.


LaTeX Warning: Reference `tmrates:eq:midpoint-exact' on page 224 undefined on i
nput line 15210.

[224]

LaTeX Warning: Reference `tmrates:eq:center-expansion' on page 225 undefined on
 input line 15228.


LaTeX Warning: Reference `tmrates:eq:corrected-grid' on page 225 undefined on i
nput line 15244.

[225]

LaTeX Warning: Reference `tmrates:eq:center-expansion' on page 226 undefined on
 input line 15269.


LaTeX Warning: Reference `tmrates:eq:corrected-grid' on page 226 undefined on i
nput line 15275.


LaTeX Warning: Reference `tmrates:eq:second-difference-expansion' on page 226 u
ndefined on input line 15276.


LaTeX Warning: Reference `tmrates:eq:accelerated-profile' on page 226 undefined
 on input line 15285.


LaTeX Warning: Reference `tmrates:eq:sharp-derivatives' on page 226 undefined o
n input line 15285.


LaTeX Warning: Reference `tmrates:eq:all-orders' on page 226 undefined on input
 line 15292.

[226]

LaTeX Warning: Reference `tmrates:eq:center' on page 227 undefined on input lin
e 15351.


LaTeX Warning: Reference `tmrates:eq:corrected-grid' on page 227 undefined on i
nput line 15354.


LaTeX Warning: Reference `tmrates:lem:lattice-inversion' on page 1 undefined on
 input line 15365.


LaTeX Warning: Reference `tmrates:eq:Xn' on page 227 undefined on input line 15
368.


LaTeX Warning: Reference `tmrates:eq:finite-cosine' on page 227 undefined on in
put line 15368.


LaTeX Warning: Reference `tmrates:eq:Tn' on page 227 undefined on input line 15
369.


LaTeX Warning: Reference `tmrates:eq:rn' on page 227 undefined on input line 15
370.


LaTeX Warning: Reference `tmrates:eq:vn' on page 227 undefined on input line 15
370.


LaTeX Warning: Reference `tmrates:eq:alpha-n' on page 227 undefined on input li
ne 15371.


LaTeX Warning: Reference `tmrates:eq:beta-n' on page 227 undefined on input lin
e 15371.


LaTeX Warning: Reference `tmrates:eq:center-leading' on page 227 undefined on i
nput line 15380.


LaTeX Warning: Reference `tmrates:eq:lambda-drift' on page 227 undefined on inp
ut line 15382.


LaTeX Warning: Reference `tmrates:eq:floor-first' on page 227 undefined on inpu
t line 15383.


LaTeX Warning: Reference `tmrates:thm:midpoint-exact' on page 1 undefined on in
put line 15384.

[227] [228]

LaTeX Warning: Reference `tmrates:eq:midpoint-exact' on page 229 undefined on i
nput line 15463.

Package microtype Info: Loading generic protrusion settings for font family
(microtype)             `cmtt' (encoding: OT1).
(microtype)             For optimal results, create family-specific settings.
(microtype)             See the microtype manual for details.
[229

] [230]
LaTeX Font Info:    Font shape `T1/LibertinusSerif-TLF/m/sc' will be
(Font)              scaled to size 10.0pt on input line 15588.
 [231

]

LaTeX Warning: Reference `inverse:tab:audit' on page 1 undefined on input line 
15625.


ignored: Infinite glue shrinkage found in box being split [232]

LaTeX Warning: Reference `inverse:sec:coefficient-formulas' on page 1 undefined
 on input line 15674.


LaTeX Warning: Reference `inverse:sec:inverse-calculus' on page 1 undefined on 
input line 15674.


LaTeX Warning: Reference `inverse:cor:A-structure' on page 1 undefined on input
 line 15711.


LaTeX Warning: Reference `inverse:sec:coefficient-formulas' on page 1 undefined
 on input line 15712.


LaTeX Warning: Reference `inverse:sec:closed-jets' on page 1 undefined on input
 line 15712.

[233]

LaTeX Warning: Reference `inverse:eq:d-from-p' on page 234 undefined on input l
ine 15734.

[234] [235]

LaTeX Warning: Reference `inverse:thm:inverse-package' on page 1 undefined on i
nput line 15891.

[236]

LaTeX Warning: Reference `inverse:eq:inverse-effective' on page 237 undefined o
n input line 15980.


LaTeX Warning: Reference `inverse:eq:inverse-sharp' on page 237 undefined on in
put line 15981.


LaTeX Warning: Reference `inverse:eq:inv-le' on page 237 undefined on input lin
e 15984.


LaTeX Warning: Reference `inverse:eq:inverse-sharp' on page 1 undefined on inpu
t line 16002.


LaTeX Warning: Reference `inverse:eq:inverse-effective' on page 1 undefined on 
input line 16002.

[237]

LaTeX Warning: Reference `inverse:thm:effective-linear' on page 1 undefined on 
input line 16058.


LaTeX Warning: Reference `inverse:eq:inv-reflection' on page 238 undefined on i
nput line 16064.


LaTeX Warning: Reference `inverse:eq:root-effective' on page 1 undefined on inp
ut line 16094.

[238]

LaTeX Warning: Reference `inverse:eq:Fprime-up' on page 239 undefined on input 
line 16135.


LaTeX Warning: Reference `inverse:eq:Fprime-up' on page 239 undefined on input 
line 16139.


LaTeX Warning: Reference `inverse:eq:Gprime' on page 239 undefined on input lin
e 16140.


LaTeX Warning: Reference `inverse:eq:Gprime' on page 239 undefined on input lin
e 16173.


LaTeX Warning: Reference `inverse:eq:Gprime' on page 239 undefined on input lin
e 16178.


LaTeX Warning: Reference `inverse:eq:Gsecond' on page 239 undefined on input li
ne 16178.


LaTeX Warning: Reference `inverse:eq:Gprime' on page 239 undefined on input lin
e 16202.


LaTeX Warning: Reference `inverse:eq:Gsecond' on page 239 undefined on input li
ne 16204.

[239]
LaTeX Font Info:    Font shape `T1/LibertinusMono-TLF/m/it' will be
(Font)              scaled to size 9.30756pt on input line 16219.
Package microtype Info: Character `guilsinglleft ' is missing
(microtype)             in font `T1/LibertinusMono-TLF/m/it/10.95'.
(microtype)             Ignoring protrusion settings for this character.
Package microtype Info: Character `guilsinglright ' is missing
(microtype)             in font `T1/LibertinusMono-TLF/m/it/10.95'.
(microtype)             Ignoring protrusion settings for this character.


LaTeX Warning: Reference `inverse:eq:Gprime' on page 240 undefined on input lin
e 16240.


LaTeX Warning: Reference `inverse:thm:inverse-quotient' on page 1 undefined on 
input line 16254.


LaTeX Warning: Reference `inverse:thm:inverse-calculus' on page 1 undefined on 
input line 16287.


LaTeX Warning: Reference `inverse:eq:Gprime' on page 240 undefined on input lin
e 16294.

[240]

LaTeX Warning: Reference `integration:sec:not-elementary' on page 1 undefined o
n input line 16308.


LaTeX Warning: Reference `integration:sec:elementary' on page 1 undefined on in
put line 16308.


LaTeX Warning: Reference `inverse:eq:lambert-phase' on page 241 undefined on in
put line 16344.


LaTeX Warning: Reference `dyadicasym:eq:general-x-main' on page 241 undefined o
n input line 16356.


LaTeX Warning: Reference `inverse:eq:sharp-input' on page 241 undefined on inpu
t line 16368.

[241]

LaTeX Warning: Reference `inverse:eq:T-lambda' on page 242 undefined on input l
ine 16386.


LaTeX Warning: Reference `inverse:eq:T-lambda' on page 242 undefined on input l
ine 16406.


LaTeX Warning: Reference `inverse:lem:lambda-from-T' on page 1 undefined on inp
ut line 16454.

[242]

LaTeX Warning: Reference `inverse:eq:log-sharp-inverse' on page 243 undefined o
n input line 16470.


LaTeX Warning: Reference `inverse:eq:sharp-inverse' on page 243 undefined on in
put line 16471.


LaTeX Warning: Reference `inverse:eq:inv-reflection' on page 243 undefined on i
nput line 16472.


LaTeX Warning: Reference `inverse:eq:right-inverse-asymptotic' on page 243 unde
fined on input line 16474.


LaTeX Warning: Reference `inverse:eq:T-lambda' on page 243 undefined on input l
ine 16479.


LaTeX Warning: Reference `inverse:eq:sharp-inverse' on page 243 undefined on in
put line 16483.


LaTeX Warning: Reference `inverse:eq:log-sharp-inverse' on page 243 undefined o
n input line 16500.


LaTeX Warning: Reference `inverse:eq:power-below-G' on page 243 undefined on in
put line 16505.


LaTeX Warning: Reference `inverse:eq:G-below-log' on page 243 undefined on inpu
t line 16510.

[243]

LaTeX Warning: Reference `inverse:eq:d-from-p' on page 244 undefined on input l
ine 16544.


LaTeX Warning: Reference `inverse:eq:p-recurrence' on page 244 undefined on inp
ut line 16582.


LaTeX Warning: Reference `inverse:eq:c-definition' on page 244 undefined on inp
ut line 16602.

[244]

LaTeX Warning: Reference `inverse:eq:p-closed' on page 245 undefined on input l
ine 16626.


LaTeX Warning: Reference `inverse:eq:d-closed' on page 245 undefined on input l
ine 16632.


LaTeX Warning: Reference `inverse:eq:c-definition' on page 245 undefined on inp
ut line 16661.


LaTeX Warning: Reference `inverse:eq:d-closed' on page 245 undefined on input l
ine 16686.

[245] [246]

LaTeX Warning: Reference `inverse:eq:E-closed' on page 247 undefined on input l
ine 16766.


LaTeX Warning: Reference `inverse:eq:E1' on page 247 undefined on input line 16
767.


LaTeX Warning: Reference `inverse:eq:E4' on page 247 undefined on input line 16
767.


LaTeX Warning: Reference `inverse:eq:E-closed' on page 247 undefined on input l
ine 16781.


LaTeX Warning: Reference `integration:sec:gaussian-contraction' on page 1 undef
ined on input line 16790.


LaTeX Warning: Reference `integration:sec:log-coeff' on page 1 undefined on inp
ut line 16790.


LaTeX Warning: Reference `integration:sec:exp-coeff' on page 1 undefined on inp
ut line 16790.


LaTeX Warning: Reference `integration:sec:exp-coeff' on page 1 undefined on inp
ut line 16813.

[247]

LaTeX Warning: Reference `inverse:cor:exp-composition' on page 1 undefined on i
nput line 16828.


LaTeX Warning: Reference `inverse:cor:E-parity' on page 1 undefined on input li
ne 16845.


LaTeX Warning: Reference `inverse:cor:B-parity' on page 1 undefined on input li
ne 16870.


LaTeX Warning: Reference `inverse:cor:exp-composition' on page 1 undefined on i
nput line 16893.


LaTeX Warning: Reference `inverse:eq:mass-composition' on page 248 undefined on
 input line 16909.


LaTeX Warning: Reference `inverse:eq:mass-composition' on page 248 undefined on
 input line 16914.

[248]

LaTeX Warning: Reference `integration:sec:log-coeff' on page 1 undefined on inp
ut line 16943.


LaTeX Warning: Reference `inverse:cor:log-composition' on page 1 undefined on i
nput line 16958.


LaTeX Warning: Reference `inverse:eq:A-recursion' on page 249 undefined on inpu
t line 16977.


LaTeX Warning: Reference `inverse:eq:E-closed' on page 249 undefined on input l
ine 17003.

[249]

LaTeX Warning: Reference `inverse:eq:top-jet-coefficient' on page 250 undefined
 on input line 17012.


LaTeX Warning: Reference `inverse:eq:A-recursion' on page 250 undefined on inpu
t line 17014.


LaTeX Warning: Reference `inverse:cor:jet-structure' on page 1 undefined on inp
ut line 17018.


LaTeX Warning: Reference `inverse:eq:highest-derivative' on page 250 undefined 
on input line 17020.


LaTeX Warning: Reference `inverse:eq:E2' on page 1 undefined on input line 1703
5.


LaTeX Warning: Reference `inverse:eq:E1' on page 1 undefined on input line 1703
5.


LaTeX Warning: Reference `inverse:eq:d1-explicit' on page 1 undefined on input 
line 17057.


LaTeX Warning: Reference `inverse:eq:d0-explicit' on page 1 undefined on input 
line 17057.


LaTeX Warning: Reference `inverse:eq:B-recursion' on page 250 undefined on inpu
t line 17070.


LaTeX Warning: Reference `inverse:eq:E4' on page 1 undefined on input line 1707
1.


LaTeX Warning: Reference `inverse:eq:E3' on page 1 undefined on input line 1707
1.


LaTeX Warning: Reference `inverse:eq:E2' on page 1 undefined on input line 1707
1.


LaTeX Warning: Reference `inverse:eq:E1' on page 1 undefined on input line 1707
1.

[250]

LaTeX Warning: Reference `inverse:eq:B4-identity' on page 251 undefined on inpu
t line 17101.


LaTeX Warning: Reference `inverse:eq:B4-polynomial' on page 251 undefined on in
put line 17124.


LaTeX Warning: Reference `inverse:eq:B4-polynomial' on page 251 undefined on in
put line 17140.


LaTeX Warning: Reference `inverse:eq:B4-polynomial' on page 251 undefined on in
put line 17155.

[251]

LaTeX Warning: Reference `inverse:eq:A1-jets' on page 252 undefined on input li
ne 17200.


LaTeX Warning: Reference `inverse:eq:a2' on page 252 undefined on input line 17
200.


LaTeX Warning: Reference `inverse:eq:A2' on page 252 undefined on input line 17
203.


LaTeX Warning: Reference `inverse:eq:two-correction-expansion' on page 252 unde
fined on input line 17223.


LaTeX Warning: Reference `inverse:eq:lambert-phase' on page 252 undefined on in
put line 17244.

[252]

LaTeX Warning: Reference `inverse:eq:E-closed' on page 253 undefined on input l
ine 17342.

[253]

LaTeX Warning: Reference `inverse:lem:central-scale' on page 1 undefined on inp
ut line 17376.


LaTeX Warning: Reference `inverse:eq:R-formal' on page 254 undefined on input l
ine 17386.


LaTeX Warning: Reference `inverse:prop:exp-recursion' on page 1 undefined on in
put line 17397.


LaTeX Warning: Reference `inverse:prop:exponent-truncation' on page 1 undefined
 on input line 17413.

[254]

LaTeX Warning: Reference `inverse:eq:central-reference-error' on page 255 undef
ined on input line 17437.


LaTeX Warning: Reference `inverse:cor:B-parity' on page 1 undefined on input li
ne 17442.


LaTeX Warning: Reference `inverse:lem:gaussian-polynomial-tail' on page 1 undef
ined on input line 17480.


LaTeX Warning: Reference `inverse:prop:finite-exp-substitution' on page 1 undef
ined on input line 17480.


LaTeX Warning: Reference `inverse:eq:reference-contraction' on page 255 undefin
ed on input line 17481.


LaTeX Warning: Reference `inverse:eq:central-radius' on page 255 undefined on i
nput line 17512.

[255]

LaTeX Warning: Reference `inverse:eq:central-mass-expansion' on page 256 undefi
ned on input line 17544.


LaTeX Warning: Reference `inverse:prop:minor-arcs' on page 1 undefined on input
 line 17545.


LaTeX Warning: Reference `inverse:eq:mass-all-orders' on page 256 undefined on 
input line 17564.


LaTeX Warning: Reference `inverse:eq:mass-all-orders' on page 256 undefined on 
input line 17568.


LaTeX Warning: Reference `inverse:eq:A-compositions' on page 256 undefined on i
nput line 17570.


LaTeX Warning: Reference `inverse:eq:A-recursion' on page 256 undefined on inpu
t line 17571.


LaTeX Warning: Reference `inverse:eq:exact-saddle-reduction' on page 256 undefi
ned on input line 17577.

[256]

LaTeX Warning: Reference `inverse:eq:exact-saddle-reduction' on page 257 undefi
ned on input line 17603.


LaTeX Warning: Reference `inverse:eq:log-mass-all-orders' on page 257 undefined
 on input line 17604.


LaTeX Warning: Reference `inverse:eq:full-all-orders' on page 257 undefined on 
input line 17608.


LaTeX Warning: Reference `inverse:eq:full-all-orders' on page 257 undefined on 
input line 17634.


LaTeX Warning: Reference `inverse:sec:closed-jets' on page 1 undefined on input
 line 17649.


LaTeX Warning: Reference `inverse:eq:lambert-phase-all-orders' on page 257 unde
fined on input line 17664.


LaTeX Warning: Reference `inverse:sec:second-correction' on page 1 undefined on
 input line 17679.


LaTeX Warning: Reference `inverse:sec:coefficient-formulas' on page 1 undefined
 on input line 17679.


LaTeX Warning: Reference `inverse:sec:closed-jets' on page 1 undefined on input
 line 17679.


LaTeX Warning: Reference `part:dyadicasym' on page 1 undefined on input line 17
679.

[257]

LaTeX Warning: Reference `inverse:eq:A2' on page 1 undefined on input line 1768
7.


LaTeX Warning: Reference `inverse:eq:A1-jets' on page 1 undefined on input line
 17687.


LaTeX Warning: Reference `inverse:thm:top-jet' on page 1 undefined on input lin
e 17720.


LaTeX Warning: Reference `inverse:thm:top-jet' on page 1 undefined on input lin
e 17724.

[258]

LaTeX Warning: Reference `smallarg:eq:mean-A2' on page 259 undefined on input l
ine 17821.

[259]

LaTeX Warning: Reference `dyadicasym:eq:Psi-Fourier-report' on page 260 undefin
ed on input line 17824.


LaTeX Warning: Reference `inverse:sec:coefficient-formulas' on page 1 undefined
 on input line 17846.


LaTeX Warning: Reference `dyadicasym:eq:Psi-Fourier-report' on page 1 undefined
 on input line 17846.


LaTeX Warning: Reference `smallarg:eq:A3psi' on page 1 undefined on input line 
17863.


LaTeX Warning: Reference `smallarg:eq:A2psi' on page 1 undefined on input line 
17863.


LaTeX Warning: Reference `smallarg:sec:numerics' on page 1 undefined on input l
ine 17870.


LaTeX Warning: Reference `inverse:thm:top-jet' on page 1 undefined on input lin
e 17893.

[260]

LaTeX Warning: Reference `smallarg:eq:amplitude' on page 1 undefined on input l
ine 17925.


LaTeX Warning: Reference `smallarg:sec:numerics' on page 1 undefined on input l
ine 17938.


LaTeX Warning: Reference `smallarg:eq:amplitude' on page 1 undefined on input l
ine 17940.


LaTeX Warning: Reference `smallarg:sec:traps' on page 1 undefined on input line
 17947.


LaTeX Warning: Reference `inverse:thm:top-jet' on page 1 undefined on input lin
e 17963.

[261]

LaTeX Warning: Reference `smallarg:sec:traps' on page 1 undefined on input line
 17992.


LaTeX Warning: Reference `smallarg:eq:A2psi' on page 1 undefined on input line 
18070.

[262]

LaTeX Warning: Reference `smallarg:eq:A4jets' on page 1 undefined on input line
 18077.


LaTeX Warning: Reference `smallarg:eq:amplitude' on page 1 undefined on input l
ine 18101.


LaTeX Warning: Reference `smallarg:eq:amplitude' on page 1 undefined on input l
ine 18103.


LaTeX Warning: Reference `smallarg:eq:A4jets' on page 1 undefined on input line
 18140.


LaTeX Warning: Reference `smallarg:sec:fourier' on page 1 undefined on input li
ne 18149.

[263]

LaTeX Warning: Reference `inverse:sec:module-concordance' on page 1 undefined o
n input line 18211.


LaTeX Warning: Reference `smallarg:sec:numerics' on page 1 undefined on input l
ine 18223.

[264]

LaTeX Warning: Reference `dyadicasym:eq:Psi-Fourier-report' on page 1 undefined
 on input line 18230.


LaTeX Warning: Reference `inverse:cor:log-composition' on page 1 undefined on i
nput line 18257.


LaTeX Warning: Reference `inverse:thm:mass-composition' on page 1 undefined on 
input line 18257.


LaTeX Warning: Reference `inverse:thm:top-jet' on page 1 undefined on input lin
e 18289.


LaTeX Warning: Reference `smallarg:sec:fourier' on page 1 undefined on input li
ne 18295.

[265]
ignored: Infinite glue shrinkage found in box being split [266] [267] [268] [269]

LaTeX Warning: Reference `inverse:eq:sharp-inverse' on page 270 undefined on in
put line 18569.


LaTeX Warning: Reference `inverse:eq:power-below-G' on page 270 undefined on in
put line 18570.


LaTeX Warning: Reference `inverse:eq:G-below-log' on page 270 undefined on inpu
t line 18570.


LaTeX Warning: Reference `inverse:eq:right-endpoint-all-orders' on page 270 und
efined on input line 18572.


LaTeX Warning: Reference `inverse:eq:lambert-phase-all-orders' on page 270 unde
fined on input line 18573.


LaTeX Warning: Reference `smallarg:eq:mean-A1' on page 270 undefined on input l
ine 18574.


LaTeX Warning: Reference `smallarg:eq:mean-A2' on page 270 undefined on input l
ine 18574.


LaTeX Warning: Reference `inverse:eq:mass-composition' on page 270 undefined on
 input line 18575.


LaTeX Warning: Reference `inverse:eq:highest-derivative' on page 270 undefined 
on input line 18577.


LaTeX Warning: Reference `smallarg:sec:numerics' on page 1 undefined on input l
ine 18584.


LaTeX Warning: Reference `smallarg:sec:fourier' on page 1 undefined on input li
ne 18584.


LaTeX Warning: Reference `inverse:sec:higher-explicit' on page 1 undefined on i
nput line 18584.

[270] [271] [272

]

LaTeX Warning: Reference `genq:sec:negative' on page 1 undefined on input line 
18735.


LaTeX Warning: Reference `genq:eq:dyadic' on page 273 undefined on input line 1
8760.


LaTeX Warning: Reference `genq:eq:dyadic' on page 273 undefined on input line 1
8799.


LaTeX Warning: Reference `genq:def:data' on page 1 undefined on input line 1880
4.


LaTeX Warning: Reference `genq:sec:negative' on page 1 undefined on input line 
18818.

[273

]

LaTeX Warning: Reference `genq:cand:main' on page 1 undefined on input line 188
23.


LaTeX Warning: Reference `genq:eq:dyadic' on page 274 undefined on input line 1
8831.


LaTeX Warning: Reference `genq:eq:general' on page 274 undefined on input line 
18832.


LaTeX Warning: Reference `genq:eq:dyadic' on page 274 undefined on input line 1
8839.


LaTeX Warning: Reference `genq:eq:general' on page 274 undefined on input line 
18852.


LaTeX Warning: Reference `genq:eq:dyadic' on page 274 undefined on input line 1
8854.


LaTeX Warning: Reference `genq:eq:general' on page 274 undefined on input line 
18867.


LaTeX Warning: Reference `genq:warn:cdf' on page 1 undefined on input line 1887
2.


LaTeX Warning: Reference `genq:eq:general' on page 274 undefined on input line 
18883.

[274]

LaTeX Warning: Reference `genq:sec:evidence' on page 1 undefined on input line 
18893.


LaTeX Warning: Reference `genq:warn:cdf' on page 1 undefined on input line 1892
7.

[275] [276

] [277] [278]

LaTeX Warning: Reference `dyadicweb:eq:centered-spline-local' on page 279 undef
ined on input line 19137.

[279] [280] [281]

LaTeX Warning: Reference `integration:eq:weighted-coordinate-sum' on page 282 u
ndefined on input line 19366.


LaTeX Warning: Reference `integration:eq:coordinate-majorant' on page 282 undef
ined on input line 19366.


LaTeX Warning: Reference `dyadicweb:tab:two-infinite' on page 1 undefined on in
put line 19369.


LaTeX Warning: Reference `dyadicweb:sec:discrete' on page 1 undefined on input 
line 19369.

[282] [283] [284] [285] [286] [287

]

Package longtable Warning: Table widths have changed. Rerun LaTeX.

(C:\Temp\pv-h32u4q_j\out\semi-formalized-research-frontiers.aux)
 ***********
LaTeX2e <2025-11-01>
L3 programming layer <2026-03-20>
 ***********


LaTeX Warning: There were undefined references.


LaTeX Warning: Label(s) may have changed. Rerun to get cross-references right.


Package rerunfilecheck Warning: File `semi-formalized-research-frontiers.out' h
as changed.
(rerunfilecheck)                Rerun to get outlines right
(rerunfilecheck)                or use package `bookmark'.

Package rerunfilecheck Info: Checksums for `semi-formalized-research-frontiers.
out':
(rerunfilecheck)             Before: <no file>
(rerunfilecheck)             After:  BA29263B1BF7F88E4389DF5E37BF3306;78635.
 ) 
Here is how much of TeX's memory you used:
 45464 strings out of 467691
 1035617 string characters out of 5414987
 2304189 words of memory out of 5000000
 71209 multiletter control sequences out of 15000+600000
 833277 words of font info for 626 fonts, out of 8000000 for 9000
 1141 hyphenation exceptions out of 8191
 99i,19n,118p,2035b,2370s stack positions out of 10000i,1000n,20000p,200000b,200000s
<C:/Users/vresh/AppData/Local/Programs/MiKTeX/fonts/type1/public/libertinus-t
ype1/LibertinusMono-Bold.pfb><C:/Users/vresh/AppData/Local/Programs/MiKTeX/font
s/type1/public/libertinus-type1/LibertinusMono-Italic.pfb><C:/Users/vresh/AppDa
ta/Local/Programs/MiKTeX/fonts/type1/public/libertinus-type1/LibertinusMono-Reg
ular.pfb><C:/Users/vresh/AppData/Local/Programs/MiKTeX/fonts/type1/public/liber
tinus-type1/LibertinusSerif-Bold.pfb><C:/Users/vresh/AppData/Local/Programs/MiK
TeX/fonts/type1/public/libertinus-type1/LibertinusSerif-Italic.pfb><C:/Users/vr
esh/AppData/Local/Programs/MiKTeX/fonts/type1/public/libertinus-type1/Libertinu
sSerif-Regular.pfb><C:/Users/vresh/AppData/Local/Programs/MiKTeX/fonts/type1/pu
blic/amsfonts/cm/cmbx10.pfb><C:/Users/vresh/AppData/Local/Programs/MiKTeX/fonts
/type1/public/amsfonts/cm/cmex10.pfb><C:/Users/vresh/AppData/Local/Programs/MiK
TeX/fonts/type1/public/amsfonts/cmextra/cmex8.pfb><C:/Users/vresh/AppData/Local
/Programs/MiKTeX/fonts/type1/public/amsfonts/cm/cmmi10.pfb><C:/Users/vresh/AppD
ata/Local/Programs/MiKTeX/fonts/type1/public/amsfonts/cm/cmmi12.pfb><C:/Users/v
resh/AppData/Local/Programs/MiKTeX/fonts/type1/public/amsfonts/cm/cmmi5.pfb><C:
/Users/vresh/AppData/Local/Programs/MiKTeX/fonts/type1/public/amsfonts/cm/cmmi6
.pfb><C:/Users/vresh/AppData/Local/Programs/MiKTeX/fonts/type1/public/amsfonts/
cm/cmmi7.pfb><C:/Users/vresh/AppData/Local/Programs/MiKTeX/fonts/type1/public/a
msfonts/cm/cmmi8.pfb><C:/Users/vresh/AppData/Local/Programs/MiKTeX/fonts/type1/
public/amsfonts/cm/cmmi9.pfb><C:/Users/vresh/AppData/Local/Programs/MiKTeX/font
s/type1/public/amsfonts/cmextra/cmmib8.pfb><C:/Users/vresh/AppData/Local/Progra
ms/MiKTeX/fonts/type1/public/amsfonts/cm/cmr10.pfb><C:/Users/vresh/AppData/Loca
l/Programs/MiKTeX/fonts/type1/public/amsfonts/cm/cmr12.pfb><C:/Users/vresh/AppD
ata/Local/Programs/MiKTeX/fonts/type1/public/amsfonts/cm/cmr5.pfb><C:/Users/vre
sh/AppData/Local/Programs/MiKTeX/fonts/type1/public/amsfonts/cm/cmr6.pfb><C:/Us
ers/vresh/AppData/Local/Programs/MiKTeX/fonts/type1/public/amsfonts/cm/cmr7.pfb
><C:/Users/vresh/AppData/Local/Programs/MiKTeX/fonts/type1/public/amsfonts/cm/c
mr8.pfb><C:/Users/vresh/AppData/Local/Programs/MiKTeX/fonts/type1/public/amsfon
ts/cm/cmr9.pfb><C:/Users/vresh/AppData/Local/Programs/MiKTeX/fonts/type1/public
/amsfonts/cm/cmss10.pfb><C:/Users/vresh/AppData/Local/Programs/MiKTeX/fonts/typ
e1/public/amsfonts/cm/cmss8.pfb><C:/Users/vresh/AppData/Local/Programs/MiKTeX/f
onts/type1/public/amsfonts/cm/cmsy10.pfb><C:/Users/vresh/AppData/Local/Programs
/MiKTeX/fonts/type1/public/amsfonts/cm/cmsy6.pfb><C:/Users/vresh/AppData/Local/
Programs/MiKTeX/fonts/type1/public/amsfonts/cm/cmsy7.pfb><C:/Users/vresh/AppDat
a/Local/Programs/MiKTeX/fonts/type1/public/amsfonts/cm/cmsy8.pfb><C:/Users/vres
h/AppData/Local/Programs/MiKTeX/fonts/type1/public/amsfonts/cm/cmsy9.pfb><C:/Us
ers/vresh/AppData/Local/Programs/MiKTeX/fonts/type1/public/amsfonts/cm/cmtt10.p
fb><C:/Users/vresh/AppData/Local/Programs/MiKTeX/fonts/type1/public/amsfonts/cm
/cmtt8.pfb><C:/Users/vresh/AppData/Local/Programs/MiKTeX/fonts/type1/public/ams
fonts/euler/eufm10.pfb><C:/Users/vresh/AppData/Local/Programs/MiKTeX/fonts/type
1/public/amsfonts/symbols/msam10.pfb><C:/Users/vresh/AppData/Local/Programs/MiK
TeX/fonts/type1/public/amsfonts/symbols/msbm10.pfb><C:/Users/vresh/AppData/Loca
l/Programs/MiKTeX/fonts/type1/public/amsfonts/symbols/msbm7.pfb><C:/Users/vresh
/AppData/Local/Programs/MiKTeX/fonts/type1/public/rsfs/rsfs10.pfb>
Output written on C:\Temp\pv-h32u4q_j\out\semi-formalized-research-frontiers.pd
f (287 pages, 2266473 bytes).
PDF statistics:
 3527 PDF objects out of 3580 (max. 8388607)
 1972 named destinations out of 2073 (max. 500000)
 111629 words of extra memory for PDF output out of 128383 (max. 10000000)

