This is pdfTeX, Version 3.141592653-2.6-1.40.29 (MiKTeX 26.2) (preloaded format=pdflatex 2026.8.15)  9 SEP 2026 12:52
entering extended mode
 file:line:error style messages enabled.
 %&-line parsing enabled.
**./q_pochhammer_q_binomial_monograph.tex
(q_pochhammer_q_binomial_monograph.tex
LaTeX2e <2025-11-01>
L3 programming layer <2026-03-20>
(C:\Users\vresh\AppData\Local\Programs\MiKTeX\tex/latex/base\book.cls
Document Class: book 2025/01/22 v1.4n Standard LaTeX document class
(C:\Users\vresh\AppData\Local\Programs\MiKTeX\tex/latex/base\bk11.clo
File: bk11.clo 2025/01/22 v1.4n Standard LaTeX file (size option)
)
\c@part=\count275
\c@chapter=\count276
\c@section=\count277
\c@subsection=\count278
\c@subsubsection=\count279
\c@paragraph=\count280
\c@subparagraph=\count281
\c@figure=\count282
\c@table=\count283
\abovecaptionskip=\skip49
\belowcaptionskip=\skip50
\bibindent=\dimen150
)
(C:\Users\vresh\AppData\Local\Programs\MiKTeX\tex/latex/base\fontenc.sty
Package: fontenc 2025/07/18 v2.1d Standard LaTeX package
)
(C:\Users\vresh\AppData\Local\Programs\MiKTeX\tex/latex/base\inputenc.sty
Package: inputenc 2024/02/08 v1.3d Input encoding file
\inpenc@prehook=\toks17
\inpenc@posthook=\toks18
)
   defining Unicode char U+2080 (decimal 8320)
   defining Unicode char U+2081 (decimal 8321)
   defining Unicode char U+2082 (decimal 8322)
   defining Unicode char U+2083 (decimal 8323)
   defining Unicode char U+2084 (decimal 8324)
   defining Unicode char U+2099 (decimal 8345)

(C:\Users\vresh\AppData\Local\Programs\MiKTeX\tex/latex/amsmath\amsmath.sty
Package: amsmath 2025/07/09 v2.17z AMS math features
\@mathmargin=\skip51

For additional information on amsmath, use the `?' option.
(C:\Users\vresh\AppData\Local\Programs\MiKTeX\tex/latex/amsmath\amstext.sty
Package: amstext 2024/11/17 v2.01 AMS text

(C:\Users\vresh\AppData\Local\Programs\MiKTeX\tex/latex/amsmath\amsgen.sty
File: amsgen.sty 1999/11/30 v2.0 generic functions
\@emptytoks=\toks19
\ex@=\dimen151
))
(C:\Users\vresh\AppData\Local\Programs\MiKTeX\tex/latex/amsmath\amsbsy.sty
Package: amsbsy 1999/11/29 v1.2d Bold Symbols
\pmbraise@=\dimen152
)
(C:\Users\vresh\AppData\Local\Programs\MiKTeX\tex/latex/amsmath\amsopn.sty
Package: amsopn 2022/04/08 v2.04 operator names
)
\inf@bad=\count284
LaTeX Info: Redefining \frac on input line 233.
\uproot@=\count285
\leftroot@=\count286
LaTeX Info: Redefining \overline on input line 398.
LaTeX Info: Redefining \colon on input line 409.
\classnum@=\count287
\DOTSCASE@=\count288
LaTeX Info: Redefining \ldots on input line 495.
LaTeX Info: Redefining \dots on input line 498.
LaTeX Info: Redefining \cdots on input line 619.
\Mathstrutbox@=\box53
\strutbox@=\box54
LaTeX Info: Redefining \big on input line 721.
LaTeX Info: Redefining \Big on input line 722.
LaTeX Info: Redefining \bigg on input line 723.
LaTeX Info: Redefining \Bigg on input line 724.
\big@size=\dimen153
LaTeX Font Info:    Redeclaring font encoding OML on input line 742.
LaTeX Font Info:    Redeclaring font encoding OMS on input line 743.
\macc@depth=\count289
LaTeX Info: Redefining \bmod on input line 904.
LaTeX Info: Redefining \pmod on input line 909.
LaTeX Info: Redefining \smash on input line 939.
LaTeX Info: Redefining \relbar on input line 969.
LaTeX Info: Redefining \Relbar on input line 970.
\c@MaxMatrixCols=\count290
\dotsspace@=\muskip17
\c@parentequation=\count291
\dspbrk@lvl=\count292
\tag@help=\toks20
\row@=\count293
\column@=\count294
\maxfields@=\count295
\andhelp@=\toks21
\eqnshift@=\dimen154
\alignsep@=\dimen155
\tagshift@=\dimen156
\tagwidth@=\dimen157
\totwidth@=\dimen158
\lineht@=\dimen159
\@envbody=\toks22
\multlinegap=\skip52
\multlinetaggap=\skip53
\mathdisplay@stack=\toks23
LaTeX Info: Redefining \[ on input line 2950.
LaTeX Info: Redefining \] on input line 2951.
)
(C:\Users\vresh\AppData\Local\Programs\MiKTeX\tex/latex/amsfonts\amssymb.sty
Package: amssymb 2013/01/14 v3.01 AMS font symbols

(C:\Users\vresh\AppData\Local\Programs\MiKTeX\tex/latex/amsfonts\amsfonts.sty
Package: amsfonts 2013/01/14 v3.01 Basic AMSFonts support
\symAMSa=\mathgroup4
\symAMSb=\mathgroup5
LaTeX Font Info:    Redeclaring math symbol \hbar on input line 98.
LaTeX Font Info:    Overwriting math alphabet `\mathfrak' in version `bold'
(Font)                  U/euf/m/n --> U/euf/b/n on input line 106.
))
(C:\Users\vresh\AppData\Local\Programs\MiKTeX\tex/latex/mathtools\mathtools.sty
Package: mathtools 2024/10/04 v1.31 mathematical typesetting tools
(C:\Users\vresh\AppData\Local\Programs\MiKTeX\tex/latex/graphics\keyval.sty
Package: keyval 2022/05/29 v1.15 key=value parser (DPC)
\KV@toks@=\toks24
)
(C:\Users\vresh\AppData\Local\Programs\MiKTeX\tex/latex/tools\calc.sty
Package: calc 2025/03/01 v4.3b Infix arithmetic (KKT,FJ)
\calc@Acount=\count296
\calc@Bcount=\count297
\calc@Adimen=\dimen160
\calc@Bdimen=\dimen161
\calc@Askip=\skip54
\calc@Bskip=\skip55
LaTeX Info: Redefining \setlength on input line 86.
LaTeX Info: Redefining \addtolength on input line 87.
\calc@Ccount=\count298
\calc@Cskip=\skip56
)
(C:\Users\vresh\AppData\Local\Programs\MiKTeX\tex/latex/mathtools\mhsetup.sty
Package: mhsetup 2021/03/18 v1.4 programming setup (MH)
)
\g_MT_multlinerow_int=\count299
\l_MT_multwidth_dim=\dimen162
\origjot=\skip57
\l_MT_shortvdotswithinadjustabove_dim=\dimen163
\l_MT_shortvdotswithinadjustbelow_dim=\dimen164
\l_MT_above_intertext_sep=\dimen165
\l_MT_below_intertext_sep=\dimen166
\l_MT_above_shortintertext_sep=\dimen167
\l_MT_below_shortintertext_sep=\dimen168
\xmathstrut@box=\box55
\xmathstrut@dim=\dimen169
) (C:\Users\vresh\AppData\Local\Programs\MiKTeX\tex/latex/amscls\amsthm.sty
Package: amsthm 2020/05/29 v2.20.6
\thm@style=\toks25
\thm@bodyfont=\toks26
\thm@headfont=\toks27
\thm@notefont=\toks28
\thm@headpunct=\toks29
\thm@preskip=\skip58
\thm@postskip=\skip59
\thm@headsep=\skip60
\dth@everypar=\toks30
)
(C:\Users\vresh\AppData\Local\Programs\MiKTeX\tex/latex/jknappen\mathrsfs.sty
Package: mathrsfs 1996/01/01 Math RSFS package v1.0 (jk)
\symrsfs=\mathgroup6
)
(../../../../fabius-notation.tex)
(C:\Users\vresh\AppData\Local\Programs\MiKTeX\tex/latex/libertinus\libertinus.s
ty
Package: libertinus 2020/05/06 v. 0.02 (Herbert Voss) Supports libertinus fonts
 for pdflatex/lualatex/xelatex
 (C:\Users\vresh\AppData\Local\Programs\MiKTeX\tex/generic/iftex\iftex.sty
Package: iftex 2024/12/12 v1.0g TeX engine tests
)
(C:\Users\vresh\AppData\Local\Programs\MiKTeX\tex/latex/xkeyval\xkeyval.sty
Package: xkeyval 2022/06/16 v2.9 package option processing (HA)

(C:\Users\vresh\AppData\Local\Programs\MiKTeX\tex/generic/xkeyval\xkeyval.tex
(C:\Users\vresh\AppData\Local\Programs\MiKTeX\tex/generic/xkeyval\xkvutils.tex
\XKV@toks=\toks31
\XKV@tempa@toks=\toks32
)
\XKV@depth=\count300
File: xkeyval.tex 2014/12/03 v2.7a key=value parser (HA)
))
(C:\Users\vresh\AppData\Local\Programs\MiKTeX\tex/latex/libertinus-type1\libert
inus-type1.sty
Package: libertinus-type1 2025/11/17 (Bob Tennent) Supports libertinus fonts fo
r latex/pdflatex.

(C:\Users\vresh\AppData\Local\Programs\MiKTeX\tex/generic/iftex\ifxetex.sty
Package: ifxetex 2019/10/25 v0.7 ifxetex legacy package. Use iftex instead.
)
(C:\Users\vresh\AppData\Local\Programs\MiKTeX\tex/generic/iftex\ifluatex.sty
Package: ifluatex 2019/10/25 v1.5 ifluatex legacy package. Use iftex instead.
)
(C:\Users\vresh\AppData\Local\Programs\MiKTeX\tex/latex/base\textcomp.sty
Package: textcomp 2024/04/24 v2.1b Standard LaTeX package
)
(C:\Users\vresh\AppData\Local\Programs\MiKTeX\tex/latex/base\fontenc.sty
Package: fontenc 2025/07/18 v2.1d Standard LaTeX package
)
(C:\Users\vresh\AppData\Local\Programs\MiKTeX\tex/latex/fontaxes\fontaxes.sty
Package: fontaxes 2026-01-02 v2.0.2 Font selection axes (deprecated)
Applying: [2024-11-01] Use figureversions if present on input line 74.

(C:\Users\vresh\AppData\Local\Programs\MiKTeX\tex/latex/figureversions\figureve
rsions.sty
Package: figureversions 2025-04-29 v1.0.1 Figure versions
)
Already applied: [0000-00-00] Fall back to v1 on input line 76.
)))
(C:\Users\vresh\AppData\Local\Programs\MiKTeX\tex/latex/psnfss\helvet.sty
Package: helvet 2020/03/25 PSNFSS-v9.3 (WaS) 
)
(C:\Users\vresh\AppData\Local\Programs\MiKTeX\tex/latex/microtype\microtype.sty
Package: microtype 2026/03/01 v3.2d Micro-typographical refinements (RS)
(C:\Users\vresh\AppData\Local\Programs\MiKTeX\tex/latex/etoolbox\etoolbox.sty
Package: etoolbox 2025/10/02 v2.5m e-TeX tools for LaTeX (JAW)
\etb@tempcnta=\count301
)
\MT@toks=\toks33
\MT@tempbox=\box56
\MT@count=\count302
LaTeX Info: Redefining \noprotrusionifhmode on input line 1084.
LaTeX Info: Redefining \leftprotrusion on input line 1085.
\MT@prot@toks=\toks34
LaTeX Info: Redefining \rightprotrusion on input line 1104.
LaTeX Info: Redefining \textls on input line 1449.
\MT@outer@kern=\dimen170
LaTeX Info: Redefining \microtypecontext on input line 2053.
LaTeX Info: Redefining \textmicrotypecontext on input line 2070.
\MT@listname@count=\count303

(C:\Users\vresh\AppData\Local\Programs\MiKTeX\tex/latex/microtype\microtype-pdf
tex.def
File: microtype-pdftex.def 2026/03/01 v3.2d Definitions specific to pdftex (RS)

LaTeX Info: Redefining \lsstyle on input line 944.
LaTeX Info: Redefining \lslig on input line 944.
\MT@outer@space=\skip61
)
Package microtype Info: Loading configuration file microtype.cfg.

(C:\Users\vresh\AppData\Local\Programs\MiKTeX\tex/latex/microtype\microtype.cfg
File: microtype.cfg 2026/03/01 v3.2d microtype main configuration file (RS)
)
LaTeX Info: Redefining \microtypesetup on input line 3065.
)
(C:\Users\vresh\AppData\Local\Programs\MiKTeX\tex/latex/geometry\geometry.sty
Package: geometry 2026/03/07 v6.0 Page Geometry

(C:\Users\vresh\AppData\Local\Programs\MiKTeX\tex/generic/iftex\ifvtex.sty
Package: ifvtex 2019/10/25 v1.7 ifvtex legacy package. Use iftex instead.
)
\Gm@cnth=\count304
\Gm@cntv=\count305
\c@Gm@tempcnt=\count306
\Gm@bindingoffset=\dimen171
\Gm@wd@mp=\dimen172
\Gm@odd@mp=\dimen173
\Gm@even@mp=\dimen174
\Gm@layoutwidth=\dimen175
\Gm@layoutheight=\dimen176
\Gm@layouthoffset=\dimen177
\Gm@layoutvoffset=\dimen178
\Gm@dimlist=\toks35

(C:\Users\vresh\AppData\Local\Programs\MiKTeX\tex/latex/geometry\geometry.cfg))
(C:\Users\vresh\AppData\Local\Programs\MiKTeX\tex/latex/tools\bm.sty
Package: bm 2025/10/21 v1.2g Bold Symbol Support (DPC/FMi)
\symboldoperators=\mathgroup7
\symboldletters=\mathgroup8
\symboldsymbols=\mathgroup9
Package bm Info: No bold for \OMX/cmex/m/n, using \pmb.
Package bm Info: No bold for \U/msa/m/n, using \pmb.
Package bm Info: No bold for \U/msb/m/n, using \pmb.
Package bm Info: No bold for \U/rsfs/m/n, using \pmb.
LaTeX Font Info:    Redeclaring math alphabet \mathbf on input line 149.
)
(C:\Users\vresh\AppData\Local\Programs\MiKTeX\tex/latex/booktabs\booktabs.sty
Package: booktabs 2020/01/12 v1.61803398 Publication quality tables
\heavyrulewidth=\dimen179
\lightrulewidth=\dimen180
\cmidrulewidth=\dimen181
\belowrulesep=\dimen182
\belowbottomsep=\dimen183
\aboverulesep=\dimen184
\abovetopsep=\dimen185
\cmidrulesep=\dimen186
\cmidrulekern=\dimen187
\defaultaddspace=\dimen188
\@cmidla=\count307
\@cmidlb=\count308
\@aboverulesep=\dimen189
\@belowrulesep=\dimen190
\@thisruleclass=\count309
\@lastruleclass=\count310
\@thisrulewidth=\dimen191
)
(C:\Users\vresh\AppData\Local\Programs\MiKTeX\tex/latex/tools\longtable.sty
Package: longtable 2025-10-13 v4.24 Multi-page Table package (DPC)
\LTleft=\skip62
\LTright=\skip63
\LTpre=\skip64
\LTpost=\skip65
\LTchunksize=\count311
\LTcapwidth=\dimen192
\LT@head=\box57
\LT@firsthead=\box58
\LT@foot=\box59
\LT@lastfoot=\box60
\LT@gbox=\box61
\LT@cols=\count312
\LT@rows=\count313
\c@LT@tables=\count314
\c@LT@chunks=\count315
\LT@p@ftn=\toks36
)
(C:\Users\vresh\AppData\Local\Programs\MiKTeX\tex/latex/tools\tabularx.sty
Package: tabularx 2023/12/11 v2.12a `tabularx' package (DPC)

(C:\Users\vresh\AppData\Local\Programs\MiKTeX\tex/latex/tools\array.sty
Package: array 2025/09/25 v2.6n Tabular extension package (FMi)
\col@sep=\dimen193
\ar@mcellbox=\box62
\extrarowheight=\dimen194
\NC@list=\toks37
\extratabsurround=\skip66
\backup@length=\skip67
\ar@cellbox=\box63
)
\TX@col@width=\dimen195
\TX@old@table=\dimen196
\TX@old@col=\dimen197
\TX@target=\dimen198
\TX@delta=\dimen199
\TX@cols=\count316
\TX@ftn=\toks38
)
(C:\Users\vresh\AppData\Local\Programs\MiKTeX\tex/latex/multirow\multirow.sty
Package: multirow 2024/11/12 v2.9 Span multiple rows of a table
\multirow@colwidth=\skip68
\multirow@cntb=\count317
\multirow@dima=\skip69
\bigstrutjot=\dimen256
)
(C:\Users\vresh\AppData\Local\Programs\MiKTeX\tex/latex/enumitem\enumitem.sty
Package: enumitem 2025/02/06 v3.11 Customized lists
\labelindent=\skip70
\enit@outerparindent=\dimen257
\enit@toks=\toks39
\enit@inbox=\box64
\enit@count@id=\count318
\enitdp@description=\count319
)
(C:\Users\vresh\AppData\Local\Programs\MiKTeX\tex/latex/xcolor\xcolor.sty
Package: xcolor 2024/09/29 v3.02 LaTeX color extensions (UK)

(C:\Users\vresh\AppData\Local\Programs\MiKTeX\tex/latex/graphics-cfg\color.cfg
File: color.cfg 2016/01/02 v1.6 sample color configuration
)
Package xcolor Info: Driver file: pdftex.def on input line 274.

(C:\Users\vresh\AppData\Local\Programs\MiKTeX\tex/latex/graphics-def\pdftex.def
File: pdftex.def 2025/09/29 v1.2d Graphics/color driver for pdftex
)
(C:\Users\vresh\AppData\Local\Programs\MiKTeX\tex/latex/graphics\mathcolor.ltx)
Package xcolor Info: Model `cmy' substituted by `cmy0' on input line 1349.
Package xcolor Info: Model `hsb' substituted by `rgb' on input line 1353.
Package xcolor Info: Model `RGB' extended on input line 1365.
Package xcolor Info: Model `HTML' substituted by `rgb' on input line 1367.
Package xcolor Info: Model `Hsb' substituted by `hsb' on input line 1368.
Package xcolor Info: Model `tHsb' substituted by `hsb' on input line 1369.
Package xcolor Info: Model `HSB' substituted by `hsb' on input line 1370.
Package xcolor Info: Model `Gray' substituted by `gray' on input line 1371.
Package xcolor Info: Model `wave' substituted by `hsb' on input line 1372.
) (C:\Users\vresh\AppData\Local\Programs\MiKTeX\tex/latex/fancyhdr\fancyhdr.sty
Package: fancyhdr 2025/02/07 v5.2 Extensive control of page headers and footers

\f@nch@headwidth=\skip71
\f@nch@offset@elh=\skip72
\f@nch@offset@erh=\skip73
\f@nch@offset@olh=\skip74
\f@nch@offset@orh=\skip75
\f@nch@offset@elf=\skip76
\f@nch@offset@erf=\skip77
\f@nch@offset@olf=\skip78
\f@nch@offset@orf=\skip79
\f@nch@height=\skip80
\f@nch@footalignment=\skip81
\f@nch@widthL=\skip82
\f@nch@widthC=\skip83
\f@nch@widthR=\skip84
\@temptokenb=\toks40
) (C:\Users\vresh\AppData\Local\Programs\MiKTeX\tex/latex/imakeidx\imakeidx.sty
Package: imakeidx 2016/10/15 v1.3e Package for typesetting indices in a synchro
nous mode
(C:\Users\vresh\AppData\Local\Programs\MiKTeX\tex/latex/tools\multicol.sty
Package: multicol 2025/10/21 v2.0b multicolumn formatting (FMi)
\c@tracingmulticols=\count320
\mult@box=\box65
\multicol@leftmargin=\dimen258
\c@unbalance=\count321
\c@collectmore=\count322
\doublecol@number=\count323
\multicoltolerance=\count324
\multicolpretolerance=\count325
\full@width=\dimen259
\page@free=\dimen260
\premulticols=\dimen261
\postmulticols=\dimen262
\multicolsep=\skip85
\multicolbaselineskip=\skip86
\partial@page=\box66
\last@line=\box67
\mc@boxedresult=\box68
\maxbalancingoverflow=\dimen263
\mult@rightbox=\box69
\mult@grightbox=\box70
\mult@firstbox=\box71
\mult@gfirstbox=\box72
\@tempa=\box73
\@tempa=\box74
\@tempa=\box75
\@tempa=\box76
\@tempa=\box77
\@tempa=\box78
\@tempa=\box79
\@tempa=\box80
\@tempa=\box81
\@tempa=\box82
\@tempa=\box83
\@tempa=\box84
\@tempa=\box85
\@tempa=\box86
\@tempa=\box87
\@tempa=\box88
\@tempa=\box89
\@tempa=\box90
\@tempa=\box91
\@tempa=\box92
\@tempa=\box93
\@tempa=\box94
\@tempa=\box95
\@tempa=\box96
\@tempa=\box97
\@tempa=\box98
\@tempa=\box99
\@tempa=\box100
\@tempa=\box101
\@tempa=\box102
\@tempa=\box103
\@tempa=\box104
\@tempa=\box105
\@tempa=\box106
\@tempa=\box107
\@tempa=\box108
\c@minrows=\count326
\c@columnbadness=\count327
\c@finalcolumnbadness=\count328
\last@try=\dimen264
\multicolovershoot=\dimen265
\multicolundershoot=\dimen266
\mult@nat@firstbox=\box109
\colbreak@box=\box110
\mc@col@check@num=\count329
\g__mc_curr_col_int=\count330
))
(C:\Users\vresh\AppData\Local\Programs\MiKTeX\tex/latex/aliascnt\aliascnt.sty
Package: aliascnt 2026-03-08 v1.7 Alias counters (HO)
)
(C:\Users\vresh\AppData\Local\Programs\MiKTeX\tex/latex/hyperref\hyperref.sty
Package: hyperref 2026-01-29 v7.01p Hypertext links for LaTeX

(C:\Users\vresh\AppData\Local\Programs\MiKTeX\tex/latex/kvsetkeys\kvsetkeys.sty
Package: kvsetkeys 2022-10-05 v1.19 Key value parser (HO)
)
(C:\Users\vresh\AppData\Local\Programs\MiKTeX\tex/generic/kvdefinekeys\kvdefine
keys.sty
Package: kvdefinekeys 2019-12-19 v1.6 Define keys (HO)
)
(C:\Users\vresh\AppData\Local\Programs\MiKTeX\tex/generic/pdfescape\pdfescape.s
ty
Package: pdfescape 2019/12/09 v1.15 Implements pdfTeX's escape features (HO)

(C:\Users\vresh\AppData\Local\Programs\MiKTeX\tex/generic/ltxcmds\ltxcmds.sty
Package: ltxcmds 2023-12-04 v1.26 LaTeX kernel commands for general use (HO)
)
(C:\Users\vresh\AppData\Local\Programs\MiKTeX\tex/generic/pdftexcmds\pdftexcmds
.sty
Package: pdftexcmds 2020-06-27 v0.33 Utility functions of pdfTeX for LuaTeX (HO
)

(C:\Users\vresh\AppData\Local\Programs\MiKTeX\tex/generic/infwarerr\infwarerr.s
ty
Package: infwarerr 2019/12/03 v1.5 Providing info/warning/error messages (HO)
)
Package pdftexcmds Info: \pdf@primitive is available.
Package pdftexcmds Info: \pdf@ifprimitive is available.
Package pdftexcmds Info: \pdfdraftmode found.
))
(C:\Users\vresh\AppData\Local\Programs\MiKTeX\tex/latex/hycolor\hycolor.sty
Package: hycolor 2020-01-27 v1.10 Color options for hyperref/bookmark (HO)
)
(C:\Users\vresh\AppData\Local\Programs\MiKTeX\tex/latex/hyperref\nameref.sty
Package: nameref 2026-01-29 v2.58 Cross-referencing by name of section

(C:\Users\vresh\AppData\Local\Programs\MiKTeX\tex/latex/refcount\refcount.sty
Package: refcount 2019/12/15 v3.6 Data extraction from label references (HO)
)
(C:\Users\vresh\AppData\Local\Programs\MiKTeX\tex/generic/gettitlestring\gettit
lestring.sty
Package: gettitlestring 2019/12/15 v1.6 Cleanup title references (HO)

(C:\Users\vresh\AppData\Local\Programs\MiKTeX\tex/latex/kvoptions\kvoptions.sty
Package: kvoptions 2022-06-15 v3.15 Key value format for package options (HO)
))
\c@section@level=\count331
)
(C:\Users\vresh\AppData\Local\Programs\MiKTeX\tex/generic/stringenc\stringenc.s
ty
Package: stringenc 2019/11/29 v1.12 Convert strings between diff. encodings (HO
)
)
\@linkdim=\dimen267
\Hy@linkcounter=\count332
\Hy@pagecounter=\count333
 (C:\Users\vresh\AppData\Local\Programs\MiKTeX\tex/latex/hyperref\pd1enc.def
File: pd1enc.def 2026-01-29 v7.01p Hyperref: PDFDocEncoding definition (HO)
Now handling font encoding PD1 ...
... no UTF-8 mapping file for font encoding PD1
) (C:\Users\vresh\AppData\Local\Programs\MiKTeX\tex/generic/intcalc\intcalc.sty
Package: intcalc 2019/12/15 v1.3 Expandable calculations with integers (HO)
)
\Hy@SavedSpaceFactor=\count334
 (C:\Users\vresh\AppData\Local\Programs\MiKTeX\tex/latex/hyperref\puenc.def
File: puenc.def 2026-01-29 v7.01p Hyperref: PDF Unicode definition (HO)
Now handling font encoding PU ...
... no UTF-8 mapping file for font encoding PU
)
Package hyperref Info: Hyper figures OFF on input line 4201.
Package hyperref Info: Link nesting OFF on input line 4206.
Package hyperref Info: Hyper index ON on input line 4209.
Package hyperref Info: Plain pages OFF on input line 4216.
Package hyperref Info: Backreferencing OFF on input line 4221.
Package hyperref Info: Implicit mode ON; LaTeX internals redefined.
Package hyperref Info: Bookmarks ON on input line 4468.
\c@Hy@tempcnt=\count335

(C:\Users\vresh\AppData\Local\Programs\MiKTeX\tex/latex/url\url.sty
\Urlmuskip=\muskip18
Package: url 2013/09/16  ver 3.4  Verb mode for urls, etc.
)
LaTeX Info: Redefining \url on input line 4807.
\XeTeXLinkMargin=\dimen268

(C:\Users\vresh\AppData\Local\Programs\MiKTeX\tex/generic/bitset\bitset.sty
Package: bitset 2019/12/09 v1.3 Handle bit-vector datatype (HO)

(C:\Users\vresh\AppData\Local\Programs\MiKTeX\tex/generic/bigintcalc\bigintcalc
.sty
Package: bigintcalc 2019/12/15 v1.5 Expandable calculations on big integers (HO
)
))
\Fld@menulength=\count336
\Field@Width=\dimen269
\Fld@charsize=\dimen270
Package hyperref Info: Hyper figures OFF on input line 6084.
Package hyperref Info: Link nesting OFF on input line 6089.
Package hyperref Info: Hyper index ON on input line 6092.
Package hyperref Info: backreferencing OFF on input line 6099.
Package hyperref Info: Link coloring OFF on input line 6104.
Package hyperref Info: Link coloring with OCG OFF on input line 6109.
Package hyperref Info: PDF/A mode OFF on input line 6114.
\Hy@abspage=\count337
\c@Item=\count338
\c@Hfootnote=\count339
)
Package hyperref Info: Driver (autodetected): hpdftex.

(C:\Users\vresh\AppData\Local\Programs\MiKTeX\tex/latex/hyperref\hpdftex.def
File: hpdftex.def 2026-01-29 v7.01p Hyperref driver for pdfTeX
\Fld@listcount=\count340
\c@bookmark@seq@number=\count341

(C:\Users\vresh\AppData\Local\Programs\MiKTeX\tex/latex/rerunfilecheck\rerunfil
echeck.sty
Package: rerunfilecheck 2025-06-21 v1.11 Rerun checks for auxiliary files (HO)

(C:\Users\vresh\AppData\Local\Programs\MiKTeX\tex/generic/uniquecounter\uniquec
ounter.sty
Package: uniquecounter 2019/12/15 v1.4 Provide unlimited unique counter (HO)
)
Package uniquecounter Info: New unique counter `rerunfilecheck' on input line 2
84.
)
\Hy@SectionHShift=\skip87
)
(C:\Users\vresh\AppData\Local\Programs\MiKTeX\tex/latex/cleveref\cleveref.sty
Package: cleveref 2018/03/27 v0.21.4 Intelligent cross-referencing
Package cleveref Info: `hyperref' support loaded on input line 2370.
LaTeX Info: Redefining \cref on input line 2370.
LaTeX Info: Redefining \Cref on input line 2370.
LaTeX Info: Redefining \crefrange on input line 2370.
LaTeX Info: Redefining \Crefrange on input line 2370.
LaTeX Info: Redefining \cpageref on input line 2370.
LaTeX Info: Redefining \Cpageref on input line 2370.
LaTeX Info: Redefining \cpagerefrange on input line 2370.
LaTeX Info: Redefining \Cpagerefrange on input line 2370.
LaTeX Info: Redefining \labelcref on input line 2370.
LaTeX Info: Redefining \labelcpageref on input line 2370.
Package cleveref Info: `amsthm' support loaded on input line 3026.
Package cleveref Info: `aliascnt' support loaded on input line 3193.
Package cleveref Info: always capitalise cross-reference names on input line 78
25.
Package cleveref Info: include cross-reference names in hyperlinks on input lin
e 7836.
Package cleveref Info: include cross-reference names in hyperlinks on input lin
e 7852.
Package cleveref Info: always capitalise cross-reference names on input line 78
52.
Package cleveref Info: no abbreviation of names on input line 7852.
)
==> First Aid for cleveref.sty applied!
(C:\Users\vresh\AppData\Local\Programs\MiKTeX\tex/latex/bookmark\bookmark.sty
Package: bookmark 2026-05-21 v1.32 PDF bookmarks (HO)

(C:\Users\vresh\AppData\Local\Programs\MiKTeX\tex/latex/l3backend\l3backend-pdf
tex.def
File: l3backend-pdftex.def 2026-02-18 L3 backend support: PDF output (pdfTeX)
\l__color_backend_stack_int=\count342
)
(C:\Users\vresh\AppData\Local\Programs\MiKTeX\tex/latex/bookmark\bkm-pdftex.def
File: bkm-pdftex.def 2026-05-21 v1.32 bookmark driver for pdfTeX (HO)
\BKM@id=\count343
)) (C:\Users\vresh\AppData\Local\Programs\MiKTeX\tex/latex/xurl\xurl.sty
Package: xurl 2022/01/09 v 0.10 modify URL breaks
)
Package hyperref Info: Option `colorlinks' set `true' on input line 44.
\q_pochhammer_q_binomial_monograph@idxfile=\write3
\openout3 = `q_pochhammer_q_binomial_monograph.idx'.


Writing index file q_pochhammer_q_binomial_monograph.idx
\c@theorem=\count344
LaTeX Font Info:    Trying to load font information for T1+LibertinusSerif-TLF 
on input line 224.

(C:\Users\vresh\AppData\Local\Programs\MiKTeX\tex/latex/libertinus-type1\t1libe
rtinusserif-tlf.fd
File: T1LibertinusSerif-TLF.fd 2024/09/22 (autoinst) Font definitions for T1/Li
bertinusSerif-TLF.
)
LaTeX Font Info:    Font shape `T1/LibertinusSerif-TLF/m/n' will be
(Font)              scaled to size 10.95pt on input line 224.

No file q_pochhammer_q_binomial_monograph.aux.
\openout1 = `q_pochhammer_q_binomial_monograph.aux'.

LaTeX Font Info:    Checking defaults for OML/cmm/m/it on input line 224.
LaTeX Font Info:    ... okay on input line 224.
LaTeX Font Info:    Checking defaults for OMS/cmsy/m/n on input line 224.
LaTeX Font Info:    ... okay on input line 224.
LaTeX Font Info:    Checking defaults for OT1/cmr/m/n on input line 224.
LaTeX Font Info:    ... okay on input line 224.
LaTeX Font Info:    Checking defaults for T1/cmr/m/n on input line 224.
LaTeX Font Info:    ... okay on input line 224.
LaTeX Font Info:    Checking defaults for TS1/cmr/m/n on input line 224.
LaTeX Font Info:    ... okay on input line 224.
LaTeX Font Info:    Checking defaults for OMX/cmex/m/n on input line 224.
LaTeX Font Info:    ... okay on input line 224.
LaTeX Font Info:    Checking defaults for U/cmr/m/n on input line 224.
LaTeX Font Info:    ... okay on input line 224.
LaTeX Font Info:    Checking defaults for PD1/pdf/m/n on input line 224.
LaTeX Font Info:    ... okay on input line 224.
LaTeX Font Info:    Checking defaults for PU/pdf/m/n on input line 224.
LaTeX Font Info:    ... okay on input line 224.
(C:\Users\vresh\AppData\Local\Programs\MiKTeX\tex/latex/graphics\graphicx.sty
Package: graphicx 2024/12/31 v1.2e Enhanced LaTeX Graphics (DPC,SPQR)

(C:\Users\vresh\AppData\Local\Programs\MiKTeX\tex/latex/graphics\graphics.sty
Package: graphics 2024/08/06 v1.4g Standard LaTeX Graphics (DPC,SPQR)

(C:\Users\vresh\AppData\Local\Programs\MiKTeX\tex/latex/graphics\trig.sty
Package: trig 2023/12/02 v1.11 sin cos tan (DPC)
)
(C:\Users\vresh\AppData\Local\Programs\MiKTeX\tex/latex/graphics-cfg\graphics.c
fg
File: graphics.cfg 2016/06/04 v1.11 sample graphics configuration
)
Package graphics Info: Driver file: pdftex.def on input line 106.
)
\Gin@req@height=\dimen271
\Gin@req@width=\dimen272
)
\c@mv@tabular=\count345
\c@mv@boldtabular=\count346
LaTeX Info: Redefining \microtypecontext on input line 224.
Package microtype Info: Applying patch `item' on input line 224.
Package microtype Info: Applying patch `toc' on input line 224.
Package microtype Info: Applying patch `eqnum' on input line 224.
Package microtype Info: Applying patch `footnote' on input line 224.
Package microtype Info: Applying patch `verbatim' on input line 224.
LaTeX Info: Redefining \microtypesetup on input line 224.
Package microtype Info: Generating PDF output.
Package microtype Info: Character protrusion enabled (level 2).
Package microtype Info: Using default protrusion set `alltext'.
Package microtype Info: Automatic font expansion enabled (level 2),
(microtype)             stretch: 20, shrink: 20, step: 1, non-selected.
Package microtype Info: Using default expansion set `alltext-nott'.
Package microtype Info: Patching command `\showhyphens'.
Package microtype Info: No adjustment of tracking.
Package microtype Info: No adjustment of interword spacing.
Package microtype Info: No adjustment of character kerning.
Package microtype Info: Loading generic protrusion settings for font family
(microtype)             `LibertinusSerif-TLF' (encoding: T1).
(microtype)             For optimal results, create family-specific settings.
(microtype)             See the microtype manual for details.

*geometry* driver: auto-detecting
*geometry* detected driver: pdftex
*geometry* verbose mode - [ preamble ] result:
* driver: pdftex
* paper: a4paper
* layout: <same size as paper>
* layoutoffset:(h,v)=(0.0pt,0.0pt)
* modes: 
* h-part:(L,W,R)=(76.82243pt, 443.863pt, 76.82243pt)
* v-part:(T,H,B)=(76.82243pt, 691.40198pt, 76.82243pt)
* \paperwidth=597.50787pt
* \paperheight=845.04684pt
* \textwidth=443.863pt
* \textheight=691.40198pt
* \oddsidemargin=4.55244pt
* \evensidemargin=4.55244pt
* \topmargin=-30.32135pt
* \headheight=15.0pt
* \headsep=19.8738pt
* \topskip=11.0pt
* \footskip=27.46295pt
* \marginparwidth=53.0pt
* \marginparsep=7.0pt
* \columnsep=10.0pt
* \skip\footins=10.0pt plus 4.0pt minus 2.0pt
* \hoffset=0.0pt
* \voffset=0.0pt
* \mag=1000
* \@twocolumnfalse
* \@twosidefalse
* \@mparswitchfalse
* \@reversemarginfalse
* (1in=72.27pt=25.4mm, 1cm=28.453pt)


(C:\Users\vresh\AppData\Local\Programs\MiKTeX\tex/context/base/mkii\supp-pdf.mk
ii
[Loading MPS to PDF converter (version 2006.09.02).]
\scratchcounter=\count347
\scratchdimen=\dimen273
\scratchbox=\box111
\nofMPsegments=\count348
\nofMParguments=\count349
\everyMPshowfont=\toks41
\MPscratchCnt=\count350
\MPscratchDim=\dimen274
\MPnumerator=\count351
\makeMPintoPDFobject=\count352
\everyMPtoPDFconversion=\toks42
)
(C:\Users\vresh\AppData\Local\Programs\MiKTeX\tex/latex/epstopdf-pkg\epstopdf-b
ase.sty
Package: epstopdf-base 2020-01-24 v2.11 Base part for package epstopdf


Package epstopdf Warning: Shell escape feature is not enabled.

Package epstopdf-base Info: Redefining graphics rule for `.eps' on input line 4
85.

(C:\Users\vresh\AppData\Local\Programs\MiKTeX\tex/latex/00miktex\epstopdf-sys.c
fg
File: epstopdf-sys.cfg 2021/03/18 v2.0 Configuration of epstopdf for MiKTeX
))
Package hyperref Info: Link coloring ON on input line 224.
Package hyperref Info: Option `pageanchor' set `false' on input line 226.
LaTeX Font Info:    Font shape `T1/LibertinusSerif-TLF/m/n' will be
(Font)              scaled to size 17.28pt on input line 228.
LaTeX Font Info:    Font shape `T1/LibertinusSerif-TLF/m/n' will be
(Font)              scaled to size 24.88pt on input line 228.
LaTeX Font Info:    Font shape `T1/LibertinusSerif-TLF/b/n' will be
(Font)              scaled to size 24.88pt on input line 228.

(C:\Users\vresh\AppData\Local\Programs\MiKTeX\tex/latex/microtype\mt-cmr.cfg
File: mt-cmr.cfg 2013/05/19 v2.2 microtype config. file: Computer Modern Roman 
(RS)
)
LaTeX Font Info:    Trying to load font information for U+msa on input line 228
.

(C:\Users\vresh\AppData\Local\Programs\MiKTeX\tex/latex/amsfonts\umsa.fd
File: umsa.fd 2013/01/14 v3.01 AMS symbols A
)
(C:\Users\vresh\AppData\Local\Programs\MiKTeX\tex/latex/microtype\mt-msa.cfg
File: mt-msa.cfg 2006/02/04 v1.1 microtype config. file: AMS symbols (a) (RS)
)
LaTeX Font Info:    Trying to load font information for U+msb on input line 228
.

(C:\Users\vresh\AppData\Local\Programs\MiKTeX\tex/latex/amsfonts\umsb.fd
File: umsb.fd 2013/01/14 v3.01 AMS symbols B
)
(C:\Users\vresh\AppData\Local\Programs\MiKTeX\tex/latex/microtype\mt-msb.cfg
File: mt-msb.cfg 2005/06/01 v1.0 microtype config. file: AMS symbols (b) (RS)
)
LaTeX Font Info:    Trying to load font information for U+rsfs on input line 22
8.

(C:\Users\vresh\AppData\Local\Programs\MiKTeX\tex/latex/jknappen\ursfs.fd
File: ursfs.fd 1998/03/24 rsfs font definition file (jk)
)
LaTeX Font Info:    Font shape `T1/LibertinusSerif-TLF/b/n' will be
(Font)              scaled to size 14.4pt on input line 228.
LaTeX Font Info:    Font shape `T1/LibertinusSerif-TLF/m/n' will be
(Font)              scaled to size 12.0pt on input line 228.
LaTeX Font Info:    Font shape `T1/LibertinusSerif-TLF/m/n' will be
(Font)              scaled to size 10.0pt on input line 228.
LaTeX Font Info:    Trying to load font information for T1+LibertinusMono-TLF o
n input line 228.

(C:\Users\vresh\AppData\Local\Programs\MiKTeX\tex/latex/libertinus-type1\t1libe
rtinusmono-tlf.fd
File: T1LibertinusMono-TLF.fd 2025/01/11 (autoinst) Font definitions for T1/Lib
ertinusMono-TLF.
)
LaTeX Font Info:    Font shape `T1/LibertinusMono-TLF/m/n' will be
(Font)              scaled to size 8.50006pt on input line 228.
Package microtype Info: Loading generic protrusion settings for font family
(microtype)             `LibertinusMono-TLF' (encoding: T1).
(microtype)             For optimal results, create family-specific settings.
(microtype)             See the microtype manual for details.
Package microtype Info: Character `guilsinglleft ' is missing
(microtype)             in font `T1/LibertinusMono-TLF/m/n/10'.
(microtype)             Ignoring protrusion settings for this character.
Package microtype Info: Character `guilsinglright ' is missing
(microtype)             in font `T1/LibertinusMono-TLF/m/n/10'.
(microtype)             Ignoring protrusion settings for this character.
 [1



{C:/Users/vresh/AppData/Local/MiKTeX/fonts/map/pdftex/pdftex.map}{C:/Users/vres
h/AppData/Local/Programs/MiKTeX/fonts/enc/dvips/libertinus-type1/lbn1_sfissr.en
c}{C:/Users/vresh/AppData/Local/Programs/MiKTeX/fonts/enc/dvips/libertinus-type
1/lbn1_75t36g.enc}{C:/Users/vresh/AppData/Local/Programs/MiKTeX/fonts/enc/dvips
/libertinus-type1/lbn1_or3pzs.enc}]
Package hyperref Info: Option `pageanchor' set `true' on input line 228.
LaTeX Font Info:    Font shape `T1/LibertinusSerif-TLF/m/it' will be
(Font)              scaled to size 10.0pt on input line 231.
 [1{C:/Users/vresh/AppData/Local/Programs/MiKTeX/fonts/enc/dvips/libertinus-typ
e1/lbn1_sncvby.enc}]
[2

]
LaTeX Font Info:    Font shape `T1/LibertinusSerif-TLF/b/n' will be
(Font)              scaled to size 10.95pt on input line 271.


LaTeX Warning: Reference `chap:weighted' on page i undefined on input line 271.



LaTeX Warning: Reference `chap:qnewton' on page i undefined on input line 271.


LaTeX Warning: Reference `chap:qcalculus' on page i undefined on input line 271
.


LaTeX Warning: Reference `chap:cyclotomic' on page i undefined on input line 27
1.


LaTeX Warning: Reference `chap:formalization' on page i undefined on input line
 271.


LaTeX Warning: Reference `chap:central' on page i undefined on input line 271.

LaTeX Font Info:    Font shape `T1/LibertinusSerif-TLF/m/it' will be
(Font)              scaled to size 10.95pt on input line 271.

LaTeX Warning: Citation `ReshetnikovProveIt2026' on page iii undefined on input
 line 271.


LaTeX Warning: Reference `chap:geometric-uniform-fabius' on page i undefined on
 input line 271.


LaTeX Warning: Reference `chap:halfbase-thuemorse' on page i undefined on input
 line 271.


LaTeX Warning: Reference `chap:geometric-filters' on page i undefined on input 
line 271.


LaTeX Warning: Citation `ZhongZhao2026' on page iii undefined on input line 271
.


LaTeX Warning: Citation `Eberl2024QAnalogues' on page iii undefined on input li
ne 271.

LaTeX Font Info:    Font shape `T1/LibertinusSerif-TLF/m/n' will be
(Font)              scaled to size 14.4pt on input line 273.
LaTeX Font Info:    Font shape `T1/LibertinusSerif-TLF/m/n' will be
(Font)              scaled to size 8.0pt on input line 287.
LaTeX Font Info:    Font shape `T1/LibertinusSerif-TLF/m/n' will be
(Font)              scaled to size 6.0pt on input line 287.
[3

] [4]
No file q_pochhammer_q_binomial_monograph.toc.
\tf@toc=\write4
\openout4 = `q_pochhammer_q_binomial_monograph.toc'.

[5

]
LaTeX Font Info:    Font shape `T1/LibertinusSerif-TLF/m/n' will be
(Font)              scaled to size 20.74pt on input line 299.
LaTeX Font Info:    Font shape `T1/LibertinusSerif-TLF/b/n' will be
(Font)              scaled to size 20.74pt on input line 299.
 [1


]
Chapter 1.
[2

]

LaTeX Warning: Reference `thm:poch-entire' on page 1 undefined on input line 37
6.


LaTeX Warning: Reference `prop:dissection' on page 1 undefined on input line 38
7.


LaTeX Warning: Reference `prop:dissection' on page 1 undefined on input line 38
7.


LaTeX Warning: Reference `prop:dissection' on page 1 undefined on input line 41
0.

[3]

LaTeX Warning: Reference `prop:concat' on page 1 undefined on input line 418.


LaTeX Warning: Reference `prop:dissection' on page 1 undefined on input line 41
8.

LaTeX Font Info:    Font shape `T1/LibertinusMono-TLF/m/n' will be
(Font)              scaled to size 9.30756pt on input line 422.
Package microtype Info: Character `guilsinglleft ' is missing
(microtype)             in font `T1/LibertinusMono-TLF/m/n/10.95'.
(microtype)             Ignoring protrusion settings for this character.
Package microtype Info: Character `guilsinglright ' is missing
(microtype)             in font `T1/LibertinusMono-TLF/m/n/10.95'.
(microtype)             Ignoring protrusion settings for this character.

LaTeX Warning: Reference `prop:dissection' on page 1 undefined on input line 42
7.

[4] [5]

LaTeX Warning: Reference `rem:partial-fraction-formalization' on page 1 undefin
ed on input line 611.

[6]

LaTeX Warning: Reference `prop:concat' on page 1 undefined on input line 703.

[7]

LaTeX Warning: Reference `cor:qminusN' on page 1 undefined on input line 712.

LaTeX Font Info:    Font shape `T1/LibertinusSerif-TLF/b/n' will be
(Font)              scaled to size 12.0pt on input line 741.

LaTeX Warning: Reference `eq:complex-qshift' on page 8 undefined on input line 
769.

[8]

LaTeX Warning: Reference `eq:complex-concat' on page 9 undefined on input line 
781.


LaTeX Warning: Reference `eq:complex-shift' on page 9 undefined on input line 7
81.


LaTeX Warning: Reference `eq:complex-shift' on page 9 undefined on input line 7
95.

[9] [10]

LaTeX Warning: Reference `thm:lambert-log' on page 1 undefined on input line 95
9.

[11] [12]
Chapter 2.

LaTeX Warning: Reference `prop:concat' on page 1 undefined on input line 1073.


LaTeX Warning: Reference `eq:qpascal1' on page 13 undefined on input line 1097.


[13

]

LaTeX Warning: Reference `eq:qpascal2' on page 14 undefined on input line 1102.



LaTeX Warning: Reference `thm:qpascal' on page 1 undefined on input line 1113.


LaTeX Warning: Reference `cor:positivity' on page 1 undefined on input line 112
3.

LaTeX Font Info:    Trying to load font information for T1+phv on input line 11
24.
(C:\Users\vresh\AppData\Local\Programs\MiKTeX\tex/latex/psnfss\t1phv.fd
File: t1phv.fd 2020/03/25 scalable font definitions for T1/phv.
)
LaTeX Font Info:    Font shape `T1/phv/m/n' will be
(Font)              scaled to size 10.29301pt on input line 1124.
Package microtype Info: Loading generic protrusion settings for font family
(microtype)             `phv' (encoding: T1).
(microtype)             For optimal results, create family-specific settings.
(microtype)             See the microtype manual for details.


LaTeX Warning: Reference `cor:positivity' on page 1 undefined on input line 115
3.

[14{C:/Users/vresh/AppData/Local/Programs/MiKTeX/fonts/enc/dvips/base/8r.enc}]

LaTeX Warning: Reference `thm:qbinom-structure' on page 1 undefined on input li
ne 1196.

LaTeX Font Info:    Font shape `T1/LibertinusSerif-TLF/m/it' will be
(Font)              scaled to size 8.0pt on input line 1203.
LaTeX Font Info:    Font shape `T1/LibertinusSerif-TLF/m/it' will be
(Font)              scaled to size 6.0pt on input line 1203.
[15]

LaTeX Warning: Reference `cor:positivity' on page 1 undefined on input line 128
1.

[16]

LaTeX Warning: Reference `thm:qpascal' on page 1 undefined on input line 1337.


LaTeX Warning: Reference `chap:combinatorics' on page 1 undefined on input line
 1351.

[17] [18]
Chapter 3.

LaTeX Warning: Reference `eq:finite-qbinomial-minus' on page 19 undefined on in
put line 1474.

[19

]

LaTeX Warning: Reference `eq:finite-qbinomial-plus' on page 20 undefined on inp
ut line 1502.


LaTeX Warning: Reference `thm:reciprocal-finite' on page 1 undefined on input l
ine 1559.

[20]

LaTeX Warning: Reference `eq:finite-qbinomial-plus' on page 21 undefined on inp
ut line 1584.


LaTeX Warning: Reference `eq:qvand1' on page 21 undefined on input line 1592.


LaTeX Warning: Reference `eq:qvand2' on page 21 undefined on input line 1592.


LaTeX Warning: Reference `eq:qvand1' on page 21 undefined on input line 1598.


LaTeX Warning: Reference `eq:qvand2' on page 21 undefined on input line 1598.


LaTeX Warning: Reference `eq:qvand1' on page 21 undefined on input line 1615.


LaTeX Warning: Reference `cor:central-vandermonde' on page 1 undefined on input
 line 1635.


LaTeX Warning: Reference `thm:q-vandermonde' on page 1 undefined on input line 
1641.


LaTeX Warning: Reference `eq:qvand1' on page 21 undefined on input line 1641.


LaTeX Warning: Reference `thm:qbinom-structure' on page 1 undefined on input li
ne 1647.


LaTeX Warning: Reference `eq:shifted-central-vandermonde' on page 21 undefined 
on input line 1647.

[21]
LaTeX Font Info:    Font shape `T1/LibertinusSerif-TLF/m/n' will be
(Font)              scaled to size 9.0pt on input line 1660.
LaTeX Font Info:    Font shape `T1/LibertinusSerif-TLF/m/it' will be
(Font)              scaled to size 9.0pt on input line 1661.
LaTeX Font Info:    Font shape `T1/LibertinusMono-TLF/m/n' will be
(Font)              scaled to size 7.65005pt on input line 1662.
Package microtype Info: Character `guilsinglleft ' is missing
(microtype)             in font `T1/LibertinusMono-TLF/m/n/9'.
(microtype)             Ignoring protrusion settings for this character.
Package microtype Info: Character `guilsinglright ' is missing
(microtype)             in font `T1/LibertinusMono-TLF/m/n/9'.
(microtype)             Ignoring protrusion settings for this character.
 [22]

LaTeX Warning: Reference `cor:alternating-qbinom' on page 1 undefined on input 
line 1717.

[23]

LaTeX Warning: Reference `thm:qbinomial-inversion' on page 1 undefined on input
 line 1816.


LaTeX Warning: Reference `eq:qdiff-top-coefficient' on page 24 undefined on inp
ut line 1856.


LaTeX Warning: Reference `eq:scaled-qdiff-characteristic' on page 24 undefined 
on input line 1869.

[24] [25]

LaTeX Warning: Reference `lem:cauchy-II' on page 1 undefined on input line 1965
.

[26]
Chapter 4.

LaTeX Warning: Reference `eq:weighted-C' on page 27 undefined on input line 199
8.


LaTeX Warning: Reference `eq:weighted-S' on page 27 undefined on input line 200
0.


LaTeX Warning: Reference `eq:weighted-e-gen' on page 27 undefined on input line
 2015.

[27

]

LaTeX Warning: Reference `thm:weighted-generating' on page 1 undefined on input
 line 2034.

LaTeX Font Info:    Font shape `T1/LibertinusSerif-TLF/b/n' will be
(Font)              scaled to size 10.0pt on input line 2056.

LaTeX Warning: Reference `thm:weighted-pascal' on page 1 undefined on input lin
e 2056.

[28]

LaTeX Warning: Reference `thm:reciprocal-finite' on page 1 undefined on input l
ine 2109.


LaTeX Warning: Reference `thm:weighted-generating' on page 1 undefined on input
 line 2111.


LaTeX Warning: Reference `thm:weighted-generating' on page 1 undefined on input
 line 2133.

[29]

LaTeX Warning: Reference `cor:weighted-subsets' on page 1 undefined on input li
ne 2177.


LaTeX Warning: Reference `thm:weighted-generating' on page 1 undefined on input
 line 2177.


LaTeX Warning: Reference `thm:reciprocal-finite' on page 1 undefined on input l
ine 2182.


LaTeX Warning: Reference `eq:weighted-h-gen' on page 30 undefined on input line
 2193.


LaTeX Warning: Reference `thm:weighted-specializations' on page 1 undefined on 
input line 2200.

[30]

LaTeX Warning: Reference `cor:safe-specialization' on page 1 undefined on input
 line 2270.


LaTeX Warning: Reference `lem:vandermonde-alternant' on page 1 undefined on inp
ut line 2281.


LaTeX Warning: Reference `lem:vandermonde-alternant' on page 1 undefined on inp
ut line 2321.


LaTeX Warning: Reference `lem:polynomial-identity-principle' on page 1 undefine
d on input line 2322.


LaTeX Warning: Reference `cor:safe-specialization' on page 1 undefined on input
 line 2323.

[31]

LaTeX Warning: Citation `Macdonald1995' on page 32 undefined on input line 2338
.


LaTeX Warning: Reference `thm:weighted-specializations' on page 1 undefined on 
input line 2339.


LaTeX Warning: Reference `thm:schur-principal' on page 1 undefined on input lin
e 2347.


LaTeX Warning: Reference `thm:schur-principal' on page 1 undefined on input lin
e 2374.


LaTeX Warning: Reference `cor:safe-specialization' on page 1 undefined on input
 line 2379.


LaTeX Warning: Reference `thm:schur-principal' on page 1 undefined on input lin
e 2385.


LaTeX Warning: Reference `cor:qbinom-classical' on page 1 undefined on input li
ne 2386.

[32]

LaTeX Warning: Reference `cor:e-h-orthogonality' on page 1 undefined on input l
ine 2408.


LaTeX Warning: Reference `thm:weighted-inversion' on page 1 undefined on input 
line 2437.


LaTeX Warning: Reference `chap:finite-geometry' on page 1 undefined on input li
ne 2452.

[33]
Chapter 5.

LaTeX Warning: Reference `thm:qmult-inversions' on page 1 undefined on input li
ne 2483.


LaTeX Warning: Reference `thm:qbinom-moments' on page 1 undefined on input line
 2489.


LaTeX Warning: Reference `thm:binary-inversions' on page 1 undefined on input l
ine 2494.

[34

]

LaTeX Warning: Reference `thm:binary-inversions' on page 1 undefined on input l
ine 2538.

[35]

LaTeX Warning: Reference `cor:central-vandermonde' on page 1 undefined on input
 line 2614.


LaTeX Warning: Reference `thm:rectangle-partitions' on page 1 undefined on inpu
t line 2618.


LaTeX Warning: Reference `prop:qmult-factor' on page 1 undefined on input line 
2646.

[36]

LaTeX Warning: Reference `cor:euler-infinite' on page 1 undefined on input line
 2694.


LaTeX Warning: Reference `thm:reciprocal-finite' on page 1 undefined on input l
ine 2694.


LaTeX Warning: Reference `eq:qpascal2' on page 37 undefined on input line 2731.



LaTeX Warning: Reference `thm:qpascal' on page 1 undefined on input line 2732.

[37]

LaTeX Warning: Reference `prop:rogers-szego-three-term' on page 1 undefined on 
input line 2768.


LaTeX Warning: Reference `prop:adjacent-ratio' on page 1 undefined on input lin
e 2768.


LaTeX Warning: Reference `prop:rogers-szego-recurrence' on page 1 undefined on 
input line 2777.


LaTeX Warning: Reference `prop:extreme-specializations' on page 1 undefined on 
input line 2782.

[38]
Chapter 6.
[39

]

LaTeX Warning: Reference `prop:qmult-factor' on page 1 undefined on input line 
2859.


LaTeX Warning: Reference `thm:subspace-count' on page 1 undefined on input line
 2898.

[40]

LaTeX Warning: Reference `thm:subspace-count' on page 1 undefined on input line
 2926.


LaTeX Warning: Reference `thm:rectangle-partitions' on page 1 undefined on inpu
t line 2950.

[41] [42]
Chapter 7.
LaTeX Font Info:    Trying to load font information for U+euf on input line 298
5.
(C:\Users\vresh\AppData\Local\Programs\MiKTeX\tex/latex/amsfonts\ueuf.fd
File: ueuf.fd 2013/01/14 v3.01 Euler Fraktur
)
(C:\Users\vresh\AppData\Local\Programs\MiKTeX\tex/latex/microtype\mt-euf.cfg
File: mt-euf.cfg 2006/07/03 v1.1 microtype config. file: AMS Euler Fraktur (RS)

)
[43

]

LaTeX Warning: Reference `cor:weighted-subsets' on page 1 undefined on input li
ne 3070.


LaTeX Warning: Reference `lem:sl2-structure' on page 1 undefined on input line 
3076.


LaTeX Warning: Reference `thm:qbinom-structure' on page 1 undefined on input li
ne 3093.


LaTeX Warning: Reference `lem:sl2-structure' on page 1 undefined on input line 
3093.


LaTeX Warning: Reference `prop:exterior-character' on page 1 undefined on input
 line 3103.

[44] [45] [46

]
Chapter 8.

LaTeX Warning: Reference `thm:infinite-qbinomial' on page 1 undefined on input 
line 3179.


LaTeX Warning: Reference `eq:euler-reciprocal-series' on page 47 undefined on i
nput line 3179.


LaTeX Warning: Reference `eq:euler-product-series' on page 47 undefined on inpu
t line 3179.

[47

]

LaTeX Warning: Reference `thm:infinite-qbinomial' on page 1 undefined on input 
line 3201.


LaTeX Warning: Reference `eq:euler-product-series' on page 48 undefined on inpu
t line 3201.


LaTeX Warning: Reference `thm:q-cauchy' on page 1 undefined on input line 3201.



LaTeX Warning: Reference `eq:fixed-column-limit' on page 48 undefined on input 
line 3206.


LaTeX Warning: Reference `thm:poch-entire' on page 1 undefined on input line 32
06.


LaTeX Warning: Reference `eq:euler-reciprocal-series' on page 48 undefined on i
nput line 3217.


LaTeX Warning: Reference `thm:infinite-qbinomial' on page 1 undefined on input 
line 3217.

[48]

LaTeX Warning: Reference `thm:fixed-column-limit' on page 1 undefined on input 
line 3313.

[49] [50]
Chapter 9.

LaTeX Warning: Reference `app:limits' on page 1 undefined on input line 3390.

[51

]

LaTeX Warning: Reference `prop:phi-convergence' on page 1 undefined on input li
ne 3410.


LaTeX Warning: Reference `rem:classical-limit-terminating' on page 1 undefined 
on input line 3417.


LaTeX Warning: Reference `prop:classical-poch-limit' on page 1 undefined on inp
ut line 3453.

[52] [53]

LaTeX Warning: Reference `prop:classical-poch-limit' on page 1 undefined on inp
ut line 3534.


LaTeX Warning: Reference `app:limits' on page 1 undefined on input line 3534.


LaTeX Warning: Reference `thm:classical-hypergeometric-limit' on page 1 undefin
ed on input line 3534.


LaTeX Warning: Reference `thm:heine' on page 1 undefined on input line 3588.


LaTeX Warning: Reference `lem:cauchy-II' on page 1 undefined on input line 3599
.


LaTeX Warning: Reference `thm:q-pfaff' on page 1 undefined on input line 3601.


LaTeX Warning: Reference `lem:cauchy-II' on page 1 undefined on input line 3602
.

[54]

LaTeX Warning: Reference `thm:infinite-qbinomial' on page 1 undefined on input 
line 3615.


LaTeX Warning: Reference `thm:q-cauchy' on page 1 undefined on input line 3641.



LaTeX Warning: Reference `thm:q-cauchy' on page 1 undefined on input line 3664.


[55]

LaTeX Warning: Reference `lem:cauchy-II' on page 1 undefined on input line 3701
.

[56]

LaTeX Warning: Reference `eq:qchu1' on page 57 undefined on input line 3762.


LaTeX Warning: Reference `thm:q-gauss' on page 1 undefined on input line 3774.


LaTeX Warning: Reference `eq:qchu1' on page 57 undefined on input line 3776.


LaTeX Warning: Reference `eq:qchu2' on page 57 undefined on input line 3784.


LaTeX Warning: Reference `thm:q-pfaff' on page 1 undefined on input line 3784.


LaTeX Warning: Reference `eq:qchu1' on page 57 undefined on input line 3791.


LaTeX Warning: Reference `eq:qchu1' on page 57 undefined on input line 3796.


LaTeX Warning: Reference `thm:q-cauchy' on page 1 undefined on input line 3797.



LaTeX Warning: Reference `prop:base-reversal' on page 1 undefined on input line
 3798.


LaTeX Warning: Reference `eq:qchu1' on page 57 undefined on input line 3800.


LaTeX Warning: Reference `thm:q-cauchy' on page 1 undefined on input line 3805.



LaTeX Warning: Reference `thm:qbinom-structure' on page 1 undefined on input li
ne 3808.


LaTeX Warning: Reference `prop:base-reversal' on page 1 undefined on input line
 3810.


LaTeX Warning: Reference `eq:qchu1-cleared' on page 57 undefined on input line 
3815.


LaTeX Warning: Reference `eq:qchu1' on page 57 undefined on input line 3815.


LaTeX Warning: Reference `prop:qchu2-by-reversal' on page 1 undefined on input 
line 3817.


LaTeX Warning: Reference `eq:qchu2' on page 57 undefined on input line 3818.


LaTeX Warning: Reference `eq:2phi1-reversal' on page 57 undefined on input line
 3848.


LaTeX Warning: Reference `eq:2phi1-reversal' on page 57 undefined on input line
 3848.

[57]

LaTeX Warning: Reference `prop:concat' on page 1 undefined on input line 3858.


LaTeX Warning: Reference `prop:base-reversal' on page 1 undefined on input line
 3858.


LaTeX Warning: Reference `eq:poch-reversal-rule' on page 58 undefined on input 
line 3869.


LaTeX Warning: Reference `cor:qminusN' on page 1 undefined on input line 3904.


LaTeX Warning: Reference `eq:2phi1-reversal' on page 58 undefined on input line
 3909.


LaTeX Warning: Reference `eq:qchu2' on page 58 undefined on input line 3913.


LaTeX Warning: Reference `eq:qchu1' on page 58 undefined on input line 3913.


LaTeX Warning: Reference `lem:2phi1-reversal' on page 1 undefined on input line
 3913.


LaTeX Warning: Reference `thm:q-pfaff' on page 1 undefined on input line 3913.


LaTeX Warning: Reference `lem:cauchy-II' on page 1 undefined on input line 3913
.


LaTeX Warning: Reference `prop:base-reversal' on page 1 undefined on input line
 3923.


LaTeX Warning: Reference `lem:2phi1-reversal' on page 1 undefined on input line
 3924.


LaTeX Warning: Reference `eq:2phi1-reversal' on page 58 undefined on input line
 3931.


LaTeX Warning: Reference `eq:2phi1-reversal' on page 58 undefined on input line
 3933.

[58]

LaTeX Warning: Reference `eq:qchu1' on page 59 undefined on input line 3948.


LaTeX Warning: Reference `prop:base-reversal' on page 1 undefined on input line
 3956.


LaTeX Warning: Reference `eq:qchu2' on page 59 undefined on input line 3963.


LaTeX Warning: Reference `eq:qchu2' on page 59 undefined on input line 3964.


LaTeX Warning: Reference `eq:qchu1' on page 59 undefined on input line 3967.


LaTeX Warning: Reference `cor:q-chu' on page 1 undefined on input line 3968.


LaTeX Warning: Reference `eq:qchu2' on page 59 undefined on input line 3974.


LaTeX Warning: Reference `prop:qchu2-by-reversal' on page 1 undefined on input 
line 4000.


LaTeX Warning: Reference `cor:q-chu' on page 1 undefined on input line 4000.


LaTeX Warning: Reference `lem:2phi1-reversal' on page 1 undefined on input line
 4000.


LaTeX Warning: Reference `eq:qchu2' on page 59 undefined on input line 4000.


LaTeX Warning: Reference `thm:q-pfaff' on page 1 undefined on input line 4000.


LaTeX Warning: Reference `chap:formalization' on page 1 undefined on input line
 4000.

(chapters/09_very_well_poised_summations.tex [59]
Chapter 10.

LaTeX Warning: Reference `qg:eq:euler-telescoping' on page 60 undefined on inpu
t line 51.


LaTeX Warning: Reference `qg:lem-euler-telescope' on page 1 undefined on input 
line 55.

[60

]

LaTeX Warning: Reference `qg:eq:jackson-rational' on page 61 undefined on input
 line 93.


LaTeX Warning: Reference `qg:eq:jackson-rational' on page 61 undefined on input
 line 102.


LaTeX Warning: Reference `qg:eq:jackson-seed-substitution' on page 61 undefined
 on input line 139.

[61]

LaTeX Warning: Reference `qg:eq:jackson-delta-transform' on page 62 undefined o
n input line 182.


LaTeX Warning: Reference `qg:eq:jackson-seed' on page 62 undefined on input lin
e 188.


LaTeX Warning: Reference `qg:eq:jackson-second-iterate' on page 62 undefined on
 input line 209.


LaTeX Warning: Reference `qg:eq:jackson-rational' on page 62 undefined on input
 line 222.


LaTeX Warning: Reference `qg:eq:jackson-8phi7' on page 62 undefined on input li
ne 245.

[62]

LaTeX Warning: Reference `qg:eq:jackson-8phi7' on page 63 undefined on input li
ne 260.


LaTeX Warning: Reference `qg:lem-jackson-rational-certificate' on page 1 undefi
ned on input line 290.


LaTeX Warning: Reference `qg:eq:jackson-w' on page 63 undefined on input line 3
19.

[63]

LaTeX Warning: Reference `qg:eq:jackson-direct-difference' on page 64 undefined
 on input line 358.


LaTeX Warning: Reference `qg:eq:jackson-w0' on page 64 undefined on input line 
379.


LaTeX Warning: Reference `qg:eq:jackson-w' on page 64 undefined on input line 3
79.


LaTeX Warning: Reference `qg:eq:jackson-product-quotient' on page 64 undefined 
on input line 380.


LaTeX Warning: Reference `qg:eq:jackson-direct-difference' on page 64 undefined
 on input line 387.


LaTeX Warning: Reference `qg:lem-euler-telescope' on page 1 undefined on input 
line 396.


LaTeX Warning: Reference `qg:eq:jackson-finite-difference' on page 64 undefined
 on input line 398.


LaTeX Warning: Reference `qg:eq:jackson-8phi7' on page 64 undefined on input li
ne 405.

[64]

LaTeX Warning: Reference `qg:eq:jackson-8phi7' on page 65 undefined on input li
ne 422.


LaTeX Warning: Reference `qg:rem:jackson-a-one' on page 1 undefined on input li
ne 449.


LaTeX Warning: Reference `qg:eq:jackson-8phi7' on page 65 undefined on input li
ne 453.


LaTeX Warning: Reference `qg:eq:terminating-6phi5' on page 65 undefined on inpu
t line 471.


LaTeX Warning: Reference `qg:rem:jackson-a-one' on page 1 undefined on input li
ne 475.


LaTeX Warning: Reference `qg:thm-jackson-8phi7' on page 1 undefined on input li
ne 475.

) [65]
Chapter 11.

LaTeX Warning: Reference `prop:negative-index' on page 1 undefined on input lin
e 4011.

[66

] [67] [68]
Chapter 12.

LaTeX Warning: Reference `prop:qderivative-rules' on page 1 undefined on input 
line 4222.

[69

] [70]

LaTeX Warning: Reference `lem:qfalling-derivative' on page 1 undefined on input
 line 4314.


LaTeX Warning: Reference `thm:finite-qbinomial' on page 1 undefined on input li
ne 4356.

[71]

LaTeX Warning: Reference `thm:quantum-binomial' on page 1 undefined on input li
ne 4384.


LaTeX Warning: Reference `thm:quantum-binomial' on page 1 undefined on input li
ne 4392.


LaTeX Warning: Reference `thm:qbinom-structure' on page 1 undefined on input li
ne 4397.


LaTeX Warning: Reference `prop:qmult-factor' on page 1 undefined on input line 
4417.

[72]

LaTeX Warning: Reference `cor:quantum-multinomial' on page 1 undefined on input
 line 4429.


LaTeX Warning: Reference `thm:qmult-inversions' on page 1 undefined on input li
ne 4429.


LaTeX Warning: Reference `cor:quantum-multinomial' on page 1 undefined on input
 line 4429.


LaTeX Warning: Reference `thm:quantum-binomial' on page 1 undefined on input li
ne 4429.


LaTeX Warning: Reference `thm:binary-inversions' on page 1 undefined on input l
ine 4429.


LaTeX Warning: Reference `thm:quantum-binomial' on page 1 undefined on input li
ne 4452.


LaTeX Warning: Reference `cor:qexp-factor' on page 1 undefined on input line 44
67.

[73] [74] [75]
Chapter 13.
[76

]

LaTeX Warning: Reference `prop:qgamma-convex' on page 1 undefined on input line
 4677.


LaTeX Warning: Reference `thm:qgamma-basic' on page 1 undefined on input line 4
677.


LaTeX Warning: Reference `thm:q-bohr-mollerup' on page 1 undefined on input lin
e 4727.

[77] [78]

LaTeX Warning: Reference `thm:qbeta' on page 1 undefined on input line 4825.

[79] [80] [81

]
Chapter 14.

LaTeX Warning: Reference `eq:jtp-plus' on page 82 undefined on input line 4919.



LaTeX Warning: Reference `eq:jtp-minus' on page 82 undefined on input line 4919
.

[82

]

LaTeX Warning: Reference `eq:jtp-plus' on page 83 undefined on input line 4979.



LaTeX Warning: Reference `thm:jtp' on page 1 undefined on input line 5007.


LaTeX Warning: Reference `eq:finite-jtp' on page 83 undefined on input line 502
3.


LaTeX Warning: Reference `thm:finite-qbinomial' on page 1 undefined on input li
ne 5027.


LaTeX Warning: Reference `eq:finite-qbinomial-minus' on page 83 undefined on in
put line 5027.

[83]

LaTeX Warning: Reference `cor:shifted-central-vandermonde' on page 1 undefined 
on input line 5054.


LaTeX Warning: Reference `eq:finite-jtp' on page 84 undefined on input line 505
9.


LaTeX Warning: Reference `thm:qbinom-structure' on page 1 undefined on input li
ne 5059.


LaTeX Warning: Reference `eq:finite-jtp' on page 84 undefined on input line 506
8.


LaTeX Warning: Reference `eq:finite-jtp' on page 84 undefined on input line 509
0.


LaTeX Warning: Reference `eq:jtp-minus' on page 84 undefined on input line 5093
.


LaTeX Warning: Reference `eq:finite-jtp' on page 84 undefined on input line 509
7.


LaTeX Warning: Reference `prop:qbinom-products' on page 1 undefined on input li
ne 5099.

[84]

LaTeX Warning: Reference `thm:poch-entire' on page 1 undefined on input line 51
11.


LaTeX Warning: Reference `thm:central-fixed-q' on page 1 undefined on input lin
e 5144.


LaTeX Warning: Reference `eq:finite-jtp' on page 85 undefined on input line 515
2.


LaTeX Warning: Reference `thm:poch-entire' on page 1 undefined on input line 51
52.


LaTeX Warning: Reference `eq:jtp-minus' on page 85 undefined on input line 5157
.


LaTeX Warning: Reference `thm:jtp' on page 1 undefined on input line 5167.


LaTeX Warning: Reference `cor:jtp-from-finite' on page 1 undefined on input lin
e 5167.


LaTeX Warning: Reference `eq:finite-jtp' on page 85 undefined on input line 516
7.


LaTeX Warning: Reference `thm:finite-qbinomial' on page 1 undefined on input li
ne 5167.


LaTeX Warning: Reference `thm:q-vandermonde' on page 1 undefined on input line 
5167.


LaTeX Warning: Reference `eq:finite-jtp' on page 85 undefined on input line 516
7.


LaTeX Warning: Reference `prop:partition-stabilization' on page 1 undefined on 
input line 5167.


LaTeX Warning: Reference `thm:fixed-column-limit' on page 1 undefined on input 
line 5167.


LaTeX Warning: Reference `chap:formalization' on page 1 undefined on input line
 5167.


LaTeX Warning: Reference `eq:finite-jtp' on page 85 undefined on input line 516
7.


LaTeX Warning: Reference `eq:jtp-minus' on page 85 undefined on input line 5167
.


LaTeX Warning: Reference `thm:qbinom-structure' on page 1 undefined on input li
ne 5167.


LaTeX Warning: Reference `prop:partition-stabilization' on page 1 undefined on 
input line 5167.

[85]

LaTeX Warning: Reference `eq:finite-jtp' on page 86 undefined on input line 516
9.


LaTeX Warning: Reference `cor:shifted-central-vandermonde' on page 1 undefined 
on input line 5174.


LaTeX Warning: Reference `eq:finite-jtp' on page 86 undefined on input line 517
4.


LaTeX Warning: Reference `rem:qbinomial-finite-route' on page 1 undefined on in
put line 5174.


LaTeX Warning: Reference `thm:central-fixed-q' on page 1 undefined on input lin
e 5174.


LaTeX Warning: Reference `cor:jtp-from-finite' on page 1 undefined on input lin
e 5174.


LaTeX Warning: Reference `eq:jtp-minus' on page 86 undefined on input line 5190
.


LaTeX Warning: Reference `thm:partition-products' on page 1 undefined on input 
line 5219.


LaTeX Warning: Reference `thm:pentagonal' on page 1 undefined on input line 522
1.

[86]

LaTeX Warning: Reference `thm:formal-analytic-transfer' on page 1 undefined on 
input line 5240.


LaTeX Warning: Reference `eq:jtp-minus' on page 87 undefined on input line 5273
.


LaTeX Warning: Reference `eq:jtp-minus' on page 87 undefined on input line 5295
.

[87]

LaTeX Warning: Reference `eq:jtp-minus' on page 88 undefined on input line 5324
.


LaTeX Warning: Reference `prop:qgamma-reflection' on page 1 undefined on input 
line 5329.

(chapters/10_theta_modularity_and_squares.tex [88]
Chapter 15.

LaTeX Warning: Reference `chap:jtp' on page 1 undefined on input line 6.


LaTeX Warning: Reference `thm:jtp' on page 1 undefined on input line 26.


LaTeX Warning: Reference `eq:qg-quintuple-product' on page 89 undefined on inpu
t line 34.


LaTeX Warning: Reference `cor:theta-quasi' on page 1 undefined on input line 51
.


LaTeX Warning: Reference `eq:qg-quintuple-coefficient' on page 89 undefined on 
input line 57.

[89

]

LaTeX Warning: Reference `cor:theta-quasi' on page 1 undefined on input line 66
.


LaTeX Warning: Reference `eq:qg-quintuple-product' on page 90 undefined on inpu
t line 82.

[90]

LaTeX Warning: Reference `thm:jtp' on page 1 undefined on input line 167.


LaTeX Warning: Reference `eq:qg-theta2-product' on page 91 undefined on input l
ine 179.


LaTeX Warning: Reference `eq:qg-poisson' on page 91 undefined on input line 241
.

[91]

LaTeX Warning: Reference `qg:thm-poisson' on page 1 undefined on input line 340
.


LaTeX Warning: Reference `qg:lem-gaussian-fourier' on page 1 undefined on input
 line 344.


LaTeX Warning: Reference `eq:qg-theta3-modular' on page 92 undefined on input l
ine 351.


LaTeX Warning: Reference `eq:qg-theta4-modular' on page 92 undefined on input l
ine 359.


LaTeX Warning: Reference `eq:qg-theta2-modular' on page 92 undefined on input l
ine 360.

[92]

LaTeX Warning: Reference `qg:prop-theta-products' on page 1 undefined on input 
line 390.


LaTeX Warning: Reference `qg:thm-jacobi-imaginary' on page 1 undefined on input
 line 401.


LaTeX Warning: Reference `eq:qg-eta-definition' on page 93 undefined on input l
ine 412.


LaTeX Warning: Reference `eq:qg-eta-S' on page 93 undefined on input line 422.

[93]

LaTeX Warning: Reference `thm:jtp' on page 1 undefined on input line 459.

[94] [95]

LaTeX Warning: Reference `qg:lem-gaussian-ufd' on page 1 undefined on input lin
e 691.


LaTeX Warning: Reference `eq:qg-two-square' on page 96 undefined on input line 
704.


LaTeX Warning: Reference `qg:thm-two-square' on page 1 undefined on input line 
720.


LaTeX Warning: Reference `qg:prop-squares-theta' on page 1 undefined on input l
ine 720.

[96]

LaTeX Warning: Reference `eq:qg-two-square' on page 97 undefined on input line 
736.


LaTeX Warning: Reference `thm:jtp' on page 1 undefined on input line 759.


LaTeX Warning: Reference `eq:qg-jacobi-cube' on page 97 undefined on input line
 778.

[97]

LaTeX Warning: Reference `eq:qg-four-square-coalesce' on page 98 undefined on i
nput line 818.


LaTeX Warning: Reference `eq:qg-four-square-D' on page 98 undefined on input li
ne 847.


LaTeX Warning: Reference `eq:qg-four-square-logdiff' on page 98 undefined on in
put line 879.

[98]

LaTeX Warning: Reference `eq:qg-four-square-quotient' on page 99 undefined on i
nput line 907.


LaTeX Warning: Reference `qg:prop-squares-theta' on page 1 undefined on input l
ine 938.


LaTeX Warning: Reference `eq:qg-four-square' on page 99 undefined on input line
 941.

) [99]
Chapter 16.

LaTeX Warning: Reference `qg:def-partition' on page 1 undefined on input line 5
351.


LaTeX Warning: Reference `prop:bounded-partitions' on page 1 undefined on input
 line 5382.


LaTeX Warning: Reference `prop:dissection' on page 1 undefined on input line 54
03.

[100

]

LaTeX Warning: Reference `thm:formal-analytic-transfer' on page 1 undefined on 
input line 5411.

[101]
Chapter 17.

LaTeX Warning: Reference `eq:bailey-pair' on page 102 undefined on input line 5
480.


LaTeX Warning: Reference `eq:scaled-qdiff-characteristic' on page 102 undefined
 on input line 5520.


LaTeX Warning: Reference `eq:qdiff-moments' on page 102 undefined on input line
 5521.


LaTeX Warning: Reference `eq:qdiff-top-coefficient' on page 102 undefined on in
put line 5522.

[102

]

LaTeX Warning: Reference `lem:qdiff-annihilation' on page 1 undefined on input 
line 5566.

[103] [104]

LaTeX Warning: Reference `lem:bailey-aux' on page 1 undefined on input line 570
4.


LaTeX Warning: Reference `thm:bailey-limit-finite' on page 1 undefined on input
 line 5720.


LaTeX Warning: Reference `cor:unit-bailey-pairs' on page 1 undefined on input l
ine 5761.

[105]

LaTeX Warning: Reference `eq:RR1' on page 106 undefined on input line 5784.


LaTeX Warning: Reference `eq:RR2' on page 106 undefined on input line 5807.


LaTeX Warning: Reference `eq:RR1' on page 106 undefined on input line 5811.


LaTeX Warning: Reference `eq:RR2' on page 106 undefined on input line 5811.

(chapters/11_bailey_andrews_gordon.tex [106]
Chapter 18.

LaTeX Warning: Reference `chap:bailey' on page 1 undefined on input line 10.


LaTeX Warning: Reference `chap:bailey' on page 1 undefined on input line 22.


LaTeX Warning: Reference `qg:def-bailey-pair' on page 1 undefined on input line
 23.


LaTeX Warning: Reference `eq:bailey-pair' on page 107 undefined on input line 2
4.


LaTeX Warning: Reference `eq:bailey-pair' on page 107 undefined on input line 6
7.


LaTeX Warning: Reference `qg:eq:full-bailey-beta' on page 107 undefined on inpu
t line 68.

[107

]

LaTeX Warning: Reference `qg:eq:full-bailey-inner' on page 108 undefined on inp
ut line 92.


LaTeX Warning: Reference `thm:q-pfaff' on page 1 undefined on input line 110.


LaTeX Warning: Reference `qg:eq:full-bailey-inner' on page 108 undefined on inp
ut line 128.


LaTeX Warning: Reference `qg:eq:full-bailey-alpha' on page 108 undefined on inp
ut line 136.


LaTeX Warning: Reference `qg:eq:full-bailey-inner' on page 108 undefined on inp
ut line 159.


LaTeX Warning: Reference `qg:eq:finite-reversal' on page 108 undefined on input
 line 160.


LaTeX Warning: Reference `qg:eq:full-bailey-inner' on page 108 undefined on inp
ut line 164.


LaTeX Warning: Reference `qg:eq:full-bailey-inner-evaluation' on page 108 undef
ined on input line 179.

[108]

LaTeX Warning: Reference `qg:thm-bailey-lemma' on page 1 undefined on input lin
e 187.


LaTeX Warning: Reference `thm:bailey-limit-finite' on page 1 undefined on input
 line 195.


LaTeX Warning: Reference `cor:bailey-limit-infinite' on page 1 undefined on inp
ut line 197.


LaTeX Warning: Reference `qg:eq:bailey-lowering-zero' on page 109 undefined on 
input line 230.


LaTeX Warning: Reference `qg:eq:bailey-lowering-positive' on page 109 undefined
 on input line 231.


LaTeX Warning: Reference `qg:lem-bailey-lowering' on page 1 undefined on input 
line 262.

[109]

LaTeX Warning: Reference `thm:bailey-limit-finite' on page 1 undefined on input
 line 273.


LaTeX Warning: Reference `thm:bailey-limit-finite' on page 1 undefined on input
 line 317.


LaTeX Warning: Reference `qg:eq:iterated-bailey-alpha' on page 110 undefined on
 input line 319.


LaTeX Warning: Reference `qg:eq:iterated-bailey-beta' on page 110 undefined on 
input line 322.


LaTeX Warning: Reference `qg:eq:iterated-bailey-beta' on page 110 undefined on 
input line 336.


LaTeX Warning: Reference `qg:eq:iterated-bailey-unit-beta' on page 110 undefine
d on input line 339.


LaTeX Warning: Reference `thm:rogers-ramanujan' on page 1 undefined on input li
ne 352.

[110]

LaTeX Warning: Reference `prop:bounded-partitions' on page 1 undefined on input
 line 376.


LaTeX Warning: Reference `thm:rogers-ramanujan' on page 1 undefined on input li
ne 387.

[111]

LaTeX Warning: Reference `qg:eq:continuant-P' on page 112 undefined on input li
ne 489.


LaTeX Warning: Reference `thm:qpascal' on page 1 undefined on input line 490.


LaTeX Warning: Reference `qg:eq:continuant-P' on page 112 undefined on input li
ne 503.


LaTeX Warning: Reference `qg:eq:continuant-Q' on page 112 undefined on input li
ne 510.


LaTeX Warning: Reference `qg:eq:continuant-Q' on page 112 undefined on input li
ne 520.


LaTeX Warning: Reference `thm:rogers-ramanujan' on page 1 undefined on input li
ne 535.

[112]

LaTeX Warning: Reference `qg:eq:rogers-ramanujan-fraction' on page 113 undefine
d on input line 559.


LaTeX Warning: Reference `thm:rogers-ramanujan' on page 1 undefined on input li
ne 561.


LaTeX Warning: Reference `qg:eq:rogers-ramanujan-fraction-product' on page 113 
undefined on input line 563.


LaTeX Warning: Reference `qg:eq:continuant-P' on page 113 undefined on input li
ne 569.


LaTeX Warning: Reference `qg:eq:continuant-Q' on page 113 undefined on input li
ne 569.


LaTeX Warning: Reference `qg:eq:andrews-gordon' on page 113 undefined on input 
line 617.


LaTeX Warning: Reference `cor:unit-bailey-pairs' on page 1 undefined on input l
ine 627.


LaTeX Warning: Reference `cor:bailey-limit-infinite' on page 1 undefined on inp
ut line 632.


LaTeX Warning: Reference `qg:lem-bailey-chain-iterate' on page 1 undefined on i
nput line 633.


LaTeX Warning: Reference `qg:eq:andrews-gordon-decreasing' on page 113 undefine
d on input line 636.


LaTeX Warning: Reference `cor:unit-bailey-pairs' on page 1 undefined on input l
ine 640.

[113]

LaTeX Warning: Reference `thm:jtp' on page 1 undefined on input line 659.


LaTeX Warning: Reference `qg:eq:andrews-gordon' on page 114 undefined on input 
line 664.


LaTeX Warning: Reference `qg:lem-bailey-lowering' on page 1 undefined on input 
line 679.


LaTeX Warning: Reference `cor:bailey-limit-infinite' on page 1 undefined on inp
ut line 683.


LaTeX Warning: Reference `qg:eq:andrews-gordon-decreasing' on page 114 undefine
d on input line 691.


LaTeX Warning: Reference `qg:eq:andrews-gordon-lowered-alpha' on page 114 undef
ined on input line 716.


LaTeX Warning: Reference `qg:eq:andrews-gordon' on page 114 undefined on input 
line 744.

[114]

LaTeX Warning: Reference `cor:bailey-limit-infinite' on page 1 undefined on inp
ut line 764.


LaTeX Warning: Reference `qg:thm-andrews-gordon' on page 1 undefined on input l
ine 797.


LaTeX Warning: Reference `qg:eq:andrews-gordon-mod-seven-one' on page 115 undef
ined on input line 808.


LaTeX Warning: Reference `qg:eq:andrews-gordon-mod-seven-three' on page 115 und
efined on input line 809.


LaTeX Warning: Reference `qg:thm-andrews-gordon' on page 1 undefined on input l
ine 817.


LaTeX Warning: Hyper reference `qg:prob-even-modulus-lowering' on page 115 unde
fined on input line 826.


LaTeX Warning: Reference `thm:q-pfaff' on page 1 undefined on input line 834.


LaTeX Warning: Reference `thm:rogers-ramanujan' on page 1 undefined on input li
ne 836.


LaTeX Warning: Reference `thm:jtp' on page 1 undefined on input line 837.


LaTeX Warning: Reference `chap:bailey' on page 1 undefined on input line 839.

[115]) [116] [117

]
Chapter 19.

LaTeX Warning: Reference `eq:cyclotomic-gaussian' on page 118 undefined on inpu
t line 5858.

[118

]

LaTeX Warning: Reference `eq:cyclotomic-gaussian' on page 119 undefined on inpu
t line 5879.


LaTeX Warning: Reference `thm:cyclotomic-pochhammer' on page 1 undefined on inp
ut line 5879.


LaTeX Warning: Reference `eq:carry-criterion' on page 119 undefined on input li
ne 5936.


LaTeX Warning: Reference `cor:squarefree-cyclotomic' on page 1 undefined on inp
ut line 5937.


LaTeX Warning: Reference `cor:positivity' on page 1 undefined on input line 594
8.


LaTeX Warning: Reference `thm:qbinom-structure' on page 1 undefined on input li
ne 5955.


LaTeX Warning: Reference `cor:qbinom-classical' on page 1 undefined on input li
ne 5959.

[119]

LaTeX Warning: Citation `Stanley1999' on page 120 undefined on input line 5968.



LaTeX Warning: Reference `cor:path-area' on page 1 undefined on input line 5969
.


LaTeX Warning: Reference `lem:root-block' on page 1 undefined on input line 601
2.


LaTeX Warning: Reference `eq:lucas-coeff-left' on page 120 undefined on input l
ine 6024.


LaTeX Warning: Reference `eq:lucas-coeff-right' on page 120 undefined on input 
line 6024.


LaTeX Warning: Reference `eq:lucas-phase' on page 120 undefined on input line 6
035.


LaTeX Warning: Reference `eq:q-lucas' on page 120 undefined on input line 6035.


[120]

LaTeX Warning: Reference `thm:q-lucas' on page 1 undefined on input line 6051.


LaTeX Warning: Reference `thm:q-lucas' on page 1 undefined on input line 6066.

[121]

LaTeX Warning: Reference `eq:csp-fixed' on page 122 undefined on input line 610
3.


LaTeX Warning: Citation `Andrews1999Congruences' on page 122 undefined on input
 line 6108.


LaTeX Warning: Citation `Straub2011Ljunggren' on page 122 undefined on input li
ne 6108.


LaTeX Warning: Reference `cor:squarefree-cyclotomic' on page 1 undefined on inp
ut line 6136.


LaTeX Warning: Reference `eq:block-expansion' on page 122 undefined on input li
ne 6136.


LaTeX Warning: Reference `eq:q-babbage' on page 122 undefined on input line 616
3.


LaTeX Warning: Reference `eq:q-babbage' on page 122 undefined on input line 616
7.

[122] [123]
Chapter 20.
[124

]

LaTeX Warning: Reference `eq:general-pascal-a' on page 125 undefined on input l
ine 6232.


LaTeX Warning: Reference `eq:general-pascal-a' on page 125 undefined on input l
ine 6244.


LaTeX Warning: Reference `eq:general-pascal-b' on page 125 undefined on input l
ine 6244.


LaTeX Warning: Reference `thm:reciprocal-finite' on page 1 undefined on input l
ine 6264.


LaTeX Warning: Reference `eq:negative-reflection' on page 125 undefined on inpu
t line 6264.


LaTeX Warning: Reference `eq:complex-upper-gaussian' on page 125 undefined on i
nput line 6293.


LaTeX Warning: Reference `def:complex-qshift' on page 1 undefined on input line
 6298.

[125]

LaTeX Warning: Reference `eq:complex-upper-gaussian' on page 126 undefined on i
nput line 6330.


LaTeX Warning: Reference `eq:complex-gaussian-gamma' on page 126 undefined on i
nput line 6334.


LaTeX Warning: Reference `eq:complex-gaussian' on page 126 undefined on input l
ine 6334.


LaTeX Warning: Reference `eq:complex-upper-gaussian' on page 126 undefined on i
nput line 6343.


LaTeX Warning: Reference `eq:complex-pascal-a' on page 126 undefined on input l
ine 6364.


LaTeX Warning: Reference `eq:complex-pascal-b' on page 126 undefined on input l
ine 6370.


LaTeX Warning: Reference `eq:complex-gaussian-gamma' on page 126 undefined on i
nput line 6373.


LaTeX Warning: Reference `eq:complex-gaussian-symmetry' on page 126 undefined o
n input line 6375.


LaTeX Warning: Reference `eq:complex-pascal-a' on page 126 undefined on input l
ine 6376.


LaTeX Warning: Reference `eq:complex-pascal-b' on page 126 undefined on input l
ine 6376.


LaTeX Warning: Reference `eq:complex-gaussian-gamma' on page 126 undefined on i
nput line 6398.


LaTeX Warning: Reference `thm:qgamma-classical-limit' on page 1 undefined on in
put line 6400.

[126]

LaTeX Warning: Reference `eq:generalized-finite-qbinomial' on page 127 undefine
d on input line 6442.

[127]

LaTeX Warning: Reference `eq:geometric-divided-difference' on page 128 undefine
d on input line 6490.


LaTeX Warning: Reference `eq:geometric-divided-difference-explicit' on page 128
 undefined on input line 6500.


LaTeX Warning: Reference `eq:geometric-newton' on page 128 undefined on input l
ine 6506.


LaTeX Warning: Reference `eq:geometric-newton' on page 128 undefined on input l
ine 6510.


LaTeX Warning: Reference `eq:geometric-newton' on page 128 undefined on input l
ine 6521.


LaTeX Warning: Reference `eq:triangular-newton' on page 128 undefined on input 
line 6526.


LaTeX Warning: Reference `eq:geometric-divided-difference' on page 128 undefine
d on input line 6527.

[128] [129

]
Chapter 21.

LaTeX Warning: Citation `ChernDilcherJiu2026' on page 130 undefined on input li
ne 6540.

[130

]

LaTeX Warning: Reference `lem:central-reduction' on page 1 undefined on input l
ine 6605.


LaTeX Warning: Reference `thm:q-gauss' on page 1 undefined on input line 6619.


LaTeX Warning: Reference `eq:regular-central-product' on page 131 undefined on 
input line 6633.


LaTeX Warning: Reference `eq:regular-central-sum' on page 131 undefined on inpu
t line 6645.


LaTeX Warning: Reference `eq:regular-central-product2' on page 131 undefined on
 input line 6645.

[131]

LaTeX Warning: Reference `eq:regular-central-classical' on page 132 undefined o
n input line 6698.


LaTeX Warning: Reference `thm:regular-central-sum' on page 1 undefined on input
 line 6698.


LaTeX Warning: Reference `thm:qgamma-classical-limit' on page 1 undefined on in
put line 6698.


LaTeX Warning: Reference `thm:regular-central-sum' on page 1 undefined on input
 line 6701.


LaTeX Warning: Reference `lem:central-reduction' on page 1 undefined on input l
ine 6730.


LaTeX Warning: Reference `eq:singular-central-reduced' on page 132 undefined on
 input line 6765.

[132]

LaTeX Warning: Reference `eq:F-auxiliary' on page 133 undefined on input line 6
768.


LaTeX Warning: Reference `eq:F-two-sums' on page 133 undefined on input line 68
14.


LaTeX Warning: Reference `eq:central-reduction' on page 133 undefined on input 
line 6822.


LaTeX Warning: Reference `eq:singular-central' on page 133 undefined on input l
ine 6827.


LaTeX Warning: Reference `thm:singular-central' on page 1 undefined on input li
ne 6836.

[133]

LaTeX Warning: Reference `lem:central-reduction' on page 1 undefined on input l
ine 6869.


LaTeX Warning: Reference `lem:central-reduction' on page 1 undefined on input l
ine 6913.


LaTeX Warning: Reference `eq:central-infinite-component' on page 134 undefined 
on input line 6914.


LaTeX Warning: Reference `eq:central-infinite-component' on page 134 undefined 
on input line 6917.


LaTeX Warning: Reference `eq:singular-central' on page 134 undefined on input l
ine 6918.

[134]

LaTeX Warning: Reference `eq:central-finite-component' on page 135 undefined on
 input line 6928.


LaTeX Warning: Reference `eq:T-beta' on page 135 undefined on input line 6962.


LaTeX Warning: Reference `eq:finite-part' on page 135 undefined on input line 6
980.

[135]

LaTeX Warning: Reference `eq:finite-part-digamma' on page 136 undefined on inpu
t line 6996.


LaTeX Warning: Reference `eq:classical-singular-central' on page 136 undefined 
on input line 7002.

[136]
Chapter 22.
[137

]

LaTeX Warning: Reference `lem:basic-bernoulli-log' on page 1 undefined on input
 line 7120.


LaTeX Warning: Reference `eq:gaussian-bernoulli' on page 138 undefined on input
 line 7124.


LaTeX Warning: Reference `eq:gaussian-bernoulli' on page 138 undefined on input
 line 7134.


LaTeX Warning: Reference `thm:gaussian-bernoulli' on page 1 undefined on input 
line 7134.


LaTeX Warning: Reference `eq:basic-bernoulli-log' on page 138 undefined on inpu
t line 7141.


LaTeX Warning: Reference `thm:qbinom-structure' on page 1 undefined on input li
ne 7143.


LaTeX Warning: Reference `cor:gaussian-first-asymptotic' on page 1 undefined on
 input line 7150.


LaTeX Warning: Reference `eq:gaussian-bernoulli' on page 138 undefined on input
 line 7180.

[138]

LaTeX Warning: Reference `eq:fixed-column-limit' on page 139 undefined on input
 line 7233.


LaTeX Warning: Reference `eq:fixed-column-error' on page 139 undefined on input
 line 7234.


LaTeX Warning: Reference `eq:fixed-column-shifted-limit' on page 139 undefined 
on input line 7235.


LaTeX Warning: Reference `eq:fixed-column-shifted-error' on page 139 undefined 
on input line 7236.


LaTeX Warning: Reference `eq:fixed-column-shifted-limit' on page 139 undefined 
on input line 7245.

[139]

LaTeX Warning: Reference `thm:poch-entire' on page 1 undefined on input line 73
01.


LaTeX Warning: Reference `prop:concat' on page 1 undefined on input line 7305.

[140]

LaTeX Warning: Reference `eq:qgreaterone-reciprocity' on page 141 undefined on 
input line 7349.


LaTeX Warning: Reference `thm:central-fixed-q' on page 1 undefined on input lin
e 7354.


LaTeX Warning: Reference `eq:qgreaterone-central' on page 141 undefined on inpu
t line 7361.


LaTeX Warning: Reference `thm:qbinom-structure' on page 1 undefined on input li
ne 7400.


LaTeX Warning: Reference `thm:central-fixed-q' on page 1 undefined on input lin
e 7400.


LaTeX Warning: Reference `thm:fixed-column-limit' on page 1 undefined on input 
line 7400.

[141] (chapters/12_limits_reciprocity_and_frontiers.tex [142]
Chapter 23.

LaTeX Warning: Reference `qg:thm-theta-eta-modular' on page 1 undefined on inpu
t line 12.


LaTeX Warning: Reference `eq:qg-eta-definition' on page 143 undefined on input 
line 52.


LaTeX Warning: Reference `eq:qg-eta-S' on page 143 undefined on input line 59.


LaTeX Warning: Reference `eq:qg-eta-at-small-imaginary-argument' on page 143 un
defined on input line 73.


LaTeX Warning: Reference `eq:qg-qpochhammer-modular-exact' on page 143 undefine
d on input line 74.

[143

]

LaTeX Warning: Reference `eq:qg-coefficientwise-cauchy' on page 144 undefined o
n input line 147.

[144]

LaTeX Warning: Reference `qg:prop-coefficientwise-limit' on page 1 undefined on
 input line 199.


LaTeX Warning: Reference `eq:qg-truncation-product' on page 145 undefined on in
put line 200.


LaTeX Warning: Reference `eq:qg-truncation-series' on page 145 undefined on inp
ut line 207.

[145]

LaTeX Warning: Reference `eq:qg-borwein-dissection' on page 146 undefined on in
put line 263.


LaTeX Warning: Reference `eq:qg-borwein-dissection' on page 146 undefined on in
put line 276.


LaTeX Warning: Reference `eq:qg-borwein-dissection' on page 146 undefined on in
put line 331.


LaTeX Warning: Reference `qg:prop-borwein-reciprocity' on page 1 undefined on i
nput line 336.


LaTeX Warning: Reference `eq:qg-borwein-tail-stabilization' on page 146 undefin
ed on input line 346.


LaTeX Warning: Citation `Wang2022' on page 146 undefined on input line 355.


LaTeX Warning: Citation `WangKrattenthaler2022' on page 146 undefined on input 
line 355.


LaTeX Warning: Citation `DousseJouhetKonan2025' on page 146 undefined on input 
line 366.

[146]

LaTeX Warning: Citation `Slater1952' on page 147 undefined on input line 383.


LaTeX Warning: Citation `McLaughlinSillsZimmer' on page 147 undefined on input 
line 383.

[147] [148]) [149]
Chapter 24.

LaTeX Warning: Citation `LauLeeOno2026' on page 150 undefined on input line 744
7.


LaTeX Warning: Reference `alg:gaussian-dp' on page 1 undefined on input line 74
69.

[150

]

LaTeX Warning: Reference `alg:cyclotomic-list' on page 1 undefined on input lin
e 7511.


LaTeX Warning: Reference `thm:cyclotomic-pochhammer' on page 1 undefined on inp
ut line 7515.

[151]

LaTeX Warning: Reference `eq:certificate' on page 152 undefined on input line 7
559.


LaTeX Warning: Citation `PetkovsekWilfZeilberger1996' on page 152 undefined on 
input line 7579.


LaTeX Warning: Reference `eq:certificate' on page 152 undefined on input line 7
579.


LaTeX Warning: Citation `ZhongZhao2026' on page 152 undefined on input line 761
2.

[152]

LaTeX Warning: Reference `eq:factorial-block-translation' on page 153 undefined
 on input line 7631.


LaTeX Warning: Reference `eq:positive-integer-translation' on page 153 undefine
d on input line 7633.


LaTeX Warning: Reference `eq:negative-integer-translation' on page 153 undefine
d on input line 7643.


LaTeX Warning: Reference `eq:positive-integer-translation' on page 153 undefine
d on input line 7645.


LaTeX Warning: Reference `eq:negative-integer-translation' on page 153 undefine
d on input line 7645.


LaTeX Warning: Reference `eq:factorial-block-translation' on page 153 undefined
 on input line 7645.


LaTeX Warning: Reference `eq:positive-integer-translation' on page 153 undefine
d on input line 7657.


LaTeX Warning: Reference `eq:factorial-block-translation' on page 153 undefined
 on input line 7657.


LaTeX Warning: Reference `lem:integer-qpochhammer-translation' on page 1 undefi
ned on input line 7661.


LaTeX Warning: Reference `cor:safe-specialization' on page 1 undefined on input
 line 7661.

[153]

LaTeX Warning: Reference `thm:certified-integral-translation' on page 1 undefin
ed on input line 7670.


LaTeX Warning: Reference `lem:integer-qpochhammer-translation' on page 1 undefi
ned on input line 7679.


LaTeX Warning: Reference `thm:bailey-inversion' on page 1 undefined on input li
ne 7685.


LaTeX Warning: Citation `Eberl2024QAnalogues' on page 154 undefined on input li
ne 7699.


LaTeX Warning: Citation `ReshetnikovProveIt2026' on page 154 undefined on input
 line 7699.

[154]

LaTeX Warning: Reference `chap:pochhammer' on page 1 undefined on input line 77
29.


LaTeX Warning: Reference `cor:safe-specialization' on page 1 undefined on input
 line 7729.


LaTeX Warning: Reference `lem:polynomial-identity-principle' on page 1 undefine
d on input line 7729.


LaTeX Warning: Reference `thm:formal-analytic-transfer' on page 1 undefined on 
input line 7729.


LaTeX Warning: Reference `chap:bilateral' on page 1 undefined on input line 772
9.


LaTeX Warning: Reference `chap:basic-hypergeometric' on page 1 undefined on inp
ut line 7729.


LaTeX Warning: Reference `chap:infinite-qbinomial' on page 1 undefined on input
 line 7729.


LaTeX Warning: Reference `thm:qbinom-structure' on page 1 undefined on input li
ne 7748.


LaTeX Warning: Reference `thm:qbinom-structure' on page 1 undefined on input li
ne 7750.


LaTeX Warning: Reference `prop:extreme-specializations' on page 1 undefined on 
input line 7757.


LaTeX Warning: Reference `cor:qbinom-classical' on page 1 undefined on input li
ne 7761.


LaTeX Warning: Reference `app:limits' on page 1 undefined on input line 7762.


LaTeX Warning: Reference `cor:identity-certification' on page 1 undefined on in
put line 7766.


LaTeX Warning: Reference `thm:telescoping-certificate' on page 1 undefined on i
nput line 7772.


LaTeX Warning: Reference `thm:qbinom-structure' on page 1 undefined on input li
ne 7780.


LaTeX Warning: Reference `thm:qbinom-structure' on page 1 undefined on input li
ne 7781.

[155]

LaTeX Warning: Reference `prop:extreme-specializations' on page 1 undefined on 
input line 7797.


LaTeX Warning: Reference `cor:qbinom-classical' on page 1 undefined on input li
ne 7798.


LaTeX Warning: Reference `lem:polynomial-identity-principle' on page 1 undefine
d on input line 7799.


LaTeX Warning: Reference `cor:safe-specialization' on page 1 undefined on input
 line 7799.


LaTeX Warning: Reference `cor:identity-certification' on page 1 undefined on in
put line 7800.


LaTeX Warning: Reference `thm:telescoping-certificate' on page 1 undefined on i
nput line 7801.


LaTeX Warning: Reference `prin:proof-architecture' on page 1 undefined on input
 line 7807.


LaTeX Warning: Citation `PetkovsekWilfZeilberger1996' on page 156 undefined on 
input line 7812.


LaTeX Warning: Citation `LauLeeOno2026' on page 156 undefined on input line 781
6.

[156] [157

]
Chapter 25.

LaTeX Warning: Reference `chap:qnewton' on page 1 undefined on input line 7831.



LaTeX Warning: Reference `thm:finite-qbinomial' on page 1 undefined on input li
ne 7866.


LaTeX Warning: Reference `eq:reversed-product' on page 158 undefined on input l
ine 7873.


LaTeX Warning: Reference `eq:reversed-moments' on page 158 undefined on input l
ine 7877.

[158

]

LaTeX Warning: Reference `eq:reversed-product' on page 159 undefined on input l
ine 7879.


LaTeX Warning: Reference `eq:reversed-gaussian-row' on page 159 undefined on in
put line 7879.


LaTeX Warning: Reference `eq:reversed-moments' on page 159 undefined on input l
ine 7879.


LaTeX Warning: Reference `eq:reversed-product' on page 159 undefined on input l
ine 7883.


LaTeX Warning: Reference `eq:geometric-eval-zero' on page 159 undefined on inpu
t line 7908.


LaTeX Warning: Reference `eq:reversed-moments' on page 159 undefined on input l
ine 7909.


LaTeX Warning: Reference `thm:geometric-evaluation-zero' on page 1 undefined on
 input line 7925.


LaTeX Warning: Reference `eq:geometric-lagrange-weight' on page 159 undefined o
n input line 7925.

[159]

LaTeX Warning: Reference `eq:reversed-moments' on page 160 undefined on input l
ine 7947.


LaTeX Warning: Reference `cor:e-h-orthogonality' on page 1 undefined on input l
ine 7982.


LaTeX Warning: Reference `eq:universal-residual' on page 160 undefined on input
 line 7989.

[160]

LaTeX Warning: Reference `thm:geometric-evaluation-zero' on page 1 undefined on
 input line 8020.


LaTeX Warning: Reference `thm:universal-lagrange-residual' on page 1 undefined 
on input line 8020.


LaTeX Warning: Reference `thm:weighted-specializations' on page 1 undefined on 
input line 8030.


LaTeX Warning: Reference `thm:complete-geometric-moments' on page 1 undefined o
n input line 8047.

[161]

LaTeX Warning: Reference `eq:filter-diagonal' on page 162 undefined on input li
ne 8089.


LaTeX Warning: Reference `thm:complete-geometric-moments' on page 1 undefined o
n input line 8089.


LaTeX Warning: Reference `eq:filter-exact-tail' on page 162 undefined on input 
line 8090.


LaTeX Warning: Reference `eq:filter-exact-tail' on page 162 undefined on input 
line 8105.


LaTeX Warning: Reference `thm:geometric-filter-diagonal' on page 1 undefined on
 input line 8109.


LaTeX Warning: Reference `eq:filter-exact-tail' on page 162 undefined on input 
line 8138.

[162]

LaTeX Warning: Reference `eq:filter-exact-tail' on page 163 undefined on input 
line 8142.

[163]
Chapter 26.

LaTeX Warning: Reference `eq:halfbase-factorial' on page 164 undefined on input
 line 8181.


LaTeX Warning: Reference `eq:halfbase-gaussian' on page 164 undefined on input 
line 8192.


LaTeX Warning: Reference `eq:halfbase-factorial' on page 164 undefined on input
 line 8194.


LaTeX Warning: Reference `eq:halfbase-gaussian' on page 164 undefined on input 
line 8195.

[164

]

LaTeX Warning: Reference `eq:halfbase-sum-evaluation' on page 165 undefined on 
input line 8235.


LaTeX Warning: Reference `cor:halfbase-root-locus' on page 1 undefined on input
 line 8260.

[165]

LaTeX Warning: Reference `eq:halfbase-factorial' on page 166 undefined on input
 line 8303.


LaTeX Warning: Reference `eq:geometric-prouhet' on page 166 undefined on input 
line 8303.


LaTeX Warning: Reference `thm:geometric-prouhet' on page 1 undefined on input l
ine 8324.

[166]

LaTeX Warning: Reference `thm:thue-morse-product' on page 1 undefined on input 
line 8392.


LaTeX Warning: Reference `eq:thue-morse-moments' on page 167 undefined on input
 line 8409.


LaTeX Warning: Reference `eq:thue-morse-polynomial-functional' on page 167 unde
fined on input line 8409.

[167]

LaTeX Warning: Reference `eq:thue-morse-even-odd-decomposition' on page 168 und
efined on input line 8441.


LaTeX Warning: Reference `thm:thue-morse-moments' on page 1 undefined on input 
line 8443.


LaTeX Warning: Reference `thm:thue-morse-moments' on page 1 undefined on input 
line 8471.


LaTeX Warning: Reference `thm:geometric-prouhet' on page 1 undefined on input l
ine 8471.

[168]
Chapter 27.

LaTeX Warning: Citation `Fabius1966' on page 169 undefined on input line 8484.


LaTeX Warning: Citation `Rvachev1990' on page 169 undefined on input line 8484.



LaTeX Warning: Citation `AriasDeReyna1982' on page 169 undefined on input line 
8484.


LaTeX Warning: Citation `ReshetnikovProveIt2026' on page 169 undefined on input
 line 8484.


LaTeX Warning: Reference `eq:geometric-uniform-series' on page 169 undefined on
 input line 8497.

[169

]

LaTeX Warning: Reference `eq:geometric-uniform-fixed-point' on page 170 undefin
ed on input line 8538.


LaTeX Warning: Reference `eq:geometric-uniform-cdf-equation' on page 170 undefi
ned on input line 8543.

[170]

LaTeX Warning: Reference `eq:geometric-uniform-characteristic' on page 171 unde
fined on input line 8605.


LaTeX Warning: Reference `thm:geometric-uniform-characteristic' on page 1 undef
ined on input line 8609.

[171]

LaTeX Warning: Reference `eq:centered-uniform-logmgf' on page 172 undefined on 
input line 8700.


LaTeX Warning: Reference `eq:q-cumulant-log-mgf' on page 172 undefined on input
 line 8702.


LaTeX Warning: Reference `eq:q-cumulants-uniform' on page 172 undefined on inpu
t line 8703.


LaTeX Warning: Reference `thm:q-cumulants-uniform' on page 1 undefined on input
 line 8716.


LaTeX Warning: Reference `eq:complete-bell-definition' on page 172 undefined on
 input line 8733.


LaTeX Warning: Reference `eq:centered-moments-bell' on page 172 undefined on in
put line 8733.


LaTeX Warning: Reference `eq:moment-cumulant-recurrence' on page 172 undefined 
on input line 8736.

[172]

LaTeX Warning: Reference `eq:moment-cumulant-recurrence' on page 173 undefined 
on input line 8747.


LaTeX Warning: Reference `eq:q-cumulants-uniform' on page 173 undefined on inpu
t line 8751.


LaTeX Warning: Reference `eq:log-gaussian-fourier-bound' on page 173 undefined 
on input line 8798.


LaTeX Warning: Reference `thm:geometric-uniform-fourier-decay' on page 1 undefi
ned on input line 8814.

[173]

LaTeX Warning: Reference `eq:geometric-uniform-density-fourier' on page 174 und
efined on input line 8822.


LaTeX Warning: Citation `BradleyGupta2004' on page 174 undefined on input line 
8836.


LaTeX Warning: Reference `eq:finite-geometric-uniform-sum' on page 174 undefine
d on input line 8872.


LaTeX Warning: Reference `eq:geometric-uniform-characteristic' on page 174 unde
fined on input line 8881.

[174]

LaTeX Warning: Reference `eq:general-uniform-spline' on page 175 undefined on i
nput line 8894.


LaTeX Warning: Reference `eq:general-uniform-spline' on page 175 undefined on i
nput line 8900.


LaTeX Warning: Reference `eq:general-uniform-spline' on page 175 undefined on i
nput line 8906.


LaTeX Warning: Reference `eq:weighted-cube-cut' on page 175 undefined on input 
line 8911.


LaTeX Warning: Reference `eq:finite-uniform-spline' on page 175 undefined on in
put line 8912.


LaTeX Warning: Reference `thm:geometric-uniform-characteristic' on page 1 undef
ined on input line 8914.


LaTeX Warning: Reference `eq:finite-geometric-uniform-sum' on page 175 undefine
d on input line 8919.


LaTeX Warning: Reference `eq:weighted-cube-cut' on page 175 undefined on input 
line 8923.


LaTeX Warning: Reference `thm:dyadic-thue-morse-spline' on page 1 undefined on 
input line 8927.


LaTeX Warning: Reference `eq:dyadic-cube-cut' on page 175 undefined on input li
ne 8929.


LaTeX Warning: Reference `rem:half-moment-cube-cut' on page 1 undefined on inpu
t line 8930.


LaTeX Warning: Reference `eq:inverse-power-inequality' on page 175 undefined on
 input line 8931.


LaTeX Warning: Reference `eq:finite-uniform-spline' on page 175 undefined on in
put line 8956.


LaTeX Warning: Reference `eq:cdf-uniform-rate' on page 175 undefined on input l
ine 8971.


LaTeX Warning: Reference `eq:geometric-uniform-fixed-point' on page 175 undefin
ed on input line 8973.

[175]

LaTeX Warning: Reference `thm:geometric-uniform-smooth-density' on page 1 undef
ined on input line 8979.


LaTeX Warning: Reference `eq:density-from-cdf' on page 176 undefined on input l
ine 8998.


LaTeX Warning: Reference `eq:fabius-global-derivative' on page 176 undefined on
 input line 8998.


LaTeX Warning: Reference `eq:density-first-band' on page 176 undefined on input
 line 8999.


LaTeX Warning: Reference `eq:fabius-local-derivative' on page 176 undefined on 
input line 8999.


LaTeX Warning: Reference `eq:geometric-uniform-fixed-point' on page 176 undefin
ed on input line 9003.


LaTeX Warning: Reference `thm:geometric-uniform-smooth-density' on page 1 undef
ined on input line 9011.


LaTeX Warning: Reference `eq:density-from-cdf' on page 176 undefined on input l
ine 9013.


LaTeX Warning: Reference `eq:density-as-probability' on page 176 undefined on i
nput line 9017.


LaTeX Warning: Reference `eq:density-first-band' on page 176 undefined on input
 line 9018.


LaTeX Warning: Reference `eq:density-sup-exact' on page 176 undefined on input 
line 9020.


LaTeX Warning: Reference `thm:geometric-uniform-basic' on page 1 undefined on i
nput line 9023.


LaTeX Warning: Reference `eq:density-as-probability' on page 176 undefined on i
nput line 9026.


LaTeX Warning: Reference `prop:geometric-uniform-density-band' on page 1 undefi
ned on input line 9044.

[176]

LaTeX Warning: Reference `eq:finite-uniform-tail-bound' on page 177 undefined o
n input line 9058.


LaTeX Warning: Reference `eq:cdf-coupling-bound' on page 177 undefined on input
 line 9062.


LaTeX Warning: Reference `eq:cdf-uniform-rate' on page 177 undefined on input l
ine 9064.


LaTeX Warning: Reference `prop:geometric-uniform-density-band' on page 1 undefi
ned on input line 9065.


LaTeX Warning: Reference `eq:cdf-uniform-rate-explicit' on page 177 undefined o
n input line 9066.


LaTeX Warning: Reference `eq:density-sup-exact' on page 177 undefined on input 
line 9067.


LaTeX Warning: Reference `eq:fabius-truncation-rate' on page 177 undefined on i
nput line 9068.


LaTeX Warning: Reference `prop:up-tail' on page 1 undefined on input line 9073.



LaTeX Warning: Reference `thm:geometric-uniform-smooth-density' on page 1 undef
ined on input line 9104.


LaTeX Warning: Reference `eq:fabius-symmetry' on page 177 undefined on input li
ne 9109.


LaTeX Warning: Reference `eq:fabius-integral-equation' on page 177 undefined on
 input line 9117.


LaTeX Warning: Reference `eq:fabius-global-derivative' on page 177 undefined on
 input line 9118.


LaTeX Warning: Reference `eq:fabius-local-derivative' on page 177 undefined on 
input line 9118.

[177]

LaTeX Warning: Reference `eq:up-sinc-product' on page 178 undefined on input li
ne 9158.


LaTeX Warning: Reference `eq:up-definition' on page 178 undefined on input line
 9160.


LaTeX Warning: Reference `eq:fabius-global-derivative' on page 178 undefined on
 input line 9162.


LaTeX Warning: Reference `eq:q-cumulants-uniform' on page 178 undefined on inpu
t line 9180.


LaTeX Warning: Reference `chap:geometric-filters' on page 1 undefined on input 
line 9181.

[178]
Chapter 28.

LaTeX Warning: Reference `eq:fabius-local-derivative' on page 179 undefined on 
input line 9224.


LaTeX Warning: Reference `eq:up-definition' on page 179 undefined on input line
 9225.


LaTeX Warning: Reference `eq:fabius-symmetry' on page 179 undefined on input li
ne 9228.


LaTeX Warning: Reference `eq:up-tail-reflection' on page 179 undefined on input
 line 9230.


LaTeX Warning: Reference `eq:fabius-symmetry' on page 179 undefined on input li
ne 9231.


LaTeX Warning: Reference `eq:up-tail-reflection' on page 179 undefined on input
 line 9239.


LaTeX Warning: Reference `eq:up-survival' on page 179 undefined on input line 9
263.

[179

]

LaTeX Warning: Reference `eq:geometric-uniform-mgf-def' on page 180 undefined o
n input line 9320.


LaTeX Warning: Reference `eq:mgf-refinement' on page 180 undefined on input lin
e 9361.


LaTeX Warning: Reference `eq:q-moment-recurrence' on page 180 undefined on inpu
t line 9369.


LaTeX Warning: Reference `eq:q-moment-recurrence' on page 180 undefined on inpu
t line 9372.

[180]

LaTeX Warning: Reference `thm:geometric-uniform-basic' on page 1 undefined on i
nput line 9378.


LaTeX Warning: Reference `eq:finite-geometric-uniform-sum' on page 181 undefine
d on input line 9381.


LaTeX Warning: Reference `eq:finite-uniform-tail-bound' on page 181 undefined o
n input line 9387.


LaTeX Warning: Reference `eq:mgf-product' on page 181 undefined on input line 9
390.


LaTeX Warning: Reference `eq:mgf-refinement' on page 181 undefined on input lin
e 9396.


LaTeX Warning: Reference `eq:q-moment-recurrence' on page 181 undefined on inpu
t line 9400.


LaTeX Warning: Reference `ex:fabius-first-coefficients' on page 1 undefined on 
input line 9408.


LaTeX Warning: Reference `def:qF-moment-polynomial' on page 1 undefined on inpu
t line 9409.


LaTeX Warning: Reference `thm:geometric-uniform-mgf' on page 1 undefined on inp
ut line 9431.


LaTeX Warning: Reference `eq:mgf-product' on page 181 undefined on input line 9
432.


LaTeX Warning: Reference `eq:fabius-mgf-product' on page 181 undefined on input
 line 9433.


LaTeX Warning: Reference `eq:mgf-refinement' on page 181 undefined on input lin
e 9433.


LaTeX Warning: Reference `eq:fabius-dilation' on page 181 undefined on input li
ne 9434.


LaTeX Warning: Reference `eq:q-moment-recurrence' on page 181 undefined on inpu
t line 9434.


LaTeX Warning: Reference `eq:fabius-coefficient-recurrence' on page 181 undefin
ed on input line 9436.


LaTeX Warning: Reference `eq:fabius-mgf-product' on page 181 undefined on input
 line 9437.


LaTeX Warning: Reference `eq:geometric-uniform-characteristic' on page 181 unde
fined on input line 9438.


LaTeX Warning: Reference `thm:up-sinc-product' on page 1 undefined on input lin
e 9439.


LaTeX Warning: Reference `eq:fabius-coefficient-recurrence' on page 181 undefin
ed on input line 9451.


LaTeX Warning: Reference `cor:halfbase-cumulants' on page 1 undefined on input 
line 9462.


LaTeX Warning: Reference `cor:geometric-uniform-moments' on page 1 undefined on
 input line 9462.


LaTeX Warning: Reference `thm:fabius-half-moment' on page 1 undefined on input 
line 9465.


LaTeX Warning: Reference `eq:fabius-symmetry' on page 181 undefined on input li
ne 9477.


LaTeX Warning: Reference `cor:halfbase-cumulants' on page 1 undefined on input 
line 9479.

[181]

LaTeX Warning: Reference `eq:moment-cumulant-recurrence' on page 182 undefined 
on input line 9484.


LaTeX Warning: Reference `eq:fabius-coefficient-recurrence' on page 182 undefin
ed on input line 9486.


LaTeX Warning: Reference `eq:fabius-local-derivative' on page 182 undefined on 
input line 9503.


LaTeX Warning: Reference `eq:fabius-derivative-iterate' on page 182 undefined o
n input line 9504.


LaTeX Warning: Reference `eq:fabius-local-derivative' on page 182 undefined on 
input line 9505.


LaTeX Warning: Reference `eq:fabius-derivative-iterate' on page 182 undefined o
n input line 9512.


LaTeX Warning: Reference `lem:fabius-derivative-iterate' on page 1 undefined on
 input line 9526.


LaTeX Warning: Reference `thm:probabilistic-fabius' on page 1 undefined on inpu
t line 9527.


LaTeX Warning: Reference `eq:fabius-derivative-iterate' on page 182 undefined o
n input line 9535.


LaTeX Warning: Reference `prop:up-tail' on page 1 undefined on input line 9545.



LaTeX Warning: Reference `cor:up-moments' on page 1 undefined on input line 954
6.


LaTeX Warning: Reference `eq:geometric-uniform-mgf-def' on page 182 undefined o
n input line 9581.


LaTeX Warning: Reference `eq:inverse-power-values' on page 182 undefined on inp
ut line 9583.


LaTeX Warning: Reference `eq:fabius-half-moment' on page 182 undefined on input
 line 9583.


LaTeX Warning: Reference `eq:geometric-uniform-series' on page 182 undefined on
 input line 9588.

[182]

LaTeX Warning: Reference `eq:finite-geometric-uniform-sum' on page 183 undefine
d on input line 9594.


LaTeX Warning: Reference `eq:simplex-bound' on page 183 undefined on input line
 9611.


LaTeX Warning: Reference `eq:geometric-uniform-mean-symmetry' on page 183 undef
ined on input line 9612.


LaTeX Warning: Reference `eq:inverse-power-inequality' on page 183 undefined on
 input line 9618.


LaTeX Warning: Reference `eq:simplex-bound' on page 183 undefined on input line
 9621.


LaTeX Warning: Reference `eq:inverse-power-values' on page 183 undefined on inp
ut line 9622.


LaTeX Warning: Reference `thm:geometric-uniform-basic' on page 1 undefined on i
nput line 9629.


LaTeX Warning: Reference `eq:simplex-bound' on page 183 undefined on input line
 9629.


LaTeX Warning: Reference `prop:inverse-power-values' on page 1 undefined on inp
ut line 9635.


LaTeX Warning: Reference `eq:fabius-half-moment' on page 183 undefined on input
 line 9636.


LaTeX Warning: Reference `prop:up-tail' on page 1 undefined on input line 9636.



LaTeX Warning: Reference `eq:fabius-half-moment' on page 183 undefined on input
 line 9651.


LaTeX Warning: Reference `eq:halfbase-cumulants' on page 183 undefined on input
 line 9657.

[183]

LaTeX Warning: Reference `eq:geometric-uniform-mean-symmetry' on page 184 undef
ined on input line 9675.


LaTeX Warning: Reference `eq:complete-bell-definition' on page 184 undefined on
 input line 9678.


LaTeX Warning: Reference `cor:geometric-uniform-moments' on page 1 undefined on
 input line 9680.


LaTeX Warning: Reference `eq:fabius-half-moment' on page 184 undefined on input
 line 9681.


LaTeX Warning: Reference `eq:halfbase-cumulants' on page 184 undefined on input
 line 9683.


LaTeX Warning: Reference `eq:inverse-power-values' on page 184 undefined on inp
ut line 9687.


LaTeX Warning: Reference `thm:finite-uniform-spline' on page 1 undefined on inp
ut line 9694.


LaTeX Warning: Reference `eq:fabius-scaled-split' on page 184 undefined on inpu
t line 9694.


LaTeX Warning: Reference `eq:geometric-filter-definition' on page 184 undefined
 on input line 9716.


LaTeX Warning: Reference `chap:geometric-uniform-fabius' on page 1 undefined on
 input line 9716.


LaTeX Warning: Reference `thm:gaussian-coefficient-transfer' on page 1 undefine
d on input line 9718.


LaTeX Warning: Reference `eq:geometric-moment-all' on page 184 undefined on inp
ut line 9746.


LaTeX Warning: Reference `eq:finite-qbinomial-minus' on page 184 undefined on i
nput line 9750.

[184]

LaTeX Warning: Reference `eq:geometric-moment-zero' on page 185 undefined on in
put line 9754.


LaTeX Warning: Reference `eq:geometric-moment-top' on page 185 undefined on inp
ut line 9760.


LaTeX Warning: Reference `eq:geometric-moment-zero' on page 185 undefined on in
put line 9773.


LaTeX Warning: Reference `eq:geometric-moment-top' on page 185 undefined on inp
ut line 9773.


LaTeX Warning: Reference `eq:reciprocal-leading-functional' on page 185 undefin
ed on input line 9777.


LaTeX Warning: Reference `thm:geometric-newton' on page 1 undefined on input li
ne 9777.


LaTeX Warning: Reference `thm:geometric-evaluation-zero' on page 1 undefined on
 input line 9777.


LaTeX Warning: Reference `thm:schur-principal' on page 1 undefined on input lin
e 9777.


LaTeX Warning: Reference `eq:reciprocal-nodes-weights' on page 185 undefined on
 input line 9777.


LaTeX Warning: Reference `eq:halfbase-prouhet-data' on page 185 undefined on in
put line 9777.


LaTeX Warning: Reference `thm:geometric-prouhet' on page 1 undefined on input l
ine 9777.


LaTeX Warning: Reference `cor:reciprocal-leading-coefficient' on page 1 undefin
ed on input line 9777.


LaTeX Warning: Reference `cor:reciprocal-leading-coefficient' on page 1 undefin
ed on input line 9802.


LaTeX Warning: Reference `eq:reciprocal-filter-definition' on page 185 undefine
d on input line 9806.


LaTeX Warning: Reference `eq:reciprocal-filter-diagonal' on page 185 undefined 
on input line 9806.


LaTeX Warning: Reference `thm:geometric-moment-transform' on page 1 undefined o
n input line 9806.


LaTeX Warning: Reference `eq:geometric-moment-zero' on page 185 undefined on in
put line 9806.

[185]

LaTeX Warning: Reference `eq:reciprocal-filter-tail' on page 186 undefined on i
nput line 9821.


LaTeX Warning: Reference `thm:reciprocal-exact-tail' on page 1 undefined on inp
ut line 9825.


LaTeX Warning: Reference `thm:geometric-filter-diagonal' on page 1 undefined on
 input line 9825.


LaTeX Warning: Reference `eq:filter-exact-tail' on page 186 undefined on input 
line 9825.


LaTeX Warning: Reference `thm:geometric-filter-bound' on page 1 undefined on in
put line 9825.


LaTeX Warning: Reference `eq:reciprocal-filter-tail' on page 186 undefined on i
nput line 9825.


LaTeX Warning: Reference `thm:qbinom-structure' on page 1 undefined on input li
ne 9851.


LaTeX Warning: Reference `eq:halfbase-two-reciprocity' on page 186 undefined on
 input line 9851.


LaTeX Warning: Reference `cor:positivity' on page 1 undefined on input line 985
1.


LaTeX Warning: Reference `thm:qbinom-structure' on page 1 undefined on input li
ne 9851.


LaTeX Warning: Reference `eq:halfbase-valuation' on page 186 undefined on input
 line 9851.


LaTeX Warning: Reference `eq:halfbase-two-reciprocity' on page 186 undefined on
 input line 9851.


LaTeX Warning: Reference `eq:halfbase-two-reciprocity' on page 186 undefined on
 input line 9855.


LaTeX Warning: Reference `eq:halfbase-gaussian' on page 186 undefined on input 
line 9855.


LaTeX Warning: Reference `thm:subspace-count' on page 1 undefined on input line
 9859.


LaTeX Warning: Reference `eq:halfbase-factorial' on page 186 undefined on input
 line 9859.

[186]

LaTeX Warning: Reference `eq:reciprocal-nodes-weights' on page 187 undefined on
 input line 9889.


LaTeX Warning: Reference `eq:general-bridge' on page 187 undefined on input lin
e 9896.


LaTeX Warning: Reference `thm:dyadic-gaussian-thue-morse' on page 1 undefined o
n input line 9896.


LaTeX Warning: Reference `eq:general-bridge' on page 187 undefined on input lin
e 9900.


LaTeX Warning: Reference `eq:bridge-coeff' on page 187 undefined on input line 
9905.


LaTeX Warning: Reference `eq:bridge-coeff-summed' on page 187 undefined on inpu
t line 9912.


LaTeX Warning: Reference `eq:geometric-moment-zero' on page 187 undefined on in
put line 9912.


LaTeX Warning: Reference `eq:transfer-lower-zero' on page 187 undefined on inpu
t line 9912.


LaTeX Warning: Reference `eq:bridge-coeff-summed' on page 187 undefined on inpu
t line 9914.


LaTeX Warning: Reference `eq:geometric-moment-top' on page 187 undefined on inp
ut line 9919.


LaTeX Warning: Reference `eq:transfer-lower-zero' on page 187 undefined on inpu
t line 9919.


LaTeX Warning: Reference `eq:transfer-top' on page 187 undefined on input line 
9919.


LaTeX Warning: Reference `eq:general-bridge' on page 187 undefined on input lin
e 9923.


LaTeX Warning: Reference `thm:gaussian-coefficient-transfer' on page 1 undefine
d on input line 9927.

[187]

LaTeX Warning: Reference `eq:transfer-lower-zero' on page 188 undefined on inpu
t line 9936.


LaTeX Warning: Reference `eq:transfer-top' on page 188 undefined on input line 
9936.


LaTeX Warning: Reference `eq:bridge-coeff' on page 188 undefined on input line 
9940.


LaTeX Warning: Reference `thm:dyadic-gaussian-thue-morse' on page 1 undefined o
n input line 9940.


LaTeX Warning: Reference `cor:transfer-translation' on page 1 undefined on inpu
t line 9940.


LaTeX Warning: Reference `thm:thue-morse-product' on page 1 undefined on input 
line 9947.


LaTeX Warning: Reference `eq:general-bridge' on page 188 undefined on input lin
e 9950.


LaTeX Warning: Reference `thm:gaussian-coefficient-transfer' on page 1 undefine
d on input line 9951.


LaTeX Warning: Reference `eq:psi-positive-form' on page 188 undefined on input 
line 9995.


LaTeX Warning: Reference `eq:fabius-dilation' on page 188 undefined on input li
ne 9997.

[188]

LaTeX Warning: Reference `eq:TM-A-bridge' on page 189 undefined on input line 1
0001.


LaTeX Warning: Reference `eq:thue-morse-product' on page 189 undefined on input
 line 10009.


LaTeX Warning: Reference `eq:Psi-TM-expansion' on page 189 undefined on input l
ine 10011.


LaTeX Warning: Reference `eq:thue-morse-moments' on page 189 undefined on input
 line 10012.


LaTeX Warning: Reference `eq:thue-morse-polynomial-functional' on page 189 unde
fined on input line 10016.


LaTeX Warning: Reference `eq:Psi-coefficients' on page 189 undefined on input l
ine 10022.


LaTeX Warning: Reference `eq:thue-morse-product' on page 189 undefined on input
 line 10041.


LaTeX Warning: Reference `eq:psi-positive-form' on page 189 undefined on input 
line 10048.


LaTeX Warning: Reference `eq:thue-morse-normalized' on page 189 undefined on in
put line 10049.


LaTeX Warning: Reference `eq:psi-coefficient-dictionary' on page 189 undefined 
on input line 10051.


LaTeX Warning: Reference `eq:Psi-coefficients' on page 189 undefined on input l
ine 10056.


LaTeX Warning: Reference `eq:Psi-TM-expansion' on page 189 undefined on input l
ine 10060.


LaTeX Warning: Reference `eq:thue-morse-normalized' on page 189 undefined on in
put line 10060.


LaTeX Warning: Reference `eq:psi-positive-form' on page 189 undefined on input 
line 10061.


LaTeX Warning: Reference `eq:Psi-TM-expansion' on page 189 undefined on input l
ine 10063.


LaTeX Warning: Reference `eq:thue-morse-normalized' on page 189 undefined on in
put line 10063.


LaTeX Warning: Reference `cor:transfer-translation' on page 1 undefined on inpu
t line 10066.


LaTeX Warning: Reference `thm:dyadic-gaussian-thue-morse' on page 1 undefined o
n input line 10066.


LaTeX Warning: Reference `eq:thue-morse-power-sums' on page 189 undefined on in
put line 10067.

[189]

LaTeX Warning: Reference `eq:TM-A-bridge' on page 190 undefined on input line 1
0091.


LaTeX Warning: Reference `eq:general-bridge' on page 190 undefined on input lin
e 10091.


LaTeX Warning: Reference `lem:fabius-moment-dilation' on page 1 undefined on in
put line 10091.


LaTeX Warning: Reference `thm:gaussian-coefficient-transfer' on page 1 undefine
d on input line 10091.


LaTeX Warning: Reference `cor:transfer-translation' on page 1 undefined on inpu
t line 10091.


LaTeX Warning: Reference `eq:halfbase-factorial' on page 190 undefined on input
 line 10097.


LaTeX Warning: Reference `eq:reciprocal-nodes-weights' on page 190 undefined on
 input line 10097.


LaTeX Warning: Reference `eq:halfbase-prouhet-data' on page 190 undefined on in
put line 10097.


LaTeX Warning: Reference `eq:Psi-coefficients' on page 190 undefined on input l
ine 10101.


LaTeX Warning: Reference `eq:dyadic-transfer-top' on page 190 undefined on inpu
t line 10107.


LaTeX Warning: Reference `eq:dyadic-gaussian-thue-morse' on page 190 undefined 
on input line 10107.


LaTeX Warning: Reference `eq:dyadic-transfer-top' on page 190 undefined on inpu
t line 10107.


LaTeX Warning: Reference `cor:transfer-translation' on page 1 undefined on inpu
t line 10107.


LaTeX Warning: Reference `eq:fabius-coefficient-recurrence' on page 190 undefin
ed on input line 10122.


LaTeX Warning: Reference `thm:fabius-half-moment' on page 1 undefined on input 
line 10133.


LaTeX Warning: Reference `eq:fabius-inverse-dyadic-closed' on page 190 undefine
d on input line 10154.


LaTeX Warning: Reference `eq:dyadic-gaussian-thue-morse' on page 190 undefined 
on input line 10154.


LaTeX Warning: Reference `eq:halfbase-factorial' on page 190 undefined on input
 line 10154.


LaTeX Warning: Reference `eq:fabius-inverse-dyadic-closed' on page 190 undefine
d on input line 10165.


LaTeX Warning: Reference `eq:fabius-inverse-dyadic-closed' on page 190 undefine
d on input line 10187.

[190]

LaTeX Warning: Reference `eq:thue-morse-power-sums' on page 191 undefined on in
put line 10201.


LaTeX Warning: Reference `thm:dyadic-gaussian-thue-morse' on page 1 undefined o
n input line 10226.


LaTeX Warning: Reference `eq:fabius-dyadic-value' on page 191 undefined on inpu
t line 10236.


LaTeX Warning: Reference `eq:geometric-uniform-mgf-def' on page 191 undefined o
n input line 10252.


LaTeX Warning: Reference `eq:dyadic-thue-morse-spline' on page 191 undefined on
 input line 10261.


LaTeX Warning: Reference `eq:finite-geometric-uniform-sum' on page 191 undefine
d on input line 10263.


LaTeX Warning: Reference `eq:fabius-scaled-split' on page 191 undefined on inpu
t line 10269.

[191]

LaTeX Warning: Reference `eq:geometric-uniform-mean-symmetry' on page 192 undef
ined on input line 10281.


LaTeX Warning: Reference `eq:fabius-dyadic-moment' on page 192 undefined on inp
ut line 10287.


LaTeX Warning: Reference `eq:fabius-numerator-moment' on page 192 undefined on 
input line 10287.


LaTeX Warning: Reference `thm:fabius-half-moment' on page 1 undefined on input 
line 10288.


LaTeX Warning: Reference `eq:thue-morse-normalized' on page 192 undefined on in
put line 10310.


LaTeX Warning: Reference `eq:TM-A-bridge' on page 192 undefined on input line 1
0315.


LaTeX Warning: Reference `thm:gaussian-coefficient-transfer' on page 1 undefine
d on input line 10322.


LaTeX Warning: Reference `lem:fabius-moment-dilation' on page 1 undefined on in
put line 10324.


LaTeX Warning: Reference `eq:general-bridge' on page 192 undefined on input lin
e 10326.


LaTeX Warning: Reference `eq:transfer-top' on page 192 undefined on input line 
10326.


LaTeX Warning: Reference `eq:halfbase-factorial' on page 192 undefined on input
 line 10326.


LaTeX Warning: Reference `eq:long-block-coefficient' on page 192 undefined on i
nput line 10332.


LaTeX Warning: Reference `eq:fabius-dyadic-moment' on page 192 undefined on inp
ut line 10338.


LaTeX Warning: Reference `eq:fabius-dyadic-value' on page 192 undefined on inpu
t line 10339.


LaTeX Warning: Reference `eq:halfbase-factorial' on page 192 undefined on input
 line 10341.


LaTeX Warning: Reference `cor:transfer-translation' on page 1 undefined on inpu
t line 10347.

[192]

LaTeX Warning: Reference `eq:dyadic-gaussian-thue-morse' on page 193 undefined 
on input line 10361.


LaTeX Warning: Reference `rem:dyadic-shift-common' on page 1 undefined on input
 line 10363.


LaTeX Warning: Reference `eq:fabius-dyadic-value' on page 193 undefined on inpu
t line 10368.


LaTeX Warning: Reference `thm:dyadic-thue-morse-spline' on page 1 undefined on 
input line 10371.


LaTeX Warning: Reference `eq:fabius-symmetry' on page 193 undefined on input li
ne 10381.


LaTeX Warning: Reference `eq:dyadic-gaussian-thue-morse' on page 193 undefined 
on input line 10413.


LaTeX Warning: Reference `eq:fabius-inverse-dyadic-closed' on page 193 undefine
d on input line 10414.


LaTeX Warning: Reference `eq:fabius-centered-formula' on page 193 undefined on 
input line 10414.


LaTeX Warning: Reference `cor:transfer-translation' on page 1 undefined on inpu
t line 10415.


LaTeX Warning: Reference `eq:transfer-lower-zero' on page 193 undefined on inpu
t line 10417.


LaTeX Warning: Reference `cor:fabius-centered-formula' on page 1 undefined on i
nput line 10434.


LaTeX Warning: Reference `eq:dyadic-gaussian-thue-morse' on page 193 undefined 
on input line 10435.


LaTeX Warning: Reference `cor:fabius-centered-formula' on page 1 undefined on i
nput line 10438.


LaTeX Warning: Reference `thm:fabius-appell-geometric-shift' on page 1 undefine
d on input line 10442.


LaTeX Warning: Reference `rem:double-cancellation' on page 1 undefined on input
 line 10444.

[193]

LaTeX Warning: Reference `thm:fabius-appell-geometric-shift' on page 1 undefine
d on input line 10468.


LaTeX Warning: Reference `eq:fabius-inverse-dyadic-closed' on page 194 undefine
d on input line 10482.


LaTeX Warning: Reference `thm:geometric-prouhet' on page 1 undefined on input l
ine 10485.


LaTeX Warning: Reference `eq:Psi-TM-expansion' on page 194 undefined on input l
ine 10486.


LaTeX Warning: Reference `eq:halfbase-factorial' on page 194 undefined on input
 line 10489.


LaTeX Warning: Reference `eq:fabius-scaled-split' on page 194 undefined on inpu
t line 10492.


LaTeX Warning: Reference `eq:halfbase-two-reciprocity' on page 194 undefined on
 input line 10497.


LaTeX Warning: Reference `cor:halfbase-gaussian-valuation' on page 1 undefined 
on input line 10499.


LaTeX Warning: Reference `cor:transfer-translation' on page 1 undefined on inpu
t line 10501.


LaTeX Warning: Reference `eq:fabius-inverse-dyadic-closed' on page 194 undefine
d on input line 10508.


LaTeX Warning: Reference `eq:fabius-coefficient-recurrence' on page 194 undefin
ed on input line 10522.

[194]

LaTeX Warning: Reference `eq:dyadic-normalized-block' on page 195 undefined on 
input line 10557.


LaTeX Warning: Reference `cor:transfer-translation' on page 1 undefined on inpu
t line 10558.


LaTeX Warning: Reference `thm:fabius-half-moment' on page 1 undefined on input 
line 10561.


LaTeX Warning: Reference `eq:dyadic-taylor-assembly' on page 195 undefined on i
nput line 10562.


LaTeX Warning: Reference `eq:dyadic-taylor-identification' on page 195 undefine
d on input line 10568.


LaTeX Warning: Reference `thm:fabius-half-moment' on page 1 undefined on input 
line 10569.


LaTeX Warning: Reference `eq:fabius-derivative-iterate' on page 195 undefined o
n input line 10571.


LaTeX Warning: Reference `prop:dyadic-taylor-reduction' on page 1 undefined on 
input line 10576.


LaTeX Warning: Reference `cor:transfer-translation' on page 1 undefined on inpu
t line 10576.


LaTeX Warning: Reference `thm:geometric-prouhet' on page 1 undefined on input l
ine 10579.


LaTeX Warning: Reference `eq:mgf-product' on page 195 undefined on input line 1
0586.


LaTeX Warning: Reference `eq:mgf-product' on page 195 undefined on input line 1
0636.

[195]

LaTeX Warning: Reference `eq:geometric-simplex' on page 196 undefined on input 
line 10648.


LaTeX Warning: Reference `eq:q-composition-moments' on page 196 undefined on in
put line 10652.


LaTeX Warning: Reference `thm:fabius-half-moment' on page 1 undefined on input 
line 10654.


LaTeX Warning: Reference `eq:fabius-coefficient-recurrence' on page 196 undefin
ed on input line 10702.


LaTeX Warning: Reference `thm:fabius-half-moment' on page 1 undefined on input 
line 10704.


LaTeX Warning: Reference `eq:fabius-composition' on page 196 undefined on input
 line 10709.


LaTeX Warning: Reference `eq:fabius-coefficient-recurrence' on page 196 undefin
ed on input line 10712.

[196]

LaTeX Warning: Reference `thm:up-sinc-product' on page 1 undefined on input lin
e 10732.


LaTeX Warning: Reference `thm:geometric-uniform-fourier-decay' on page 1 undefi
ned on input line 10740.


LaTeX Warning: Reference `eq:fabius-fourier-formula' on page 197 undefined on i
nput line 10751.


LaTeX Warning: Reference `eq:fabius-fourier-formula' on page 197 undefined on i
nput line 10756.


LaTeX Warning: Reference `eq:fabius-centered-formula' on page 197 undefined on 
input line 10757.


LaTeX Warning: Reference `eq:fabius-fourier-formula' on page 197 undefined on i
nput line 10760.


LaTeX Warning: Reference `thm:thue-morse-moments' on page 1 undefined on input 
line 10769.


LaTeX Warning: Reference `thm:thue-morse-product' on page 1 undefined on input 
line 10769.

[197]

LaTeX Warning: Reference `eq:radix-b-product' on page 198 undefined on input li
ne 10812.


LaTeX Warning: Reference `eq:radix-b-product' on page 198 undefined on input li
ne 10814.


LaTeX Warning: Reference `eq:radix-b-lower' on page 198 undefined on input line
 10842.


LaTeX Warning: Reference `eq:radix-b-top' on page 198 undefined on input line 1
0842.


LaTeX Warning: Reference `eq:radix-b-functional' on page 198 undefined on input
 line 10844.


LaTeX Warning: Reference `eq:radix-b-lower' on page 198 undefined on input line
 10844.


LaTeX Warning: Reference `eq:radix-b-top' on page 198 undefined on input line 1
0844.


LaTeX Warning: Reference `eq:radix-b-product' on page 198 undefined on input li
ne 10848.


LaTeX Warning: Reference `eq:thue-morse-product' on page 198 undefined on input
 line 10848.


LaTeX Warning: Reference `eq:radix-b-functional' on page 198 undefined on input
 line 10848.


LaTeX Warning: Reference `eq:thue-morse-polynomial-functional' on page 198 unde
fined on input line 10848.


LaTeX Warning: Reference `eq:radix-b-top' on page 198 undefined on input line 1
0848.

[198]

LaTeX Warning: Reference `eq:thue-morse-moments' on page 199 undefined on input
 line 10853.


LaTeX Warning: Reference `eq:fabius-inverse-dyadic-closed' on page 199 undefine
d on input line 10866.


LaTeX Warning: Reference `chap:geometric-filters' on page 1 undefined on input 
line 10868.


LaTeX Warning: Reference `cor:reciprocal-leading-coefficient' on page 1 undefin
ed on input line 10868.


LaTeX Warning: Reference `eq:geometric-moment-top' on page 199 undefined on inp
ut line 10868.


LaTeX Warning: Reference `thm:subspace-count' on page 1 undefined on input line
 10872.


LaTeX Warning: Reference `eq:radix-b-functional' on page 199 undefined on input
 line 10872.


LaTeX Warning: Reference `prin:two-prouhet-filters' on page 1 undefined on inpu
t line 10872.


LaTeX Warning: Reference `thm:radix-b-prouhet' on page 1 undefined on input lin
e 10874.


LaTeX Warning: Reference `eq:thue-morse-moments' on page 199 undefined on input
 line 10874.


LaTeX Warning: Reference `eq:Psi-TM-expansion' on page 199 undefined on input l
ine 10874.


LaTeX Warning: Reference `eq:radix-b-omega' on page 199 undefined on input line
 10874.


LaTeX Warning: Reference `lem:thue-morse-dilation-bridge' on page 1 undefined o
n input line 10882.


LaTeX Warning: Reference `lem:fabius-moment-dilation' on page 1 undefined on in
put line 10882.


LaTeX Warning: Reference `eq:general-bridge' on page 199 undefined on input lin
e 10882.


LaTeX Warning: Reference `thm:gaussian-coefficient-transfer' on page 1 undefine
d on input line 10882.


LaTeX Warning: Reference `cor:transfer-translation' on page 1 undefined on inpu
t line 10882.


LaTeX Warning: Reference `eq:radix-b-coefficient-formula' on page 199 undefined
 on input line 10889.


LaTeX Warning: Reference `thm:radix-b-prouhet' on page 1 undefined on input lin
e 10889.


LaTeX Warning: Reference `eq:radix-b-coefficient-formula' on page 199 undefined
 on input line 10889.


LaTeX Warning: Reference `eq:dyadic-gaussian-thue-morse' on page 199 undefined 
on input line 10889.


LaTeX Warning: Reference `thm:fabius-inverse-dyadic' on page 1 undefined on inp
ut line 10891.


LaTeX Warning: Reference `eq:geometric-uniform-mean-symmetry' on page 199 undef
ined on input line 10896.


LaTeX Warning: Reference `eq:radix-b-coefficient-formula' on page 199 undefined
 on input line 10896.

[199]

LaTeX Warning: Reference `eq:geometric-uniform-fixed-point' on page 200 undefin
ed on input line 10902.


LaTeX Warning: Reference `eq:geometric-lagrange-weight' on page 200 undefined o
n input line 10918.


LaTeX Warning: Reference `chap:geometric-filters' on page 1 undefined on input 
line 10919.


LaTeX Warning: Reference `eq:geometric-lagrange-weight' on page 200 undefined o
n input line 10939.


LaTeX Warning: Reference `eq:geometric-row-variation' on page 200 undefined on 
input line 10953.


LaTeX Warning: Reference `thm:reversed-qbinomial' on page 1 undefined on input 
line 10970.


LaTeX Warning: Reference `eq:geometric-lagrange-weight' on page 200 undefined o
n input line 10970.


LaTeX Warning: Reference `eq:geometric-row-mass' on page 200 undefined on input
 line 10976.


LaTeX Warning: Reference `eq:geometric-lagrange-weight' on page 200 undefined o
n input line 10978.


LaTeX Warning: Reference `eq:geometric-lagrange-signs' on page 200 undefined on
 input line 10979.


LaTeX Warning: Reference `eq:geometric-row-polynomial' on page 200 undefined on
 input line 10981.


LaTeX Warning: Reference `eq:geometric-row-variation' on page 200 undefined on 
input line 10987.

[200]

LaTeX Warning: Reference `eq:geometric-lebesgue-constant' on page 201 undefined
 on input line 11000.


LaTeX Warning: Reference `eq:halfbase-row-variation-bound' on page 201 undefine
d on input line 11011.


LaTeX Warning: Reference `thm:geometric-evaluation-zero' on page 1 undefined on
 input line 11026.


LaTeX Warning: Reference `eq:geometric-row-variation' on page 201 undefined on 
input line 11027.


LaTeX Warning: Reference `eq:geometric-lebesgue-constant' on page 201 undefined
 on input line 11028.


LaTeX Warning: Reference `thm:geometric-filter-diagonal' on page 1 undefined on
 input line 11041.


LaTeX Warning: Reference `prin:row-exactness-stability' on page 1 undefined on 
input line 11044.


LaTeX Warning: Reference `eq:geometric-row-polynomial' on page 201 undefined on
 input line 11054.


LaTeX Warning: Reference `thm:geometric-row-variation' on page 1 undefined on i
nput line 11058.

[201]

LaTeX Warning: Reference `thm:tail-row-toeplitz' on page 1 undefined on input l
ine 11099.


LaTeX Warning: Reference `eq:cdf-uniform-rate' on page 202 undefined on input l
ine 11101.


LaTeX Warning: Reference `thm:geometric-row-variation' on page 1 undefined on i
nput line 11102.


LaTeX Warning: Reference `thm:geometric-evaluation-zero' on page 1 undefined on
 input line 11113.


LaTeX Warning: Reference `thm:geometric-prouhet' on page 1 undefined on input l
ine 11114.


LaTeX Warning: Reference `thm:geometric-row-variation' on page 1 undefined on i
nput line 11116.


LaTeX Warning: Reference `thm:tail-row-toeplitz' on page 1 undefined on input l
ine 11117.


LaTeX Warning: Reference `thm:tail-row-toeplitz' on page 1 undefined on input l
ine 11123.


LaTeX Warning: Reference `thm:geometric-row-variation' on page 1 undefined on i
nput line 11123.


LaTeX Warning: Reference `thm:geometric-prouhet' on page 1 undefined on input l
ine 11123.


LaTeX Warning: Reference `thm:geometric-evaluation-zero' on page 1 undefined on
 input line 11123.


LaTeX Warning: Reference `prin:proof-architecture' on page 1 undefined on input
 line 11130.


LaTeX Warning: Reference `prop:dyadic-taylor-reduction' on page 1 undefined on 
input line 11131.


LaTeX Warning: Reference `thm:fabius-inverse-dyadic' on page 1 undefined on inp
ut line 11131.


LaTeX Warning: Reference `cor:transfer-translation' on page 1 undefined on inpu
t line 11131.


LaTeX Warning: Reference `cor:fabius-centered-formula' on page 1 undefined on i
nput line 11131.


LaTeX Warning: Reference `thm:gaussian-coefficient-transfer' on page 1 undefine
d on input line 11131.


LaTeX Warning: Reference `thm:geometric-prouhet' on page 1 undefined on input l
ine 11131.


LaTeX Warning: Reference `rem:denominator-free-reversed' on page 1 undefined on
 input line 11135.


LaTeX Warning: Reference `thm:geometric-uniform-mgf' on page 1 undefined on inp
ut line 11137.


LaTeX Warning: Reference `thm:fabius-half-moment' on page 1 undefined on input 
line 11137.


LaTeX Warning: Reference `app:lean-status' on page 1 undefined on input line 11
140.


LaTeX Warning: Reference `eq:geometric-uniform-series' on page 202 undefined on
 input line 11147.


LaTeX Warning: Reference `thm:geometric-uniform-basic' on page 1 undefined on i
nput line 11148.

[202]

LaTeX Warning: Reference `eq:qF-lambda-beta' on page 203 undefined on input lin
e 11192.


LaTeX Warning: Reference `eq:qF-negative-affine' on page 203 undefined on input
 line 11194.


LaTeX Warning: Reference `thm:geometric-uniform-basic' on page 1 undefined on i
nput line 11196.


LaTeX Warning: Reference `eq:qF-negative-support' on page 203 undefined on inpu
t line 11201.


LaTeX Warning: Reference `eq:geometric-uniform-series' on page 203 undefined on
 input line 11220.


LaTeX Warning: Reference `eq:mgf-refinement' on page 203 undefined on input lin
e 11221.


LaTeX Warning: Reference `thm:geometric-uniform-mgf' on page 1 undefined on inp
ut line 11249.

[203]

LaTeX Warning: Reference `eq:qF-germ-def' on page 204 undefined on input line 1
1262.


LaTeX Warning: Reference `eq:qF-mahler-abstract' on page 204 undefined on input
 line 11262.


LaTeX Warning: Reference `thm:geometric-uniform-mgf' on page 1 undefined on inp
ut line 11263.


LaTeX Warning: Reference `eq:qF-mahler-abstract' on page 204 undefined on input
 line 11273.


LaTeX Warning: Reference `eq:qF-germ-def' on page 204 undefined on input line 1
1278.


LaTeX Warning: Reference `eq:qF-mahler-abstract' on page 204 undefined on input
 line 11280.


LaTeX Warning: Reference `eq:qF-germ-def' on page 204 undefined on input line 1
1290.


LaTeX Warning: Reference `thm:qF-germ-uniqueness' on page 1 undefined on input 
line 11295.


LaTeX Warning: Reference `eq:qF-germ-def' on page 204 undefined on input line 1
1296.


LaTeX Warning: Reference `eq:mgf-refinement' on page 204 undefined on input lin
e 11309.


LaTeX Warning: Reference `eq:q-moment-recurrence' on page 204 undefined on inpu
t line 11310.


LaTeX Warning: Reference `def:qF-germ' on page 1 undefined on input line 11329.



LaTeX Warning: Reference `eq:qF-germ-def' on page 204 undefined on input line 1
1330.


LaTeX Warning: Reference `eq:qF-reciprocity' on page 204 undefined on input lin
e 11339.


LaTeX Warning: Reference `eq:qF-moment-convolution' on page 204 undefined on in
put line 11341.

[204]

LaTeX Warning: Reference `eq:qF-reciprocity' on page 205 undefined on input lin
e 11348.


LaTeX Warning: Reference `eq:geometric-uniform-characteristic' on page 205 unde
fined on input line 11357.


LaTeX Warning: Reference `def:qF-germ' on page 1 undefined on input line 11386.



LaTeX Warning: Reference `eq:qF-spectral-outside' on page 205 undefined on inpu
t line 11390.


LaTeX Warning: Reference `eq:qF-Ecal-centered' on page 205 undefined on input l
ine 11401.


LaTeX Warning: Reference `eq:qF-sinh-product' on page 205 undefined on input li
ne 11402.


LaTeX Warning: Reference `eq:geometric-uniform-mgf-def' on page 205 undefined o
n input line 11402.

[205]

LaTeX Warning: Reference `eq:qF-spectral-inside' on page 206 undefined on input
 line 11421.


LaTeX Warning: Reference `eq:qF-spectral-outside' on page 206 undefined on inpu
t line 11445.


LaTeX Warning: Reference `thm:qF-spectral' on page 1 undefined on input line 11
462.

[206]

LaTeX Warning: Reference `eq:qF-spectral-inside' on page 207 undefined on input
 line 11514.


LaTeX Warning: Reference `thm:qF-spectral' on page 1 undefined on input line 11
555.

[207]

LaTeX Warning: Reference `eq:geometric-uniform-series' on page 208 undefined on
 input line 11559.


LaTeX Warning: Reference `eq:qF-spectral-inside' on page 208 undefined on input
 line 11562.


LaTeX Warning: Reference `eq:qF-spectral-outside' on page 208 undefined on inpu
t line 11563.


LaTeX Warning: Reference `thm:qF-reciprocity' on page 1 undefined on input line
 11563.


LaTeX Warning: Reference `thm:qF-spectral' on page 1 undefined on input line 11
564.


LaTeX Warning: Reference `eq:qF-spectral-inside' on page 208 undefined on input
 line 11570.


LaTeX Warning: Reference `eq:q-cumulant-log-mgf' on page 208 undefined on input
 line 11578.


LaTeX Warning: Reference `thm:q-cumulants-uniform' on page 1 undefined on input
 line 11579.


LaTeX Warning: Reference `eq:q-moment-recurrence' on page 208 undefined on inpu
t line 11589.


LaTeX Warning: Reference `eq:qF-moment-polynomial' on page 208 undefined on inp
ut line 11623.


LaTeX Warning: Reference `eq:q-moment-recurrence' on page 208 undefined on inpu
t line 11625.


LaTeX Warning: Reference `eq:qF-P-recurrence' on page 208 undefined on input li
ne 11634.


LaTeX Warning: Reference `eq:qF-P-recurrence' on page 208 undefined on input li
ne 11637.

[208]

LaTeX Warning: Reference `eq:qF-P-recurrence' on page 209 undefined on input li
ne 11646.


LaTeX Warning: Reference `eq:qF-P-recurrence' on page 209 undefined on input li
ne 11649.


LaTeX Warning: Reference `eq:bernoulli-convention-fabius' on page 209 undefined
 on input line 11657.


LaTeX Warning: Reference `eq:qF-Rn-at-infinity' on page 209 undefined on input 
line 11692.


LaTeX Warning: Reference `eq:qF-an-at-infinity' on page 209 undefined on input 
line 11693.


LaTeX Warning: Reference `eq:q-moment-recurrence' on page 209 undefined on inpu
t line 11701.


LaTeX Warning: Reference `eq:qF-recurrence-scaled' on page 209 undefined on inp
ut line 11707.


LaTeX Warning: Reference `eq:qF-L-relation' on page 209 undefined on input line
 11719.


LaTeX Warning: Reference `eq:bernoulli-convention-fabius' on page 209 undefined
 on input line 11724.


LaTeX Warning: Reference `eq:qF-P-coeffs-from-LM' on page 209 undefined on inpu
t line 11725.


LaTeX Warning: Reference `eq:qF-P-leading' on page 209 undefined on input line 
11725.

[209]

LaTeX Warning: Reference `eq:qF-recurrence-scaled' on page 210 undefined on inp
ut line 11728.


LaTeX Warning: Reference `eq:qF-P-coeffs-from-LM' on page 210 undefined on inpu
t line 11748.


LaTeX Warning: Reference `eq:qF-P-subleading' on page 210 undefined on input li
ne 11753.


LaTeX Warning: Reference `eq:qF-P-leading' on page 210 undefined on input line 
11756.


LaTeX Warning: Reference `eq:qF-P-subleading' on page 210 undefined on input li
ne 11757.


LaTeX Warning: Reference `eq:qF-P-exact-degree' on page 210 undefined on input 
line 11759.


LaTeX Warning: Reference `eq:qF-P-degree' on page 210 undefined on input line 1
1769.


LaTeX Warning: Reference `eq:mersenne-product' on page 210 undefined on input l
ine 11799.


LaTeX Warning: Reference `eq:qF-moment-polynomial' on page 210 undefined on inp
ut line 11803.


LaTeX Warning: Reference `eq:qF-endpoint-poch' on page 210 undefined on input l
ine 11804.


LaTeX Warning: Reference `eq:inverse-power-values' on page 210 undefined on inp
ut line 11804.


LaTeX Warning: Reference `eq:halfbase-factorial' on page 210 undefined on input
 line 11805.


LaTeX Warning: Reference `eq:qF-endpoint-poch' on page 210 undefined on input l
ine 11807.


LaTeX Warning: Reference `thm:fabius-half-moment' on page 1 undefined on input 
line 11812.


LaTeX Warning: Reference `ex:fabius-first-coefficients' on page 1 undefined on 
input line 11812.

[210]

LaTeX Warning: Reference `cor:qF-halfbase-dictionary' on page 1 undefined on in
put line 11832.


LaTeX Warning: Reference `eq:qF-endpoint-poch' on page 211 undefined on input l
ine 11833.


LaTeX Warning: Reference `thm:qF-moment-polynomial' on page 1 undefined on inpu
t line 11834.


LaTeX Warning: Reference `def:qF-moment-polynomial' on page 1 undefined on inpu
t line 11834.


LaTeX Warning: Reference `eq:q-moment-recurrence' on page 211 undefined on inpu
t line 11835.


LaTeX Warning: Reference `eq:geometric-uniform-fixed-point' on page 211 undefin
ed on input line 11836.


LaTeX Warning: Reference `thm:halfbase-normalization' on page 1 undefined on in
put line 11837.


LaTeX Warning: Reference `chap:halfbase-thuemorse' on page 1 undefined on input
 line 11838.


LaTeX Warning: Reference `thm:gaussian-coefficient-transfer' on page 1 undefine
d on input line 11839.


LaTeX Warning: Reference `eq:transfer-top' on page 211 undefined on input line 
11839.


LaTeX Warning: Reference `cor:fabius-centered-formula' on page 1 undefined on i
nput line 11841.


LaTeX Warning: Reference `thm:qpascal' on page 1 undefined on input line 11859.



LaTeX Warning: Reference `chap:cyclotomic' on page 1 undefined on input line 11
859.


LaTeX Warning: Reference `prin:proof-architecture' on page 1 undefined on input
 line 11859.


LaTeX Warning: Reference `eq:universal-pascal' on page 211 undefined on input l
ine 11876.


LaTeX Warning: Reference `eq:universal-pascal' on page 211 undefined on input l
ine 11890.


LaTeX Warning: Reference `eq:qpascal2' on page 211 undefined on input line 1189
2.


LaTeX Warning: Reference `thm:qpascal' on page 1 undefined on input line 11892.



LaTeX Warning: Reference `eq:universal-pascal' on page 211 undefined on input l
ine 11896.


LaTeX Warning: Reference `cor:positivity' on page 1 undefined on input line 118
96.


LaTeX Warning: Reference `eq:universal-pascal' on page 211 undefined on input l
ine 11898.

[211]

LaTeX Warning: Reference `prop:qbinom-products' on page 1 undefined on input li
ne 11907.


LaTeX Warning: Reference `thm:universal-functoriality' on page 1 undefined on i
nput line 11911.


LaTeX Warning: Reference `eq:universal-full-factorial' on page 212 undefined on
 input line 11911.


LaTeX Warning: Reference `prop:concat' on page 1 undefined on input line 11911.



LaTeX Warning: Reference `eq:universal-full-factorial' on page 212 undefined on
 input line 11915.


LaTeX Warning: Reference `eq:universal-short-factorial' on page 212 undefined o
n input line 11915.


LaTeX Warning: Reference `chap:cyclotomic' on page 1 undefined on input line 11
919.


LaTeX Warning: Reference `eq:universal-full-factorial' on page 212 undefined on
 input line 11919.


LaTeX Warning: Reference `eq:universal-short-factorial' on page 212 undefined o
n input line 11919.


LaTeX Warning: Reference `thm:universal-functoriality' on page 1 undefined on i
nput line 11923.


LaTeX Warning: Reference `prin:proof-architecture' on page 1 undefined on input
 line 11923.


LaTeX Warning: Reference `thm:finite-qbinomial' on page 1 undefined on input li
ne 11923.


LaTeX Warning: Reference `thm:qpascal' on page 1 undefined on input line 11923.



LaTeX Warning: Reference `chap:geometric-filters' on page 1 undefined on input 
line 11923.


LaTeX Warning: Reference `rem:denominator-free-reversed' on page 1 undefined on
 input line 11923.


LaTeX Warning: Reference `thm:qbinomial-inversion' on page 1 undefined on input
 line 11939.


LaTeX Warning: Reference `eq:subspace-mobius' on page 212 undefined on input li
ne 11964.

[212]

LaTeX Warning: Reference `thm:subspace-count' on page 1 undefined on input line
 11973.


LaTeX Warning: Reference `cor:alternating-qbinom' on page 1 undefined on input 
line 11978.


LaTeX Warning: Reference `eq:finite-qbinomial-minus' on page 213 undefined on i
nput line 11978.


LaTeX Warning: Reference `thm:qbinomial-inversion' on page 1 undefined on input
 line 11988.


LaTeX Warning: Reference `thm:subspace-mobius' on page 1 undefined on input lin
e 11988.


LaTeX Warning: Reference `eq:reversed-gaussian-row' on page 213 undefined on in
put line 11988.


LaTeX Warning: Reference `chap:geometric-filters' on page 1 undefined on input 
line 11989.


LaTeX Warning: Reference `eq:fabius-inverse-dyadic-closed' on page 213 undefine
d on input line 12007.


LaTeX Warning: Reference `eq:thue-morse-power-sums' on page 213 undefined on in
put line 12007.


LaTeX Warning: Reference `eq:thue-morse-power-recurrence' on page 213 undefined
 on input line 12017.


LaTeX Warning: Reference `thm:universal-lagrange-residual' on page 1 undefined 
on input line 12031.


LaTeX Warning: Reference `eq:universal-residual' on page 213 undefined on input
 line 12033.

[213]

LaTeX Warning: Reference `eq:ring-moment-hypotheses' on page 214 undefined on i
nput line 12064.


LaTeX Warning: Reference `eq:ring-moment-residual' on page 214 undefined on inp
ut line 12065.


LaTeX Warning: Reference `eq:ring-moment-definition' on page 214 undefined on i
nput line 12077.


LaTeX Warning: Reference `eq:ring-moment-transform' on page 214 undefined on in
put line 12082.


LaTeX Warning: Reference `eq:weighted-e-gen' on page 214 undefined on input lin
e 12086.


LaTeX Warning: Reference `eq:ring-moment-hypotheses' on page 214 undefined on i
nput line 12093.


LaTeX Warning: Reference `eq:weighted-h-gen' on page 214 undefined on input lin
e 12099.


LaTeX Warning: Reference `eq:ring-moment-residual' on page 214 undefined on inp
ut line 12106.

[214]

LaTeX Warning: Reference `eq:ring-moment-residual' on page 215 undefined on inp
ut line 12127.


LaTeX Warning: Reference `thm:universal-lagrange-residual' on page 1 undefined 
on input line 12130.


LaTeX Warning: Reference `thm:ring-moment-residual' on page 1 undefined on inpu
t line 12131.


LaTeX Warning: Reference `eq:ring-moment-residual' on page 215 undefined on inp
ut line 12133.


LaTeX Warning: Reference `eq:ring-moment-residual' on page 215 undefined on inp
ut line 12134.


LaTeX Warning: Reference `eq:universal-residual' on page 215 undefined on input
 line 12135.


LaTeX Warning: Reference `eq:universal-residual' on page 215 undefined on input
 line 12137.


LaTeX Warning: Reference `thm:complete-geometric-moments' on page 1 undefined o
n input line 12138.


LaTeX Warning: Reference `rem:one-principle-two-filters' on page 1 undefined on
 input line 12139.


LaTeX Warning: Reference `eq:ring-moment-residual' on page 215 undefined on inp
ut line 12140.


LaTeX Warning: Reference `eq:ring-moment-hypotheses' on page 215 undefined on i
nput line 12153.


LaTeX Warning: Reference `def:universal-gaussian' on page 1 undefined on input 
line 12160.


LaTeX Warning: Reference `thm:ring-moment-residual' on page 1 undefined on inpu
t line 12165.


LaTeX Warning: Reference `eq:ring-geometric-residual' on page 215 undefined on 
input line 12166.


LaTeX Warning: Reference `chap:weighted' on page 1 undefined on input line 1217
1.


LaTeX Warning: Reference `thm:weighted-specializations' on page 1 undefined on 
input line 12172.


LaTeX Warning: Reference `thm:qbinom-structure' on page 1 undefined on input li
ne 12174.


LaTeX Warning: Reference `eq:weighted-h-gen' on page 215 undefined on input lin
e 12179.


LaTeX Warning: Reference `thm:universal-functoriality' on page 1 undefined on i
nput line 12180.


LaTeX Warning: Reference `thm:universal-functoriality' on page 1 undefined on i
nput line 12183.


LaTeX Warning: Reference `eq:ring-principal-specialization' on page 215 undefin
ed on input line 12184.


LaTeX Warning: Reference `cor:scaled-geometric-moments' on page 1 undefined on 
input line 12188.


LaTeX Warning: Reference `eq:ring-geometric-residual' on page 215 undefined on 
input line 12189.


LaTeX Warning: Reference `rem:one-principle-two-filters' on page 1 undefined on
 input line 12191.


LaTeX Warning: Reference `eq:ring-moment-hypotheses' on page 215 undefined on i
nput line 12192.


LaTeX Warning: Reference `eq:ring-moment-hypotheses' on page 215 undefined on i
nput line 12207.

[215]

LaTeX Warning: Reference `eq:ring-moment-hypotheses' on page 216 undefined on i
nput line 12225.


LaTeX Warning: Reference `thm:ring-moment-residual' on page 1 undefined on inpu
t line 12226.


LaTeX Warning: Reference `cor:ring-geometric-residual' on page 1 undefined on i
nput line 12227.


LaTeX Warning: Reference `eq:ring-series-filter' on page 216 undefined on input
 line 12232.


LaTeX Warning: Reference `rem:two-exact-tails' on page 1 undefined on input lin
e 12233.


LaTeX Warning: Reference `eq:ring-moment-hypotheses' on page 216 undefined on i
nput line 12237.


LaTeX Warning: Reference `eq:geometric-eval-zero' on page 216 undefined on inpu
t line 12240.


LaTeX Warning: Reference `eq:ring-moment-transform' on page 216 undefined on in
put line 12241.


LaTeX Warning: Reference `eq:weighted-h-gen' on page 216 undefined on input lin
e 12250.


LaTeX Warning: Reference `eq:ring-geometric-residual' on page 216 undefined on 
input line 12254.


LaTeX Warning: Reference `eq:complete-geometric-moments' on page 216 undefined 
on input line 12255.


LaTeX Warning: Reference `eq:ring-series-filter' on page 216 undefined on input
 line 12255.


LaTeX Warning: Reference `eq:filter-exact-tail' on page 216 undefined on input 
line 12256.


LaTeX Warning: Reference `cor:scaled-geometric-moments' on page 1 undefined on 
input line 12257.


LaTeX Warning: Reference `thm:complete-geometric-moments' on page 1 undefined o
n input line 12258.


LaTeX Warning: Reference `thm:universal-lagrange-residual' on page 1 undefined 
on input line 12259.


LaTeX Warning: Reference `eq:reciprocal-nodes-weights' on page 216 undefined on
 input line 12262.


LaTeX Warning: Reference `eq:ring-moment-hypotheses' on page 216 undefined on i
nput line 12262.


LaTeX Warning: Reference `eq:geometric-moment-zero' on page 216 undefined on in
put line 12263.


LaTeX Warning: Reference `eq:geometric-moment-top' on page 216 undefined on inp
ut line 12264.


LaTeX Warning: Reference `eq:ring-principal-specialization' on page 216 undefin
ed on input line 12267.


LaTeX Warning: Reference `thm:qbinom-structure' on page 1 undefined on input li
ne 12273.


LaTeX Warning: Reference `eq:ring-series-filter' on page 216 undefined on input
 line 12274.


LaTeX Warning: Reference `eq:reciprocal-filter-tail' on page 216 undefined on i
nput line 12276.


LaTeX Warning: Reference `thm:reciprocal-exact-tail' on page 1 undefined on inp
ut line 12277.


LaTeX Warning: Reference `thm:ring-moment-residual' on page 1 undefined on inpu
t line 12284.


LaTeX Warning: Reference `eq:fabius-dyadic-value' on page 216 undefined on inpu
t line 12303.


LaTeX Warning: Reference `eq:fabius-fourier-formula' on page 216 undefined on i
nput line 12304.


LaTeX Warning: Reference `cor:fabius-centered-formula' on page 1 undefined on i
nput line 12309.

[216]

LaTeX Warning: Reference `eq:raw-moments-from-centered' on page 217 undefined o
n input line 12333.


LaTeX Warning: Reference `eq:geometric-uniform-mean-symmetry' on page 217 undef
ined on input line 12334.


LaTeX Warning: Reference `cor:fabius-centered-formula' on page 1 undefined on i
nput line 12337.


LaTeX Warning: Reference `eq:fabius-shift-polynomial' on page 217 undefined on 
input line 12338.


LaTeX Warning: Reference `eq:fabius-numerator-moment' on page 217 undefined on 
input line 12340.


LaTeX Warning: Reference `eq:fabius-scaled-split' on page 217 undefined on inpu
t line 12354.


LaTeX Warning: Reference `eq:weighted-cube-cut' on page 217 undefined on input 
line 12363.


LaTeX Warning: Reference `eq:dyadic-cube-cut' on page 217 undefined on input li
ne 12364.


LaTeX Warning: Reference `eq:fabius-spline-expectation' on page 217 undefined o
n input line 12367.


LaTeX Warning: Reference `eq:fabius-spline-expectation' on page 217 undefined o
n input line 12373.


LaTeX Warning: Reference `cor:fabius-centered-formula' on page 1 undefined on i
nput line 12375.


LaTeX Warning: Reference `eq:fabius-dyadic-moment' on page 217 undefined on inp
ut line 12375.


LaTeX Warning: Reference `thm:fabius-dyadic-cell' on page 1 undefined on input 
line 12377.


LaTeX Warning: Reference `eq:fabius-dyadic-cell' on page 217 undefined on input
 line 12391.


LaTeX Warning: Reference `eq:fabius-dyadic-moment' on page 217 undefined on inp
ut line 12391.

[217]

LaTeX Warning: Reference `lem:fabius-spline-expectation' on page 1 undefined on
 input line 12395.


LaTeX Warning: Reference `eq:geometric-uniform-mean-symmetry' on page 218 undef
ined on input line 12407.


LaTeX Warning: Reference `eq:fabius-dyadic-cell' on page 218 undefined on input
 line 12408.


LaTeX Warning: Reference `lem:fabius-spline-expectation' on page 1 undefined on
 input line 12413.


LaTeX Warning: Reference `eq:fabius-dyadic-cell' on page 218 undefined on input
 line 12421.


LaTeX Warning: Reference `eq:fabius-dyadic-cell' on page 218 undefined on input
 line 12425.


LaTeX Warning: Reference `eq:fabius-dyadic-cell' on page 218 undefined on input
 line 12426.


LaTeX Warning: Reference `eq:fabius-dyadic-cell' on page 218 undefined on input
 line 12428.


LaTeX Warning: Reference `eq:fabius-numerator-moment' on page 218 undefined on 
input line 12429.


LaTeX Warning: Reference `eq:fabius-dyadic-moment' on page 218 undefined on inp
ut line 12430.


LaTeX Warning: Reference `eq:fabius-dyadic-cell' on page 218 undefined on input
 line 12435.


LaTeX Warning: Reference `eq:fabius-half-moment' on page 218 undefined on input
 line 12439.


LaTeX Warning: Reference `eq:fabius-dyadic-cell' on page 218 undefined on input
 line 12440.


LaTeX Warning: Reference `eq:fabius-digit-appell' on page 218 undefined on inpu
t line 12485.


LaTeX Warning: Reference `eq:fabius-fourier-formula' on page 218 undefined on i
nput line 12500.


LaTeX Warning: Reference `eq:fabius-digit-residual' on page 218 undefined on in
put line 12501.

[218]

LaTeX Warning: Reference `cor:fabius-fourier-formula' on page 1 undefined on in
put line 12510.


LaTeX Warning: Reference `eq:fabius-fourier-formula' on page 219 undefined on i
nput line 12511.


LaTeX Warning: Reference `eq:fabius-dyadic-value' on page 219 undefined on inpu
t line 12512.


LaTeX Warning: Reference `eq:fabius-digit-appell' on page 219 undefined on inpu
t line 12513.


LaTeX Warning: Reference `eq:fabius-coefficient-recurrence' on page 219 undefin
ed on input line 12516.


LaTeX Warning: Reference `eq:fabius-digit-residual' on page 219 undefined on in
put line 12519.


LaTeX Warning: Reference `eq:fabius-dyadic-value' on page 219 undefined on inpu
t line 12523.


LaTeX Warning: Reference `eq:fabius-fourier-formula' on page 219 undefined on i
nput line 12524.


LaTeX Warning: Reference `eq:finite-geometric-uniform-sum' on page 219 undefine
d on input line 12544.


LaTeX Warning: Reference `cor:finite-uniform-convergence' on page 1 undefined o
n input line 12545.


LaTeX Warning: Reference `eq:midpoint-rate' on page 219 undefined on input line
 12575.


LaTeX Warning: Reference `rem:fabius-dyadic-architecture' on page 1 undefined o
n input line 12586.


LaTeX Warning: Reference `eq:midpoint-rate' on page 219 undefined on input line
 12587.


LaTeX Warning: Reference `rem:dyadic-cube-cut' on page 1 undefined on input lin
e 12592.


LaTeX Warning: Reference `eq:dyadic-cube-cut' on page 219 undefined on input li
ne 12595.


LaTeX Warning: Reference `eq:midpoint-truncation-def' on page 219 undefined on 
input line 12600.


LaTeX Warning: Reference `eq:midpoint-spline' on page 219 undefined on input li
ne 12601.


LaTeX Warning: Reference `eq:geometric-uniform-fixed-point' on page 219 undefin
ed on input line 12603.


LaTeX Warning: Reference `eq:fabius-scaled-split' on page 219 undefined on inpu
t line 12605.


LaTeX Warning: Reference `thm:finite-uniform-spline' on page 1 undefined on inp
ut line 12607.

[219]

LaTeX Warning: Reference `eq:geometric-uniform-mean-symmetry' on page 220 undef
ined on input line 12627.


LaTeX Warning: Reference `eq:q-cumulants-uniform' on page 220 undefined on inpu
t line 12639.


LaTeX Warning: Reference `eq:midpoint-H-moment-one' on page 220 undefined on in
put line 12646.


LaTeX Warning: Reference `prop:geometric-uniform-density-band' on page 1 undefi
ned on input line 12659.


LaTeX Warning: Reference `eq:truncated-density-from-cdf' on page 220 undefined 
on input line 12661.


LaTeX Warning: Reference `eq:midpoint-H-moment-zero' on page 220 undefined on i
nput line 12668.


LaTeX Warning: Reference `eq:midpoint-error-integral' on page 220 undefined on 
input line 12670.


LaTeX Warning: Reference `eq:truncated-density-lipschitz' on page 220 undefined
 on input line 12681.


LaTeX Warning: Reference `eq:midpoint-H-moment-one' on page 220 undefined on in
put line 12682.


LaTeX Warning: Reference `eq:midpoint-rate' on page 220 undefined on input line
 12687.

[220]

LaTeX Warning: Reference `eq:truncated-density-from-cdf' on page 221 undefined 
on input line 12701.


LaTeX Warning: Reference `eq:truncated-density-plateau' on page 221 undefined o
n input line 12705.


LaTeX Warning: Reference `eq:truncated-density-from-cdf' on page 221 undefined 
on input line 12709.


LaTeX Warning: Reference `eq:truncated-density-plateau' on page 221 undefined o
n input line 12712.


LaTeX Warning: Reference `eq:midpoint-error-integral' on page 221 undefined on 
input line 12717.


LaTeX Warning: Reference `eq:midpoint-H-moment-zero' on page 221 undefined on i
nput line 12718.


LaTeX Warning: Reference `eq:midpoint-H-moment-one' on page 221 undefined on in
put line 12720.


LaTeX Warning: Reference `eq:midpoint-extremum' on page 221 undefined on input 
line 12726.


LaTeX Warning: Reference `eq:midpoint-rate' on page 221 undefined on input line
 12727.


LaTeX Warning: Reference `eq:cdf-uniform-rate-explicit' on page 221 undefined o
n input line 12734.


LaTeX Warning: Reference `eq:midpoint-error-integral' on page 221 undefined on 
input line 12739.


LaTeX Warning: Reference `cor:fabius-centered-formula' on page 1 undefined on i
nput line 12767.


LaTeX Warning: Reference `rem:fabius-dyadic-architecture' on page 1 undefined o
n input line 12768.


LaTeX Warning: Reference `eq:fabius-dyadic-value' on page 221 undefined on inpu
t line 12770.


LaTeX Warning: Reference `prop:midpoint-truncation' on page 1 undefined on inpu
t line 12774.

[221]

LaTeX Warning: Reference `eq:midpoint-spline' on page 222 undefined on input li
ne 12800.


LaTeX Warning: Reference `eq:cutoff-to-spline' on page 222 undefined on input l
ine 12808.


LaTeX Warning: Reference `eq:cutoff-to-spline' on page 222 undefined on input l
ine 12809.


LaTeX Warning: Reference `eq:cutoff-to-spline' on page 222 undefined on input l
ine 12810.


LaTeX Warning: Reference `eq:midpoint-spline' on page 222 undefined on input li
ne 12811.


LaTeX Warning: Reference `eq:cutoff-to-spline' on page 222 undefined on input l
ine 12822.


LaTeX Warning: Reference `eq:clamped-cutoff-on-grid' on page 222 undefined on i
nput line 12825.


LaTeX Warning: Reference `eq:clamped-cutoff' on page 222 undefined on input lin
e 12831.


LaTeX Warning: Reference `eq:cutoff-to-spline' on page 222 undefined on input l
ine 12832.


LaTeX Warning: Reference `rem:fabius-dyadic-architecture' on page 1 undefined o
n input line 12835.


LaTeX Warning: Reference `eq:clamped-cutoff' on page 222 undefined on input lin
e 12865.


LaTeX Warning: Reference `rem:halfbase-row-reversal' on page 1 undefined on inp
ut line 12878.

[222]

LaTeX Warning: Reference `lem:cutoff-to-spline' on page 1 undefined on input li
ne 12908.


LaTeX Warning: Reference `eq:offgrid-dyadic-def' on page 223 undefined on input
 line 12909.


LaTeX Warning: Reference `eq:halfbase-gaussian' on page 223 undefined on input 
line 12918.


LaTeX Warning: Reference `eq:offgrid-weights' on page 223 undefined on input li
ne 12927.


LaTeX Warning: Reference `eq:offgrid-decomposition' on page 223 undefined on in
put line 12927.


LaTeX Warning: Reference `rem:halfbase-row-reversal' on page 1 undefined on inp
ut line 12930.


LaTeX Warning: Reference `eq:geometric-row-mass' on page 223 undefined on input
 line 12932.


LaTeX Warning: Reference `eq:geometric-lagrange-signs' on page 223 undefined on
 input line 12933.


LaTeX Warning: Reference `eq:geometric-row-variation' on page 223 undefined on 
input line 12934.


LaTeX Warning: Reference `eq:clamped-cutoff-on-grid' on page 223 undefined on i
nput line 12936.


LaTeX Warning: Reference `eq:offgrid-dyadic-def' on page 223 undefined on input
 line 12938.


LaTeX Warning: Reference `eq:fabius-dyadic-value' on page 223 undefined on inpu
t line 12944.


LaTeX Warning: Reference `cor:fabius-centered-formula' on page 1 undefined on i
nput line 12945.


LaTeX Warning: Reference `eq:midpoint-spline' on page 223 undefined on input li
ne 12948.


LaTeX Warning: Reference `eq:offgrid-decomposition' on page 223 undefined on in
put line 12951.


LaTeX Warning: Reference `eq:midpoint-truncation-def' on page 223 undefined on 
input line 12953.


LaTeX Warning: Reference `eq:offgrid-endpoints' on page 223 undefined on input 
line 12960.


LaTeX Warning: Reference `rem:fabius-dyadic-architecture' on page 1 undefined o
n input line 12964.


LaTeX Warning: Reference `eq:offgrid-dyadic-def' on page 223 undefined on input
 line 12965.


LaTeX Warning: Reference `eq:offgrid-decomposition' on page 223 undefined on in
put line 12970.


LaTeX Warning: Reference `chap:geometric-filters' on page 1 undefined on input 
line 12972.


LaTeX Warning: Reference `eq:fabius-dyadic-value' on page 223 undefined on inpu
t line 12974.

[223]

LaTeX Warning: Reference `eq:halfbase-row-variation-bound' on page 224 undefine
d on input line 13003.


LaTeX Warning: Reference `thm:offgrid-dyadic' on page 1 undefined on input line
 13008.


LaTeX Warning: Reference `thm:offgrid-dyadic' on page 1 undefined on input line
 13009.


LaTeX Warning: Reference `prop:midpoint-truncation' on page 1 undefined on inpu
t line 13015.


LaTeX Warning: Reference `thm:offgrid-dyadic' on page 1 undefined on input line
 13022.


LaTeX Warning: Reference `rem:halfbase-row-reversal' on page 1 undefined on inp
ut line 13024.


LaTeX Warning: Reference `eq:offgrid-uniform-rate' on page 224 undefined on inp
ut line 13030.


LaTeX Warning: Reference `eq:geometric-lebesgue-constant' on page 224 undefined
 on input line 13038.


LaTeX Warning: Reference `thm:geometric-row-variation' on page 1 undefined on i
nput line 13039.


LaTeX Warning: Reference `thm:offgrid-uniform-rate' on page 1 undefined on inpu
t line 13052.


LaTeX Warning: Reference `eq:offgrid-decomposition' on page 224 undefined on in
put line 13053.


LaTeX Warning: Reference `prop:midpoint-truncation' on page 1 undefined on inpu
t line 13055.


LaTeX Warning: Reference `rem:fabius-dyadic-architecture' on page 1 undefined o
n input line 13057.


LaTeX Warning: Reference `eq:offgrid-uniform-rate' on page 224 undefined on inp
ut line 13062.


LaTeX Warning: Reference `cor:gaussian-row-spline-average' on page 1 undefined 
on input line 13071.


LaTeX Warning: Reference `thm:tail-row-toeplitz' on page 1 undefined on input l
ine 13072.


LaTeX Warning: Reference `thm:geometric-row-variation' on page 1 undefined on i
nput line 13073.


LaTeX Warning: Reference `eq:fabius-truncation-rate' on page 224 undefined on i
nput line 13074.


LaTeX Warning: Reference `thm:offgrid-uniform-rate' on page 1 undefined on inpu
t line 13075.


LaTeX Warning: Reference `eq:offgrid-dyadic-def' on page 224 undefined on input
 line 13077.


LaTeX Warning: Reference `eq:midpoint-extremum' on page 224 undefined on input 
line 13079.


LaTeX Warning: Reference `eq:offgrid-weighted-row-norm' on page 224 undefined o
n input line 13081.


LaTeX Warning: Reference `eq:geometric-row-variation' on page 224 undefined on 
input line 13082.


LaTeX Warning: Reference `eq:fabius-centered-formula' on page 224 undefined on 
input line 13112.


LaTeX Warning: Reference `eq:dyadic-gaussian-thue-morse' on page 224 undefined 
on input line 13113.


LaTeX Warning: Reference `thm:gaussian-coefficient-transfer' on page 1 undefine
d on input line 13116.

[224]

LaTeX Warning: Reference `eq:mgf-product' on page 225 undefined on input line 1
3133.


LaTeX Warning: Reference `lem:fabius-moment-dilation' on page 1 undefined on in
put line 13135.


LaTeX Warning: Reference `eq:fabius-appell-egf' on page 225 undefined on input 
line 13153.


LaTeX Warning: Reference `eq:geometric-uniform-mean-symmetry' on page 225 undef
ined on input line 13156.


LaTeX Warning: Reference `eq:fabius-appell-geometric' on page 225 undefined on 
input line 13193.


LaTeX Warning: Reference `eq:fabius-centered-formula' on page 225 undefined on 
input line 13195.


LaTeX Warning: Reference `eq:dyadic-gaussian-thue-morse' on page 225 undefined 
on input line 13196.


LaTeX Warning: Reference `thm:gaussian-coefficient-transfer' on page 1 undefine
d on input line 13201.


LaTeX Warning: Reference `lem:fabius-moment-dilation' on page 1 undefined on in
put line 13207.


LaTeX Warning: Reference `eq:fabius-appell-egf' on page 225 undefined on input 
line 13208.


LaTeX Warning: Reference `eq:general-bridge' on page 225 undefined on input lin
e 13209.

[225]

LaTeX Warning: Reference `eq:TM-A-bridge' on page 226 undefined on input line 1
3215.


LaTeX Warning: Reference `eq:thue-morse-normalized' on page 226 undefined on in
put line 13217.


LaTeX Warning: Reference `eq:thue-morse-power-sums' on page 226 undefined on in
put line 13225.


LaTeX Warning: Reference `cor:transfer-translation' on page 1 undefined on inpu
t line 13232.


LaTeX Warning: Reference `eq:transfer-top' on page 226 undefined on input line 
13233.


LaTeX Warning: Reference `eq:halfbase-factorial' on page 226 undefined on input
 line 13234.


LaTeX Warning: Reference `eq:fabius-appell-geometric' on page 226 undefined on 
input line 13247.


LaTeX Warning: Reference `eq:fabius-appell-centred' on page 226 undefined on in
put line 13251.


LaTeX Warning: Reference `eq:fabius-appell-raw' on page 226 undefined on input 
line 13251.


LaTeX Warning: Reference `eq:fabius-appell-geometric' on page 226 undefined on 
input line 13252.


LaTeX Warning: Reference `eq:fabius-appell-reflection' on page 226 undefined on
 input line 13255.


LaTeX Warning: Reference `eq:fabius-appell-geometric' on page 226 undefined on 
input line 13257.


LaTeX Warning: Reference `eq:fabius-centered-formula' on page 226 undefined on 
input line 13258.


LaTeX Warning: Reference `eq:dyadic-gaussian-thue-morse' on page 226 undefined 
on input line 13261.


LaTeX Warning: Reference `cor:transfer-translation' on page 1 undefined on inpu
t line 13265.


LaTeX Warning: Reference `thm:fabius-appell-geometric-shift' on page 1 undefine
d on input line 13266.


LaTeX Warning: Reference `thm:gaussian-coefficient-transfer' on page 1 undefine
d on input line 13269.


LaTeX Warning: Reference `rem:double-cancellation' on page 1 undefined on input
 line 13272.


LaTeX Warning: Reference `eq:fabius-appell-centred' on page 226 undefined on in
put line 13273.


LaTeX Warning: Reference `eq:fabius-appell-raw' on page 226 undefined on input 
line 13273.


LaTeX Warning: Reference `rem:psi-two-coordinates' on page 1 undefined on input
 line 13275.


LaTeX Warning: Reference `cor:fabius-centered-formula' on page 1 undefined on i
nput line 13276.


LaTeX Warning: Reference `eq:fabius-appell-centred' on page 226 undefined on in
put line 13281.


LaTeX Warning: Reference `eq:fabius-appell-geometric' on page 226 undefined on 
input line 13295.


LaTeX Warning: Reference `ex:dyadic-formula-small' on page 1 undefined on input
 line 13299.

[226]

LaTeX Warning: Reference `eq:fabius-dyadic-value' on page 227 undefined on inpu
t line 13324.


LaTeX Warning: Reference `eq:fabius-fourier-formula' on page 227 undefined on i
nput line 13325.


LaTeX Warning: Reference `eq:fabius-spline-expectation' on page 227 undefined o
n input line 13331.


LaTeX Warning: Reference `lem:fabius-spline-expectation' on page 1 undefined on
 input line 13346.


LaTeX Warning: Reference `eq:geometric-uniform-mean-symmetry' on page 227 undef
ined on input line 13356.


LaTeX Warning: Reference `eq:fabius-local-reduction' on page 227 undefined on i
nput line 13363.


LaTeX Warning: Reference `eq:fabius-prefix-tail' on page 227 undefined on input
 line 13378.


LaTeX Warning: Reference `eq:fabius-prefix-tail' on page 227 undefined on input
 line 13382.


LaTeX Warning: Reference `eq:fabius-digit-appell' on page 227 undefined on inpu
t line 13405.

[227]

LaTeX Warning: Reference `cor:fabius-local-reduction' on page 1 undefined on in
put line 13417.


LaTeX Warning: Reference `eq:fabius-digit-residual' on page 228 undefined on in
put line 13419.


LaTeX Warning: Reference `thm:fabius-half-moment' on page 1 undefined on input 
line 13423.


LaTeX Warning: Reference `eq:fabius-digit-appell' on page 228 undefined on inpu
t line 13425.


LaTeX Warning: Reference `eq:fabius-prefix-tail' on page 228 undefined on input
 line 13437.


LaTeX Warning: Reference `thm:fabius-digit-expansion' on page 1 undefined on in
put line 13448.


LaTeX Warning: Reference `eq:fabius-appell-centred' on page 228 undefined on in
put line 13452.


LaTeX Warning: Reference `eq:fabius-digit-appell' on page 228 undefined on inpu
t line 13453.


LaTeX Warning: Reference `cor:fabius-centered-formula' on page 1 undefined on i
nput line 13461.


LaTeX Warning: Reference `cor:fabius-fourier-formula' on page 1 undefined on in
put line 13462.


LaTeX Warning: Reference `cor:fabius-digit-qseries' on page 1 undefined on inpu
t line 13464.


LaTeX Warning: Reference `eq:fabius-digit-appell' on page 228 undefined on inpu
t line 13467.


LaTeX Warning: Reference `thm:fabius-half-moment' on page 1 undefined on input 
line 13469.


LaTeX Warning: Reference `eq:fabius-digit-residual' on page 228 undefined on in
put line 13480.


LaTeX Warning: Reference `eq:fabius-inverse-dyadic-closed' on page 228 undefine
d on input line 13482.


LaTeX Warning: Reference `rem:dyadic-formula-anatomy' on page 1 undefined on in
put line 13483.


LaTeX Warning: Reference `eq:fabius-appell-def' on page 228 undefined on input 
line 13487.


LaTeX Warning: Reference `eq:fabius-coefficient-recurrence' on page 228 undefin
ed on input line 13488.


LaTeX Warning: Reference `eq:fabius-digit-qseries' on page 228 undefined on inp
ut line 13489.

[228] [229

] (chapters/00_scope_status_and_normalizations.tex
Chapter 29.
[230

]

LaTeX Warning: Reference `sec:infinite-normal-convergence' on page 1 undefined 
on input line 65.


LaTeX Warning: Reference `sec:gaussian-reciprocity' on page 1 undefined on inpu
t line 83.

[231]
LaTeX Font Info:    Trying to load font information for TS1+LibertinusSerif-TLF
 on input line 125.

(C:\Users\vresh\AppData\Local\Programs\MiKTeX\tex/latex/libertinus-type1\ts1lib
ertinusserif-tlf.fd
File: TS1LibertinusSerif-TLF.fd 2024/09/22 (autoinst) Font definitions for TS1/
LibertinusSerif-TLF.
)
LaTeX Font Info:    Font shape `TS1/LibertinusSerif-TLF/m/n' will be
(Font)              scaled to size 10.95pt on input line 125.
Package microtype Info: Loading generic protrusion settings for font family
(microtype)             `LibertinusSerif-TLF' (encoding: TS1).
(microtype)             For optimal results, create family-specific settings.
(microtype)             See the microtype manual for details.
) (chapters/01_universal_inversion.tex [232{C:/Users/vresh/AppData/Local/Progra
ms/MiKTeX/fonts/enc/dvips/libertinus-type1/lbn1_rlktsf.enc}]
Chapter 30.

LaTeX Warning: Reference `def:uq-partial-inverse' on page 1 undefined on input 
line 41.

[233

]

LaTeX Warning: Reference `eq:uq-triangular-recurrence' on page 234 undefined on
 input line 103.


LaTeX Warning: Reference `thm:uq-triangular-inverse' on page 1 undefined on inp
ut line 121.


LaTeX Warning: Reference `thm:uq-bell-inverse-recursion' on page 1 undefined on
 input line 153.

[234]

LaTeX Warning: Reference `lem:uq-formal-residue-substitution' on page 1 undefin
ed on input line 210.


LaTeX Warning: Reference `eq:uq-lagrange-burmann' on page 235 undefined on inpu
t line 230.


LaTeX Warning: Reference `thm:uq-regular-analytic-inverse' on page 1 undefined 
on input line 236.


LaTeX Warning: Reference `thm:uq-formal-lagrange-burmann' on page 1 undefined o
n input line 257.

[235]

LaTeX Warning: Reference `eq:uq-complete-bell-definition' on page 236 undefined
 on input line 317.

[236]

LaTeX Warning: Reference `eq:uq-partial-bell-definition' on page 237 undefined 
on input line 341.


LaTeX Warning: Reference `eq:uq-bell-inverse-recurrence' on page 237 undefined 
on input line 350.

[237]

LaTeX Warning: Reference `eq:uq-finite-ramification' on page 238 undefined on i
nput line 485.


LaTeX Warning: Reference `thm:uq-finite-ramification' on page 1 undefined on in
put line 495.

[238]

LaTeX Warning: Reference `eq:uq-fold-jet' on page 239 undefined on input line 5
34.

[239]

LaTeX Warning: Reference `eq:uq-reciprocal-reversion' on page 240 undefined on 
input line 614.


LaTeX Warning: Reference `eq:uq-lambert-model' on page 240 undefined on input l
ine 643.


LaTeX Warning: Reference `eq:uq-lambert-model' on page 240 undefined on input l
ine 650.


LaTeX Warning: Reference `eq:uq-lambert-model' on page 240 undefined on input l
ine 660.


LaTeX Warning: Reference `eq:uq-lambert-compatibility' on page 240 undefined on
 input line 671.


LaTeX Warning: Reference `eq:uq-lambert-compatibility' on page 240 undefined on
 input line 673.

[240]

LaTeX Warning: Reference `eq:uq-lambert-compatibility' on page 241 undefined on
 input line 683.


LaTeX Warning: Reference `eq:uq-lambert-model' on page 241 undefined on input l
ine 698.


LaTeX Warning: Reference `eq:uq-multivariate-recurrence' on page 241 undefined 
on input line 767.

[241]

LaTeX Warning: Reference `thm:uq-multivariate-triangular-inverse' on page 1 und
efined on input line 871.

[242]

LaTeX Warning: Reference `eq:uq-lagrange-good' on page 243 undefined on input l
ine 899.


LaTeX Warning: Reference `eq:uq-lagrange-good' on page 243 undefined on input l
ine 907.


LaTeX Warning: Reference `thm:uq-lagrange-good' on page 1 undefined on input li
ne 924.


LaTeX Warning: Reference `eq:uq-multivariate-recurrence' on page 243 undefined 
on input line 928.


LaTeX Warning: Reference `prop:uq-asymptotic-residual-transfer' on page 1 undef
ined on input line 936.

[243]

LaTeX Warning: Reference `eq:uq-rouche-condition' on page 244 undefined on inpu
t line 984.

) (chapters/02_finite_q_pochhammer.tex [244]
Chapter 31.
[245

]

LaTeX Warning: Reference `fp-unit-lagrange' on page 1 undefined on input line 7
2.


LaTeX Warning: Reference `fp-zero-derivative' on page 1 undefined on input line
 121.


LaTeX Warning: Reference `fp-zero-inverse' on page 1 undefined on input line 12
2.

[246]

LaTeX Warning: Reference `fp-root-logder' on page 1 undefined on input line 168
.


LaTeX Warning: Reference `fp-root-logder' on page 1 undefined on input line 170
.

[247]

LaTeX Warning: Reference `fp-root-block' on page 1 undefined on input line 235.



LaTeX Warning: Reference `fp-root-multiplicity' on page 1 undefined on input li
ne 238.


LaTeX Warning: Reference `fp-root-block' on page 1 undefined on input line 245.



LaTeX Warning: Reference `fp-unit-cyclotomic-puiseux' on page 1 undefined on in
put line 247.


LaTeX Warning: Reference `fp-q-logder' on page 1 undefined on input line 278.

[248]

LaTeX Warning: Reference `fp-small-base-lagrange' on page 1 undefined on input 
line 324.


LaTeX Warning: Reference `fp-small-base-divisor' on page 1 undefined on input l
ine 331.

[249]

LaTeX Warning: Reference `fp-q-logder' on page 1 undefined on input line 446.


LaTeX Warning: Reference `fp-q-logder' on page 1 undefined on input line 457.

[250]

LaTeX Warning: Reference `fp-minus-one-odd-second' on page 1 undefined on input
 line 483.


LaTeX Warning: Reference `fp-minus-one-even-second' on page 1 undefined on inpu
t line 483.


LaTeX Warning: Reference `fp-minus-one-cubic' on page 1 undefined on input line
 485.


LaTeX Warning: Reference `fp-minus-one-fold' on page 1 undefined on input line 
487.


LaTeX Warning: Reference `fp-minus-one-criticality' on page 1 undefined on inpu
t line 490.


LaTeX Warning: Reference `fp-cyclotomic-argument' on page 1 undefined on input 
line 512.


LaTeX Warning: Reference `fp-minus-one-cubic' on page 1 undefined on input line
 519.


LaTeX Warning: Reference `fp-minus-one-odd-second' on page 1 undefined on input
 line 537.

[251]

LaTeX Warning: Reference `fp-infinity-lagrange' on page 1 undefined on input li
ne 577.


LaTeX Warning: Reference `fp-infinity-first' on page 1 undefined on input line 
582.

) (chapters/03_infinite_q_pochhammer.tex [252]
Chapter 32.

LaTeX Warning: Reference `eq:ip-product-tail' on page 1 undefined on input line
 60.

[253

]

LaTeX Warning: Reference `eq:ip-log-tail' on page 1 undefined on input line 67.



LaTeX Warning: Reference `eq:ip-q-logder' on page 1 undefined on input line 75.



LaTeX Warning: Reference `eq:ip-a-logsecond' on page 1 undefined on input line 
75.


LaTeX Warning: Reference `eq:ip-a-logder' on page 1 undefined on input line 75.



LaTeX Warning: Reference `eq:ip-zero-derivative' on page 1 undefined on input l
ine 133.

[254]

LaTeX Warning: Reference `eq:ip-log-tail' on page 1 undefined on input line 155
.


LaTeX Warning: Reference `eq:ip-product-tail' on page 1 undefined on input line
 155.


LaTeX Warning: Reference `eq:ip-q-logder' on page 1 undefined on input line 157
.


LaTeX Warning: Reference `eq:ip-a-logsecond' on page 1 undefined on input line 
157.


LaTeX Warning: Reference `eq:ip-a-logder' on page 1 undefined on input line 157
.


LaTeX Warning: Reference `thm:ip-normal-convergence' on page 1 undefined on inp
ut line 158.


LaTeX Warning: Reference `eq:ip-lambert-log' on page 1 undefined on input line 
189.

[255]

LaTeX Warning: Reference `eq:ip-a-logder' on page 1 undefined on input line 236
.


LaTeX Warning: Reference `eq:ip-zero-derivative' on page 1 undefined on input l
ine 252.


LaTeX Warning: Reference `eq:ip-a-logder' on page 1 undefined on input line 255
.


LaTeX Warning: Reference `eq:ip-principal-first' on page 1 undefined on input l
ine 270.


LaTeX Warning: Reference `eq:ip-principal-second' on page 1 undefined on input 
line 277.


LaTeX Warning: Reference `thm:ip-real-atlas' on page 1 undefined on input line 
285.

[256]

LaTeX Warning: Reference `fp-unit-inverse' on page 1 undefined on input line 30
5.


LaTeX Warning: Reference `eq:ip-remote-factorization' on page 1 undefined on in
put line 374.

[257]

LaTeX Warning: Reference `eq:ip-remote-factorization' on page 1 undefined on in
put line 384.


LaTeX Warning: Reference `eq:ip-remote-value' on page 1 undefined on input line
 392.


LaTeX Warning: Reference `eq:ip-remote-location' on page 1 undefined on input l
ine 392.


LaTeX Warning: Reference `eq:ip-product-tail' on page 1 undefined on input line
 439.


LaTeX Warning: Reference `eq:ip-log-periodic-forward' on page 1 undefined on in
put line 444.


LaTeX Warning: Reference `eq:ip-log-periodic-inverse' on page 1 undefined on in
put line 460.

[258]

LaTeX Warning: Reference `eq:ip-q-logder' on page 1 undefined on input line 492
.


LaTeX Warning: Reference `eq:ip-small-base-jet' on page 1 undefined on input li
ne 517.


LaTeX Warning: Reference `eq:ip-lambert-log' on page 1 undefined on input line 
542.


LaTeX Warning: Reference `eq:ip-fixed-a-forward' on page 1 undefined on input l
ine 548.

[259]

LaTeX Warning: Reference `thm:ip-real-base' on page 1 undefined on input line 6
13.

[260]

LaTeX Warning: Reference `eq:ip-qx-mellin' on page 1 undefined on input line 66
9.


LaTeX Warning: Reference `eq:ip-eta-positive' on page 1 undefined on input line
 726.


LaTeX Warning: Reference `eq:ip-eta-negative' on page 1 undefined on input line
 727.

[261]

LaTeX Warning: Reference `eq:ip-eta-positive' on page 1 undefined on input line
 747.


LaTeX Warning: Reference `eq:ip-eta-positive' on page 1 undefined on input line
 770.


LaTeX Warning: Reference `eq:ip-eta-dissection' on page 1 undefined on input li
ne 774.


LaTeX Warning: Reference `eq:ip-eta-negative' on page 1 undefined on input line
 774.


LaTeX Warning: Reference `eq:ip-product-tail' on page 1 undefined on input line
 777.


LaTeX Warning: Reference `eq:ip-qx-lambert' on page 1 undefined on input line 8
00.


LaTeX Warning: Reference `eq:ip-qx-expansion' on page 1 undefined on input line
 802.

[262]

LaTeX Warning: Reference `eq:ip-positive-lambert' on page 1 undefined on input 
line 869.


LaTeX Warning: Reference `eq:ip-double-scaling-recurrence' on page 1 undefined 
on input line 872.

[263]

LaTeX Warning: Reference `eq:ip-boundary-block' on page 1 undefined on input li
ne 929.

[264]

LaTeX Warning: Reference `eq:ip-lambert-log' on page 1 undefined on input line 
981.


LaTeX Warning: Reference `eq:ip-cyclotomic-D' on page 1 undefined on input line
 1002.


LaTeX Warning: Reference `eq:ip-cyclotomic-C' on page 1 undefined on input line
 1002.


LaTeX Warning: Reference `eq:ip-cyclotomic-forward' on page 1 undefined on inpu
t line 1010.


LaTeX Warning: Reference `eq:ip-cyclotomic-inverse' on page 1 undefined on inpu
t line 1024.


LaTeX Warning: Reference `eq:ip-fixed-a-inverse' on page 1 undefined on input l
ine 1029.

[265]

LaTeX Warning: Reference `thm:ip-radial-cyclotomic' on page 1 undefined on inpu
t line 1105.


LaTeX Warning: Reference `eq:ip-minus-one-forward' on page 1 undefined on input
 line 1107.


LaTeX Warning: Reference `eq:ip-minus-one-inverse' on page 1 undefined on input
 line 1125.

[266]

LaTeX Warning: Reference `eq:ip-cyclotomic-forward' on page 1 undefined on inpu
t line 1158.

) (chapters/04_gaussian_multinomial.tex [267]
Chapter 33.

LaTeX Warning: Reference `sec:normalizations' on page 1 undefined on input line
 11.


LaTeX Warning: Reference `prop:gq-positive-palindromic' on page 1 undefined on 
input line 82.

[268

]

LaTeX Warning: Reference `prop:gq-positive-palindromic' on page 1 undefined on 
input line 94.


LaTeX Warning: Reference `thm:gq-positive-inverse' on page 1 undefined on input
 line 127.


LaTeX Warning: Reference `thm:uq-analytic-lagrange' on page 1 undefined on inpu
t line 144.

[269]

LaTeX Warning: Reference `lem:gq-bernoulli-factor' on page 1 undefined on input
 line 234.

[270]

LaTeX Warning: Reference `thm:gq-one-log' on page 1 undefined on input line 260
.


LaTeX Warning: Reference `thm:gq-one-log' on page 1 undefined on input line 271
.

[271]

LaTeX Warning: Reference `thm:gq-centered-palindromic' on page 1 undefined on i
nput line 398.


LaTeX Warning: Reference `thm:gq-one-log' on page 1 undefined on input line 401
.

[272] [273]

LaTeX Warning: Reference `sec:gaussian-zero' on page 1 undefined on input line 
541.

[274]

LaTeX Warning: Reference `prop:gq-centered-puiseux' on page 1 undefined on inpu
t line 651.


LaTeX Warning: Reference `lem:gq-bernoulli-factor' on page 1 undefined on input
 line 656.


LaTeX Warning: Reference `prop:gq-positive-palindromic' on page 1 undefined on 
input line 674.


LaTeX Warning: Reference `prop:gq-centered-puiseux' on page 1 undefined on inpu
t line 684.


LaTeX Warning: Reference `thm:gq-centered-palindromic' on page 1 undefined on i
nput line 684.


LaTeX Warning: Reference `thm:gq-square-free' on page 1 undefined on input line
 707.

[275]) (chapters/05_q_special_functions.tex [276]
Chapter 34.
[277

]

LaTeX Warning: Reference `thm:uq-finite-ramification' on page 1 undefined on in
put line 119.

[278]

LaTeX Warning: Reference `thm:uq-finite-ramification' on page 1 undefined on in
put line 193.


LaTeX Warning: Reference `thm:gq-large-inverse' on page 1 undefined on input li
ne 202.

[279]

LaTeX Warning: Reference `lem:ip-lambert-log' on page 1 undefined on input line
 258.


LaTeX Warning: Reference `thm:uq-finite-ramification' on page 1 undefined on in
put line 307.


LaTeX Warning: Reference `thm:ip-qx-expansion' on page 1 undefined on input lin
e 335.

[280] [281]

LaTeX Warning: Reference `thm:qs-qgamma-minimum' on page 1 undefined on input l
ine 425.


LaTeX Warning: Reference `thm:qs-qgamma-one' on page 1 undefined on input line 
426.


LaTeX Warning: Reference `thm:qs-qgamma-one' on page 1 undefined on input line 
434.

[282]

LaTeX Warning: Reference `prop:qs-qdigamma-inverse' on page 1 undefined on inpu
t line 500.


LaTeX Warning: Reference `thm:qs-qgamma-one' on page 1 undefined on input line 
521.

Package microtype Info: Loading generic protrusion settings for font family
(microtype)             `cmss' (encoding: OT1).
(microtype)             For optimal results, create family-specific settings.
(microtype)             See the microtype manual for details.
[283]

LaTeX Warning: Reference `lem:ip-lambert-log' on page 1 undefined on input line
 607.

[284]

LaTeX Warning: Reference `thm:uq-analytic-lagrange' on page 1 undefined on inpu
t line 674.

) (chapters/06_cyclotomic_fabius.tex [285]
Chapter 35.

LaTeX Warning: Reference `sec:ip-cyclotomic' on page 1 undefined on input line 
8.


LaTeX Warning: Reference `thm:ip-radial-cyclotomic' on page 1 undefined on inpu
t line 12.


LaTeX Warning: Reference `sec:gaussian-cyclotomic' on page 1 undefined on input
 line 13.


LaTeX Warning: Reference `thm:geometric-uniform-fourier-decay' on page 1 undefi
ned on input line 29.


LaTeX Warning: Reference `eq:fr-q-derivative-rapid' on page 1 undefined on inpu
t line 30.


LaTeX Warning: Reference `chap:geometric-uniform-fabius' on page 1 undefined on
 input line 39.


LaTeX Warning: Reference `thm:geometric-uniform-fourier-decay' on page 1 undefi
ned on input line 61.

[286

]

LaTeX Warning: Reference `thm:geometric-uniform-characteristic' on page 1 undef
ined on input line 77.


LaTeX Warning: Reference `thm:geometric-uniform-smooth-density' on page 1 undef
ined on input line 79.


LaTeX Warning: Reference `thm:geometric-uniform-fourier-decay' on page 1 undefi
ned on input line 79.


LaTeX Warning: Reference `eq:fr-density-refinement' on page 1 undefined on inpu
t line 84.


LaTeX Warning: Reference `eq:fr-density-derivative' on page 1 undefined on inpu
t line 85.


LaTeX Warning: Reference `thm:probabilistic-fabius' on page 1 undefined on inpu
t line 109.


LaTeX Warning: Reference `def:fr-normalized-fabius' on page 1 undefined on inpu
t line 111.


LaTeX Warning: Reference `thm:probabilistic-fabius' on page 1 undefined on inpu
t line 115.


LaTeX Warning: Reference `def:fr-normalized-fabius' on page 1 undefined on inpu
t line 117.


LaTeX Warning: Reference `eq:up-definition' on page 1 undefined on input line 1
57.


LaTeX Warning: Reference `prop:up-tail' on page 1 undefined on input line 158.


LaTeX Warning: Reference `thm:up-sinc-product' on page 1 undefined on input lin
e 159.

[287]

LaTeX Warning: Reference `eq:weighted-cube-cut' on page 1 undefined on input li
ne 208.


LaTeX Warning: Reference `eq:fr-thue-morse-spline' on page 1 undefined on input
 line 212.


LaTeX Warning: Reference `eq:finite-uniform-tail-bound' on page 1 undefined on 
input line 214.


LaTeX Warning: Reference `eq:fr-spline-uniform-bound' on page 1 undefined on in
put line 224.

[288]

LaTeX Warning: Reference `eq:fr-Z' on page 1 undefined on input line 281.


LaTeX Warning: Reference `thm:q-cumulants-uniform' on page 1 undefined on input
 line 283.


LaTeX Warning: Reference `eq:fr-cumulants' on page 1 undefined on input line 28
7.


LaTeX Warning: Reference `eq:centered-uniform-logmgf' on page 289 undefined on 
input line 288.


LaTeX Warning: Reference `eq:fr-cumulant-polynomial' on page 1 undefined on inp
ut line 303.


LaTeX Warning: Reference `eq:fr-cumulant-qone' on page 1 undefined on input lin
e 310.


LaTeX Warning: Reference `eq:fr-cumulant-qzero' on page 1 undefined on input li
ne 310.


LaTeX Warning: Reference `eq:fr-cumulants' on page 1 undefined on input line 32
7.

[289]

LaTeX Warning: Reference `eq:fr-kurtosis-inverse' on page 1 undefined on input 
line 356.


LaTeX Warning: Reference `eq:fr-cumulants' on page 1 undefined on input line 37
7.


LaTeX Warning: Reference `eq:fr-kurtosis-inverse' on page 1 undefined on input 
line 385.


LaTeX Warning: Reference `eq:fr-scale-inverse' on page 1 undefined on input lin
e 388.


LaTeX Warning: Reference `eq:fr-variance-inverse' on page 1 undefined on input 
line 390.


LaTeX Warning: Reference `eq:fr-raw-scale-family' on page 1 undefined on input 
line 391.


LaTeX Warning: Reference `eq:fr-Z' on page 1 undefined on input line 391.


LaTeX Warning: Reference `eq:fr-scale-inverse' on page 1 undefined on input lin
e 392.


LaTeX Warning: Reference `eq:fr-raw-scale-inverse' on page 1 undefined on input
 line 393.


LaTeX Warning: Reference `eq:fr-standardized-sixth' on page 1 undefined on inpu
t line 408.

[290]

LaTeX Warning: Reference `eq:fr-central-limit' on page 1 undefined on input lin
e 460.


LaTeX Warning: Reference `eq:fr-cumulant-qone' on page 1 undefined on input lin
e 473.

[291]

LaTeX Warning: Reference `eq:fr-fourier-score' on page 1 undefined on input lin
e 531.


LaTeX Warning: Reference `eq:fr-q-derivative-rapid' on page 1 undefined on inpu
t line 562.


LaTeX Warning: Reference `eq:fr-quantile-sensitivity' on page 1 undefined on in
put line 574.

[292]

LaTeX Warning: Reference `thm:uq-inverse-sensitivities' on page 1 undefined on 
input line 578.

) (chapters/07_certification_and_frontiers.tex [293]
Chapter 36.
[294

]

LaTeX Warning: Reference `eq:qpoch-tail-value' on page 295 undefined on input l
ine 116.


LaTeX Warning: Reference `eq:qpoch-tail-derivatives' on page 295 undefined on i
nput line 127.

[295]

LaTeX Warning: Reference `eq:sinc-tail-certificate' on page 296 undefined on in
put line 176.


LaTeX Warning: Reference `eq:real-residual-transfer' on page 296 undefined on i
nput line 214.


LaTeX Warning: Reference `thm:uq-interval-newton-certificate' on page 1 undefin
ed on input line 219.

[296]

LaTeX Warning: Reference `thm:uq-rouche-disk-certificate' on page 1 undefined o
n input line 270.

[297]

LaTeX Warning: Reference `prop:uq-asymptotic-residual-transfer' on page 1 undef
ined on input line 367.

[298]

LaTeX Warning: Reference `eq:fr-raw-scale-family' on page 1 undefined on input 
line 440.


LaTeX Warning: Reference `thm:fr-total-identifiability' on page 1 undefined on 
input line 441.

[299] [300]

LaTeX Warning: Reference `thm:qs-qgamma-one' on page 1 undefined on input line 
597.

[301]

LaTeX Warning: Reference `thm:qs-qgamma-minimum' on page 1 undefined on input l
ine 680.

[302] [303]

LaTeX Warning: Reference `thm:fr-total-identifiability' on page 304 undefined o
n input line 800.


LaTeX Warning: Reference `thm:transcendental-gaussian-uniqueness' on page 304 u
ndefined on input line 801.


LaTeX Warning: Reference `thm:fr-total-identifiability' on page 304 undefined o
n input line 923.


LaTeX Warning: Reference `cor:qgreaterone' on page 1 undefined on input line 96
9.


LaTeX Warning: Reference `cor:halfbase-root-locus' on page 1 undefined on input
 line 981.


LaTeX Warning: Reference `thm:poch-entire' on page 304 undefined on input line 
1003.


LaTeX Warning: Reference `thm:ip-normal-convergence' on page 304 undefined on i
nput line 1004.


LaTeX Warning: Reference `thm:qpoch-tail-certificate' on page 304 undefined on 
input line 1017.


LaTeX Warning: Reference `thm:validated-argument-principle' on page 304 undefin
ed on input line 1017.

[304]
ignored: Infinite glue shrinkage found in box being split [305]
ignored: Infinite glue shrink
age found in box being split [306]
ignored: Infinite glue shrinkage found in box being sp
lit [307]
ignored: Infinite glue shrinkage found in box being split [308]

LaTeX Warning: Reference `sec:precise-open-frontiers' on page 309 undefined on 
input line 1104.

) (chapters/08_reference_appendices.tex [309]
Appendix A.

LaTeX Warning: Reference `tab:ref-source-packages' on page 1 undefined on input
 line 11.

[310

] [311]

LaTeX Warning: Reference `sec:status-vocabulary' on page 1 undefined on input l
ine 167.

[312]
ignored: Infinite glue shrinkage found in box being split [313]

LaTeX Warning: Reference `tab:ref-topical-crosswalk' on page 1 undefined on inp
ut line 294.


LaTeX Warning: Reference `sec:certification-frontiers' on page 1 undefined on i
nput line 345.


LaTeX Warning: Reference `sec:ip-argument-atlas' on page 1 undefined on input l
ine 345.


LaTeX Warning: Reference `fp-finite-covering' on page 1 undefined on input line
 345.


LaTeX Warning: Reference `sec:uq-sensitivities' on page 1 undefined on input li
ne 345.


LaTeX Warning: Reference `sec:uq-regular-germs' on page 1 undefined on input li
ne 345.


LaTeX Warning: Reference `sec:uq-lagrange-good' on page 1 undefined on input li
ne 345.


LaTeX Warning: Reference `sec:uq-multivariate-recursion' on page 1 undefined on
 input line 345.


LaTeX Warning: Reference `sec:uq-bell-packaging' on page 1 undefined on input l
ine 345.


LaTeX Warning: Reference `sec:uq-lagrange-burmann' on page 1 undefined on input
 line 345.


LaTeX Warning: Reference `sec:uq-formal-inversion' on page 1 undefined on input
 line 345.


LaTeX Warning: Reference `sec:certification-frontiers' on page 1 undefined on i
nput line 345.


LaTeX Warning: Reference `sec:fr-geometric-law' on page 1 undefined on input li
ne 345.


LaTeX Warning: Reference `sec:qs-qgamma' on page 1 undefined on input line 345.



LaTeX Warning: Reference `sec:ip-cyclotomic' on page 1 undefined on input line 
345.


LaTeX Warning: Reference `sec:ip-real-base' on page 1 undefined on input line 3
45.


LaTeX Warning: Reference `fp-minus-one-section' on page 1 undefined on input li
ne 345.


LaTeX Warning: Reference `fp-base-inversion' on page 1 undefined on input line 
345.


LaTeX Warning: Reference `sec:precise-open-frontiers' on page 1 undefined on in
put line 345.


LaTeX Warning: Reference `sec:certification-frontiers' on page 1 undefined on i
nput line 345.


LaTeX Warning: Reference `sec:qs-qdigamma' on page 1 undefined on input line 34
5.


LaTeX Warning: Reference `thm:ip-remote-gaps' on page 1 undefined on input line
 345.


LaTeX Warning: Reference `sec:ip-argument-atlas' on page 1 undefined on input l
ine 345.


LaTeX Warning: Reference `fp-finite-covering' on page 1 undefined on input line
 345.


LaTeX Warning: Reference `sec:certification-frontiers' on page 1 undefined on i
nput line 345.


LaTeX Warning: Reference `sec:qs-qexponentials' on page 1 undefined on input li
ne 345.


LaTeX Warning: Reference `sec:gaussian-infinity' on page 1 undefined on input l
ine 345.


LaTeX Warning: Reference `sec:ip-cyclotomic' on page 1 undefined on input line 
345.


LaTeX Warning: Reference `sec:ip-fixed-a-qone' on page 1 undefined on input lin
e 345.


LaTeX Warning: Reference `fp-base-inversion' on page 1 undefined on input line 
345.


LaTeX Warning: Reference `sec:qs-qbeta' on page 1 undefined on input line 345.


LaTeX Warning: Reference `sec:qs-qgamma' on page 1 undefined on input line 345.



LaTeX Warning: Reference `sec:qmultinomial' on page 1 undefined on input line 3
45.


LaTeX Warning: Reference `sec:gaussian-one' on page 1 undefined on input line 3
45.


LaTeX Warning: Reference `sec:ip-qx' on page 1 undefined on input line 345.


LaTeX Warning: Reference `sec:ip-fixed-a-qone' on page 1 undefined on input lin
e 345.


LaTeX Warning: Reference `fp-finite-covering' on page 1 undefined on input line
 345.

[314]

LaTeX Warning: Reference `sec:lean-certification-map' on page 1 undefined on in
put line 355.


LaTeX Warning: Reference `thm:ip-normal-convergence' on page 1 undefined on inp
ut line 397.


LaTeX Warning: Reference `sec:precise-open-frontiers' on page 1 undefined on in
put line 401.


LaTeX Warning: Reference `sec:lean-certification-map' on page 1 undefined on in
put line 405.


LaTeX Warning: Reference `tab:ref-source-packages' on page 1 undefined on input
 line 420.

[315

]) [316]
Appendix B.
LaTeX Font Info:    Font shape `T1/LibertinusSerif-TLF/b/n' will be
(Font)              scaled to size 9.0pt on input line 13540.

LaTeX Warning: Reference `prop:concat' on page 1 undefined on input line 13540.



LaTeX Warning: Reference `prop:dissection' on page 1 undefined on input line 13
541.


LaTeX Warning: Reference `cor:dissection-remainder' on page 1 undefined on inpu
t line 13542.


LaTeX Warning: Reference `prop:base-reversal' on page 1 undefined on input line
 13543.


LaTeX Warning: Reference `prop:negative-index' on page 1 undefined on input lin
e 13544.


LaTeX Warning: Reference `thm:lambert-log' on page 1 undefined on input line 13
545.


LaTeX Warning: Reference `prop:qbinom-products' on page 1 undefined on input li
ne 13546.


LaTeX Warning: Reference `thm:qpascal' on page 1 undefined on input line 13547.



LaTeX Warning: Reference `thm:qpascal' on page 1 undefined on input line 13548.



LaTeX Warning: Reference `thm:qbinom-structure' on page 1 undefined on input li
ne 13549.


LaTeX Warning: Reference `thm:finite-qbinomial' on page 1 undefined on input li
ne 13550.


LaTeX Warning: Reference `thm:reciprocal-finite' on page 1 undefined on input l
ine 13551.


LaTeX Warning: Reference `thm:q-vandermonde' on page 1 undefined on input line 
13552.


LaTeX Warning: Reference `thm:qbinomial-inversion' on page 1 undefined on input
 line 13553.


LaTeX Warning: Reference `thm:infinite-qbinomial' on page 1 undefined on input 
line 13554.


LaTeX Warning: Reference `cor:euler-infinite' on page 1 undefined on input line
 13555.


LaTeX Warning: Reference `cor:euler-infinite' on page 1 undefined on input line
 13556.


LaTeX Warning: Reference `thm:q-gauss' on page 1 undefined on input line 13557.



LaTeX Warning: Reference `thm:heine' on page 1 undefined on input line 13558.


LaTeX Warning: Reference `thm:q-pfaff' on page 1 undefined on input line 13559.



LaTeX Warning: Reference `cor:q-chu' on page 1 undefined on input line 13560.


LaTeX Warning: Reference `thm:1psi1' on page 1 undefined on input line 13561.


LaTeX Warning: Reference `thm:finite-jtp' on page 1 undefined on input line 135
62.


LaTeX Warning: Reference `thm:jtp' on page 1 undefined on input line 13564.


LaTeX Warning: Reference `thm:rogers-ramanujan' on page 1 undefined on input li
ne 13568.


LaTeX Warning: Reference `qg:thm-andrews-gordon' on page 1 undefined on input l
ine 13575.


LaTeX Warning: Reference `qg:thm-rrcf' on page 1 undefined on input line 13579.



LaTeX Warning: Reference `thm:pentagonal' on page 1 undefined on input line 135
80.


LaTeX Warning: Reference `prop:qderivative-rules' on page 1 undefined on input 
line 13581.


LaTeX Warning: Reference `thm:q-fundamental' on page 1 undefined on input line 
13582.


LaTeX Warning: Reference `thm:qgamma-basic' on page 1 undefined on input line 1
3583.


LaTeX Warning: Reference `thm:cyclotomic-pochhammer' on page 1 undefined on inp
ut line 13584.


LaTeX Warning: Reference `thm:q-lucas' on page 1 undefined on input line 13585.



LaTeX Warning: Reference `thm:q-babbage' on page 1 undefined on input line 1358
6.


LaTeX Warning: Reference `prop:negative-gaussian' on page 1 undefined on input 
line 13587.


LaTeX Warning: Reference `thm:geometric-newton' on page 1 undefined on input li
ne 13588.


LaTeX Warning: Reference `lem:central-reduction' on page 1 undefined on input l
ine 13589.


LaTeX Warning: Reference `thm:gaussian-bernoulli' on page 1 undefined on input 
line 13590.


ignored: Infinite glue shrinkage found in box being split [317

] [318]
Appendix C.

LaTeX Warning: Reference `prop:extreme-specializations' on page 1 undefined on 
input line 13608.


LaTeX Warning: Reference `thm:qgamma-classical-limit' on page 1 undefined on in
put line 13608.


LaTeX Warning: Reference `thm:fixed-column-limit' on page 1 undefined on input 
line 13608.


LaTeX Warning: Reference `cor:qbinom-classical' on page 1 undefined on input li
ne 13608.


LaTeX Warning: Reference `prop:classical-poch-limit' on page 1 undefined on inp
ut line 13608.


LaTeX Warning: Reference `thm:central-fixed-q' on page 1 undefined on input lin
e 13621.


LaTeX Warning: Reference `eq:finite-jtp' on page 319 undefined on input line 13
623.


LaTeX Warning: Reference `eq:jtp-minus' on page 319 undefined on input line 136
23.


LaTeX Warning: Reference `cor:jtp-from-finite' on page 1 undefined on input lin
e 13624.


LaTeX Warning: Reference `thm:finite-jtp' on page 1 undefined on input line 136
24.


LaTeX Warning: Reference `prop:partition-stabilization' on page 1 undefined on 
input line 13625.


LaTeX Warning: Reference `thm:regular-central-sum' on page 1 undefined on input
 line 13642.


LaTeX Warning: Reference `cor:regular-central-classical' on page 1 undefined on
 input line 13642.


LaTeX Warning: Reference `thm:singular-central' on page 1 undefined on input li
ne 13643.


LaTeX Warning: Reference `thm:classical-singular-central' on page 1 undefined o
n input line 13643.


LaTeX Warning: Reference `cor:qminusone' on page 1 undefined on input line 1365
6.


LaTeX Warning: Reference `cor:qminusone' on page 1 undefined on input line 1365
6.

[319

] [320]
Appendix D.

LaTeX Warning: Reference `chap:finite-geometry' on page 1 undefined on input li
ne 13670.


LaTeX Warning: Reference `chap:combinatorics' on page 1 undefined on input line
 13670.


LaTeX Warning: Reference `chap:finite-qbinomial' on page 1 undefined on input l
ine 13670.


LaTeX Warning: Reference `chap:gaussian' on page 1 undefined on input line 1367
0.


LaTeX Warning: Reference `chap:pochhammer' on page 1 undefined on input line 13
670.


LaTeX Warning: Reference `chap:bailey' on page 1 undefined on input line 13685.



LaTeX Warning: Reference `chap:jtp' on page 1 undefined on input line 13685.


LaTeX Warning: Reference `chap:bilateral' on page 1 undefined on input line 136
85.


LaTeX Warning: Reference `chap:basic-hypergeometric' on page 1 undefined on inp
ut line 13685.


LaTeX Warning: Reference `chap:infinite-qbinomial' on page 1 undefined on input
 line 13685.


LaTeX Warning: Reference `chap:cyclotomic' on page 1 undefined on input line 13
694.


LaTeX Warning: Reference `chap:asymptotics' on page 1 undefined on input line 1
3705.


LaTeX Warning: Reference `chap:central' on page 1 undefined on input line 13705
.


LaTeX Warning: Reference `chap:qgamma' on page 1 undefined on input line 13705.



LaTeX Warning: Reference `chap:pochhammer' on page 1 undefined on input line 13
705.


LaTeX Warning: Reference `chap:geometric-uniform-fabius' on page 1 undefined on
 input line 13717.


LaTeX Warning: Reference `chap:halfbase-thuemorse' on page 1 undefined on input
 line 13717.


LaTeX Warning: Reference `chap:geometric-filters' on page 1 undefined on input 
line 13717.

[321

]
Appendix E.

LaTeX Warning: Citation `ReshetnikovProveIt2026' on page 322 undefined on input
 line 13724.


LaTeX Warning: Reference `sec:ref-concordance' on page 1 undefined on input lin
e 13729.

LaTeX Font Info:    Font shape `T1/phv/b/n' will be
(Font)              scaled to size 10.29301pt on input line 13763.
[322

] [323] [324] [325]

LaTeX Warning: Reference `lem:central-reduction' on page 1 undefined on input l
ine 14015.


LaTeX Warning: Reference `thm:cyclotomic-pochhammer' on page 1 undefined on inp
ut line 14029.


LaTeX Warning: Reference `lem:root-block' on page 1 undefined on input line 140
41.


LaTeX Warning: Reference `thm:q-lucas' on page 1 undefined on input line 14060.



LaTeX Warning: Reference `cor:squarefree-cyclotomic' on page 1 undefined on inp
ut line 14071.


LaTeX Warning: Reference `cor:babbage-derivative' on page 1 undefined on input 
line 14072.

[326]

LaTeX Warning: Reference `cor:q-catalan' on page 1 undefined on input line 1408
9.


LaTeX Warning: Reference `thm:geometric-newton' on page 1 undefined on input li
ne 14116.


LaTeX Warning: Reference `cor:geometric-triangular' on page 1 undefined on inpu
t line 14117.


LaTeX Warning: Reference `thm:qbeta' on page 1 undefined on input line 14133.


LaTeX Warning: Reference `cor:qbeta-recurrence' on page 1 undefined on input li
ne 14133.

[327]

LaTeX Warning: Reference `prop:extreme-specializations' on page 1 undefined on 
input line 14205.


LaTeX Warning: Reference `prop:gaussian-bound' on page 1 undefined on input lin
e 14205.


LaTeX Warning: Reference `prop:qbinom-growth' on page 1 undefined on input line
 14205.


LaTeX Warning: Reference `cor:qgreaterone' on page 1 undefined on input line 14
206.


LaTeX Warning: Reference `prop:gq-positive-palindromic' on page 1 undefined on 
input line 14252.


LaTeX Warning: Reference `thm:qbinom-structure' on page 1 undefined on input li
ne 14252.


LaTeX Warning: Reference `cor:positivity' on page 1 undefined on input line 142
52.

[328]

LaTeX Warning: Reference `cor:qminusone' on page 1 undefined on input line 1426
3.


LaTeX Warning: Reference `prop:negative-index' on page 1 undefined on input lin
e 14315.

[329]

LaTeX Warning: Reference `thm:partial-fraction' on page 1 undefined on input li
ne 14328.


LaTeX Warning: Reference `prop:logder-finite' on page 1 undefined on input line
 14340.


LaTeX Warning: Reference `cor:dissection-remainder' on page 1 undefined on inpu
t line 14350.


LaTeX Warning: Reference `prop:dissection' on page 1 undefined on input line 14
350.

[330]

LaTeX Warning: Reference `thm:qF-spectral' on page 1 undefined on input line 14
442.

[331]

LaTeX Warning: Reference `thm:poch-entire' on page 1 undefined on input line 14
473.


LaTeX Warning: Reference `thm:lambert-log' on page 1 undefined on input line 14
514.


LaTeX Warning: Reference `thm:lambert-log' on page 1 undefined on input line 14
533.


LaTeX Warning: Reference `prop:order-derivative' on page 1 undefined on input l
ine 14544.

[332]

LaTeX Warning: Reference `prop:classical-poch-limit' on page 1 undefined on inp
ut line 14558.


LaTeX Warning: Reference `rem:classical-limit-formalization' on page 1 undefine
d on input line 14560.


LaTeX Warning: Reference `thm:q-leibniz' on page 1 undefined on input line 1459
5.


LaTeX Warning: Reference `prop:qderivative-rules' on page 1 undefined on input 
line 14595.


LaTeX Warning: Reference `prop:qexp-eigen' on page 1 undefined on input line 14
610.


LaTeX Warning: Reference `cor:qexp-factor' on page 1 undefined on input line 14
611.


LaTeX Warning: Reference `thm:q-fundamental' on page 1 undefined on input line 
14625.


LaTeX Warning: Reference `cor:q-integration-parts' on page 1 undefined on input
 line 14627.


LaTeX Warning: Reference `thm:qgamma-basic' on page 1 undefined on input line 1
4646.

[333]

LaTeX Warning: Reference `cor:theta-quasi' on page 1 undefined on input line 14
659.


LaTeX Warning: Reference `thm:jacobi-cubic' on page 1 undefined on input line 1
4667.


LaTeX Warning: Reference `thm:qF-spectral' on page 1 undefined on input line 14
696.


LaTeX Warning: Reference `thm:geometric-uniform-characteristic' on page 1 undef
ined on input line 14696.

[334] [335] [336]

LaTeX Warning: Reference `prop:concat' on page 1 undefined on input line 14913.



LaTeX Warning: Reference `prop:dissection' on page 1 undefined on input line 14
914.


LaTeX Warning: Reference `cor:dissection-remainder' on page 1 undefined on inpu
t line 14921.


LaTeX Warning: Reference `prop:base-reversal' on page 1 undefined on input line
 14925.


LaTeX Warning: Reference `prop:negative-index' on page 1 undefined on input lin
e 14930.


LaTeX Warning: Reference `rem:negative-index-formalization' on page 1 undefined
 on input line 14937.


LaTeX Warning: Reference `cor:qminusN' on page 1 undefined on input line 14938.



LaTeX Warning: Reference `thm:partial-fraction' on page 1 undefined on input li
ne 14944.


LaTeX Warning: Reference `rem:partial-fraction-formalization' on page 1 undefin
ed on input line 14951.


LaTeX Warning: Reference `prop:logder-finite' on page 1 undefined on input line
 14952.


LaTeX Warning: Reference `thm:poch-entire' on page 1 undefined on input line 14
960.


LaTeX Warning: Reference `rem:poch-entire-generality' on page 1 undefined on in
put line 14983.


LaTeX Warning: Reference `prop:complex-concat' on page 1 undefined on input lin
e 14988.


LaTeX Warning: Reference `prop:order-derivative' on page 1 undefined on input l
ine 14997.


LaTeX Warning: Reference `thm:lambert-log' on page 1 undefined on input line 15
010.


LaTeX Warning: Reference `rem:lambert-log-branch' on page 1 undefined on input 
line 15024.


LaTeX Warning: Reference `cor:divisor-sum' on page 1 undefined on input line 15
032.


LaTeX Warning: Reference `thm:poch-dilog' on page 1 undefined on input line 150
42.


LaTeX Warning: Reference `prop:classical-poch-limit' on page 1 undefined on inp
ut line 15043.


LaTeX Warning: Reference `rem:classical-limit-formalization' on page 1 undefine
d on input line 15050.


LaTeX Warning: Reference `prop:qbinom-products' on page 1 undefined on input li
ne 15054.


LaTeX Warning: Reference `thm:qpascal' on page 1 undefined on input line 15060.



LaTeX Warning: Reference `cor:positivity' on page 1 undefined on input line 150
61.

LaTeX Font Info:    Font shape `T1/LibertinusMono-TLF/m/n' will be
(Font)              scaled to size 6.80005pt on input line 15062.
Package microtype Info: Character `guilsinglleft ' is missing
(microtype)             in font `T1/LibertinusMono-TLF/m/n/8'.
(microtype)             Ignoring protrusion settings for this character.
Package microtype Info: Character `guilsinglright ' is missing
(microtype)             in font `T1/LibertinusMono-TLF/m/n/8'.
(microtype)             Ignoring protrusion settings for this character.

LaTeX Warning: Reference `thm:qbinom-structure' on page 1 undefined on input li
ne 15066.


LaTeX Warning: Reference `cor:qbinom-neg-one-odd' on page 1 undefined on input 
line 15081.


LaTeX Warning: Reference `cor:qbinom-classical' on page 1 undefined on input li
ne 15086.


LaTeX Warning: Reference `prop:qmult-factor' on page 1 undefined on input line 
15092.


LaTeX Warning: Reference `prop:adjacent-ratio' on page 1 undefined on input lin
e 15100.


LaTeX Warning: Reference `thm:qbinom-moments' on page 1 undefined on input line
 15106.


LaTeX Warning: Reference `thm:finite-qbinomial' on page 1 undefined on input li
ne 15128.


LaTeX Warning: Reference `cor:alternating-qbinom' on page 1 undefined on input 
line 15129.


LaTeX Warning: Reference `cor:weighted-subsets' on page 1 undefined on input li
ne 15133.


LaTeX Warning: Reference `thm:reciprocal-finite' on page 1 undefined on input l
ine 15137.


LaTeX Warning: Reference `thm:q-vandermonde' on page 1 undefined on input line 
15145.


LaTeX Warning: Reference `cor:central-vandermonde' on page 1 undefined on input
 line 15149.


LaTeX Warning: Reference `cor:shifted-central-vandermonde' on page 1 undefined 
on input line 15153.


LaTeX Warning: Reference `thm:qbinomial-inversion' on page 1 undefined on input
 line 15158.


LaTeX Warning: Reference `cor:qbinomial-orthogonality' on page 1 undefined on i
nput line 15161.


LaTeX Warning: Reference `thm:q-cauchy' on page 1 undefined on input line 15165
.


LaTeX Warning: Reference `thm:weighted-pascal' on page 1 undefined on input lin
e 15174.


LaTeX Warning: Reference `thm:weighted-generating' on page 1 undefined on input
 line 15178.


LaTeX Warning: Reference `cor:e-h-orthogonality' on page 1 undefined on input l
ine 15189.


LaTeX Warning: Reference `thm:weighted-specializations' on page 1 undefined on 
input line 15192.


LaTeX Warning: Reference `lem:vandermonde-alternant' on page 1 undefined on inp
ut line 15193.


LaTeX Warning: Reference `thm:schur-principal' on page 1 undefined on input lin
e 15200.


LaTeX Warning: Reference `cor:schur-e-h' on page 1 undefined on input line 1521
4.


LaTeX Warning: Reference `thm:weighted-inversion' on page 1 undefined on input 
line 15220.


LaTeX Warning: Reference `thm:binary-inversions' on page 1 undefined on input l
ine 15228.


LaTeX Warning: Reference `cor:qbinom-inversion-law' on page 1 undefined on inpu
t line 15236.


LaTeX Warning: Reference `thm:qbinom-moments' on page 1 undefined on input line
 15241.


LaTeX Warning: Reference `thm:rectangle-partitions' on page 1 undefined on inpu
t line 15243.


LaTeX Warning: Reference `cor:partition-symmetries' on page 1 undefined on inpu
t line 15253.


LaTeX Warning: Reference `cor:path-area' on page 1 undefined on input line 1526
1.


LaTeX Warning: Reference `thm:qmult-inversions' on page 1 undefined on input li
ne 15270.


LaTeX Warning: Reference `prop:rogers-szego-recurrence' on page 1 undefined on 
input line 15281.


LaTeX Warning: Reference `prop:rogers-szego-three-term' on page 1 undefined on 
input line 15289.


LaTeX Warning: Reference `cor:rogers-szego-dilation' on page 1 undefined on inp
ut line 15294.


LaTeX Warning: Reference `thm:subspace-count' on page 1 undefined on input line
 15302.


LaTeX Warning: Reference `thm:geometric-pascal' on page 1 undefined on input li
ne 15317.


LaTeX Warning: Reference `thm:flag-count' on page 1 undefined on input line 153
18.


LaTeX Warning: Reference `thm:rank-matrices' on page 1 undefined on input line 
15326.


LaTeX Warning: Reference `thm:grassmann-poincare' on page 1 undefined on input 
line 15341.


LaTeX Warning: Reference `prop:qbinom-growth' on page 1 undefined on input line
 15350.


LaTeX Warning: Reference `lem:sl2-structure' on page 1 undefined on input line 
15363.


LaTeX Warning: Reference `prop:exterior-character' on page 1 undefined on input
 line 15364.


LaTeX Warning: Reference `thm:qbinom-unimodal' on page 1 undefined on input lin
e 15365.


LaTeX Warning: Reference `lem:sl2-structure' on page 1 undefined on input line 
15373.


LaTeX Warning: Reference `prop:exterior-character' on page 1 undefined on input
 line 15374.


LaTeX Warning: Reference `thm:infinite-qbinomial' on page 1 undefined on input 
line 15379.


LaTeX Warning: Reference `cor:euler-infinite' on page 1 undefined on input line
 15390.


LaTeX Warning: Reference `cor:ratio-expansion' on page 1 undefined on input lin
e 15395.

Package microtype Info: Loading generic protrusion settings for font family
(microtype)             `cmtt' (encoding: OT1).
(microtype)             For optimal results, create family-specific settings.
(microtype)             See the microtype manual for details.

LaTeX Warning: Reference `prop:formal-qbinomial' on page 1 undefined on input l
ine 15406.


LaTeX Warning: Reference `prop:phi-convergence' on page 1 undefined on input li
ne 15421.


LaTeX Warning: Reference `thm:classical-hypergeometric-limit' on page 1 undefin
ed on input line 15434.


LaTeX Warning: Reference `thm:heine' on page 1 undefined on input line 15449.


LaTeX Warning: Reference `thm:q-gauss' on page 1 undefined on input line 15457.



LaTeX Warning: Reference `lem:cauchy-II' on page 1 undefined on input line 1546
6.


LaTeX Warning: Reference `lem:cauchy-II' on page 1 undefined on input line 1547
2.


LaTeX Warning: Reference `thm:q-pfaff' on page 1 undefined on input line 15475.



LaTeX Warning: Reference `cor:q-chu' on page 1 undefined on input line 15485.


LaTeX Warning: Reference `lem:2phi1-reversal' on page 1 undefined on input line
 15498.


LaTeX Warning: Reference `prop:qchu2-by-reversal' on page 1 undefined on input 
line 15513.


LaTeX Warning: Reference `prop:1psi1-convergence' on page 1 undefined on input 
line 15525.


LaTeX Warning: Reference `thm:1psi1' on page 1 undefined on input line 15539.


LaTeX Warning: Reference `prop:qderivative-rules' on page 1 undefined on input 
line 15558.


LaTeX Warning: Reference `thm:q-leibniz' on page 1 undefined on input line 1556
8.


LaTeX Warning: Reference `lem:qfalling-derivative' on page 1 undefined on input
 line 15574.


LaTeX Warning: Reference `thm:q-taylor' on page 1 undefined on input line 15581
.


LaTeX Warning: Reference `thm:quantum-binomial' on page 1 undefined on input li
ne 15587.


LaTeX Warning: Reference `rem:quantum-binomial-generality' on page 1 undefined 
on input line 15592.


LaTeX Warning: Reference `cor:quantum-multinomial' on page 1 undefined on input
 line 15593.


LaTeX Warning: Reference `cor:qexp-factor' on page 1 undefined on input line 15
604.


LaTeX Warning: Reference `prop:qexp-eigen' on page 1 undefined on input line 15
623.


LaTeX Warning: Reference `thm:q-fundamental' on page 1 undefined on input line 
15629.


LaTeX Warning: Reference `cor:q-integration-parts' on page 1 undefined on input
 line 15638.


LaTeX Warning: Reference `thm:qgamma-basic' on page 1 undefined on input line 1
5648.


LaTeX Warning: Reference `prop:qgamma-convex' on page 1 undefined on input line
 15665.


LaTeX Warning: Reference `thm:q-bohr-mollerup' on page 1 undefined on input lin
e 15675.


LaTeX Warning: Reference `thm:qgamma-classical-limit' on page 1 undefined on in
put line 15687.


LaTeX Warning: Reference `thm:qbeta' on page 1 undefined on input line 15705.


LaTeX Warning: Reference `cor:qbeta-recurrence' on page 1 undefined on input li
ne 15717.


LaTeX Warning: Reference `thm:qgamma-multiplication' on page 1 undefined on inp
ut line 15721.


LaTeX Warning: Reference `prop:qgamma-reflection' on page 1 undefined on input 
line 15728.


LaTeX Warning: Reference `thm:jtp' on page 1 undefined on input line 15734.


LaTeX Warning: Reference `eq:jtp-minus' on page 337 undefined on input line 157
37.


LaTeX Warning: Reference `eq:jtp-plus' on page 337 undefined on input line 1573
8.


LaTeX Warning: Reference `cor:theta-quasi' on page 1 undefined on input line 15
741.


LaTeX Warning: Reference `thm:finite-jtp' on page 1 undefined on input line 157
53.


LaTeX Warning: Reference `cor:jtp-from-finite' on page 1 undefined on input lin
e 15759.


LaTeX Warning: Reference `thm:pentagonal' on page 1 undefined on input line 157
70.


LaTeX Warning: Reference `cor:euler-partition-recurrence' on page 1 undefined o
n input line 15777.


LaTeX Warning: Reference `thm:jacobi-cubic' on page 1 undefined on input line 1
5789.


LaTeX Warning: Reference `rem:jacobi-cubic-formalization' on page 1 undefined o
n input line 15794.


LaTeX Warning: Reference `cor:qgamma-theta' on page 1 undefined on input line 1
5795.


LaTeX Warning: Reference `thm:partition-products' on page 1 undefined on input 
line 15802.


LaTeX Warning: Reference `prop:bounded-partitions' on page 1 undefined on input
 line 15818.


LaTeX Warning: Reference `cor:durfee-all' on page 1 undefined on input line 158
29.


LaTeX Warning: Reference `prop:partition-stabilization' on page 1 undefined on 
input line 15838.


LaTeX Warning: Reference `lem:qdiff-annihilation' on page 1 undefined on input 
line 15849.


LaTeX Warning: Reference `thm:bailey-inversion' on page 1 undefined on input li
ne 15850.


LaTeX Warning: Reference `lem:qdiff-annihilation' on page 1 undefined on input 
line 15856.


LaTeX Warning: Reference `cor:unit-bailey-pairs' on page 1 undefined on input l
ine 15862.


LaTeX Warning: Reference `lem:bailey-aux' on page 1 undefined on input line 158
72.


LaTeX Warning: Reference `thm:bailey-limit-finite' on page 1 undefined on input
 line 15877.


LaTeX Warning: Reference `lem:bailey-aux' on page 1 undefined on input line 158
82.


LaTeX Warning: Reference `cor:bailey-limit-infinite' on page 1 undefined on inp
ut line 15883.


LaTeX Warning: Reference `thm:rogers-ramanujan' on page 1 undefined on input li
ne 15889.


LaTeX Warning: Reference `thm:cyclotomic-pochhammer' on page 1 undefined on inp
ut line 15899.


LaTeX Warning: Reference `cor:squarefree-cyclotomic' on page 1 undefined on inp
ut line 15907.


LaTeX Warning: Reference `cor:q-catalan' on page 1 undefined on input line 1591
4.


LaTeX Warning: Reference `lem:root-block' on page 1 undefined on input line 159
30.


LaTeX Warning: Reference `thm:q-lucas' on page 1 undefined on input line 15938.



LaTeX Warning: Reference `cor:qminusone' on page 1 undefined on input line 1594
9.


LaTeX Warning: Reference `thm:csp-subsets' on page 1 undefined on input line 15
957.


LaTeX Warning: Reference `thm:q-babbage' on page 1 undefined on input line 1597
0.


LaTeX Warning: Reference `cor:babbage-derivative' on page 1 undefined on input 
line 15986.


LaTeX Warning: Reference `prop:negative-gaussian' on page 1 undefined on input 
line 16001.


LaTeX Warning: Reference `thm:generalized-pascal' on page 1 undefined on input 
line 16012.


LaTeX Warning: Reference `cor:reciprocal-product-negative' on page 1 undefined 
on input line 16020.


LaTeX Warning: Reference `thm:upper-parameter-series' on page 1 undefined on in
put line 16029.


LaTeX Warning: Reference `thm:complex-gaussian-properties' on page 1 undefined 
on input line 16034.


LaTeX Warning: Reference `eq:complex-upper-gaussian' on page 337 undefined on i
nput line 16047.


LaTeX Warning: Reference `cor:complex-gaussian-classical' on page 1 undefined o
n input line 16048.


LaTeX Warning: Reference `thm:generalized-qbinomial' on page 1 undefined on inp
ut line 16060.


LaTeX Warning: Reference `thm:geometric-newton' on page 1 undefined on input li
ne 16071.


LaTeX Warning: Reference `cor:geometric-triangular' on page 1 undefined on inpu
t line 16089.


LaTeX Warning: Reference `lem:central-reduction' on page 1 undefined on input l
ine 16098.


LaTeX Warning: Reference `thm:regular-central-sum' on page 1 undefined on input
 line 16106.


LaTeX Warning: Reference `cor:regular-central-classical' on page 1 undefined on
 input line 16118.


LaTeX Warning: Reference `thm:singular-central' on page 1 undefined on input li
ne 16119.


LaTeX Warning: Reference `thm:central-components' on page 1 undefined on input 
line 16120.


LaTeX Warning: Reference `thm:classical-singular-central' on page 1 undefined o
n input line 16121.


LaTeX Warning: Reference `prop:lambert-tail-limit' on page 1 undefined on input
 line 16122.


LaTeX Warning: Reference `lem:basic-bernoulli-log' on page 1 undefined on input
 line 16141.


LaTeX Warning: Reference `thm:gaussian-bernoulli' on page 1 undefined on input 
line 16153.


LaTeX Warning: Reference `cor:gaussian-first-asymptotic' on page 1 undefined on
 input line 16154.


LaTeX Warning: Reference `thm:fixed-column-limit' on page 1 undefined on input 
line 16155.


LaTeX Warning: Reference `thm:central-fixed-q' on page 1 undefined on input lin
e 16172.


LaTeX Warning: Reference `prop:gaussian-bound' on page 1 undefined on input lin
e 16177.


LaTeX Warning: Reference `cor:qgreaterone' on page 1 undefined on input line 16
184.


LaTeX Warning: Reference `prop:extreme-specializations' on page 1 undefined on 
input line 16199.


LaTeX Warning: Reference `alg:gaussian-dp' on page 1 undefined on input line 16
212.


LaTeX Warning: Reference `thm:gaussian-dp-correct' on page 1 undefined on input
 line 16213.


LaTeX Warning: Reference `alg:cyclotomic-list' on page 1 undefined on input lin
e 16214.


LaTeX Warning: Reference `thm:cyclotomic-list-correct' on page 1 undefined on i
nput line 16215.

LaTeX Font Info:    Font shape `T1/LibertinusSerif-TLF/m/n' will be
(Font)              scaled to size 5.0pt on input line 16221.

LaTeX Warning: Reference `thm:telescoping-certificate' on page 1 undefined on i
nput line 16224.


LaTeX Warning: Reference `cor:identity-certification' on page 1 undefined on in
put line 16230.


LaTeX Warning: Reference `lem:polynomial-identity-principle' on page 1 undefine
d on input line 16235.


LaTeX Warning: Reference `cor:safe-specialization' on page 1 undefined on input
 line 16241.


LaTeX Warning: Reference `lem:integer-qpochhammer-translation' on page 1 undefi
ned on input line 16245.


LaTeX Warning: Reference `thm:certified-integral-translation' on page 1 undefin
ed on input line 16254.


LaTeX Warning: Reference `cor:identity-finder-certificate' on page 1 undefined 
on input line 16255.


LaTeX Warning: Reference `thm:formal-analytic-transfer' on page 1 undefined on 
input line 16256.


LaTeX Warning: Reference `prin:proof-architecture' on page 1 undefined on input
 line 16266.


LaTeX Warning: Reference `prin:identity-tests' on page 1 undefined on input lin
e 16267.


LaTeX Warning: Reference `thm:reversed-qbinomial' on page 1 undefined on input 
line 16275.


LaTeX Warning: Reference `thm:geometric-evaluation-zero' on page 1 undefined on
 input line 16276.


LaTeX Warning: Reference `cor:geometric-lagrange-product' on page 1 undefined o
n input line 16277.


LaTeX Warning: Reference `thm:universal-lagrange-residual' on page 1 undefined 
on input line 16278.


LaTeX Warning: Reference `thm:complete-geometric-moments' on page 1 undefined o
n input line 16279.


LaTeX Warning: Reference `cor:scaled-geometric-moments' on page 1 undefined on 
input line 16280.


LaTeX Warning: Reference `thm:geometric-filter-diagonal' on page 1 undefined on
 input line 16287.


LaTeX Warning: Reference `cor:geometric-richardson' on page 1 undefined on inpu
t line 16288.


LaTeX Warning: Reference `thm:geometric-filter-bound' on page 1 undefined on in
put line 16289.


LaTeX Warning: Reference `thm:halfbase-normalization' on page 1 undefined on in
put line 16302.


LaTeX Warning: Reference `thm:dyadic-product-evaluation' on page 1 undefined on
 input line 16303.


LaTeX Warning: Reference `cor:halfbase-root-locus' on page 1 undefined on input
 line 16304.


LaTeX Warning: Reference `thm:geometric-prouhet' on page 1 undefined on input l
ine 16314.


LaTeX Warning: Reference `cor:geometric-prouhet-affine' on page 1 undefined on 
input line 16315.


LaTeX Warning: Reference `thm:thue-morse-product' on page 1 undefined on input 
line 16321.


LaTeX Warning: Reference `thm:thue-morse-moments' on page 1 undefined on input 
line 16322.


LaTeX Warning: Reference `cor:thue-morse-prouhet-partition' on page 1 undefined
 on input line 16323.


LaTeX Warning: Reference `prin:two-prouhet-filters' on page 1 undefined on inpu
t line 16329.


LaTeX Warning: Reference `thm:geometric-uniform-basic' on page 1 undefined on i
nput line 16333.


LaTeX Warning: Reference `thm:geometric-uniform-characteristic' on page 1 undef
ined on input line 16355.


LaTeX Warning: Reference `thm:q-cumulants-uniform' on page 1 undefined on input
 line 16369.


LaTeX Warning: Reference `cor:geometric-uniform-moments' on page 1 undefined on
 input line 16376.


LaTeX Warning: Reference `cor:halfbase-cumulants' on page 1 undefined on input 
line 16377.


LaTeX Warning: Reference `thm:geometric-uniform-fourier-decay' on page 1 undefi
ned on input line 16384.


LaTeX Warning: Reference `thm:geometric-uniform-smooth-density' on page 1 undef
ined on input line 16385.


LaTeX Warning: Reference `thm:finite-uniform-spline' on page 1 undefined on inp
ut line 16386.


LaTeX Warning: Reference `thm:dyadic-thue-morse-spline' on page 1 undefined on 
input line 16392.


LaTeX Warning: Reference `prop:geometric-uniform-density-band' on page 1 undefi
ned on input line 16393.


LaTeX Warning: Reference `cor:finite-uniform-convergence' on page 1 undefined o
n input line 16398.


LaTeX Warning: Reference `thm:probabilistic-fabius' on page 1 undefined on inpu
t line 16399.


LaTeX Warning: Reference `thm:up-sinc-product' on page 1 undefined on input lin
e 16400.


LaTeX Warning: Reference `prop:up-tail' on page 1 undefined on input line 16404
.


LaTeX Warning: Reference `cor:up-moments' on page 1 undefined on input line 164
12.


LaTeX Warning: Reference `thm:geometric-uniform-mgf' on page 1 undefined on inp
ut line 16416.


LaTeX Warning: Reference `lem:fabius-moment-dilation' on page 1 undefined on in
put line 16442.


LaTeX Warning: Reference `lem:fabius-derivative-iterate' on page 1 undefined on
 input line 16446.


LaTeX Warning: Reference `thm:fabius-half-moment' on page 1 undefined on input 
line 16450.


LaTeX Warning: Reference `prop:inverse-power-values' on page 1 undefined on inp
ut line 16454.


LaTeX Warning: Reference `cor:fabius-bell-values' on page 1 undefined on input 
line 16458.


LaTeX Warning: Reference `thm:geometric-moment-transform' on page 1 undefined o
n input line 16463.


LaTeX Warning: Reference `cor:reciprocal-leading-coefficient' on page 1 undefin
ed on input line 16467.


LaTeX Warning: Reference `thm:reciprocal-exact-tail' on page 1 undefined on inp
ut line 16471.


LaTeX Warning: Reference `cor:halfbase-gaussian-valuation' on page 1 undefined 
on input line 16475.


LaTeX Warning: Reference `thm:gaussian-coefficient-transfer' on page 1 undefine
d on input line 16479.


LaTeX Warning: Reference `cor:transfer-translation' on page 1 undefined on inpu
t line 16483.


LaTeX Warning: Reference `lem:thue-morse-dilation-bridge' on page 1 undefined o
n input line 16487.


LaTeX Warning: Reference `prop:psi-normalization' on page 1 undefined on input 
line 16492.


LaTeX Warning: Reference `thm:dyadic-gaussian-thue-morse' on page 1 undefined o
n input line 16496.


LaTeX Warning: Reference `thm:fabius-inverse-dyadic' on page 1 undefined on inp
ut line 16500.


LaTeX Warning: Reference `cor:fabius-centered-formula' on page 1 undefined on i
nput line 16503.


LaTeX Warning: Reference `prop:dyadic-taylor-reduction' on page 1 undefined on 
input line 16507.


LaTeX Warning: Reference `lem:geometric-simplex' on page 1 undefined on input l
ine 16512.


LaTeX Warning: Reference `thm:fabius-composition' on page 1 undefined on input 
line 16523.


LaTeX Warning: Reference `thm:fabius-hessenberg' on page 1 undefined on input l
ine 16527.


LaTeX Warning: Reference `thm:fabius-half-moment' on page 1 undefined on input 
line 16538.


LaTeX Warning: Reference `lem:fabius-moment-dilation' on page 1 undefined on in
put line 16538.


LaTeX Warning: Reference `cor:fabius-fourier-formula' on page 1 undefined on in
put line 16539.


LaTeX Warning: Reference `thm:radix-b-prouhet' on page 1 undefined on input lin
e 16544.


LaTeX Warning: Reference `cor:radix-two-recovers-thue-morse' on page 1 undefine
d on input line 16547.


LaTeX Warning: Reference `thm:geometric-row-variation' on page 1 undefined on i
nput line 16551.


LaTeX Warning: Reference `cor:geometric-extrapolation-conditioning' on page 1 u
ndefined on input line 16556.


LaTeX Warning: Reference `thm:tail-row-toeplitz' on page 1 undefined on input l
ine 16560.


LaTeX Warning: Reference `cor:gaussian-row-spline-average' on page 1 undefined 
on input line 16564.


LaTeX Warning: Reference `prin:row-exactness-stability' on page 1 undefined on 
input line 16568.


LaTeX Warning: Reference `prop:qF-negative-affine' on page 1 undefined on input
 line 16574.


LaTeX Warning: Reference `thm:qF-germ-uniqueness' on page 1 undefined on input 
line 16578.


LaTeX Warning: Reference `thm:qF-reciprocity' on page 1 undefined on input line
 16582.


LaTeX Warning: Reference `thm:qF-spectral' on page 1 undefined on input line 16
598.


LaTeX Warning: Reference `thm:qF-moment-polynomial' on page 1 undefined on inpu
t line 16624.


Overfull \hbox (10.13962pt too wide) in paragraph at lines 16625--16645
\T1/LibertinusMono-TLF/m/n/10.95 geometricUniformExteriorComplexMomentGerm\T1/L
ibertinusSerif-TLF/m/n/10.95 (-20) , 
 []


Overfull \hbox (10.13962pt too wide) in paragraph at lines 16625--16645
\T1/LibertinusMono-TLF/m/n/10.95 geometricUniformExteriorComplexMomentGerm\T1/L
ibertinusSerif-TLF/m/n/10.95 (-20) , 
 []


LaTeX Warning: Reference `thm:qF-moment-polynomial' on page 1 undefined on inpu
t line 16646.


LaTeX Warning: Reference `prop:qF-P-degree-sharp' on page 1 undefined on input 
line 16695.


LaTeX Warning: Reference `cor:qF-halfbase-dictionary' on page 1 undefined on in
put line 16719.


LaTeX Warning: Reference `thm:universal-functoriality' on page 1 undefined on i
nput line 16727.


LaTeX Warning: Reference `cor:universal-factorial-identities' on page 1 undefin
ed on input line 16735.


LaTeX Warning: Reference `thm:subspace-mobius' on page 1 undefined on input lin
e 16739.


LaTeX Warning: Reference `rem:mobius-inversion-kernel' on page 1 undefined on i
nput line 16753.


LaTeX Warning: Reference `prop:thue-morse-power-recurrence' on page 1 undefined
 on input line 16755.


LaTeX Warning: Reference `thm:ring-moment-residual' on page 1 undefined on inpu
t line 16759.


LaTeX Warning: Reference `cor:ring-geometric-residual' on page 1 undefined on i
nput line 16763.


LaTeX Warning: Reference `cor:ring-series-filter' on page 1 undefined on input 
line 16767.


LaTeX Warning: Reference `lem:fabius-spline-expectation' on page 1 undefined on
 input line 16771.


LaTeX Warning: Reference `thm:fabius-dyadic-cell' on page 1 undefined on input 
line 16775.


LaTeX Warning: Reference `prop:midpoint-truncation' on page 1 undefined on inpu
t line 16779.


LaTeX Warning: Reference `lem:cutoff-to-spline' on page 1 undefined on input li
ne 16783.


LaTeX Warning: Reference `thm:offgrid-dyadic' on page 1 undefined on input line
 16788.


LaTeX Warning: Reference `thm:offgrid-uniform-rate' on page 1 undefined on inpu
t line 16792.


LaTeX Warning: Reference `prop:fabius-appell-laws' on page 1 undefined on input
 line 16798.


LaTeX Warning: Reference `thm:fabius-appell-geometric-shift' on page 1 undefine
d on input line 16802.


LaTeX Warning: Reference `cor:fabius-local-reduction' on page 1 undefined on in
put line 16808.


LaTeX Warning: Reference `thm:fabius-digit-expansion' on page 1 undefined on in
put line 16812.


LaTeX Warning: Reference `cor:fabius-digit-qseries' on page 1 undefined on inpu
t line 16818.


LaTeX Warning: Reference `qg:lem-euler-telescope' on page 1 undefined on input 
line 16827.


LaTeX Warning: Reference `qg:lem-jackson-rational-certificate' on page 1 undefi
ned on input line 16833.


LaTeX Warning: Reference `qg:thm-jackson-8phi7' on page 1 undefined on input li
ne 16845.


LaTeX Warning: Reference `qg:cor-jackson-6phi5' on page 1 undefined on input li
ne 16846.


LaTeX Warning: Reference `qg:thm-jackson-8phi7' on page 1 undefined on input li
ne 16854.


LaTeX Warning: Reference `qg:thm-quintuple-product' on page 1 undefined on inpu
t line 16863.


LaTeX Warning: Reference `qg:def-jacobi-theta' on page 1 undefined on input lin
e 16877.


LaTeX Warning: Reference `qg:prop-theta-products' on page 1 undefined on input 
line 16878.


LaTeX Warning: Reference `qg:prop-theta-heat' on page 1 undefined on input line
 16891.


LaTeX Warning: Reference `qg:def-fourier-transform' on page 1 undefined on inpu
t line 16905.


LaTeX Warning: Reference `qg:thm-poisson' on page 1 undefined on input line 169
06.


LaTeX Warning: Reference `qg:lem-gaussian-fourier' on page 1 undefined on input
 line 16915.


LaTeX Warning: Reference `qg:thm-jacobi-imaginary' on page 1 undefined on input
 line 16922.


LaTeX Warning: Reference `qg:thm-jacobi-imaginary' on page 1 undefined on input
 line 16926.


LaTeX Warning: Reference `qg:def-dedekind-eta' on page 1 undefined on input lin
e 16943.


LaTeX Warning: Reference `qg:thm-theta-eta-modular' on page 1 undefined on inpu
t line 16944.


LaTeX Warning: Reference `qg:def-ramanujan-theta' on page 1 undefined on input 
line 16945.


LaTeX Warning: Reference `qg:prop-ramanujan-product' on page 1 undefined on inp
ut line 16946.


LaTeX Warning: Reference `qg:thm-schroeter' on page 1 undefined on input line 1
6947.


LaTeX Warning: Reference `qg:prop-squares-theta' on page 1 undefined on input l
ine 16964.


LaTeX Warning: Reference `qg:lem-gaussian-ufd' on page 1 undefined on input lin
e 16973.


LaTeX Warning: Reference `qg:thm-two-square' on page 1 undefined on input line 
16985.


LaTeX Warning: Reference `qg:cor-two-square-lambert' on page 1 undefined on inp
ut line 16999.


LaTeX Warning: Reference `qg:thm-four-square' on page 1 undefined on input line
 17007.


LaTeX Warning: Reference `eq:qg-four-square-lambert' on page 337 undefined on i
nput line 17017.


LaTeX Warning: Reference `qg:def-bailey-pair' on page 1 undefined on input line
 17022.


LaTeX Warning: Reference `qg:thm-bailey-lemma' on page 1 undefined on input lin
e 17023.


LaTeX Warning: Reference `qg:lem-bailey-lowering' on page 1 undefined on input 
line 17031.


LaTeX Warning: Reference `qg:lem-bailey-chain-iterate' on page 1 undefined on i
nput line 17038.


LaTeX Warning: Reference `qg:cor-rr-partitions' on page 1 undefined on input li
ne 17046.


LaTeX Warning: Reference `qg:lem-rogers-recurrence' on page 1 undefined on inpu
t line 17057.


LaTeX Warning: Reference `qg:thm-rrcf' on page 1 undefined on input line 17064.



LaTeX Warning: Reference `qg:eq:continuant-P' on page 337 undefined on input li
ne 17071.


LaTeX Warning: Reference `qg:eq:continuant-Q' on page 337 undefined on input li
ne 17071.


LaTeX Warning: Reference `qg:thm-andrews-gordon' on page 1 undefined on input l
ine 17077.


LaTeX Warning: Reference `qg:eq:andrews-gordon-decreasing' on page 337 undefine
d on input line 17086.


LaTeX Warning: Reference `qg:eq:andrews-gordon' on page 337 undefined on input 
line 17087.


LaTeX Warning: Reference `thm:rogers-ramanujan' on page 1 undefined on input li
ne 17092.


LaTeX Warning: Reference `qg:cor-andrews-gordon-mod7' on page 1 undefined on in
put line 17093.


LaTeX Warning: Reference `qg:thm-qpochhammer-modular-asymptotic' on page 1 unde
fined on input line 17110.


LaTeX Warning: Reference `qg:prop-coefficientwise-limit' on page 1 undefined on
 input line 17123.


LaTeX Warning: Reference `qg:prop-truncation-principle' on page 1 undefined on 
input line 17131.


LaTeX Warning: Reference `qg:prop-truncation-principle' on page 1 undefined on 
input line 17134.


LaTeX Warning: Reference `qg:prop-borwein-reciprocity' on page 1 undefined on i
nput line 17140.


LaTeX Warning: Reference `eq:qg-borwein-dissection' on page 337 undefined on in
put line 17149.


LaTeX Warning: Reference `qg:prop-borwein-tail-stabilization' on page 1 undefin
ed on input line 17152.


ignored: Infinite glue shrinkage found in box being split [337]
ignored: Infinite glue shrinkage f
ound in box being split [338]
ignored: Infinite glue shrinkage found in box being split [
339]
ignored: Infinite glue shrinkage found in box being split [340]
ignored: Infinite glue shrinka
ge found in box being split [341]
ignored: Infinite glue shrinkage found in box being spl
it [342]
ignored: Infinite glue shrinkage found in box being split [343]
ignored: Infinite glue shr
inkage found in box being split [344]
ignored: Infinite glue shrinkage found in box being
 split [345]
ignored: Infinite glue shrinkage found in box being split [346]
ignored: Infinite glue
 shrinkage found in box being split [347]
ignored: Infinite glue shrinkage found in box b
eing split [348]
ignored: Infinite glue shrinkage found in box being split
[349]
ignored: Infinite glue shrinkage found in box being split [350]
ignored: Infinite glue shrink
age found in box being split [351]
ignored: Infinite glue shrinkage found in box being sp
lit [352]
ignored: Infinite glue shrinkage found in box being split [353]
ignored: Infinite glue sh
rinkage found in box being split [354]
ignored: Infinite glue shrinkage found in box bein
g split [355]
ignored: Infinite glue shrinkage found in box being split [356]
ignored: Infinite glu
e shrinkage found in box being split [357]
ignored: Infinite glue shrinkage found in box 
being split [358]
ignored: Infinite glue shrinkage found in box being split [359]
ignored: Infinite
 glue shrinkage found in box being split [360]
ignored: Infinite glue shrinkage found in 
box being split
[361]
ignored: Infinite glue shrinkage found in box being split [362]
ignored: Infinite glue shrink
age found in box being split [363]
ignored: Infinite glue shrinkage found in box being sp
lit [364]
ignored: Infinite glue shrinkage found in box being split [365]
ignored: Infinite glue sh
rinkage found in box being split [366]
ignored: Infinite glue shrinkage found in box bein
g split [367]
ignored: Infinite glue shrinkage found in box being split [368]
ignored: Infinite glu
e shrinkage found in box being split [369]
ignored: Infinite glue shrinkage found in box 
being split [370]
ignored: Infinite glue shrinkage found in box being split [371]
ignored: Infinite
 glue shrinkage found in box being split [372]
ignored: Infinite glue shrinkage found in 
box being split
[373]
ignored: Infinite glue shrinkage found in box being split [374]
ignored: Infinite glue shrink
age found in box being split [375]
ignored: Infinite glue shrinkage found in box being sp
lit [376]
ignored: Infinite glue shrinkage found in box being split [377]
ignored: Infinite glue sh
rinkage found in box being split [378]
ignored: Infinite glue shrinkage found in box bein
g split [379]
ignored: Infinite glue shrinkage found in box being split [380]
ignored: Infinite glu
e shrinkage found in box being split [381]
ignored: Infinite glue shrinkage found in box 
being split [382]
ignored: Infinite glue shrinkage found in box being split [383]
ignored: Infinite
 glue shrinkage found in box being split [384]
ignored: Infinite glue shrinkage found in 
box being split
[385]
ignored: Infinite glue shrinkage found in box being split [386]
ignored: Infinite glue shrink
age found in box being split [387]
ignored: Infinite glue shrinkage found in box being sp
lit [388] [389] [390


] [391] [392]
No file q_pochhammer_q_binomial_monograph.ind.

Package imakeidx Warning: Remember to run (pdf)latex again after calling
(imakeidx)                `makeindex q_pochhammer_q_binomial_monograph.idx'
(imakeidx)                or call (pdf)latex with -shell-escape.

(C:\Temp\pv-y8cv5_t9\out\q_pochhammer_q_binomial_monograph.aux)
 ***********
LaTeX2e <2025-11-01>
L3 programming layer <2026-03-20>
 ***********


LaTeX Warning: There were undefined references.


LaTeX Warning: Label(s) may have changed. Rerun to get cross-references right.

 ) 
Here is how much of TeX's memory you used:
 23885 strings out of 467691
 436007 string characters out of 5414987
 1181241 words of memory out of 5000000
 49974 multiletter control sequences out of 15000+600000
 858492 words of font info for 645 fonts, out of 8000000 for 9000
 1141 hyphenation exceptions out of 8191
 77i,15n,87p,1733b,2366s stack positions out of 10000i,1000n,20000p,200000b,200000s
<C:/Users/vresh/AppData/Local/Programs/MiKTeX/fonts/type1/public/libertinus-t
ype1/LibertinusMono-Regular.pfb><C:/Users/vresh/AppData/Local/Programs/MiKTeX/f
onts/type1/public/libertinus-type1/LibertinusSerif-Bold.pfb><C:/Users/vresh/App
Data/Local/Programs/MiKTeX/fonts/type1/public/libertinus-type1/LibertinusSerif-
Italic.pfb><C:/Users/vresh/AppData/Local/Programs/MiKTeX/fonts/type1/public/lib
ertinus-type1/LibertinusSerif-Regular.pfb><C:/Users/vresh/AppData/Local/Program
s/MiKTeX/fonts/type1/public/amsfonts/cm/cmbx10.pfb><C:/Users/vresh/AppData/Loca
l/Programs/MiKTeX/fonts/type1/public/amsfonts/cm/cmbx8.pfb><C:/Users/vresh/AppD
ata/Local/Programs/MiKTeX/fonts/type1/public/amsfonts/cm/cmex10.pfb><C:/Users/v
resh/AppData/Local/Programs/MiKTeX/fonts/type1/public/amsfonts/cmextra/cmex7.pf
b><C:/Users/vresh/AppData/Local/Programs/MiKTeX/fonts/type1/public/amsfonts/cme
xtra/cmex8.pfb><C:/Users/vresh/AppData/Local/Programs/MiKTeX/fonts/type1/public
/amsfonts/cmextra/cmex9.pfb><C:/Users/vresh/AppData/Local/Programs/MiKTeX/fonts
/type1/public/amsfonts/cm/cmmi10.pfb><C:/Users/vresh/AppData/Local/Programs/MiK
TeX/fonts/type1/public/amsfonts/cm/cmmi12.pfb><C:/Users/vresh/AppData/Local/Pro
grams/MiKTeX/fonts/type1/public/amsfonts/cm/cmmi5.pfb><C:/Users/vresh/AppData/L
ocal/Programs/MiKTeX/fonts/type1/public/amsfonts/cm/cmmi6.pfb><C:/Users/vresh/A
ppData/Local/Programs/MiKTeX/fonts/type1/public/amsfonts/cm/cmmi7.pfb><C:/Users
/vresh/AppData/Local/Programs/MiKTeX/fonts/type1/public/amsfonts/cm/cmmi8.pfb><
C:/Users/vresh/AppData/Local/Programs/MiKTeX/fonts/type1/public/amsfonts/cm/cmm
i9.pfb><C:/Users/vresh/AppData/Local/Programs/MiKTeX/fonts/type1/public/amsfont
s/cm/cmmib10.pfb><C:/Users/vresh/AppData/Local/Programs/MiKTeX/fonts/type1/publ
ic/amsfonts/cmextra/cmmib8.pfb><C:/Users/vresh/AppData/Local/Programs/MiKTeX/fo
nts/type1/public/amsfonts/cm/cmr10.pfb><C:/Users/vresh/AppData/Local/Programs/M
iKTeX/fonts/type1/public/amsfonts/cm/cmr12.pfb><C:/Users/vresh/AppData/Local/Pr
ograms/MiKTeX/fonts/type1/public/amsfonts/cm/cmr17.pfb><C:/Users/vresh/AppData/
Local/Programs/MiKTeX/fonts/type1/public/amsfonts/cm/cmr5.pfb><C:/Users/vresh/A
ppData/Local/Programs/MiKTeX/fonts/type1/public/amsfonts/cm/cmr6.pfb><C:/Users/
vresh/AppData/Local/Programs/MiKTeX/fonts/type1/public/amsfonts/cm/cmr7.pfb><C:
/Users/vresh/AppData/Local/Programs/MiKTeX/fonts/type1/public/amsfonts/cm/cmr8.
pfb><C:/Users/vresh/AppData/Local/Programs/MiKTeX/fonts/type1/public/amsfonts/c
m/cmr9.pfb><C:/Users/vresh/AppData/Local/Programs/MiKTeX/fonts/type1/public/ams
fonts/cm/cmss10.pfb><C:/Users/vresh/AppData/Local/Programs/MiKTeX/fonts/type1/p
ublic/amsfonts/cm/cmsy10.pfb><C:/Users/vresh/AppData/Local/Programs/MiKTeX/font
s/type1/public/amsfonts/cm/cmsy5.pfb><C:/Users/vresh/AppData/Local/Programs/MiK
TeX/fonts/type1/public/amsfonts/cm/cmsy6.pfb><C:/Users/vresh/AppData/Local/Prog
rams/MiKTeX/fonts/type1/public/amsfonts/cm/cmsy7.pfb><C:/Users/vresh/AppData/Lo
cal/Programs/MiKTeX/fonts/type1/public/amsfonts/cm/cmsy8.pfb><C:/Users/vresh/Ap
pData/Local/Programs/MiKTeX/fonts/type1/public/amsfonts/cm/cmsy9.pfb><C:/Users/
vresh/AppData/Local/Programs/MiKTeX/fonts/type1/public/amsfonts/cm/cmtt9.pfb><C
:/Users/vresh/AppData/Local/Programs/MiKTeX/fonts/type1/public/amsfonts/euler/e
ufm10.pfb><C:/Users/vresh/AppData/Local/Programs/MiKTeX/fonts/type1/public/amsf
onts/symbols/msam10.pfb><C:/Users/vresh/AppData/Local/Programs/MiKTeX/fonts/typ
e1/public/amsfonts/symbols/msbm10.pfb><C:/Users/vresh/AppData/Local/Programs/Mi
KTeX/fonts/type1/public/amsfonts/symbols/msbm7.pfb><C:/Users/vresh/AppData/Loca
l/Programs/MiKTeX/fonts/type1/public/rsfs/rsfs10.pfb><C:/Users/vresh/AppData/Lo
cal/Programs/MiKTeX/fonts/type1/urw/helvetic/uhvb8a.pfb><C:/Users/vresh/AppData
/Local/Programs/MiKTeX/fonts/type1/urw/helvetic/uhvr8a.pfb>
Output written on C:\Temp\pv-y8cv5_t9\out\q_pochhammer_q_binomial_monograph.pdf
 (398 pages, 2838265 bytes).
PDF statistics:
 4669 PDF objects out of 5155 (max. 8388607)
 1927 named destinations out of 2073 (max. 500000)
 120017 words of extra memory for PDF output out of 128383 (max. 10000000)

