This is pdfTeX, Version 3.141592653-2.6-1.40.29 (MiKTeX 26.2) (preloaded format=pdflatex 2026.8.15)  9 SEP 2026 13:13
entering extended mode
 file:line:error style messages enabled.
 %&-line parsing enabled.
**./Spectra_and_Arithmetic_Frontiers.tex
(Spectra_and_Arithmetic_Frontiers.tex
LaTeX2e <2025-11-01>
L3 programming layer <2026-03-20>
(C:\Users\vresh\AppData\Local\Programs\MiKTeX\tex/latex/base\article.cls
Document Class: article 2025/01/22 v1.4n Standard LaTeX document class
(C:\Users\vresh\AppData\Local\Programs\MiKTeX\tex/latex/base\size11.clo
File: size11.clo 2025/01/22 v1.4n Standard LaTeX file (size option)
)
\c@part=\count275
\c@section=\count276
\c@subsection=\count277
\c@subsubsection=\count278
\c@paragraph=\count279
\c@subparagraph=\count280
\c@figure=\count281
\c@table=\count282
\abovecaptionskip=\skip49
\belowcaptionskip=\skip50
\bibindent=\dimen150
)
(C:\Users\vresh\AppData\Local\Programs\MiKTeX\tex/latex/geometry\geometry.sty
Package: geometry 2026/03/07 v6.0 Page Geometry

(C:\Users\vresh\AppData\Local\Programs\MiKTeX\tex/latex/graphics\keyval.sty
Package: keyval 2022/05/29 v1.15 key=value parser (DPC)
\KV@toks@=\toks17
)
(C:\Users\vresh\AppData\Local\Programs\MiKTeX\tex/generic/iftex\ifvtex.sty
Package: ifvtex 2019/10/25 v1.7 ifvtex legacy package. Use iftex instead.

(C:\Users\vresh\AppData\Local\Programs\MiKTeX\tex/generic/iftex\iftex.sty
Package: iftex 2024/12/12 v1.0g TeX engine tests
))
\Gm@cnth=\count283
\Gm@cntv=\count284
\c@Gm@tempcnt=\count285
\Gm@bindingoffset=\dimen151
\Gm@wd@mp=\dimen152
\Gm@odd@mp=\dimen153
\Gm@even@mp=\dimen154
\Gm@layoutwidth=\dimen155
\Gm@layoutheight=\dimen156
\Gm@layouthoffset=\dimen157
\Gm@layoutvoffset=\dimen158
\Gm@dimlist=\toks18

(C:\Users\vresh\AppData\Local\Programs\MiKTeX\tex/latex/geometry\geometry.cfg))
(C:\Users\vresh\AppData\Local\Programs\MiKTeX\tex/latex/base\fontenc.sty
Package: fontenc 2025/07/18 v2.1d Standard LaTeX package
)
(C:\Users\vresh\AppData\Local\Programs\MiKTeX\tex/latex/base\inputenc.sty
Package: inputenc 2024/02/08 v1.3d Input encoding file
\inpenc@prehook=\toks19
\inpenc@posthook=\toks20
)
(C:\Users\vresh\AppData\Local\Programs\MiKTeX\tex/latex/libertinus\libertinus.s
ty
Package: libertinus 2020/05/06 v. 0.02 (Herbert Voss) Supports libertinus fonts
 for pdflatex/lualatex/xelatex
 (C:\Users\vresh\AppData\Local\Programs\MiKTeX\tex/latex/xkeyval\xkeyval.sty
Package: xkeyval 2022/06/16 v2.9 package option processing (HA)

(C:\Users\vresh\AppData\Local\Programs\MiKTeX\tex/generic/xkeyval\xkeyval.tex
(C:\Users\vresh\AppData\Local\Programs\MiKTeX\tex/generic/xkeyval\xkvutils.tex
\XKV@toks=\toks21
\XKV@tempa@toks=\toks22
)
\XKV@depth=\count286
File: xkeyval.tex 2014/12/03 v2.7a key=value parser (HA)
))
(C:\Users\vresh\AppData\Local\Programs\MiKTeX\tex/latex/libertinus-type1\libert
inus-type1.sty
Package: libertinus-type1 2025/11/17 (Bob Tennent) Supports libertinus fonts fo
r latex/pdflatex.

(C:\Users\vresh\AppData\Local\Programs\MiKTeX\tex/generic/iftex\ifxetex.sty
Package: ifxetex 2019/10/25 v0.7 ifxetex legacy package. Use iftex instead.
)
(C:\Users\vresh\AppData\Local\Programs\MiKTeX\tex/generic/iftex\ifluatex.sty
Package: ifluatex 2019/10/25 v1.5 ifluatex legacy package. Use iftex instead.
)
(C:\Users\vresh\AppData\Local\Programs\MiKTeX\tex/latex/base\textcomp.sty
Package: textcomp 2024/04/24 v2.1b Standard LaTeX package
)
(C:\Users\vresh\AppData\Local\Programs\MiKTeX\tex/latex/base\fontenc.sty
Package: fontenc 2025/07/18 v2.1d Standard LaTeX package
)
(C:\Users\vresh\AppData\Local\Programs\MiKTeX\tex/latex/fontaxes\fontaxes.sty
Package: fontaxes 2026-01-02 v2.0.2 Font selection axes (deprecated)
Applying: [2024-11-01] Use figureversions if present on input line 74.

(C:\Users\vresh\AppData\Local\Programs\MiKTeX\tex/latex/figureversions\figureve
rsions.sty
Package: figureversions 2025-04-29 v1.0.1 Figure versions
)
Already applied: [0000-00-00] Fall back to v1 on input line 76.
)))
(C:\Users\vresh\AppData\Local\Programs\MiKTeX\tex/latex/microtype\microtype.sty
Package: microtype 2026/03/01 v3.2d Micro-typographical refinements (RS)
(C:\Users\vresh\AppData\Local\Programs\MiKTeX\tex/latex/etoolbox\etoolbox.sty
Package: etoolbox 2025/10/02 v2.5m e-TeX tools for LaTeX (JAW)
\etb@tempcnta=\count287
)
\MT@toks=\toks23
\MT@tempbox=\box53
\MT@count=\count288
LaTeX Info: Redefining \noprotrusionifhmode on input line 1084.
LaTeX Info: Redefining \leftprotrusion on input line 1085.
\MT@prot@toks=\toks24
LaTeX Info: Redefining \rightprotrusion on input line 1104.
LaTeX Info: Redefining \textls on input line 1449.
\MT@outer@kern=\dimen159
LaTeX Info: Redefining \microtypecontext on input line 2053.
LaTeX Info: Redefining \textmicrotypecontext on input line 2070.
\MT@listname@count=\count289

(C:\Users\vresh\AppData\Local\Programs\MiKTeX\tex/latex/microtype\microtype-pdf
tex.def
File: microtype-pdftex.def 2026/03/01 v3.2d Definitions specific to pdftex (RS)

LaTeX Info: Redefining \lsstyle on input line 944.
LaTeX Info: Redefining \lslig on input line 944.
\MT@outer@space=\skip51
)
Package microtype Info: Loading configuration file microtype.cfg.

(C:\Users\vresh\AppData\Local\Programs\MiKTeX\tex/latex/microtype\microtype.cfg
File: microtype.cfg 2026/03/01 v3.2d microtype main configuration file (RS)
)
LaTeX Info: Redefining \microtypesetup on input line 3065.
) (C:\Users\vresh\AppData\Local\Programs\MiKTeX\tex/latex/amsmath\amsmath.sty
Package: amsmath 2025/07/09 v2.17z AMS math features
\@mathmargin=\skip52

For additional information on amsmath, use the `?' option.
(C:\Users\vresh\AppData\Local\Programs\MiKTeX\tex/latex/amsmath\amstext.sty
Package: amstext 2024/11/17 v2.01 AMS text

(C:\Users\vresh\AppData\Local\Programs\MiKTeX\tex/latex/amsmath\amsgen.sty
File: amsgen.sty 1999/11/30 v2.0 generic functions
\@emptytoks=\toks25
\ex@=\dimen160
))
(C:\Users\vresh\AppData\Local\Programs\MiKTeX\tex/latex/amsmath\amsbsy.sty
Package: amsbsy 1999/11/29 v1.2d Bold Symbols
\pmbraise@=\dimen161
)
(C:\Users\vresh\AppData\Local\Programs\MiKTeX\tex/latex/amsmath\amsopn.sty
Package: amsopn 2022/04/08 v2.04 operator names
)
\inf@bad=\count290
LaTeX Info: Redefining \frac on input line 233.
\uproot@=\count291
\leftroot@=\count292
LaTeX Info: Redefining \overline on input line 398.
LaTeX Info: Redefining \colon on input line 409.
\classnum@=\count293
\DOTSCASE@=\count294
LaTeX Info: Redefining \ldots on input line 495.
LaTeX Info: Redefining \dots on input line 498.
LaTeX Info: Redefining \cdots on input line 619.
\Mathstrutbox@=\box54
\strutbox@=\box55
LaTeX Info: Redefining \big on input line 721.
LaTeX Info: Redefining \Big on input line 722.
LaTeX Info: Redefining \bigg on input line 723.
LaTeX Info: Redefining \Bigg on input line 724.
\big@size=\dimen162
LaTeX Font Info:    Redeclaring font encoding OML on input line 742.
LaTeX Font Info:    Redeclaring font encoding OMS on input line 743.
\macc@depth=\count295
LaTeX Info: Redefining \bmod on input line 904.
LaTeX Info: Redefining \pmod on input line 909.
LaTeX Info: Redefining \smash on input line 939.
LaTeX Info: Redefining \relbar on input line 969.
LaTeX Info: Redefining \Relbar on input line 970.
\c@MaxMatrixCols=\count296
\dotsspace@=\muskip17
\c@parentequation=\count297
\dspbrk@lvl=\count298
\tag@help=\toks26
\row@=\count299
\column@=\count300
\maxfields@=\count301
\andhelp@=\toks27
\eqnshift@=\dimen163
\alignsep@=\dimen164
\tagshift@=\dimen165
\tagwidth@=\dimen166
\totwidth@=\dimen167
\lineht@=\dimen168
\@envbody=\toks28
\multlinegap=\skip53
\multlinetaggap=\skip54
\mathdisplay@stack=\toks29
LaTeX Info: Redefining \[ on input line 2950.
LaTeX Info: Redefining \] on input line 2951.
)
(C:\Users\vresh\AppData\Local\Programs\MiKTeX\tex/latex/amsfonts\amssymb.sty
Package: amssymb 2013/01/14 v3.01 AMS font symbols

(C:\Users\vresh\AppData\Local\Programs\MiKTeX\tex/latex/amsfonts\amsfonts.sty
Package: amsfonts 2013/01/14 v3.01 Basic AMSFonts support
\symAMSa=\mathgroup4
\symAMSb=\mathgroup5
LaTeX Font Info:    Redeclaring math symbol \hbar on input line 98.
LaTeX Font Info:    Overwriting math alphabet `\mathfrak' in version `bold'
(Font)                  U/euf/m/n --> U/euf/b/n on input line 106.
)) (C:\Users\vresh\AppData\Local\Programs\MiKTeX\tex/latex/amscls\amsthm.sty
Package: amsthm 2020/05/29 v2.20.6
\thm@style=\toks30
\thm@bodyfont=\toks31
\thm@headfont=\toks32
\thm@notefont=\toks33
\thm@headpunct=\toks34
\thm@preskip=\skip55
\thm@postskip=\skip56
\thm@headsep=\skip57
\dth@everypar=\toks35
)
(C:\Users\vresh\AppData\Local\Programs\MiKTeX\tex/latex/mathtools\mathtools.sty
Package: mathtools 2024/10/04 v1.31 mathematical typesetting tools
(C:\Users\vresh\AppData\Local\Programs\MiKTeX\tex/latex/tools\calc.sty
Package: calc 2025/03/01 v4.3b Infix arithmetic (KKT,FJ)
\calc@Acount=\count302
\calc@Bcount=\count303
\calc@Adimen=\dimen169
\calc@Bdimen=\dimen170
\calc@Askip=\skip58
\calc@Bskip=\skip59
LaTeX Info: Redefining \setlength on input line 86.
LaTeX Info: Redefining \addtolength on input line 87.
\calc@Ccount=\count304
\calc@Cskip=\skip60
)
(C:\Users\vresh\AppData\Local\Programs\MiKTeX\tex/latex/mathtools\mhsetup.sty
Package: mhsetup 2021/03/18 v1.4 programming setup (MH)
)
\g_MT_multlinerow_int=\count305
\l_MT_multwidth_dim=\dimen171
\origjot=\skip61
\l_MT_shortvdotswithinadjustabove_dim=\dimen172
\l_MT_shortvdotswithinadjustbelow_dim=\dimen173
\l_MT_above_intertext_sep=\dimen174
\l_MT_below_intertext_sep=\dimen175
\l_MT_above_shortintertext_sep=\dimen176
\l_MT_below_shortintertext_sep=\dimen177
\xmathstrut@box=\box56
\xmathstrut@dim=\dimen178
) (C:\Users\vresh\AppData\Local\Programs\MiKTeX\tex/latex/jknappen\mathrsfs.sty
Package: mathrsfs 1996/01/01 Math RSFS package v1.0 (jk)
\symrsfs=\mathgroup6
) (C:\Users\vresh\AppData\Local\Programs\MiKTeX\tex/latex/tools\bm.sty
Package: bm 2025/10/21 v1.2g Bold Symbol Support (DPC/FMi)
\symboldoperators=\mathgroup7
\symboldletters=\mathgroup8
\symboldsymbols=\mathgroup9
Package bm Info: No bold for \OMX/cmex/m/n, using \pmb.
Package bm Info: No bold for \U/msa/m/n, using \pmb.
Package bm Info: No bold for \U/msb/m/n, using \pmb.
Package bm Info: No bold for \U/rsfs/m/n, using \pmb.
LaTeX Font Info:    Redeclaring math alphabet \mathbf on input line 149.
)
(C:\Users\vresh\AppData\Local\Programs\MiKTeX\tex/latex/booktabs\booktabs.sty
Package: booktabs 2020/01/12 v1.61803398 Publication quality tables
\heavyrulewidth=\dimen179
\lightrulewidth=\dimen180
\cmidrulewidth=\dimen181
\belowrulesep=\dimen182
\belowbottomsep=\dimen183
\aboverulesep=\dimen184
\abovetopsep=\dimen185
\cmidrulesep=\dimen186
\cmidrulekern=\dimen187
\defaultaddspace=\dimen188
\@cmidla=\count306
\@cmidlb=\count307
\@aboverulesep=\dimen189
\@belowrulesep=\dimen190
\@thisruleclass=\count308
\@lastruleclass=\count309
\@thisrulewidth=\dimen191
)
(C:\Users\vresh\AppData\Local\Programs\MiKTeX\tex/latex/tools\longtable.sty
Package: longtable 2025-10-13 v4.24 Multi-page Table package (DPC)
\LTleft=\skip62
\LTright=\skip63
\LTpre=\skip64
\LTpost=\skip65
\LTchunksize=\count310
\LTcapwidth=\dimen192
\LT@head=\box57
\LT@firsthead=\box58
\LT@foot=\box59
\LT@lastfoot=\box60
\LT@gbox=\box61
\LT@cols=\count311
\LT@rows=\count312
\c@LT@tables=\count313
\c@LT@chunks=\count314
\LT@p@ftn=\toks36
)
(C:\Users\vresh\AppData\Local\Programs\MiKTeX\tex/latex/tools\array.sty
Package: array 2025/09/25 v2.6n Tabular extension package (FMi)
\col@sep=\dimen193
\ar@mcellbox=\box62
\extrarowheight=\dimen194
\NC@list=\toks37
\extratabsurround=\skip66
\backup@length=\skip67
\ar@cellbox=\box63
)
(C:\Users\vresh\AppData\Local\Programs\MiKTeX\tex/latex/tools\tabularx.sty
Package: tabularx 2023/12/11 v2.12a `tabularx' package (DPC)
\TX@col@width=\dimen195
\TX@old@table=\dimen196
\TX@old@col=\dimen197
\TX@target=\dimen198
\TX@delta=\dimen199
\TX@cols=\count315
\TX@ftn=\toks38
)
(C:\Users\vresh\AppData\Local\Programs\MiKTeX\tex/latex/multirow\multirow.sty
Package: multirow 2024/11/12 v2.9 Span multiple rows of a table
\multirow@colwidth=\skip68
\multirow@cntb=\count316
\multirow@dima=\skip69
\bigstrutjot=\dimen256
)
(C:\Users\vresh\AppData\Local\Programs\MiKTeX\tex/latex/graphics\graphicx.sty
Package: graphicx 2024/12/31 v1.2e Enhanced LaTeX Graphics (DPC,SPQR)

(C:\Users\vresh\AppData\Local\Programs\MiKTeX\tex/latex/graphics\graphics.sty
Package: graphics 2024/08/06 v1.4g Standard LaTeX Graphics (DPC,SPQR)

(C:\Users\vresh\AppData\Local\Programs\MiKTeX\tex/latex/graphics\trig.sty
Package: trig 2023/12/02 v1.11 sin cos tan (DPC)
)
(C:\Users\vresh\AppData\Local\Programs\MiKTeX\tex/latex/graphics-cfg\graphics.c
fg
File: graphics.cfg 2016/06/04 v1.11 sample graphics configuration
)
Package graphics Info: Driver file: pdftex.def on input line 106.

(C:\Users\vresh\AppData\Local\Programs\MiKTeX\tex/latex/graphics-def\pdftex.def
File: pdftex.def 2025/09/29 v1.2d Graphics/color driver for pdftex
))
\Gin@req@height=\dimen257
\Gin@req@width=\dimen258
) (C:\Users\vresh\AppData\Local\Programs\MiKTeX\tex/latex/xcolor\xcolor.sty
Package: xcolor 2024/09/29 v3.02 LaTeX color extensions (UK)

(C:\Users\vresh\AppData\Local\Programs\MiKTeX\tex/latex/graphics-cfg\color.cfg
File: color.cfg 2016/01/02 v1.6 sample color configuration
)
Package xcolor Info: Driver file: pdftex.def on input line 274.
(C:\Users\vresh\AppData\Local\Programs\MiKTeX\tex/latex/graphics\mathcolor.ltx)
Package xcolor Info: Model `cmy' substituted by `cmy0' on input line 1349.
Package xcolor Info: Model `hsb' substituted by `rgb' on input line 1353.
Package xcolor Info: Model `RGB' extended on input line 1365.
Package xcolor Info: Model `HTML' substituted by `rgb' on input line 1367.
Package xcolor Info: Model `Hsb' substituted by `hsb' on input line 1368.
Package xcolor Info: Model `tHsb' substituted by `hsb' on input line 1369.
Package xcolor Info: Model `HSB' substituted by `hsb' on input line 1370.
Package xcolor Info: Model `Gray' substituted by `gray' on input line 1371.
Package xcolor Info: Model `wave' substituted by `hsb' on input line 1372.
) (C:\Users\vresh\AppData\Local\Programs\MiKTeX\tex/latex/enumitem\enumitem.sty
Package: enumitem 2025/02/06 v3.11 Customized lists
\labelindent=\skip70
\enit@outerparindent=\dimen259
\enit@toks=\toks39
\enit@inbox=\box64
\enit@count@id=\count317
\enitdp@description=\count318
) (C:\Users\vresh\AppData\Local\Programs\MiKTeX\tex/latex/fancyhdr\fancyhdr.sty
Package: fancyhdr 2025/02/07 v5.2 Extensive control of page headers and footers

\f@nch@headwidth=\skip71
\f@nch@offset@elh=\skip72
\f@nch@offset@erh=\skip73
\f@nch@offset@olh=\skip74
\f@nch@offset@orh=\skip75
\f@nch@offset@elf=\skip76
\f@nch@offset@erf=\skip77
\f@nch@offset@olf=\skip78
\f@nch@offset@orf=\skip79
\f@nch@height=\skip80
\f@nch@footalignment=\skip81
\f@nch@widthL=\skip82
\f@nch@widthC=\skip83
\f@nch@widthR=\skip84
\@temptokenb=\toks40
) (C:\Users\vresh\AppData\Local\Programs\MiKTeX\tex/latex/titlesec\titlesec.sty
Package: titlesec 2025/01/04 v2.17 Sectioning titles
\ttl@box=\box65
\beforetitleunit=\skip85
\aftertitleunit=\skip86
\ttl@plus=\dimen260
\ttl@minus=\dimen261
\ttl@toksa=\toks41
\titlewidth=\dimen262
\titlewidthlast=\dimen263
\titlewidthfirst=\dimen264
) (C:\Users\vresh\AppData\Local\Programs\MiKTeX\tex/latex/listings\listings.sty
\lst@mode=\count319
\lst@gtempboxa=\box66
\lst@token=\toks42
\lst@length=\count320
\lst@currlwidth=\dimen265
\lst@column=\count321
\lst@pos=\count322
\lst@lostspace=\dimen266
\lst@width=\dimen267
\lst@newlines=\count323
\lst@lineno=\count324
\lst@maxwidth=\dimen268
(C:\Users\vresh\AppData\Local\Programs\MiKTeX\tex/latex/listings\lstpatch.sty
File: lstpatch.sty 2025/11/14 1.11b (Carsten Heinz)
)
(C:\Users\vresh\AppData\Local\Programs\MiKTeX\tex/latex/listings\lstmisc.sty
File: lstmisc.sty 2025/11/14 1.11b (Carsten Heinz)
\c@lstnumber=\count325
\lst@skipnumbers=\count326
\lst@framebox=\box67
)
(C:\Users\vresh\AppData\Local\Programs\MiKTeX\tex/latex/listings\listings.cfg
File: listings.cfg 2025/11/14 1.11b listings configuration
))
Package: listings 2025/11/14 1.11b (Carsten Heinz)
==> First Aid for listings.sty no longer applied!
    Expected:
        2024/09/23 1.10c (Carsten Heinz)
    but found:
        2025/11/14 1.11b (Carsten Heinz)
    so I'm assuming it got fixed.
(C:\Users\vresh\AppData\Local\Programs\MiKTeX\tex/latex/xurl\xurl.sty
Package: xurl 2022/01/09 v 0.10 modify URL breaks

(C:\Users\vresh\AppData\Local\Programs\MiKTeX\tex/latex/url\url.sty
\Urlmuskip=\muskip18
Package: url 2013/09/16  ver 3.4  Verb mode for urls, etc.
))
(C:\Users\vresh\AppData\Local\Programs\MiKTeX\tex/latex/hyperref\hyperref.sty
Package: hyperref 2026-01-29 v7.01p Hypertext links for LaTeX

(C:\Users\vresh\AppData\Local\Programs\MiKTeX\tex/latex/kvsetkeys\kvsetkeys.sty
Package: kvsetkeys 2022-10-05 v1.19 Key value parser (HO)
)
(C:\Users\vresh\AppData\Local\Programs\MiKTeX\tex/generic/kvdefinekeys\kvdefine
keys.sty
Package: kvdefinekeys 2019-12-19 v1.6 Define keys (HO)
)
(C:\Users\vresh\AppData\Local\Programs\MiKTeX\tex/generic/pdfescape\pdfescape.s
ty
Package: pdfescape 2019/12/09 v1.15 Implements pdfTeX's escape features (HO)

(C:\Users\vresh\AppData\Local\Programs\MiKTeX\tex/generic/ltxcmds\ltxcmds.sty
Package: ltxcmds 2023-12-04 v1.26 LaTeX kernel commands for general use (HO)
)
(C:\Users\vresh\AppData\Local\Programs\MiKTeX\tex/generic/pdftexcmds\pdftexcmds
.sty
Package: pdftexcmds 2020-06-27 v0.33 Utility functions of pdfTeX for LuaTeX (HO
)

(C:\Users\vresh\AppData\Local\Programs\MiKTeX\tex/generic/infwarerr\infwarerr.s
ty
Package: infwarerr 2019/12/03 v1.5 Providing info/warning/error messages (HO)
)
Package pdftexcmds Info: \pdf@primitive is available.
Package pdftexcmds Info: \pdf@ifprimitive is available.
Package pdftexcmds Info: \pdfdraftmode found.
))
(C:\Users\vresh\AppData\Local\Programs\MiKTeX\tex/latex/hycolor\hycolor.sty
Package: hycolor 2020-01-27 v1.10 Color options for hyperref/bookmark (HO)
)
(C:\Users\vresh\AppData\Local\Programs\MiKTeX\tex/latex/hyperref\nameref.sty
Package: nameref 2026-01-29 v2.58 Cross-referencing by name of section

(C:\Users\vresh\AppData\Local\Programs\MiKTeX\tex/latex/refcount\refcount.sty
Package: refcount 2019/12/15 v3.6 Data extraction from label references (HO)
)
(C:\Users\vresh\AppData\Local\Programs\MiKTeX\tex/generic/gettitlestring\gettit
lestring.sty
Package: gettitlestring 2019/12/15 v1.6 Cleanup title references (HO)

(C:\Users\vresh\AppData\Local\Programs\MiKTeX\tex/latex/kvoptions\kvoptions.sty
Package: kvoptions 2022-06-15 v3.15 Key value format for package options (HO)
))
\c@section@level=\count327
)
(C:\Users\vresh\AppData\Local\Programs\MiKTeX\tex/generic/stringenc\stringenc.s
ty
Package: stringenc 2019/11/29 v1.12 Convert strings between diff. encodings (HO
)
)
\@linkdim=\dimen269
\Hy@linkcounter=\count328
\Hy@pagecounter=\count329
 (C:\Users\vresh\AppData\Local\Programs\MiKTeX\tex/latex/hyperref\pd1enc.def
File: pd1enc.def 2026-01-29 v7.01p Hyperref: PDFDocEncoding definition (HO)
Now handling font encoding PD1 ...
... no UTF-8 mapping file for font encoding PD1
) (C:\Users\vresh\AppData\Local\Programs\MiKTeX\tex/generic/intcalc\intcalc.sty
Package: intcalc 2019/12/15 v1.3 Expandable calculations with integers (HO)
)
\Hy@SavedSpaceFactor=\count330
 (C:\Users\vresh\AppData\Local\Programs\MiKTeX\tex/latex/hyperref\puenc.def
File: puenc.def 2026-01-29 v7.01p Hyperref: PDF Unicode definition (HO)
Now handling font encoding PU ...
... no UTF-8 mapping file for font encoding PU
)
Package hyperref Info: Hyper figures OFF on input line 4201.
Package hyperref Info: Link nesting OFF on input line 4206.
Package hyperref Info: Hyper index ON on input line 4209.
Package hyperref Info: Plain pages OFF on input line 4216.
Package hyperref Info: Backreferencing OFF on input line 4221.
Package hyperref Info: Implicit mode ON; LaTeX internals redefined.
Package hyperref Info: Bookmarks ON on input line 4468.
\c@Hy@tempcnt=\count331
LaTeX Info: Redefining \url on input line 4807.
\XeTeXLinkMargin=\dimen270

(C:\Users\vresh\AppData\Local\Programs\MiKTeX\tex/generic/bitset\bitset.sty
Package: bitset 2019/12/09 v1.3 Handle bit-vector datatype (HO)

(C:\Users\vresh\AppData\Local\Programs\MiKTeX\tex/generic/bigintcalc\bigintcalc
.sty
Package: bigintcalc 2019/12/15 v1.5 Expandable calculations on big integers (HO
)
))
\Fld@menulength=\count332
\Field@Width=\dimen271
\Fld@charsize=\dimen272
Package hyperref Info: Hyper figures OFF on input line 6084.
Package hyperref Info: Link nesting OFF on input line 6089.
Package hyperref Info: Hyper index ON on input line 6092.
Package hyperref Info: backreferencing OFF on input line 6099.
Package hyperref Info: Link coloring OFF on input line 6104.
Package hyperref Info: Link coloring with OCG OFF on input line 6109.
Package hyperref Info: PDF/A mode OFF on input line 6114.
\Hy@abspage=\count333
\c@Item=\count334
\c@Hfootnote=\count335
)
Package hyperref Info: Driver (autodetected): hpdftex.

(C:\Users\vresh\AppData\Local\Programs\MiKTeX\tex/latex/hyperref\hpdftex.def
File: hpdftex.def 2026-01-29 v7.01p Hyperref driver for pdfTeX
\Fld@listcount=\count336
\c@bookmark@seq@number=\count337

(C:\Users\vresh\AppData\Local\Programs\MiKTeX\tex/latex/rerunfilecheck\rerunfil
echeck.sty
Package: rerunfilecheck 2025-06-21 v1.11 Rerun checks for auxiliary files (HO)

(C:\Users\vresh\AppData\Local\Programs\MiKTeX\tex/generic/uniquecounter\uniquec
ounter.sty
Package: uniquecounter 2019/12/15 v1.4 Provide unlimited unique counter (HO)
)
Package uniquecounter Info: New unique counter `rerunfilecheck' on input line 2
84.
)
\Hy@SectionHShift=\skip87
)
(C:\Users\vresh\AppData\Local\Programs\MiKTeX\tex/latex/cleveref\cleveref.sty
Package: cleveref 2018/03/27 v0.21.4 Intelligent cross-referencing
Package cleveref Info: `hyperref' support loaded on input line 2370.
LaTeX Info: Redefining \cref on input line 2370.
LaTeX Info: Redefining \Cref on input line 2370.
LaTeX Info: Redefining \crefrange on input line 2370.
LaTeX Info: Redefining \Crefrange on input line 2370.
LaTeX Info: Redefining \cpageref on input line 2370.
LaTeX Info: Redefining \Cpageref on input line 2370.
LaTeX Info: Redefining \cpagerefrange on input line 2370.
LaTeX Info: Redefining \Cpagerefrange on input line 2370.
LaTeX Info: Redefining \labelcref on input line 2370.
LaTeX Info: Redefining \labelcpageref on input line 2370.
Package cleveref Info: `amsthm' support loaded on input line 3026.
Package cleveref Info: `listings' support loaded on input line 3131.
Package cleveref Info: include cross-reference names in hyperlinks on input lin
e 7836.
Package cleveref Info: include cross-reference names in hyperlinks on input lin
e 7852.
Package cleveref Info: no abbreviation of names on input line 7852.
)
==> First Aid for cleveref.sty applied!
Package hyperref Info: Option `hypertexnames' set `false' on input line 33.
Package hyperref Info: Option `colorlinks' set `true' on input line 33.
(../../../../fabius-notation.tex)
(C:\Users\vresh\AppData\Local\Programs\MiKTeX\tex/latex/aliascnt\aliascnt.sty
Package: aliascnt 2026-03-08 v1.7 Alias counters (HO)
)
\c@theorem=\count338

(C:\Users\vresh\AppData\Local\Programs\MiKTeX\tex/latex/tcolorbox\tcolorbox.sty
Package: tcolorbox 2025/11/28 version 6.9.0 text color boxes

(C:\Users\vresh\AppData\Local\Programs\MiKTeX\tex/latex/pgf/frontendlayer\tikz.
sty
(C:\Users\vresh\AppData\Local\Programs\MiKTeX\tex/latex/pgf/basiclayer\pgf.sty
(C:\Users\vresh\AppData\Local\Programs\MiKTeX\tex/latex/pgf/utilities\pgfrcs.st
y
(C:\Users\vresh\AppData\Local\Programs\MiKTeX\tex/generic/pgf/utilities\pgfutil
-common.tex
\pgfutil@everybye=\toks43
\pgfutil@tempdima=\dimen273
\pgfutil@tempdimb=\dimen274
)
(C:\Users\vresh\AppData\Local\Programs\MiKTeX\tex/generic/pgf/utilities\pgfutil
-latex.def
\pgfutil@abb=\box68
)
(C:\Users\vresh\AppData\Local\Programs\MiKTeX\tex/generic/pgf/utilities\pgfrcs.
code.tex
(C:\Users\vresh\AppData\Local\Programs\MiKTeX\tex/generic/pgf\pgf.revision.tex)
Package: pgfrcs 2025-08-29 v3.1.11a (3.1.11a)
))
Package: pgf 2025-08-29 v3.1.11a (3.1.11a)

(C:\Users\vresh\AppData\Local\Programs\MiKTeX\tex/latex/pgf/basiclayer\pgfcore.
sty
(C:\Users\vresh\AppData\Local\Programs\MiKTeX\tex/latex/pgf/systemlayer\pgfsys.
sty
(C:\Users\vresh\AppData\Local\Programs\MiKTeX\tex/generic/pgf/systemlayer\pgfsy
s.code.tex
Package: pgfsys 2025-08-29 v3.1.11a (3.1.11a)

(C:\Users\vresh\AppData\Local\Programs\MiKTeX\tex/generic/pgf/utilities\pgfkeys
.code.tex
\pgfkeys@pathtoks=\toks44
\pgfkeys@temptoks=\toks45

(C:\Users\vresh\AppData\Local\Programs\MiKTeX\tex/generic/pgf/utilities\pgfkeys
libraryfiltered.code.tex
\pgfkeys@tmptoks=\toks46
))
\pgf@x=\dimen275
\pgf@y=\dimen276
\pgf@xa=\dimen277
\pgf@ya=\dimen278
\pgf@xb=\dimen279
\pgf@yb=\dimen280
\pgf@xc=\dimen281
\pgf@yc=\dimen282
\pgf@xd=\dimen283
\pgf@yd=\dimen284
\w@pgf@writea=\write3
\r@pgf@reada=\read2
\c@pgf@counta=\count339
\c@pgf@countb=\count340
\c@pgf@countc=\count341
\c@pgf@countd=\count342
\t@pgf@toka=\toks47
\t@pgf@tokb=\toks48
\t@pgf@tokc=\toks49
\pgf@sys@id@count=\count343

(C:\Users\vresh\AppData\Local\Programs\MiKTeX\tex/generic/pgf/systemlayer\pgf.c
fg
File: pgf.cfg 2025-08-29 v3.1.11a (3.1.11a)
)
Driver file for pgf: pgfsys-pdftex.def

(C:\Users\vresh\AppData\Local\Programs\MiKTeX\tex/generic/pgf/systemlayer\pgfsy
s-pdftex.def
File: pgfsys-pdftex.def 2025-08-29 v3.1.11a (3.1.11a)

(C:\Users\vresh\AppData\Local\Programs\MiKTeX\tex/generic/pgf/systemlayer\pgfsy
s-common-pdf.def
File: pgfsys-common-pdf.def 2025-08-29 v3.1.11a (3.1.11a)
)))
(C:\Users\vresh\AppData\Local\Programs\MiKTeX\tex/generic/pgf/systemlayer\pgfsy
ssoftpath.code.tex
File: pgfsyssoftpath.code.tex 2025-08-29 v3.1.11a (3.1.11a)
\pgfsyssoftpath@smallbuffer@items=\count344
\pgfsyssoftpath@bigbuffer@items=\count345
)
(C:\Users\vresh\AppData\Local\Programs\MiKTeX\tex/generic/pgf/systemlayer\pgfsy
sprotocol.code.tex
File: pgfsysprotocol.code.tex 2025-08-29 v3.1.11a (3.1.11a)
))
(C:\Users\vresh\AppData\Local\Programs\MiKTeX\tex/generic/pgf/basiclayer\pgfcor
e.code.tex
Package: pgfcore 2025-08-29 v3.1.11a (3.1.11a)

(C:\Users\vresh\AppData\Local\Programs\MiKTeX\tex/generic/pgf/math\pgfmath.code
.tex
(C:\Users\vresh\AppData\Local\Programs\MiKTeX\tex/generic/pgf/math\pgfmathutil.
code.tex)
(C:\Users\vresh\AppData\Local\Programs\MiKTeX\tex/generic/pgf/math\pgfmathparse
r.code.tex
\pgfmath@dimen=\dimen285
\pgfmath@count=\count346
\pgfmath@box=\box69
\pgfmath@toks=\toks50
\pgfmath@stack@operand=\toks51
\pgfmath@stack@operation=\toks52
)
(C:\Users\vresh\AppData\Local\Programs\MiKTeX\tex/generic/pgf/math\pgfmathfunct
ions.code.tex)
(C:\Users\vresh\AppData\Local\Programs\MiKTeX\tex/generic/pgf/math\pgfmathfunct
ions.basic.code.tex)
(C:\Users\vresh\AppData\Local\Programs\MiKTeX\tex/generic/pgf/math\pgfmathfunct
ions.trigonometric.code.tex)
(C:\Users\vresh\AppData\Local\Programs\MiKTeX\tex/generic/pgf/math\pgfmathfunct
ions.random.code.tex)
(C:\Users\vresh\AppData\Local\Programs\MiKTeX\tex/generic/pgf/math\pgfmathfunct
ions.comparison.code.tex)
(C:\Users\vresh\AppData\Local\Programs\MiKTeX\tex/generic/pgf/math\pgfmathfunct
ions.base.code.tex)
(C:\Users\vresh\AppData\Local\Programs\MiKTeX\tex/generic/pgf/math\pgfmathfunct
ions.round.code.tex)
(C:\Users\vresh\AppData\Local\Programs\MiKTeX\tex/generic/pgf/math\pgfmathfunct
ions.misc.code.tex)
(C:\Users\vresh\AppData\Local\Programs\MiKTeX\tex/generic/pgf/math\pgfmathfunct
ions.integerarithmetics.code.tex)
(C:\Users\vresh\AppData\Local\Programs\MiKTeX\tex/generic/pgf/math\pgfmathcalc.
code.tex)
(C:\Users\vresh\AppData\Local\Programs\MiKTeX\tex/generic/pgf/math\pgfmathfloat
.code.tex
\c@pgfmathroundto@lastzeros=\count347
))
(C:\Users\vresh\AppData\Local\Programs\MiKTeX\tex/generic/pgf/math\pgfint.code.
tex)
(C:\Users\vresh\AppData\Local\Programs\MiKTeX\tex/generic/pgf/basiclayer\pgfcor
epoints.code.tex
File: pgfcorepoints.code.tex 2025-08-29 v3.1.11a (3.1.11a)
\pgf@picminx=\dimen286
\pgf@picmaxx=\dimen287
\pgf@picminy=\dimen288
\pgf@picmaxy=\dimen289
\pgf@pathminx=\dimen290
\pgf@pathmaxx=\dimen291
\pgf@pathminy=\dimen292
\pgf@pathmaxy=\dimen293
\pgf@xx=\dimen294
\pgf@xy=\dimen295
\pgf@yx=\dimen296
\pgf@yy=\dimen297
\pgf@zx=\dimen298
\pgf@zy=\dimen299
)
(C:\Users\vresh\AppData\Local\Programs\MiKTeX\tex/generic/pgf/basiclayer\pgfcor
epathconstruct.code.tex
File: pgfcorepathconstruct.code.tex 2025-08-29 v3.1.11a (3.1.11a)
\pgf@path@lastx=\dimen300
\pgf@path@lasty=\dimen301
)
(C:\Users\vresh\AppData\Local\Programs\MiKTeX\tex/generic/pgf/basiclayer\pgfcor
epathusage.code.tex
File: pgfcorepathusage.code.tex 2025-08-29 v3.1.11a (3.1.11a)
\pgf@shorten@end@additional=\dimen302
\pgf@shorten@start@additional=\dimen303
)
(C:\Users\vresh\AppData\Local\Programs\MiKTeX\tex/generic/pgf/basiclayer\pgfcor
escopes.code.tex
File: pgfcorescopes.code.tex 2025-08-29 v3.1.11a (3.1.11a)
\pgfpic=\box70
\pgf@hbox=\box71
\pgf@layerbox@main=\box72
\pgf@picture@serial@count=\count348
)
(C:\Users\vresh\AppData\Local\Programs\MiKTeX\tex/generic/pgf/basiclayer\pgfcor
egraphicstate.code.tex
File: pgfcoregraphicstate.code.tex 2025-08-29 v3.1.11a (3.1.11a)
\pgflinewidth=\dimen304
)
(C:\Users\vresh\AppData\Local\Programs\MiKTeX\tex/generic/pgf/basiclayer\pgfcor
etransformations.code.tex
File: pgfcoretransformations.code.tex 2025-08-29 v3.1.11a (3.1.11a)
\pgf@pt@x=\dimen305
\pgf@pt@y=\dimen306
\pgf@pt@temp=\dimen307
)
(C:\Users\vresh\AppData\Local\Programs\MiKTeX\tex/generic/pgf/basiclayer\pgfcor
equick.code.tex
File: pgfcorequick.code.tex 2025-08-29 v3.1.11a (3.1.11a)
)
(C:\Users\vresh\AppData\Local\Programs\MiKTeX\tex/generic/pgf/basiclayer\pgfcor
eobjects.code.tex
File: pgfcoreobjects.code.tex 2025-08-29 v3.1.11a (3.1.11a)
)
(C:\Users\vresh\AppData\Local\Programs\MiKTeX\tex/generic/pgf/basiclayer\pgfcor
epathprocessing.code.tex
File: pgfcorepathprocessing.code.tex 2025-08-29 v3.1.11a (3.1.11a)
)
(C:\Users\vresh\AppData\Local\Programs\MiKTeX\tex/generic/pgf/basiclayer\pgfcor
earrows.code.tex
File: pgfcorearrows.code.tex 2025-08-29 v3.1.11a (3.1.11a)
\pgfarrowsep=\dimen308
)
(C:\Users\vresh\AppData\Local\Programs\MiKTeX\tex/generic/pgf/basiclayer\pgfcor
eshade.code.tex
File: pgfcoreshade.code.tex 2025-08-29 v3.1.11a (3.1.11a)
\pgf@max=\dimen309
\pgf@sys@shading@range@num=\count349
\pgf@shadingcount=\count350
)
(C:\Users\vresh\AppData\Local\Programs\MiKTeX\tex/generic/pgf/basiclayer\pgfcor
eimage.code.tex
File: pgfcoreimage.code.tex 2025-08-29 v3.1.11a (3.1.11a)
)
(C:\Users\vresh\AppData\Local\Programs\MiKTeX\tex/generic/pgf/basiclayer\pgfcor
eexternal.code.tex
File: pgfcoreexternal.code.tex 2025-08-29 v3.1.11a (3.1.11a)
\pgfexternal@startupbox=\box73
)
(C:\Users\vresh\AppData\Local\Programs\MiKTeX\tex/generic/pgf/basiclayer\pgfcor
elayers.code.tex
File: pgfcorelayers.code.tex 2025-08-29 v3.1.11a (3.1.11a)
)
(C:\Users\vresh\AppData\Local\Programs\MiKTeX\tex/generic/pgf/basiclayer\pgfcor
etransparency.code.tex
File: pgfcoretransparency.code.tex 2025-08-29 v3.1.11a (3.1.11a)
)
(C:\Users\vresh\AppData\Local\Programs\MiKTeX\tex/generic/pgf/basiclayer\pgfcor
epatterns.code.tex
File: pgfcorepatterns.code.tex 2025-08-29 v3.1.11a (3.1.11a)
)
(C:\Users\vresh\AppData\Local\Programs\MiKTeX\tex/generic/pgf/basiclayer\pgfcor
erdf.code.tex
File: pgfcorerdf.code.tex 2025-08-29 v3.1.11a (3.1.11a)
)))
(C:\Users\vresh\AppData\Local\Programs\MiKTeX\tex/generic/pgf/modules\pgfmodule
shapes.code.tex
File: pgfmoduleshapes.code.tex 2025-08-29 v3.1.11a (3.1.11a)
\pgfnodeparttextbox=\box74
)
(C:\Users\vresh\AppData\Local\Programs\MiKTeX\tex/generic/pgf/modules\pgfmodule
plot.code.tex
File: pgfmoduleplot.code.tex 2025-08-29 v3.1.11a (3.1.11a)
)
(C:\Users\vresh\AppData\Local\Programs\MiKTeX\tex/latex/pgf/compatibility\pgfco
mp-version-0-65.sty
Package: pgfcomp-version-0-65 2025-08-29 v3.1.11a (3.1.11a)
\pgf@nodesepstart=\dimen310
\pgf@nodesepend=\dimen311
)
(C:\Users\vresh\AppData\Local\Programs\MiKTeX\tex/latex/pgf/compatibility\pgfco
mp-version-1-18.sty
Package: pgfcomp-version-1-18 2025-08-29 v3.1.11a (3.1.11a)
))
(C:\Users\vresh\AppData\Local\Programs\MiKTeX\tex/latex/pgf/utilities\pgffor.st
y
(C:\Users\vresh\AppData\Local\Programs\MiKTeX\tex/latex/pgf/utilities\pgfkeys.s
ty
(C:\Users\vresh\AppData\Local\Programs\MiKTeX\tex/generic/pgf/utilities\pgfkeys
.code.tex))
(C:\Users\vresh\AppData\Local\Programs\MiKTeX\tex/latex/pgf/math\pgfmath.sty
(C:\Users\vresh\AppData\Local\Programs\MiKTeX\tex/generic/pgf/math\pgfmath.code
.tex))
(C:\Users\vresh\AppData\Local\Programs\MiKTeX\tex/generic/pgf/utilities\pgffor.
code.tex
Package: pgffor 2025-08-29 v3.1.11a (3.1.11a)
\pgffor@iter=\dimen312
\pgffor@skip=\dimen313
\pgffor@stack=\toks53
\pgffor@toks=\toks54
))
(C:\Users\vresh\AppData\Local\Programs\MiKTeX\tex/generic/pgf/frontendlayer/tik
z\tikz.code.tex
Package: tikz 2025-08-29 v3.1.11a (3.1.11a)

(C:\Users\vresh\AppData\Local\Programs\MiKTeX\tex/generic/pgf/libraries\pgflibr
aryplothandlers.code.tex
File: pgflibraryplothandlers.code.tex 2025-08-29 v3.1.11a (3.1.11a)
\pgf@plot@mark@count=\count351
\pgfplotmarksize=\dimen314
)
\tikz@lastx=\dimen315
\tikz@lasty=\dimen316
\tikz@lastxsaved=\dimen317
\tikz@lastysaved=\dimen318
\tikz@lastmovetox=\dimen319
\tikz@lastmovetoy=\dimen320
\tikzleveldistance=\dimen321
\tikzsiblingdistance=\dimen322
\tikz@figbox=\box75
\tikz@figbox@bg=\box76
\tikz@tempbox=\box77
\tikz@tempbox@bg=\box78
\tikztreelevel=\count352
\tikznumberofchildren=\count353
\tikznumberofcurrentchild=\count354
\tikz@fig@count=\count355

(C:\Users\vresh\AppData\Local\Programs\MiKTeX\tex/generic/pgf/modules\pgfmodule
matrix.code.tex
File: pgfmodulematrix.code.tex 2025-08-29 v3.1.11a (3.1.11a)
\pgfmatrixcurrentrow=\count356
\pgfmatrixcurrentcolumn=\count357
\pgf@matrix@numberofcolumns=\count358
)
\tikz@expandcount=\count359

(C:\Users\vresh\AppData\Local\Programs\MiKTeX\tex/generic/pgf/frontendlayer/tik
z/libraries\tikzlibrarytopaths.code.tex
File: tikzlibrarytopaths.code.tex 2025-08-29 v3.1.11a (3.1.11a)
)))
(C:\Users\vresh\AppData\Local\Programs\MiKTeX\tex/latex/tools\verbatim.sty
Package: verbatim 2024-01-22 v1.5x LaTeX2e package for verbatim enhancements
\every@verbatim=\toks55
\verbatim@line=\toks56
\verbatim@in@stream=\read3
)
(C:\Users\vresh\AppData\Local\Programs\MiKTeX\tex/latex/environ\environ.sty
Package: environ 2014/05/04 v0.3 A new way to define environments

(C:\Users\vresh\AppData\Local\Programs\MiKTeX\tex/latex/trimspaces\trimspaces.s
ty
Package: trimspaces 2009/09/17 v1.1 Trim spaces around a token list
))
\tcb@titlebox=\box79
\tcb@upperbox=\box80
\tcb@lowerbox=\box81
\tcb@phantombox=\box82
\c@tcbbreakpart=\count360
\c@tcblayer=\count361
\c@tcolorbox@number=\count362
\l__tcobox_tmpa_box=\box83
\l__tcobox_tmpa_dim=\dimen323
\tcb@temp=\box84
\tcb@temp=\box85
\tcb@temp=\box86
\tcb@temp=\box87

(C:\Users\vresh\AppData\Local\Programs\MiKTeX\tex/latex/tcolorbox\tcbraster.cod
e.tex
Library (tcolorbox): 'tcbraster.code.tex' version '6.9.0'
\c@tcbrastercolumn=\count363
\c@tcbrasterrow=\count364
\c@tcbrasternum=\count365
\c@tcbraster=\count366
)
(C:\Users\vresh\AppData\Local\Programs\MiKTeX\tex/latex/tcolorbox\tcbskins.code
.tex
Library (tcolorbox): 'tcbskins.code.tex' version '6.9.0'

(C:\Users\vresh\AppData\Local\Programs\MiKTeX\tex/latex/tikzfill\tikzfill.image
.sty
Package: tikzfill.image 2026/04/23 v1.2.0 Image filling library for TikZ

(C:\Users\vresh\AppData\Local\Programs\MiKTeX\tex/latex/tikzfill\tikzlibraryfil
l.image.code.tex
File: tikzlibraryfill.image.code.tex 2026/04/23 v1.2.0 Image filling library
\l__tikzfill_tmpa_dim=\dimen324
\l__tikzfill_tmpb_dim=\dimen325
\l__tikzfill_img_box=\box88
))
(C:\Users\vresh\AppData\Local\Programs\MiKTeX\tex/latex/tcolorbox\tcbskinsjigsa
w.code.tex
Library (tcolorbox): 'tcbskinsjigsaw.code.tex' version '6.9.0'
))
(C:\Users\vresh\AppData\Local\Programs\MiKTeX\tex/latex/tcolorbox\tcbbreakable.
code.tex
Library (tcolorbox): 'tcbbreakable.code.tex' version '6.9.0'
(C:\Users\vresh\AppData\Local\Programs\MiKTeX\tex/latex/pdfcol\pdfcol.sty
Package: pdfcol 2022-09-21 v1.7 Handle new color stacks for pdfTeX (HO)
)
Package pdfcol Info: New color stack `tcb@breakable' = 1 on input line 23.
\tcb@testbox=\box89
\tcb@totalupperbox=\box90
\tcb@totallowerbox=\box91
)
(C:\Users\vresh\AppData\Local\Programs\MiKTeX\tex/latex/tcolorbox\tcbhooks.code
.tex
Library (tcolorbox): 'tcbhooks.code.tex' version '6.9.0'
)
(C:\Users\vresh\AppData\Local\Programs\MiKTeX\tex/latex/tcolorbox\tcbtheorems.c
ode.tex
Library (tcolorbox): 'tcbtheorems.code.tex' version '6.9.0'
)
(C:\Users\vresh\AppData\Local\Programs\MiKTeX\tex/latex/tcolorbox\tcbfitting.co
de.tex
Library (tcolorbox): 'tcbfitting.code.tex' version '6.9.0'
\tcbfitdim=\dimen326
\tcb@lowerfitdim=\dimen327
\tcb@upperfitdim=\dimen328
\tcb@cur@hbadness=\count367
)
(C:\Users\vresh\AppData\Local\Programs\MiKTeX\tex/latex/tcolorbox\tcblistingsut
f8.code.tex
Library (tcolorbox): 'tcblistingsutf8.code.tex' version '6.9.0'

(C:\Users\vresh\AppData\Local\Programs\MiKTeX\tex/latex/tcolorbox\tcblistings.c
ode.tex
Library (tcolorbox): 'tcblistings.code.tex' version '6.9.0'

(C:\Users\vresh\AppData\Local\Programs\MiKTeX\tex/latex/tcolorbox\tcblistingsco
re.code.tex
Library (tcolorbox): 'tcblistingscore.code.tex' version '6.9.0'

(C:\Users\vresh\AppData\Local\Programs\MiKTeX\tex/latex/tcolorbox\tcbprocessing
.code.tex
Library (tcolorbox): 'tcbprocessing.code.tex' version '6.9.0'
)
\c@tcblisting=\count368
))
(C:\Users\vresh\AppData\Local\Programs\MiKTeX\tex/latex/listingsutf8\listingsut
f8.sty
Package: listingsutf8 2019-12-10 v1.5 Allow UTF-8 in listings input (HO)
))
(C:\Users\vresh\AppData\Local\Programs\MiKTeX\tex/latex/tcolorbox\tcbexternal.c
ode.tex
Library (tcolorbox): 'tcbexternal.code.tex' version '6.9.0'
)
(C:\Users\vresh\AppData\Local\Programs\MiKTeX\tex/latex/tcolorbox\tcbmagazine.c
ode.tex
Library (tcolorbox): 'tcbmagazine.code.tex' version '6.9.0'
)
(C:\Users\vresh\AppData\Local\Programs\MiKTeX\tex/latex/tcolorbox\tcbvignette.c
ode.tex
Library (tcolorbox): 'tcbvignette.code.tex' version '6.9.0'

(C:\Users\vresh\AppData\Local\Programs\MiKTeX\tex/generic/pgf/frontendlayer/tik
z/libraries\tikzlibraryfadings.code.tex
File: tikzlibraryfadings.code.tex 2025-08-29 v3.1.11a (3.1.11a)

(C:\Users\vresh\AppData\Local\Programs\MiKTeX\tex/generic/pgf/libraries\pgflibr
aryfadings.code.tex
File: pgflibraryfadings.code.tex 2025-08-29 v3.1.11a (3.1.11a)
)))
(C:\Users\vresh\AppData\Local\Programs\MiKTeX\tex/latex/tcolorbox\tcbposter.cod
e.tex
Library (tcolorbox): 'tcbposter.code.tex' version '6.9.0'
))
(C:\Users\vresh\AppData\Local\Programs\MiKTeX\tex/latex/needspace\needspace.sty
Package: needspace 2025/03/13 v1.3e reserve vertical space
)
LaTeX Font Info:    Trying to load font information for T1+LibertinusSerif-TLF 
on input line 107.

(C:\Users\vresh\AppData\Local\Programs\MiKTeX\tex/latex/libertinus-type1\t1libe
rtinusserif-tlf.fd
File: T1LibertinusSerif-TLF.fd 2024/09/22 (autoinst) Font definitions for T1/Li
bertinusSerif-TLF.
)
LaTeX Font Info:    Font shape `T1/LibertinusSerif-TLF/m/n' will be
(Font)              scaled to size 10.95pt on input line 107.

(C:\Users\vresh\AppData\Local\Programs\MiKTeX\tex/latex/l3backend\l3backend-pdf
tex.def
File: l3backend-pdftex.def 2026-02-18 L3 backend support: PDF output (pdfTeX)
\l__color_backend_stack_int=\count369
)
No file Spectra_and_Arithmetic_Frontiers.aux.
\openout1 = `Spectra_and_Arithmetic_Frontiers.aux'.

LaTeX Font Info:    Checking defaults for OML/cmm/m/it on input line 107.
LaTeX Font Info:    ... okay on input line 107.
LaTeX Font Info:    Checking defaults for OMS/cmsy/m/n on input line 107.
LaTeX Font Info:    ... okay on input line 107.
LaTeX Font Info:    Checking defaults for OT1/cmr/m/n on input line 107.
LaTeX Font Info:    ... okay on input line 107.
LaTeX Font Info:    Checking defaults for T1/cmr/m/n on input line 107.
LaTeX Font Info:    ... okay on input line 107.
LaTeX Font Info:    Checking defaults for TS1/cmr/m/n on input line 107.
LaTeX Font Info:    ... okay on input line 107.
LaTeX Font Info:    Checking defaults for OMX/cmex/m/n on input line 107.
LaTeX Font Info:    ... okay on input line 107.
LaTeX Font Info:    Checking defaults for U/cmr/m/n on input line 107.
LaTeX Font Info:    ... okay on input line 107.
LaTeX Font Info:    Checking defaults for PD1/pdf/m/n on input line 107.
LaTeX Font Info:    ... okay on input line 107.
LaTeX Font Info:    Checking defaults for PU/pdf/m/n on input line 107.
LaTeX Font Info:    ... okay on input line 107.
*geometry* driver: auto-detecting
*geometry* detected driver: pdftex
*geometry* verbose mode - [ preamble ] result:
* driver: pdftex
* paper: a4paper
* layout: <same size as paper>
* layoutoffset:(h,v)=(0.0pt,0.0pt)
* modes: 
* h-part:(L,W,R)=(76.82243pt, 443.863pt, 76.82243pt)
* v-part:(T,H,B)=(76.82243pt, 691.40198pt, 76.82243pt)
* \paperwidth=597.50787pt
* \paperheight=845.04684pt
* \textwidth=443.863pt
* \textheight=691.40198pt
* \oddsidemargin=4.55244pt
* \evensidemargin=4.55244pt
* \topmargin=-42.44756pt
* \headheight=22.0pt
* \headsep=25.0pt
* \topskip=11.0pt
* \footskip=30.0pt
* \marginparwidth=59.0pt
* \marginparsep=10.0pt
* \columnsep=10.0pt
* \skip\footins=10.0pt plus 4.0pt minus 2.0pt
* \hoffset=0.0pt
* \voffset=0.0pt
* \mag=1000
* \@twocolumnfalse
* \@twosidefalse
* \@mparswitchfalse
* \@reversemarginfalse
* (1in=72.27pt=25.4mm, 1cm=28.453pt)

\c@mv@tabular=\count370
\c@mv@boldtabular=\count371
LaTeX Info: Redefining \microtypecontext on input line 107.
Package microtype Info: Applying patch `item' on input line 107.
Package microtype Info: Applying patch `toc' on input line 107.
Package microtype Info: Applying patch `eqnum' on input line 107.
Package microtype Info: Applying patch `footnote' on input line 107.
Package microtype Info: Applying patch `verbatim' on input line 107.
LaTeX Info: Redefining \microtypesetup on input line 107.
Package microtype Info: Generating PDF output.
Package microtype Info: Character protrusion enabled (level 2).
Package microtype Info: Using default protrusion set `alltext'.
Package microtype Info: Automatic font expansion enabled (level 2),
(microtype)             stretch: 20, shrink: 20, step: 1, non-selected.
Package microtype Info: Using default expansion set `alltext-nott'.
Package microtype Info: Patching command `\showhyphens'.
Package microtype Info: No adjustment of tracking.
Package microtype Info: No adjustment of interword spacing.
Package microtype Info: No adjustment of character kerning.
Package microtype Info: Loading generic protrusion settings for font family
(microtype)             `LibertinusSerif-TLF' (encoding: T1).
(microtype)             For optimal results, create family-specific settings.
(microtype)             See the microtype manual for details.

(C:\Users\vresh\AppData\Local\Programs\MiKTeX\tex/context/base/mkii\supp-pdf.mk
ii
[Loading MPS to PDF converter (version 2006.09.02).]
\scratchcounter=\count372
\scratchdimen=\dimen329
\scratchbox=\box92
\nofMPsegments=\count373
\nofMParguments=\count374
\everyMPshowfont=\toks57
\MPscratchCnt=\count375
\MPscratchDim=\dimen330
\MPnumerator=\count376
\makeMPintoPDFobject=\count377
\everyMPtoPDFconversion=\toks58
)
(C:\Users\vresh\AppData\Local\Programs\MiKTeX\tex/latex/epstopdf-pkg\epstopdf-b
ase.sty
Package: epstopdf-base 2020-01-24 v2.11 Base part for package epstopdf


Package epstopdf Warning: Shell escape feature is not enabled.

Package epstopdf-base Info: Redefining graphics rule for `.eps' on input line 4
85.

(C:\Users\vresh\AppData\Local\Programs\MiKTeX\tex/latex/00miktex\epstopdf-sys.c
fg
File: epstopdf-sys.cfg 2021/03/18 v2.0 Configuration of epstopdf for MiKTeX
))
\c@lstlisting=\count378
Package hyperref Info: Link coloring ON on input line 107.
\@outlinefile=\write4
\openout4 = `Spectra_and_Arithmetic_Frontiers.out'.

LaTeX Font Info:    Font shape `T1/LibertinusSerif-TLF/m/n' will be
(Font)              scaled to size 17.28pt on input line 109.
LaTeX Font Info:    Font shape `T1/LibertinusSerif-TLF/b/n' will be
(Font)              scaled to size 17.28pt on input line 109.
LaTeX Font Info:    Font shape `T1/LibertinusSerif-TLF/m/n' will be
(Font)              scaled to size 12.0pt on input line 109.

(C:\Users\vresh\AppData\Local\Programs\MiKTeX\tex/latex/microtype\mt-cmr.cfg
File: mt-cmr.cfg 2013/05/19 v2.2 microtype config. file: Computer Modern Roman 
(RS)
)
LaTeX Font Info:    Trying to load font information for U+msa on input line 109
.

(C:\Users\vresh\AppData\Local\Programs\MiKTeX\tex/latex/amsfonts\umsa.fd
File: umsa.fd 2013/01/14 v3.01 AMS symbols A
)
(C:\Users\vresh\AppData\Local\Programs\MiKTeX\tex/latex/microtype\mt-msa.cfg
File: mt-msa.cfg 2006/02/04 v1.1 microtype config. file: AMS symbols (a) (RS)
)
LaTeX Font Info:    Trying to load font information for U+msb on input line 109
.

(C:\Users\vresh\AppData\Local\Programs\MiKTeX\tex/latex/amsfonts\umsb.fd
File: umsb.fd 2013/01/14 v3.01 AMS symbols B
)
(C:\Users\vresh\AppData\Local\Programs\MiKTeX\tex/latex/microtype\mt-msb.cfg
File: mt-msb.cfg 2005/06/01 v1.0 microtype config. file: AMS symbols (b) (RS)
)
LaTeX Font Info:    Trying to load font information for U+rsfs on input line 10
9.

(C:\Users\vresh\AppData\Local\Programs\MiKTeX\tex/latex/jknappen\ursfs.fd
File: ursfs.fd 1998/03/24 rsfs font definition file (jk)
)
LaTeX Font Info:    Trying to load font information for T1+LibertinusMono-TLF o
n input line 109.

(C:\Users\vresh\AppData\Local\Programs\MiKTeX\tex/latex/libertinus-type1\t1libe
rtinusmono-tlf.fd
File: T1LibertinusMono-TLF.fd 2025/01/11 (autoinst) Font definitions for T1/Lib
ertinusMono-TLF.
)
LaTeX Font Info:    Font shape `T1/LibertinusMono-TLF/m/n' will be
(Font)              scaled to size 10.20007pt on input line 109.
Package microtype Info: Loading generic protrusion settings for font family
(microtype)             `LibertinusMono-TLF' (encoding: T1).
(microtype)             For optimal results, create family-specific settings.
(microtype)             See the microtype manual for details.
Package microtype Info: Character `guilsinglleft ' is missing
(microtype)             in font `T1/LibertinusMono-TLF/m/n/12'.
(microtype)             Ignoring protrusion settings for this character.
Package microtype Info: Character `guilsinglright ' is missing
(microtype)             in font `T1/LibertinusMono-TLF/m/n/12'.
(microtype)             Ignoring protrusion settings for this character.
LaTeX Font Info:    Font shape `T1/LibertinusSerif-TLF/m/n' will be
(Font)              scaled to size 14.4pt on input line 109.
LaTeX Font Info:    Font shape `T1/LibertinusSerif-TLF/b/n' will be
(Font)              scaled to size 14.4pt on input line 109.

No file Spectra_and_Arithmetic_Frontiers.toc.
\tf@toc=\write5
\openout5 = `Spectra_and_Arithmetic_Frontiers.toc'.

[1

{C:/Users/vresh/AppData/Local/MiKTeX/fonts/map/pdftex/pdftex.map}{C:/Users/vres
h/AppData/Local/Programs/MiKTeX/fonts/enc/dvips/libertinus-type1/lbn1_sfissr.en
c}{C:/Users/vresh/AppData/Local/Programs/MiKTeX/fonts/enc/dvips/libertinus-type
1/lbn1_75t36g.enc}{C:/Users/vresh/AppData/Local/Programs/MiKTeX/fonts/enc/dvips
/libertinus-type1/lbn1_or3pzs.enc}]
LaTeX Font Info:    Trying to load font information for TS1+LibertinusSerif-TLF
 on input line 116.

(C:\Users\vresh\AppData\Local\Programs\MiKTeX\tex/latex/libertinus-type1\ts1lib
ertinusserif-tlf.fd
File: TS1LibertinusSerif-TLF.fd 2024/09/22 (autoinst) Font definitions for TS1/
LibertinusSerif-TLF.
)
LaTeX Font Info:    Font shape `TS1/LibertinusSerif-TLF/m/n' will be
(Font)              scaled to size 10.95pt on input line 116.
Package microtype Info: Loading generic protrusion settings for font family
(microtype)             `LibertinusSerif-TLF' (encoding: TS1).
(microtype)             For optimal results, create family-specific settings.
(microtype)             See the microtype manual for details.
LaTeX Font Info:    Font shape `T1/LibertinusMono-TLF/m/n' will be
(Font)              scaled to size 9.30756pt on input line 116.
Package microtype Info: Character `guilsinglleft ' is missing
(microtype)             in font `T1/LibertinusMono-TLF/m/n/10.95'.
(microtype)             Ignoring protrusion settings for this character.
Package microtype Info: Character `guilsinglright ' is missing
(microtype)             in font `T1/LibertinusMono-TLF/m/n/10.95'.
(microtype)             Ignoring protrusion settings for this character.
LaTeX Font Info:    Font shape `T1/LibertinusSerif-TLF/m/n' will be
(Font)              scaled to size 9.0pt on input line 116.
LaTeX Font Info:    Font shape `T1/LibertinusMono-TLF/m/n' will be
(Font)              scaled to size 7.65005pt on input line 116.
Package microtype Info: Character `guilsinglleft ' is missing
(microtype)             in font `T1/LibertinusMono-TLF/m/n/9'.
(microtype)             Ignoring protrusion settings for this character.
Package microtype Info: Character `guilsinglright ' is missing
(microtype)             in font `T1/LibertinusMono-TLF/m/n/9'.
(microtype)             Ignoring protrusion settings for this character.
LaTeX Font Info:    Font shape `T1/LibertinusSerif-TLF/m/n' will be
(Font)              scaled to size 10.0pt on input line 121.
 [2

{C:/Users/vresh/AppData/Local/Programs/MiKTeX/fonts/enc/dvips/libertinus-type1/
lbn1_rlktsf.enc}]
LaTeX Font Info:    Font shape `T1/LibertinusSerif-TLF/b/n' will be
(Font)              scaled to size 20.74pt on input line 122.
LaTeX Font Info:    Font shape `T1/LibertinusSerif-TLF/b/n' will be
(Font)              scaled to size 10.0pt on input line 128.
LaTeX Font Info:    Font shape `T1/LibertinusSerif-TLF/m/sc' will be
(Font)              scaled to size 10.0pt on input line 197.
 [3

] [4{C:/Users/vresh/AppData/Local/Programs/MiKTeX/fonts/enc/dvips/libertinus-ty
pe1/lbn1_cb34qf.enc}]
LaTeX Font Info:    Font shape `T1/LibertinusSerif-TLF/b/n' will be
(Font)              scaled to size 12.0pt on input line 210.
LaTeX Font Info:    Font shape `T1/LibertinusSerif-TLF/b/n' will be
(Font)              scaled to size 10.95pt on input line 222.


LaTeX Warning: Reference `p1:app:inventory' on page 1 undefined on input line 2
22.

LaTeX Font Info:    Font shape `T1/LibertinusSerif-TLF/m/it' will be
(Font)              scaled to size 10.95pt on input line 241.
[5{C:/Users/vresh/AppData/Local/Programs/MiKTeX/fonts/enc/dvips/libertinus-type
1/lbn1_sncvby.enc}]
LaTeX Font Info:    Font shape `T1/LibertinusSerif-TLF/m/n' will be
(Font)              scaled to size 8.0pt on input line 284.
LaTeX Font Info:    Font shape `T1/LibertinusSerif-TLF/m/n' will be
(Font)              scaled to size 6.0pt on input line 284.


LaTeX Warning: Reference `p1:tab:contribution-map' on page 1 undefined on input
 line 294.

LaTeX Font Info:    Font shape `T1/LibertinusSerif-TLF/m/it' will be
(Font)              scaled to size 10.0pt on input line 304.

ignored: Infinite glue shrinkage found in box being split [6]

LaTeX Warning: Citation `p1:ariascompact' on page 7 undefined on input line 365
.


LaTeX Warning: Citation `p1:ariasarith' on page 7 undefined on input line 365.

[7]
LaTeX Font Info:    Font shape `T1/LibertinusSerif-TLF/m/sc' will be
(Font)              scaled to size 10.95pt on input line 410.
LaTeX Font Info:    Trying to load font information for U+euf on input line 432
.
 (C:\Users\vresh\AppData\Local\Programs\MiKTeX\tex/latex/amsfonts\ueuf.fd
File: ueuf.fd 2013/01/14 v3.01 Euler Fraktur
)
(C:\Users\vresh\AppData\Local\Programs\MiKTeX\tex/latex/microtype\mt-euf.cfg
File: mt-euf.cfg 2006/07/03 v1.1 microtype config. file: AMS Euler Fraktur (RS)

)

LaTeX Warning: Reference `p1:eq:Lambert-baseline' on page 8 undefined on input 
line 442.


LaTeX Warning: Reference `p1:eq:Phi-sign-law' on page 8 undefined on input line
 458.


LaTeX Warning: Reference `p1:tab:first-amplitudes' on page 1 undefined on input
 line 462.

[8]

LaTeX Warning: Reference `p1:eq:cosine-spectrum' on page 9 undefined on input l
ine 512.


LaTeX Warning: Reference `p1:eq:Phi-power-bound-baseline' on page 9 undefined o
n input line 512.


LaTeX Warning: Reference `p1:eq:a-k-def' on page 9 undefined on input line 542.


[9]

LaTeX Warning: Reference `p1:eq:cosine-spectrum' on page 10 undefined on input 
line 563.


LaTeX Warning: Reference `p1:eq:mass-half' on page 10 undefined on input line 5
67.


LaTeX Warning: Reference `p1:eq:all-even-moments-zero' on page 10 undefined on 
input line 573.


LaTeX Warning: Reference `p1:eq:Phi-power-bound-baseline' on page 10 undefined 
on input line 574.


LaTeX Warning: Reference `p1:eq:mass-half' on page 10 undefined on input line 5
92.


LaTeX Warning: Reference `p1:eq:all-even-moments-zero' on page 10 undefined on 
input line 592.


LaTeX Warning: Reference `p1:eq:positive-prouhet' on page 10 undefined on input
 line 597.


LaTeX Warning: Citation `p1:cloitre2026' on page 10 undefined on input line 601
.


LaTeX Warning: Reference `p1:thm:weighted-prouhet' on page 1 undefined on input
 line 624.


LaTeX Warning: Reference `p1:eq:mass-half' on page 10 undefined on input line 6
24.

[10]

LaTeX Warning: Reference `p1:eq:nu-measure' on page 11 undefined on input line 
629.


LaTeX Warning: Reference `p1:eq:Phi-power-bound-baseline' on page 11 undefined 
on input line 656.


LaTeX Warning: Reference `p1:eq:prouhet-tail-raw' on page 11 undefined on input
 line 663.


LaTeX Warning: Reference `p1:eq:prouhet-tail-raw' on page 11 undefined on input
 line 672.


LaTeX Warning: Reference `p1:sec:alias-error' on page 1 undefined on input line
 674.


LaTeX Warning: Reference `p1:eq:selected-factor-bound' on page 11 undefined on 
input line 675.


LaTeX Warning: Reference `p1:eq:cosine-spectrum' on page 11 undefined on input 
line 700.


LaTeX Warning: Reference `p1:eq:global-derivatives' on page 11 undefined on inp
ut line 703.

[11]

LaTeX Warning: Reference `p1:eq:filtration-below' on page 12 undefined on input
 line 721.


LaTeX Warning: Reference `p1:eq:baseline-qbinomial' on page 12 undefined on inp
ut line 722.


LaTeX Warning: Reference `p1:thm:spectral-derivative' on page 1 undefined on in
put line 728.


LaTeX Warning: Reference `p1:eq:global-integers' on page 12 undefined on input 
line 732.


LaTeX Warning: Reference `p1:eq:filtration-critical' on page 12 undefined on in
put line 738.


LaTeX Warning: Reference `p1:eq:filtration-below' on page 12 undefined on input
 line 740.


LaTeX Warning: Reference `p1:thm:dyadic-filtration' on page 1 undefined on inpu
t line 745.


LaTeX Warning: Reference `p1:eq:filtration-above' on page 12 undefined on input
 line 750.


LaTeX Warning: Reference `p1:eq:filtration-critical' on page 12 undefined on in
put line 753.


LaTeX Warning: Reference `p1:eq:filtration-below' on page 12 undefined on input
 line 760.


LaTeX Warning: Reference `p1:eq:denominator-detection' on page 12 undefined on 
input line 788.

[12]

LaTeX Warning: Reference `p1:eq:F-rho-spectral' on page 13 undefined on input l
ine 821.


LaTeX Warning: Reference `p1:eq:Up-F-relations' on page 13 undefined on input l
ine 826.


LaTeX Warning: Reference `p1:eq:cosine-spectrum' on page 13 undefined on input 
line 827.


LaTeX Warning: Reference `p1:eq:F-basic-spectral' on page 13 undefined on input
 line 828.


LaTeX Warning: Reference `p1:thm:weighted-prouhet' on page 1 undefined on input
 line 834.


LaTeX Warning: Reference `p1:eq:F-rho-spectral' on page 13 undefined on input l
ine 840.

[13]

LaTeX Warning: Reference `p1:thm:spectral-remainder' on page 1 undefined on inp
ut line 867.


LaTeX Warning: Reference `p1:eq:Lambert-baseline' on page 14 undefined on input
 line 868.


LaTeX Warning: Reference `p1:eq:Lambert-spectral-bridge' on page 14 undefined o
n input line 872.


LaTeX Warning: Reference `p1:eq:F-rho-spectral' on page 14 undefined on input l
ine 876.


LaTeX Warning: Reference `p1:sec:open' on page 1 undefined on input line 878.


LaTeX Warning: Reference `p1:thm:alias-identity' on page 1 undefined on input l
ine 926.

[14]

LaTeX Warning: Reference `p1:eq:A-n-r-def' on page 15 undefined on input line 9
67.


LaTeX Warning: Reference `p1:eq:alias-identity' on page 15 undefined on input l
ine 974.


LaTeX Warning: Reference `p1:eq:A-n-r-def' on page 15 undefined on input line 9
77.


LaTeX Warning: Reference `p1:eq:A-Up-DCT' on page 15 undefined on input line 97
9.


LaTeX Warning: Reference `p1:eq:A-F-DCT' on page 15 undefined on input line 984
.


LaTeX Warning: Reference `p1:eq:alias-identity' on page 15 undefined on input l
ine 988.


LaTeX Warning: Reference `p1:eq:A-Up-DCT' on page 15 undefined on input line 10
21.

Package microtype Info: Loading generic protrusion settings for font family
(microtype)             `cmtt' (encoding: OT1).
(microtype)             For optimal results, create family-specific settings.
(microtype)             See the microtype manual for details.

LaTeX Warning: Reference `p1:eq:A-F-DCT' on page 15 undefined on input line 102
7.

[15]

LaTeX Warning: Reference `p1:eq:A-n-r-def' on page 16 undefined on input line 1
050.


LaTeX Warning: Reference `p1:eq:inverse-DCT' on page 16 undefined on input line
 1059.


LaTeX Warning: Reference `p1:eq:inverse-DCT' on page 16 undefined on input line
 1072.

[16]

LaTeX Warning: Reference `p1:eq:inverse-DCT' on page 17 undefined on input line
 1096.


LaTeX Warning: Reference `p1:eq:discrete-energy' on page 17 undefined on input 
line 1110.


LaTeX Warning: Reference `p1:eq:discrete-energy' on page 17 undefined on input 
line 1126.


LaTeX Warning: Reference `p1:eq:cosine-spectrum' on page 17 undefined on input 
line 1131.

[17]

LaTeX Warning: Reference `p1:eq:alias-identity' on page 18 undefined on input l
ine 1194.


LaTeX Warning: Reference `p1:lem:selected-factor-bound' on page 1 undefined on 
input line 1199.


LaTeX Warning: Reference `p1:eq:alias-error-n' on page 18 undefined on input li
ne 1208.


LaTeX Warning: Reference `p1:eq:alias-error-general' on page 18 undefined on in
put line 1212.


LaTeX Warning: Reference `p1:lem:selected-factor-bound' on page 1 undefined on 
input line 1223.


LaTeX Warning: Reference `p1:eq:alias-error-n' on page 18 undefined on input li
ne 1226.

[18]

LaTeX Warning: Reference `p1:tab:A-convergence' on page 1 undefined on input li
ne 1243.


LaTeX Warning: Reference `p1:eq:baseline-qbinomial' on page 19 undefined on inp
ut line 1275.


LaTeX Warning: Reference `p1:eq:baseline-qbinomial' on page 19 undefined on inp
ut line 1297.


LaTeX Warning: Reference `p1:eq:A-F-DCT' on page 19 undefined on input line 129
8.


LaTeX Warning: Reference `p1:thm:alias-error' on page 1 undefined on input line
 1299.


LaTeX Warning: Reference `p1:eq:q-approximant' on page 19 undefined on input li
ne 1303.


LaTeX Warning: Reference `p1:eq:A-F-DCT' on page 19 undefined on input line 131
3.

[19]

LaTeX Warning: Reference `p1:eq:q-approximant' on page 20 undefined on input li
ne 1333.


LaTeX Warning: Reference `p1:eq:q-approximant' on page 20 undefined on input li
ne 1338.

[20]

LaTeX Warning: Reference `p1:eq:A-F-DCT' on page 21 undefined on input line 139
5.


LaTeX Warning: Reference `p1:prop:Galois-action' on page 1 undefined on input l
ine 1428.


LaTeX Warning: Reference `p1:eq:Ramanujan-traces' on page 21 undefined on input
 line 1456.


LaTeX Warning: Reference `p1:eq:discrete-energy' on page 21 undefined on input 
line 1457.


LaTeX Warning: Reference `p1:eq:A-n-r-def' on page 21 undefined on input line 1
461.

[21]

LaTeX Warning: Reference `p1:eq:Ramanujan-traces' on page 22 undefined on input
 line 1484.


LaTeX Warning: Reference `p1:eq:Ramanujan-power-two' on page 22 undefined on in
put line 1495.


LaTeX Warning: Reference `p1:eq:Ramanujan-traces' on page 22 undefined on input
 line 1499.


LaTeX Warning: Reference `p1:eq:discrete-energy' on page 22 undefined on input 
line 1502.


LaTeX Warning: Reference `p1:eq:universal-trace' on page 22 undefined on input 
line 1510.


LaTeX Warning: Reference `p1:eq:Ramanujan-traces' on page 22 undefined on input
 line 1543.

[22]

LaTeX Warning: Reference `p1:thm:alias-error' on page 1 undefined on input line
 1618.


LaTeX Warning: Reference `p1:eq:trace-error-split' on page 23 undefined on inpu
t line 1626.


LaTeX Warning: Reference `p1:lem:selected-factor-bound' on page 1 undefined on 
input line 1628.

[23]

LaTeX Warning: Reference `p1:eq:q-approximant' on page 24 undefined on input li
ne 1643.


LaTeX Warning: Reference `p1:eq:discrete-energy' on page 24 undefined on input 
line 1667.


LaTeX Warning: Reference `p1:eq:orbit-second-moment' on page 24 undefined on in
put line 1671.

[24]

LaTeX Warning: Reference `p1:eq:Phi-def' on page 25 undefined on input line 171
5.


LaTeX Warning: Reference `p1:eq:single-alias-factorization' on page 25 undefine
d on input line 1734.


LaTeX Warning: Reference `p1:eq:alias-identity' on page 25 undefined on input l
ine 1735.


LaTeX Warning: Reference `p1:eq:A-shifted-sum' on page 25 undefined on input li
ne 1735.


LaTeX Warning: Reference `p1:eq:A-shifted-sum' on page 25 undefined on input li
ne 1757.


LaTeX Warning: Reference `p1:eq:T-n-polynomial' on page 25 undefined on input l
ine 1763.


LaTeX Warning: Reference `p1:prop:TM-sign-carrier' on page 1 undefined on input
 line 1776.


LaTeX Warning: Reference `p1:eq:T-root-magnitude' on page 25 undefined on input
 line 1777.


LaTeX Warning: Reference `p1:eq:Gamma-sign' on page 25 undefined on input line 
1782.

[25]

LaTeX Warning: Reference `p1:eq:Gamma-sign' on page 26 undefined on input line 
1806.


LaTeX Warning: Reference `p1:eq:observed-A-sign' on page 26 undefined on input 
line 1817.

LaTeX Font Info:    Font shape `T1/LibertinusSerif-TLF/m/scit' will be
(Font)              scaled to size 10.95pt on input line 1819.

LaTeX Warning: Reference `p1:eq:shifted-positivity' on page 26 undefined on inp
ut line 1823.

[26{C:/Users/vresh/AppData/Local/Programs/MiKTeX/fonts/enc/dvips/libertinus-typ
e1/lbn1_ihkzot.enc}]

LaTeX Warning: Reference `p1:eq:q-approximant' on page 27 undefined on input li
ne 1858.


LaTeX Warning: Reference `p1:eq:leading-jet-baseline' on page 27 undefined on i
nput line 1870.


LaTeX Warning: Reference `p1:thm:alias-error' on page 1 undefined on input line
 1870.


LaTeX Warning: Reference `p1:eq:jet-error' on page 27 undefined on input line 1
889.


LaTeX Warning: Reference `p1:ex:jet-12' on page 1 undefined on input line 1895.



LaTeX Warning: Reference `p1:eq:jet-error' on page 27 undefined on input line 1
897.


LaTeX Warning: Reference `p1:eq:A-F-DCT' on page 27 undefined on input line 192
0.


LaTeX Warning: Reference `p1:eq:alias-identity' on page 27 undefined on input l
ine 1921.


LaTeX Warning: Reference `p1:tab:A-convergence' on page 1 undefined on input li
ne 1922.


LaTeX Warning: Reference `p1:eq:alias-error-n' on page 27 undefined on input li
ne 1923.


LaTeX Warning: Reference `p1:eq:P2-poly' on page 27 undefined on input line 192
5.


LaTeX Warning: Reference `p1:eq:P3-poly' on page 27 undefined on input line 192
5.

[27]

LaTeX Warning: Reference `p1:eq:single-alias-factorization' on page 28 undefine
d on input line 1926.


LaTeX Warning: Reference `p1:eq:observed-A-sign' on page 28 undefined on input 
line 1928.


LaTeX Warning: Reference `p1:eq:jet-error' on page 28 undefined on input line 1
930.


LaTeX Warning: Reference `p1:eq:closed-dyadic-verification' on page 28 undefine
d on input line 1950.


LaTeX Warning: Reference `p1:eq:A-F-DCT' on page 28 undefined on input line 195
1.

(C:\Users\vresh\AppData\Local\Programs\MiKTeX\tex/latex/listings\lstlang1.sty
File: lstlang1.sty 2025/11/14 1.11b listings language file
)
Package hyperref Info: bookmark level for unknown lstlisting defaults to 0 on i
nput line 1956.
LaTeX Font Info:    Font shape `T1/LibertinusMono-TLF/b/n' will be
(Font)              scaled to size 7.65005pt on input line 1957.
Package microtype Info: Character `guilsinglleft ' is missing
(microtype)             in font `T1/LibertinusMono-TLF/b/n/9'.
(microtype)             Ignoring protrusion settings for this character.
Package microtype Info: Character `guilsinglright ' is missing
(microtype)             in font `T1/LibertinusMono-TLF/b/n/9'.
(microtype)             Ignoring protrusion settings for this character.

[28]
LaTeX Font Info:    Font shape `T1/LibertinusMono-TLF/m/it' will be
(Font)              scaled to size 7.65005pt on input line 1988.
Package microtype Info: Character `guilsinglleft ' is missing
(microtype)             in font `T1/LibertinusMono-TLF/m/it/9'.
(microtype)             Ignoring protrusion settings for this character.
Package microtype Info: Character `guilsinglright ' is missing
(microtype)             in font `T1/LibertinusMono-TLF/m/it/9'.
(microtype)             Ignoring protrusion settings for this character.


LaTeX Warning: Reference `p1:eq:inverse-DCT' on page 29 undefined on input line
 2012.


LaTeX Warning: Reference `p1:eq:discrete-energy' on page 29 undefined on input 
line 2013.


LaTeX Warning: Reference `p1:eq:Ramanujan-power-two' on page 29 undefined on in
put line 2014.


LaTeX Warning: Reference `p1:eq:Ramanujan-traces' on page 29 undefined on input
 line 2015.


LaTeX Warning: Reference `p1:eq:cosine-spectrum' on page 29 undefined on input 
line 2026.


LaTeX Warning: Reference `p1:eq:filtration-above' on page 29 undefined on input
 line 2029.


LaTeX Warning: Reference `p1:eq:filtration-below' on page 29 undefined on input
 line 2029.


LaTeX Warning: Reference `p1:eq:F-rho-spectral' on page 29 undefined on input l
ine 2030.


LaTeX Warning: Reference `p1:eq:alias-identity' on page 29 undefined on input l
ine 2043.


LaTeX Warning: Reference `p1:eq:alias-error-general' on page 29 undefined on in
put line 2043.


LaTeX Warning: Reference `p1:eq:alias-error-n' on page 29 undefined on input li
ne 2044.

[29]

LaTeX Warning: Reference `p1:eq:F-rho-spectral' on page 30 undefined on input l
ine 2061.


LaTeX Warning: Reference `p1:conj:Lambert-localization' on page 1 undefined on 
input line 2064.


LaTeX Warning: Reference `p1:conj:shifted-positivity' on page 1 undefined on in
put line 2092.

[30]

LaTeX Warning: Reference `p1:eq:q-approximant' on page 31 undefined on input li
ne 2125.


LaTeX Warning: Reference `p1:eq:trace-limit' on page 31 undefined on input line
 2133.


LaTeX Warning: Reference `p1:eq:q-approximant' on page 31 undefined on input li
ne 2146.


LaTeX Warning: Reference `p1:eq:lambda-W-def' on page 31 undefined on input lin
e 2162.


LaTeX Warning: Reference `p1:eq:F-rho-spectral' on page 31 undefined on input l
ine 2165.


LaTeX Warning: Reference `p1:eq:nu-measure' on page 31 undefined on input line 
2175.

[31]

LaTeX Warning: Reference `p1:eq:shifted-positivity' on page 32 undefined on inp
ut line 2221.

[32] [33]
ignored: Infinite glue shrinkage found in box being split [34]
Underfull \hbox (badness 2245) in paragraph at lines 2360--2364
[]\T1/LibertinusSerif-TLF/m/n/10.95 (+20) J. Arias de Reyna, \T1/LibertinusSeri
f-TLF/m/it/10.95 (+20) Arith-metic of the Fabius func-tion\T1/LibertinusSerif-T
LF/m/n/10.95 (+20) , \T1/LibertinusSerif-TLF/m/it/10.95 (+20) In-te-gers \T1/Li
bertinusSerif-TLF/b/n/10.95 (+20) 18 \T1/LibertinusSerif-TLF/m/n/10.95 (+20) (2
018), Pa-per A51;
 []

[35]
LaTeX Font Info:    Font shape `T1/LibertinusMono-TLF/m/n' will be
(Font)              scaled to size 8.50006pt on input line 2427.
Package microtype Info: Character `guilsinglleft ' is missing
(microtype)             in font `T1/LibertinusMono-TLF/m/n/10'.
(microtype)             Ignoring protrusion settings for this character.
Package microtype Info: Character `guilsinglright ' is missing
(microtype)             in font `T1/LibertinusMono-TLF/m/n/10'.
(microtype)             Ignoring protrusion settings for this character.
 [36] [37]
Underfull \hbox (badness 10000) in paragraph at lines 2504--2504
[]|[]\T1/LibertinusSerif-TLF/m/sc/10 (+20) New re-sult
 []


Underfull \hbox (badness 10000) in paragraph at lines 2504--2504
[]|[]\T1/LibertinusSerif-TLF/m/sc/10 (+20) New re-sult
 []


Underfull \hbox (badness 10000) in paragraph at lines 2504--2504
[]|[]\T1/LibertinusSerif-TLF/m/sc/10 (+20) New re-sult
 []


Underfull \hbox (badness 10000) in paragraph at lines 2504--2504
[]|\T1/LibertinusSerif-TLF/m/n/10 (+20) Ramanujan trace
 []


Underfull \hbox (badness 10000) in paragraph at lines 2504--2504
[]|[]\T1/LibertinusSerif-TLF/m/sc/10 (+20) New re-sult
 []


Underfull \hbox (badness 10000) in paragraph at lines 2504--2504
[]|[]\T1/LibertinusSerif-TLF/m/sc/10 (+20) New re-sult
 []


Underfull \hbox (badness 10000) in paragraph at lines 2504--2504
[]|[]\T1/LibertinusSerif-TLF/m/sc/10 (+20) New re-sult
 []


Underfull \hbox (badness 10000) in paragraph at lines 2504--2504
[]|\T1/LibertinusSerif-TLF/m/n/10 (+20) Mersenne--Fermat
 []


Underfull \hbox (badness 10000) in paragraph at lines 2504--2504
[]|[]\T1/LibertinusSerif-TLF/m/sc/10 (+20) New re-sult
 []


Underfull \hbox (badness 10000) in paragraph at lines 2504--2504
[]|[]\T1/LibertinusSerif-TLF/m/sc/10 (+20) New re-sult
 []


Underfull \hbox (badness 8113) in paragraph at lines 2504--2504
[]|\T1/LibertinusSerif-TLF/m/n/10 (+20) Root-of-unity mul-ti-
 []


LaTeX Warning: Citation `p2:sobolewski2019' on page 38 undefined on input line 
2504.


Underfull \hbox (badness 10000) in paragraph at lines 2504--2504
[]|[]\T1/LibertinusSerif-TLF/m/sc/10 (+20) Imported re-sult.[]
 []


Underfull \hbox (badness 10000) in paragraph at lines 2504--2504
[]|[]\T1/LibertinusSerif-TLF/m/sc/10 (+20) Imported re-sult.[]
 []


Underfull \hbox (badness 5260) in paragraph at lines 2504--2504
\T1/LibertinusSerif-TLF/m/n/10 (+20) from the Fourier-
 []


LaTeX Warning: Reference `p2:app:inventory' on page 38 undefined on input line 
2538.

[38]

LaTeX Warning: Citation `p2:proveit' on page 39 undefined on input line 2561.


LaTeX Warning: Citation `p2:ariascompact' on page 39 undefined on input line 25
61.


LaTeX Warning: Citation `p2:ariasarith' on page 39 undefined on input line 2561
.


Package hyperref Warning: Token not allowed in a PDF string (Unicode):
(hyperref)                removing `math shift' on input line 2603.


Package hyperref Warning: Token not allowed in a PDF string (Unicode):
(hyperref)                removing `math shift' on input line 2603.

[39]

LaTeX Warning: Reference `p2:sec:qbridge' on page 40 undefined on input line 26
26.


LaTeX Warning: Citation `p2:sobolewski2019' on page 40 undefined on input line 
2641.


LaTeX Warning: Reference `p2:eq:T-Q' on page 40 undefined on input line 2660.

[40]

LaTeX Warning: Reference `p2:thm:exact-factorization' on page 1 undefined on in
put line 2695.


LaTeX Warning: Reference `p2:eq:exact-factorization' on page 41 undefined on in
put line 2741.


LaTeX Warning: Reference `p2:eq:master-cocycle' on page 41 undefined on input l
ine 2746.


LaTeX Warning: Reference `p2:eq:Psi-def' on page 41 undefined on input line 274
6.

[41]

LaTeX Warning: Reference `p2:eq:TM-poly' on page 42 undefined on input line 279
6.


LaTeX Warning: Reference `p2:eq:Q-periodic-block' on page 42 undefined on input
 line 2804.


LaTeX Warning: Reference `p2:prop:root-recurrence' on page 42 undefined on inpu
t line 2847.

[42]

LaTeX Warning: Reference `p2:eq:master-cocycle' on page 43 undefined on input l
ine 2854.


LaTeX Warning: Reference `p2:eq:Omega-def' on page 43 undefined on input line 2
855.


LaTeX Warning: Reference `p2:eq:exact-factorization' on page 43 undefined on in
put line 2872.


LaTeX Warning: Reference `p2:eq:Gamma-A-alpha' on page 43 undefined on input li
ne 2880.


LaTeX Warning: Reference `p2:eq:even-denominator' on page 43 undefined on input
 line 2897.


LaTeX Warning: Reference `p2:thm:exact-rational-ray' on page 1 undefined on inp
ut line 2902.


LaTeX Warning: Reference `p2:eq:Q-periodic-block' on page 43 undefined on input
 line 2913.

[43]

LaTeX Warning: Reference `p2:eq:orbit-polynomial' on page 44 undefined on input
 line 2991.


LaTeX Warning: Reference `p2:eq:resultant-power' on page 44 undefined on input 
line 3001.

[44]

LaTeX Warning: Reference `p2:eq:Ramanujan-sum' on page 45 undefined on input li
ne 3043.


LaTeX Warning: Reference `p2:eq:power-trace' on page 45 undefined on input line
 3047.

LaTeX Font Info:    Font shape `T1/LibertinusSerif-TLF/m/it' will be
(Font)              scaled to size 8.0pt on input line 3075.
LaTeX Font Info:    Font shape `T1/LibertinusSerif-TLF/m/it' will be
(Font)              scaled to size 6.0pt on input line 3075.

LaTeX Warning: Reference `p2:eq:product-Gamma' on page 45 undefined on input li
ne 3093.


LaTeX Warning: Reference `p2:eq:product-A' on page 45 undefined on input line 3
094.


LaTeX Warning: Reference `p2:eq:kappa-aq' on page 45 undefined on input line 30
94.


LaTeX Warning: Reference `p2:eq:mean-kappa' on page 45 undefined on input line 
3095.


LaTeX Warning: Reference `p2:eq:Phi-one' on page 45 undefined on input line 309
6.

[45]

LaTeX Warning: Reference `p2:eq:sqrt3-bound' on page 46 undefined on input line
 3144.

[46]

LaTeX Warning: Reference `p2:eq:sqrt3-bound' on page 47 undefined on input line
 3183.


LaTeX Warning: Reference `p2:eq:kappa-aq' on page 47 undefined on input line 31
83.


LaTeX Warning: Reference `p2:eq:kappa-minimum' on page 47 undefined on input li
ne 3187.


LaTeX Warning: Reference `p2:sec:mersenne' on page 47 undefined on input line 3
201.

[47]

LaTeX Warning: Reference `p2:eq:Aplus-product' on page 48 undefined on input li
ne 3264.


LaTeX Warning: Reference `p2:eq:U-refine' on page 48 undefined on input line 33
05.


LaTeX Warning: Reference `p2:eq:h-derivative' on page 48 undefined on input lin
e 3311.


LaTeX Warning: Reference `p2:eq:Hd-tail' on page 48 undefined on input line 331
7.

[48]

LaTeX Warning: Reference `p2:prop:pm-products' on page 1 undefined on input lin
e 3354.


LaTeX Warning: Reference `p2:eq:Aminus-refined' on page 49 undefined on input l
ine 3373.


LaTeX Warning: Reference `p2:eq:Aplus-refined' on page 49 undefined on input li
ne 3373.


LaTeX Warning: Reference `p2:eq:Aminus-full' on page 49 undefined on input line
 3374.


LaTeX Warning: Reference `p2:eq:Aplus-full' on page 49 undefined on input line 
3374.


LaTeX Warning: Reference `p2:eq:B-factor' on page 49 undefined on input line 33
75.


LaTeX Warning: Reference `p2:eq:Hd-tail' on page 49 undefined on input line 337
5.

[49]

LaTeX Warning: Reference `p2:eq:Aminus-full' on page 50 undefined on input line
 3410.


LaTeX Warning: Reference `p2:eq:kappa-aq' on page 50 undefined on input line 34
10.


LaTeX Warning: Reference `p2:eq:Aplus-full' on page 50 undefined on input line 
3411.


LaTeX Warning: Reference `p2:eq:kminus-asymptotic' on page 50 undefined on inpu
t line 3412.


LaTeX Warning: Reference `p2:eq:kplus-asymptotic' on page 50 undefined on input
 line 3413.


LaTeX Warning: Reference `p2:cor:pm-kappa' on page 1 undefined on input line 34
16.


LaTeX Warning: Reference `p2:cor:kappa-minimum' on page 1 undefined on input li
ne 3416.


Package hyperref Warning: Token not allowed in a PDF string (Unicode):
(hyperref)                removing `math shift' on input line 3430.


Package hyperref Warning: Token not allowed in a PDF string (Unicode):
(hyperref)                removing `math shift' on input line 3430.


LaTeX Warning: Reference `p2:eq:Mersenne-factorial' on page 50 undefined on inp
ut line 3432.


LaTeX Warning: Reference `p2:eq:Mersenne-qbinom' on page 50 undefined on input 
line 3476.


LaTeX Warning: Reference `p2:eq:B-factor' on page 50 undefined on input line 34
76.


LaTeX Warning: Reference `p2:thm:pm-product-asymptotic' on page 1 undefined on 
input line 3482.

[50]

LaTeX Warning: Reference `p2:eq:Hd-tail' on page 51 undefined on input line 349
0.


LaTeX Warning: Reference `p2:eq:Aminus-refined' on page 51 undefined on input l
ine 3491.


LaTeX Warning: Reference `p2:eq:Aplus-refined' on page 51 undefined on input li
ne 3491.


LaTeX Warning: Reference `p2:eq:qbridge-minus-refined' on page 51 undefined on 
input line 3492.


LaTeX Warning: Reference `p2:eq:qbridge-plus-refined' on page 51 undefined on i
nput line 3492.


LaTeX Warning: Reference `p2:eq:qbridge-limits' on page 51 undefined on input l
ine 3496.

LaTeX Font Info:    Font shape `T1/LibertinusSerif-TLF/m/n' will be
(Font)              scaled to size 7.0pt on input line 3499.
LaTeX Font Info:    Font shape `T1/LibertinusSerif-TLF/m/n' will be
(Font)              scaled to size 5.0pt on input line 3499.
[51]

LaTeX Warning: Reference `p2:eq:kappa-aq' on page 52 undefined on input line 35
56.


LaTeX Warning: Reference `p2:eq:resultant-power' on page 52 undefined on input 
line 3558.


LaTeX Warning: Reference `p2:eq:power-trace' on page 52 undefined on input line
 3563.


LaTeX Warning: Reference `p2:tab:ray-exponents' on page 1 undefined on input li
ne 3638.


LaTeX Warning: Reference `p2:tab:orbit-polynomials' on page 1 undefined on inpu
t line 3638.

[52]

LaTeX Warning: Reference `p2:eq:mean-kappa' on page 53 undefined on input line 
3646.


LaTeX Warning: Reference `p2:eq:exact-factorization' on page 53 undefined on in
put line 3648.

[53]

LaTeX Warning: Reference `p2:thm:exact-factorization' on page 1 undefined on in
put line 3750.


LaTeX Warning: Reference `p2:eq:kappa-base-b' on page 54 undefined on input lin
e 3754.

[54]

LaTeX Warning: Reference `p2:eq:Ub' on page 55 undefined on input line 3782.


LaTeX Warning: Reference `p2:thm:base-b' on page 1 undefined on input line 3784
.


LaTeX Warning: Reference `p2:thm:exact-factorization' on page 1 undefined on in
put line 3797.

LaTeX Font Info:    Font shape `T1/LibertinusMono-TLF/b/n' will be
(Font)              scaled to size 9.30756pt on input line 3811.
Package microtype Info: Character `guilsinglleft ' is missing
(microtype)             in font `T1/LibertinusMono-TLF/b/n/10.95'.
(microtype)             Ignoring protrusion settings for this character.
Package microtype Info: Character `guilsinglright ' is missing
(microtype)             in font `T1/LibertinusMono-TLF/b/n/10.95'.
(microtype)             Ignoring protrusion settings for this character.

LaTeX Warning: Reference `p2:eq:exact-factorization' on page 55 undefined on in
put line 3815.


LaTeX Warning: Reference `p2:eq:Aminus-product' on page 55 undefined on input l
ine 3821.


LaTeX Warning: Reference `p2:eq:Aplus-product' on page 55 undefined on input li
ne 3821.

[55]

LaTeX Warning: Reference `p2:eq:qbridge-limits' on page 56 undefined on input l
ine 3825.

[56]

LaTeX Warning: Reference `p2:thm:sqrt3-bound' on page 1 undefined on input line
 3912.


LaTeX Warning: Reference `p2:eq:product-A' on page 57 undefined on input line 3
929.


LaTeX Warning: Reference `p2:eq:mean-kappa' on page 57 undefined on input line 
3934.


LaTeX Warning: Reference `p2:thm:pm-product-asymptotic' on page 1 undefined on 
input line 3938.


Package hyperref Warning: Token not allowed in a PDF string (Unicode):
(hyperref)                removing `math shift' on input line 3945.


Package hyperref Warning: Token not allowed in a PDF string (Unicode):
(hyperref)                removing `math shift' on input line 3945.

[57] [58]
ignored: Infinite glue shrinkage found in box being split [59]
ignored: Infinite glue shr
inkage found in box being split [60]
Underfull \hbox (badness 1983) in paragraph at lines 4119--4122
[]\T1/LibertinusSerif-TLF/m/n/10.95 (+20) J. Arias de Reyna, \T1/LibertinusSeri
f-TLF/m/it/10.95 (+20) Arith-metic of the Fabius func-tion\T1/LibertinusSerif-T
LF/m/n/10.95 (+20) , In-te-gers \T1/LibertinusSerif-TLF/b/n/10.95 (+20) 18 \T1/
LibertinusSerif-TLF/m/n/10.95 (+20) (2018), Pa-per A51;
 []

[61]
Package hyperref Info: Option `pageanchor' set `false' on input line 4233.
Package hyperref Info: Option `pageanchor' set `true' on input line 4236.


LaTeX Warning: Citation `p3:aistleitner-hofer-larcher' on page 62 undefined on 
input line 4240.

[62]

LaTeX Warning: Reference `p3:sec:lean' on page 1 undefined on input line 4280.

[63]

LaTeX Warning: Citation `p3:repo-docs' on page 64 undefined on input line 4294.



LaTeX Warning: Reference `p3:app:corpus' on page 1 undefined on input line 4294
.


LaTeX Warning: Citation `p3:repo-primary' on page 64 undefined on input line 43
35.


LaTeX Warning: Citation `p3:repo-frontiers' on page 64 undefined on input line 
4335.


LaTeX Warning: Citation `p3:arias1982' on page 64 undefined on input line 4335.



LaTeX Warning: Citation `p3:arias2018' on page 64 undefined on input line 4335.



LaTeX Warning: Reference `p3:eq:phi1' on page 64 undefined on input line 4337.

[64


]

LaTeX Warning: Citation `p3:allouche-shallit-1999' on page 65 undefined on inpu
t line 4348.


LaTeX Warning: Citation `p3:automatic-sequences' on page 65 undefined on input 
line 4348.


LaTeX Warning: Citation `p3:toth2022' on page 65 undefined on input line 4348.


LaTeX Warning: Reference `p3:eq:phi1' on page 65 undefined on input line 4357.


LaTeX Warning: Reference `p3:eq:classical-count' on page 65 undefined on input 
line 4385.


LaTeX Warning: Reference `p3:eq:spectral-thue-morse' on page 65 undefined on in
put line 4385.


LaTeX Warning: Reference `p3:thm:classical-count' on page 1 undefined on input 
line 4389.


LaTeX Warning: Reference `p3:eq:classical-count' on page 65 undefined on input 
line 4390.


LaTeX Warning: Reference `p3:eq:spectral-thue-morse' on page 65 undefined on in
put line 4395.

[65]

LaTeX Warning: Reference `p3:thm:classical-count' on page 1 undefined on input 
line 4444.


LaTeX Warning: Reference `p3:eq:finite-sign' on page 66 undefined on input line
 4447.

[66]

LaTeX Warning: Reference `p3:eq:phir' on page 67 undefined on input line 4514.

[67]

LaTeX Warning: Reference `p3:eq:Xr' on page 68 undefined on input line 4545.


LaTeX Warning: Reference `p3:eq:char-Xr' on page 68 undefined on input line 454
5.


LaTeX Warning: Reference `p3:eq:support-sum' on page 68 undefined on input line
 4545.


LaTeX Warning: Citation `p3:jessen-wintner' on page 68 undefined on input line 
4549.


LaTeX Warning: Citation `p3:billey-swanson' on page 68 undefined on input line 
4549.


LaTeX Warning: Reference `p3:eq:phir' on page 68 undefined on input line 4572.


LaTeX Warning: Reference `p3:eq:refinement-prob' on page 68 undefined on input 
line 4579.


LaTeX Warning: Reference `p3:eq:refinement-prob' on page 68 undefined on input 
line 4579.


LaTeX Warning: Reference `p3:eq:refinement-density' on page 68 undefined on inp
ut line 4579.

[68]

LaTeX Warning: Reference `p3:eq:refinement-prob' on page 69 undefined on input 
line 4593.


LaTeX Warning: Reference `p3:sec:endpoint' on page 1 undefined on input line 46
10.


LaTeX Warning: Reference `p3:eq:mu-r' on page 69 undefined on input line 4631.


LaTeX Warning: Reference `p3:eq:canonical-r' on page 69 undefined on input line
 4631.


LaTeX Warning: Reference `p3:thm:zeta-r' on page 1 undefined on input line 4632
.


LaTeX Warning: Reference `p3:eq:mu-r' on page 69 undefined on input line 4636.


LaTeX Warning: Reference `p3:eq:canonical-r' on page 69 undefined on input line
 4642.

[69]

LaTeX Warning: Reference `p3:eq:finite-count-digital' on page 70 undefined on i
nput line 4686.

[70]

LaTeX Warning: Reference `p3:eq:mu-r' on page 71 undefined on input line 4728.


LaTeX Warning: Reference `p3:thm:zeta1' on page 1 undefined on input line 4737.



LaTeX Warning: Reference `p3:eq:laurent-zeta-r' on page 71 undefined on input l
ine 4737.


LaTeX Warning: Reference `p3:eq:zeta-r' on page 71 undefined on input line 4760
.


LaTeX Warning: Reference `p3:eq:mu-r' on page 71 undefined on input line 4760.

[71]

LaTeX Warning: Reference `p3:eq:pascal-tail' on page 72 undefined on input line
 4783.


LaTeX Warning: Reference `p3:eq:Nr-floor' on page 72 undefined on input line 48
01.


LaTeX Warning: Reference `p3:lem:pascal-tail' on page 1 undefined on input line
 4808.


LaTeX Warning: Reference `p3:eq:Nr-floor' on page 72 undefined on input line 48
11.


LaTeX Warning: Reference `p3:eq:Nr-digital' on page 72 undefined on input line 
4815.

[72]

LaTeX Warning: Reference `p3:eq:parity-collapse' on page 73 undefined on input 
line 4864.


LaTeX Warning: Reference `p3:thm:classical-count' on page 1 undefined on input 
line 4895.


LaTeX Warning: Reference `p3:lem:parity-collapse' on page 1 undefined on input 
line 4895.

[73]

LaTeX Warning: Reference `p3:eq:Gr-product' on page 74 undefined on input line 
4921.


LaTeX Warning: Citation `p3:allouche-shallit-1999' on page 74 undefined on inpu
t line 4960.


LaTeX Warning: Citation `p3:automatic-sequences' on page 74 undefined on input 
line 4960.

[74]

LaTeX Warning: Reference `p3:eq:prouhet-vanish' on page 75 undefined on input l
ine 4985.


LaTeX Warning: Reference `p3:thm:prouhet-r' on page 1 undefined on input line 4
989.


LaTeX Warning: Reference `p3:cor:discrepancy-range' on page 1 undefined on inpu
t line 5021.


LaTeX Warning: Reference `p3:eq:digital-asymptotics' on page 75 undefined on in
put line 5022.


LaTeX Warning: Citation `p3:feller' on page 75 undefined on input line 5024.

[75]

LaTeX Warning: Reference `p3:eq:q-coeff-form' on page 76 undefined on input lin
e 5071.


LaTeX Warning: Reference `p3:eq:q-derivative-form' on page 76 undefined on inpu
t line 5071.


LaTeX Warning: Reference `p3:eq:q-max-form' on page 76 undefined on input line 
5071.


LaTeX Warning: Reference `p3:eq:infinite-q-kernel' on page 76 undefined on inpu
t line 5071.


LaTeX Warning: Reference `p3:eq:zeta-rM' on page 76 undefined on input line 507
4.

[76]

LaTeX Warning: Reference `p3:eq:q-max-form' on page 77 undefined on input line 
5100.


LaTeX Warning: Reference `p3:eq:q-sum-stat' on page 77 undefined on input line 
5100.

[77]

LaTeX Warning: Reference `p3:eq:Xr' on page 78 undefined on input line 5156.


LaTeX Warning: Reference `p3:eq:infinite-q-kernel' on page 78 undefined on inpu
t line 5162.


LaTeX Warning: Reference `p3:eq:Xr' on page 78 undefined on input line 5203.


LaTeX Warning: Reference `p3:eq:gaussian-limit' on page 78 undefined on input l
ine 5209.


LaTeX Warning: Reference `p3:eq:gaussian-fourier-limit' on page 78 undefined on
 input line 5209.


LaTeX Warning: Reference `p3:eq:berry-esseen-r' on page 78 undefined on input l
ine 5217.

[78] [79]

LaTeX Warning: Reference `p3:lem:binomial-distance' on page 1 undefined on inpu
t line 5282.


LaTeX Warning: Reference `p3:eq:sharp-ray-two-term' on page 80 undefined on inp
ut line 5340.


LaTeX Warning: Reference `p3:thm:global-fourier-decay' on page 1 undefined on i
nput line 5340.


LaTeX Warning: Reference `p3:eq:global-fourier-decay' on page 80 undefined on i
nput line 5348.


LaTeX Warning: Reference `p3:thm:random-series' on page 1 undefined on input li
ne 5348.

[80]

LaTeX Warning: Reference `p3:eq:Dr-series' on page 81 undefined on input line 5
366.


LaTeX Warning: Reference `p3:eq:psi0' on page 81 undefined on input line 5400.


LaTeX Warning: Reference `p3:eq:L-refinement' on page 81 undefined on input lin
e 5404.


LaTeX Warning: Reference `p3:eq:Lr-product' on page 81 undefined on input line 
5405.


LaTeX Warning: Citation `p3:flajolet-mellin' on page 81 undefined on input line
 5413.

[81]

LaTeX Warning: Reference `p3:eq:mellin-rho' on page 82 undefined on input line 
5446.


LaTeX Warning: Reference `p3:eq:scale-zeta' on page 82 undefined on input line 
5459.


LaTeX Warning: Reference `p3:lem:mellin-rho' on page 1 undefined on input line 
5473.


LaTeX Warning: Reference `p3:eq:Psi-harmonic-sum' on page 82 undefined on input
 line 5478.


LaTeX Warning: Reference `p3:eq:mellin-bridge' on page 82 undefined on input li
ne 5483.


LaTeX Warning: Reference `p3:eq:two-zeta-uses' on page 82 undefined on input li
ne 5483.


LaTeX Warning: Reference `p3:thm:zeta-r' on page 1 undefined on input line 5483
.

[82]

LaTeX Warning: Reference `p3:eq:mellin-bridge' on page 83 undefined on input li
ne 5535.


LaTeX Warning: Reference `p3:eq:Psi-periodic-polynomial' on page 83 undefined o
n input line 5549.

[83]

LaTeX Warning: Reference `p3:eq:top-periodic-coefficient' on page 84 undefined 
on input line 5556.


LaTeX Warning: Reference `p3:eq:universal-periodic-lift' on page 84 undefined o
n input line 5556.


LaTeX Warning: Reference `p3:thm:residue-expansion' on page 1 undefined on inpu
t line 5594.


LaTeX Warning: Citation `p3:debruijn1959' on page 84 undefined on input line 56
00.


LaTeX Warning: Reference `p3:eq:Dr-refine' on page 84 undefined on input line 5
612.


LaTeX Warning: Reference `p3:thm:small-ball' on page 1 undefined on input line 
5621.


LaTeX Warning: Reference `p3:eq:Psi-periodic-polynomial' on page 84 undefined o
n input line 5625.

[84]

LaTeX Warning: Reference `p3:eq:Lambda-equation' on page 85 undefined on input 
line 5652.


LaTeX Warning: Citation `p3:corless-lambert' on page 85 undefined on input line
 5657.


LaTeX Warning: Citation `p3:dlmf-lambert' on page 85 undefined on input line 56
57.


LaTeX Warning: Reference `p3:eq:Lambda-expansion' on page 85 undefined on input
 line 5657.


LaTeX Warning: Reference `p3:thm:small-ball' on page 1 undefined on input line 
5666.


LaTeX Warning: Reference `p3:eq:Psi-periodic-polynomial' on page 85 undefined o
n input line 5666.


LaTeX Warning: Reference `p3:eq:top-periodic-coefficient' on page 85 undefined 
on input line 5673.


LaTeX Warning: Reference `p3:eq:Psi-periodic-polynomial' on page 85 undefined o
n input line 5677.


LaTeX Warning: Reference `p3:eq:small-ball' on page 85 undefined on input line 
5677.


LaTeX Warning: Reference `p3:eq:Lambda-r' on page 85 undefined on input line 56
77.

[85]

LaTeX Warning: Reference `p3:eq:master-rank-germ' on page 86 undefined on input
 line 5713.


LaTeX Warning: Reference `p3:eq:master-nonlinear-refinement' on page 86 undefin
ed on input line 5721.


LaTeX Warning: Reference `p3:eq:master-rank-coefficients' on page 86 undefined 
on input line 5725.


LaTeX Warning: Reference `p3:eq:master-nonlinear-refinement' on page 86 undefin
ed on input line 5729.


LaTeX Warning: Reference `p3:eq:rank-count-valuations' on page 86 undefined on 
input line 5748.


LaTeX Warning: Reference `p3:eq:rank-count-digits' on page 86 undefined on inpu
t line 5748.

[86]

LaTeX Warning: Reference `p3:eq:mu-rank-gen' on page 87 undefined on input line
 5752.


LaTeX Warning: Reference `p3:eq:rank-count-valuations' on page 87 undefined on 
input line 5753.


LaTeX Warning: Reference `p3:eq:Nr-digital' on page 87 undefined on input line 
5760.


LaTeX Warning: Reference `p3:eq:rank-count-digits' on page 87 undefined on inpu
t line 5761.


LaTeX Warning: Reference `p3:eq:canonical-r' on page 87 undefined on input line
 5785.


LaTeX Warning: Reference `p3:eq:logphi-spectral-zeta' on page 87 undefined on i
nput line 5786.


LaTeX Warning: Reference `p3:eq:zeta-r' on page 87 undefined on input line 5786
.


LaTeX Warning: Reference `p3:eq:cumulant-r' on page 87 undefined on input line 
5786.


LaTeX Warning: Reference `p3:eq:kappa-zeta-Bernoulli' on page 87 undefined on i
nput line 5786.


LaTeX Warning: Reference `p3:eq:kappa-zeta-trace' on page 87 undefined on input
 line 5791.


LaTeX Warning: Reference `p3:thm:small-ball' on page 1 undefined on input line 
5810.


LaTeX Warning: Reference `p3:thm:sharp-ray' on page 1 undefined on input line 5
810.

[87]
ignored: Infinite glue shrinkage found in box being split [88]

LaTeX Warning: Reference `p3:conj:full-endpoint' on page 1 undefined on input l
ine 5907.


LaTeX Warning: Reference `p3:sec:qcalculus' on page 1 undefined on input line 5
925.


LaTeX Warning: Reference `p3:eq:q-max-form' on page 89 undefined on input line 
5929.


LaTeX Warning: Reference `p3:eq:q-sum-stat' on page 89 undefined on input line 
5929.

[89]

LaTeX Warning: Reference `p3:eq:moment-ladder' on page 90 undefined on input li
ne 5942.


LaTeX Warning: Reference `p3:eq:Psi-periodic-polynomial' on page 90 undefined o
n input line 5972.

[90]

LaTeX Warning: Reference `p3:eq:standard-cumulants' on page 91 undefined on inp
ut line 5984.


LaTeX Warning: Reference `p3:eq:Nr-digital' on page 91 undefined on input line 
5998.


LaTeX Warning: Reference `p3:eq:mu-r' on page 91 undefined on input line 6020.


LaTeX Warning: Reference `p3:eq:Nr-floor' on page 91 undefined on input line 60
21.

[91]

LaTeX Warning: Reference `p3:lem:pascal-tail' on page 1 undefined on input line
 6027.


LaTeX Warning: Reference `p3:eq:Nr-digital' on page 92 undefined on input line 
6028.


LaTeX Warning: Reference `p3:eq:finite-prouhet-product' on page 92 undefined on
 input line 6030.

[92]

LaTeX Warning: Reference `p3:thm:digital-count' on page 1 undefined on input li
ne 6086.


LaTeX Warning: Reference `p3:thm:prouhet-r' on page 1 undefined on input line 6
087.


LaTeX Warning: Reference `p3:lem:parity-collapse' on page 1 undefined on input 
line 6087.


LaTeX Warning: Reference `p3:lem:pascal-tail' on page 1 undefined on input line
 6087.

[93] [94] [95]
ignored: Infinite glue shrinkage found in box being split [96]
ignored: Infinite glu
e shrinkage found in box being split [97] [98] [99] [100] [101]

LaTeX Warning: Reference `p4:app:corpus-ledger' on page 1 undefined on input li
ne 6639.

[102] [103]

LaTeX Warning: Reference `p4:eq:derivative-tiling' on page 104 undefined on inp
ut line 6784.


LaTeX Warning: Reference `p4:eq:up-differential' on page 104 undefined on input
 line 6785.


LaTeX Warning: Reference `p4:eq:cell-form' on page 104 undefined on input line 
6798.


LaTeX Warning: Reference `p4:eq:cell-form' on page 104 undefined on input line 
6803.


LaTeX Warning: Reference `p4:eq:cell-form' on page 104 undefined on input line 
6823.

[104]

LaTeX Warning: Reference `p4:eq:cell-form' on page 105 undefined on input line 
6869.


LaTeX Warning: Reference `p4:eq:H-absolute' on page 105 undefined on input line
 6875.


LaTeX Warning: Reference `p4:eq:H-signed' on page 105 undefined on input line 6
877.


LaTeX Warning: Reference `p4:eq:formal-signed-moment-boolean-cube' on page 105 
undefined on input line 6923.


LaTeX Warning: Reference `p4:eq:formal-normalized-signed-test' on page 105 unde
fined on input line 6958.


LaTeX Warning: Reference `p4:eq:signed-equimeasurable' on page 105 undefined on
 input line 6960.

[105]

LaTeX Warning: Reference `p4:eq:absolute-moments' on page 106 undefined on inpu
t line 6998.


LaTeX Warning: Reference `p4:eq:signed-moments-boolean-cube' on page 106 undefi
ned on input line 7001.

[106]

LaTeX Warning: Reference `p4:thm:equimeasurable' on page 1 undefined on input l
ine 7034.


LaTeX Warning: Reference `p4:eq:RI-norm-law' on page 107 undefined on input lin
e 7036.


LaTeX Warning: Reference `p4:eq:absolute-moments' on page 107 undefined on inpu
t line 7040.


LaTeX Warning: Reference `p4:eq:RI-norm-law' on page 107 undefined on input lin
e 7042.


LaTeX Warning: Reference `p4:eq:formal-absolute-pushforward' on page 107 undefi
ned on input line 7045.


LaTeX Warning: Reference `p4:eq:cell-form' on page 107 undefined on input line 
7086.

[107]

LaTeX Warning: Reference `p4:eq:midpoint-values' on page 108 undefined on input
 line 7090.


LaTeX Warning: Reference `p4:eq:up-level-set' on page 108 undefined on input li
ne 7127.


LaTeX Warning: Reference `p4:eq:formal-absolute-pushforward' on page 108 undefi
ned on input line 7133.


LaTeX Warning: Reference `p4:eq:derivative-level-set' on page 108 undefined on 
input line 7135.


LaTeX Warning: Reference `p4:eq:signed-value-density' on page 108 undefined on 
input line 7135.


LaTeX Warning: Reference `p4:eq:Lp-norm-law' on page 108 undefined on input lin
e 7161.

[108]

LaTeX Warning: Reference `p4:eq:Ap-definition' on page 109 undefined on input l
ine 7209.


LaTeX Warning: Reference `p4:eq:discrete-complete-monotonicity' on page 109 und
efined on input line 7213.


LaTeX Warning: Reference `p4:eq:V-cdf' on page 109 undefined on input line 7228
.


LaTeX Warning: Reference `p4:eq:up-from-F' on page 109 undefined on input line 
7258.


LaTeX Warning: Reference `p4:eq:beta-transform' on page 109 undefined on input 
line 7270.

[109]

LaTeX Warning: Reference `p4:eq:beta-transform' on page 110 undefined on input 
line 7285.


LaTeX Warning: Reference `p4:eq:exact-operator' on page 110 undefined on input 
line 7322.

[110]

LaTeX Warning: Reference `p4:eq:log-moments-Bell' on page 111 undefined on inpu
t line 7406.


LaTeX Warning: Reference `p4:eq:Bernoulli-gamma-ratio' on page 111 undefined on
 input line 7407.


LaTeX Warning: Reference `p4:eq:Kp' on page 111 undefined on input line 7437.

[111] [112]

LaTeX Warning: Reference `p4:eq:Gamma-operator-first-terms' on page 113 undefin
ed on input line 7537.


LaTeX Warning: Reference `p4:eq:imported-elasticity' on page 113 undefined on i
nput line 7545.


LaTeX Warning: Reference `p4:eq:norm-quantile-two-term' on page 113 undefined o
n input line 7572.


LaTeX Warning: Reference `p4:eq:imported-G-expansion' on page 113 undefined on 
input line 7573.


LaTeX Warning: Reference `p4:eq:Euler-shift' on page 113 undefined on input lin
e 7596.


LaTeX Warning: Reference `p4:eq:phase-locked-p' on page 113 undefined on input 
line 7631.


LaTeX Warning: Reference `p4:eq:rho-beta-theta' on page 113 undefined on input 
line 7631.


LaTeX Warning: Reference `p4:eq:Euler-shift' on page 113 undefined on input lin
e 7633.

[113]

LaTeX Warning: Reference `p4:eq:Lp-norm-law' on page 114 undefined on input lin
e 7684.


LaTeX Warning: Reference `p4:eq:spectral-moment-sequence' on page 114 undefined
 on input line 7717.


LaTeX Warning: Reference `p4:eq:spectral-moment-sequence' on page 114 undefined
 on input line 7728.


LaTeX Warning: Reference `p4:eq:lognormal-moments' on page 114 undefined on inp
ut line 7728.

[114]
<assets/Fabius_Derivative_Norm_Spectrum_bundle/figures/spectral_vs_lognormal.pd
f, id=1753, 578.16pt x 339.66899pt>
File: assets/Fabius_Derivative_Norm_Spectrum_bundle/figures/spectral_vs_lognorm
al.pdf Graphic file (type pdf)
<use assets/Fabius_Derivative_Norm_Spectrum_bundle/figures/spectral_vs_lognorma
l.pdf>
Package pdftex.def Info: assets/Fabius_Derivative_Norm_Spectrum_bundle/figures/
spectral_vs_lognormal.pdf  used on input line 7736.
(pdftex.def)             Requested size: 403.91695pt x 237.3002pt.


LaTeX Warning: Reference `p4:eq:spectral-density' on page 115 undefined on inpu
t line 7753.


LaTeX Warning: Reference `p4:eq:spectral-density' on page 115 undefined on inpu
t line 7767.


LaTeX Warning: Reference `p4:eq:Phi-scaling' on page 115 undefined on input lin
e 7768.


LaTeX Warning: Reference `p4:eq:lognormal-density' on page 115 undefined on inp
ut line 7770.


LaTeX Warning: Reference `p4:eq:spectral-q-Pearson' on page 115 undefined on in
put line 7775.


LaTeX Warning: Reference `p4:sec:future' on page 1 undefined on input line 7777
.

[115 <./assets/Fabius_Derivative_Norm_Spectrum_bundle/figures/spectral_vs_logno
rmal.pdf>]

LaTeX Warning: Reference `p4:eq:general-q-moments' on page 116 undefined on inp
ut line 7826.


LaTeX Warning: Reference `p4:eq:general-q-moments' on page 116 undefined on inp
ut line 7839.


LaTeX Warning: Reference `p4:eq:SW-polynomial' on page 116 undefined on input l
ine 7859.


LaTeX Warning: Reference `p4:eq:SW-norm' on page 116 undefined on input line 78
69.


LaTeX Warning: Reference `p4:eq:an' on page 116 undefined on input line 7872.

[116]

LaTeX Warning: Reference `p4:eq:SW-polynomial' on page 117 undefined on input l
ine 7907.


LaTeX Warning: Reference `p4:eq:Linf-exact' on page 117 undefined on input line
 7927.

[117]

LaTeX Warning: Reference `p4:eq:L1-exact' on page 118 undefined on input line 8
016.


LaTeX Warning: Reference `p4:thm:q-Legendre' on page 1 undefined on input line 
8018.


LaTeX Warning: Reference `p4:eq:explicit-IBP-envelope' on page 118 undefined on
 input line 8022.


LaTeX Warning: Reference `p4:eq:explicit-IBP-envelope' on page 118 undefined on
 input line 8025.

[118]
<assets/Fabius_Derivative_Norm_Spectrum_bundle/figures/derivative_tiling.pdf, i
d=1819, 635.97598pt x 346.89601pt>
File: assets/Fabius_Derivative_Norm_Spectrum_bundle/figures/derivative_tiling.p
df Graphic file (type pdf)
<use assets/Fabius_Derivative_Norm_Spectrum_bundle/figures/derivative_tiling.pd
f>
Package pdftex.def Info: assets/Fabius_Derivative_Norm_Spectrum_bundle/figures/
derivative_tiling.pdf  used on input line 8048.
(pdftex.def)             Requested size: 417.2323pt x 227.58113pt.


LaTeX Warning: Reference `p4:eq:Gamma-operator-first-terms' on page 119 undefin
ed on input line 8088.

[119 <./assets/Fabius_Derivative_Norm_Spectrum_bundle/figures/derivative_tiling
.pdf>]
<assets/Fabius_Derivative_Norm_Spectrum_bundle/figures/beta_operator_errors.pdf
, id=1843, 556.47902pt x 332.44202pt>
File: assets/Fabius_Derivative_Norm_Spectrum_bundle/figures/beta_operator_error
s.pdf Graphic file (type pdf)
<use assets/Fabius_Derivative_Norm_Spectrum_bundle/figures/beta_operator_errors
.pdf>
Package pdftex.def Info: assets/Fabius_Derivative_Norm_Spectrum_bundle/figures/
beta_operator_errors.pdf  used on input line 8112.
(pdftex.def)             Requested size: 386.15865pt x 230.69397pt.


LaTeX Warning: Reference `p4:eq:Hankel-determinant' on page 120 undefined on in
put line 8121.


LaTeX Warning: Reference `p4:eq:exact-operator' on page 120 undefined on input 
line 8137.

[120 <./assets/Fabius_Derivative_Norm_Spectrum_bundle/figures/beta_operator_err
ors.pdf>]

LaTeX Warning: Reference `p4:eq:spectral-density' on page 121 undefined on inpu
t line 8166.


LaTeX Warning: Reference `p4:eq:spectral-q-Pearson' on page 121 undefined on in
put line 8175.


LaTeX Warning: Reference `p4:eq:spectral-q-Pearson' on page 121 undefined on in
put line 8186.


LaTeX Warning: Reference `p4:eq:full-norm-transseries' on page 121 undefined on
 input line 8210.

[121]

LaTeX Warning: Reference `p4:eq:dyadic-phase-nodes' on page 122 undefined on in
put line 8240.

[122] [123]

Package longtable Warning: Column widths have changed
(longtable)                in table 15 on input line 8419.


ignored: Infinite glue shrinkage found in box being split [124]
ignored: Infinite glue shrinkage f
ound in box being split [125]
(C:\Users\vresh\AppData\Local\Programs\MiKTeX\tex/latex/listings\lstlang1.sty
File: lstlang1.sty 2025/11/14 1.11b listings language file
)
(C:\Users\vresh\AppData\Local\Programs\MiKTeX\tex/latex/listings\lstlang1.sty
File: lstlang1.sty 2025/11/14 1.11b listings language file
)
[126]

LaTeX Warning: Reference `p1:prop:cosine-spectrum' on page 1 undefined on input
 line 8472.


Underfull \hbox (badness 10000) in paragraph at lines 8475--8477
[]|\T1/LibertinusSerif-TLF/m/n/10.95 (+20) Exact; stated as a
 []


Underfull \hbox (badness 10000) in paragraph at lines 8475--8477
\T1/LibertinusSerif-TLF/m/n/10.95 (+20) complex-valued se-
 []


Underfull \hbox (badness 10000) in paragraph at lines 8475--8477
\T1/LibertinusSerif-TLF/m/n/10.95 (+20) ries with the real
 []


Underfull \hbox (badness 5637) in paragraph at lines 8475--8477
[][]\OT1/cmr/m/n/10.95 (\OML/cmm/m/it/10.95 k \OT1/cmr/m/n/10.95 + [])$ \T1/Lib
ertinusSerif-TLF/m/n/10.95 (+20) co-ef-fi-
 []


LaTeX Warning: Reference `p1:lem:selected-factor-bound' on page 1 undefined on 
input line 8478.


LaTeX Warning: Reference `p4:cor:IBP-envelope' on page 1 undefined on input lin
e 8478.


Underfull \hbox (badness 10000) in paragraph at lines 8478--8479
[]|[]\T1/LibertinusSerif-TLF/m/n/10.95 (+20) , []: the selected-
 []


Underfull \hbox (badness 1852) in paragraph at lines 8478--8479
\T1/LibertinusSerif-TLF/m/n/10.95 (+20) factor en-ve-lope $\OMS/cmsy/m/n/10.95 
j\OT1/cmr/m/n/10.95 ^^H(\OML/cmm/m/it/10.95 x\OT1/cmr/m/n/10.95 )\OMS/cmsy/m/n/
10.95 j ^^T
 []


Underfull \hbox (badness 1655) in paragraph at lines 8482--8484
[]|\T1/LibertinusSerif-TLF/m/n/10.95 (+20) More gen-eral: ev-ery
 []


LaTeX Warning: Reference `p2:thm:exact-factorization' on page 1 undefined on in
put line 8485.


Underfull \hbox (badness 10000) in paragraph at lines 8489--8493
\T1/LibertinusSerif-TLF/m/n/10.95 (+20) The periodic-orbit
 []


Underfull \hbox (badness 3514) in paragraph at lines 8489--8493
\T1/LibertinusSerif-TLF/m/n/10.95 (+20) iden-tity $\OML/cmm/m/it/10.95 Q[]\OT1/
cmr/m/n/10.95 (\OML/cmm/m/it/10.95 t\OT1/cmr/m/n/10.95 ) =
 []


Underfull \hbox (badness 10000) in paragraph at lines 8489--8493
\OML/cmm/m/it/10.95 Q[]\OT1/cmr/m/n/10.95 (\OML/cmm/m/it/10.95 t\OT1/cmr/m/n/10
.95 )\OML/cmm/m/it/10.95 Q[]\OT1/cmr/m/n/10.95 (\OML/cmm/m/it/10.95 t\OT1/cmr/m
/n/10.95 )$ \T1/LibertinusSerif-TLF/m/n/10.95 (+20) un-der
 []


Underfull \hbox (badness 10000) in paragraph at lines 8489--8493
\T1/LibertinusSerif-TLF/m/n/10.95 (+20) with no ra-tio-nal-ity
 []


LaTeX Warning: Reference `p3:thm:classical-count' on page 1 undefined on input 
line 8494.


LaTeX Warning: Reference `p3:thm:zero-multiplicity' on page 1 undefined on inpu
t line 8499.


Underfull \hbox (badness 1655) in paragraph at lines 8508--8511
[]|\T1/LibertinusSerif-TLF/m/n/10.95 (+20) More gen-eral: ev-ery
 []


Underfull \hbox (badness 1158) in paragraph at lines 8508--8511
\T1/LibertinusSerif-TLF/m/n/10.95 (+20) Pas-cal case is $\OML/cmm/m/it/10.95 a[
] \OT1/cmr/m/n/10.95 =
 []


LaTeX Warning: Reference `p3:thm:sign-law-r' on page 1 undefined on input line 
8512.


Underfull \hbox (badness 1655) in paragraph at lines 8516--8518
[]|\T1/LibertinusSerif-TLF/m/n/10.95 (+20) More gen-eral: ev-ery
 []


Underfull \hbox (badness 1132) in paragraph at lines 8516--8518
\T1/LibertinusSerif-TLF/m/n/10.95 (+20) ad-mis-si-ble weight se-
 []


LaTeX Warning: Reference `p3:thm:prouhet-r' on page 1 undefined on input line 8
519.


Underfull \hbox (badness 10000) in paragraph at lines 8519--8520
[]|[]\T1/LibertinusSerif-TLF/m/n/10.95 (+20) : the gen-er-al-ized
 []


Underfull \hbox (badness 10000) in paragraph at lines 8519--8520
\T1/LibertinusSerif-TLF/m/n/10.95 (+20) Prouhet can-cel-la-tion
 []


Underfull \hbox (badness 1655) in paragraph at lines 8523--8525
[]|\T1/LibertinusSerif-TLF/m/n/10.95 (+20) More gen-eral: ev-ery
 []


LaTeX Warning: Reference `p3:prop:Lambert-coordinate' on page 1 undefined on in
put line 8526.


Underfull \hbox (badness 2310) in paragraph at lines 8530--8531
[]|\T1/LibertinusSerif-TLF/m/n/10.95 (+20) Exact, un-der the ex-
 []


LaTeX Warning: Reference `p3:cor:rank-one-Psi' on page 1 undefined on input lin
e 8532.


Underfull \hbox (badness 1565) in paragraph at lines 8532--8533
[]|[]\T1/LibertinusSerif-TLF/m/n/10.95 (+20) : the ex-act pe-ri-odic de-
 []


Underfull \hbox (badness 6204) in paragraph at lines 8536--8540
[]|\T1/LibertinusSerif-TLF/b/n/10.95 (+20) Convention dif-fers\T1/LibertinusSer
if-TLF/m/n/10.95 (+20) :
 []


Underfull \hbox (badness 6658) in paragraph at lines 8536--8540
\T1/LibertinusSerif-TLF/m/n/10.95 (+20) at ar-gu-ment $\OT1/cmr/m/n/10.95 2\OML
/cmm/m/it/10.95 t$\T1/LibertinusSerif-TLF/m/n/10.95 (+20) , i.e.
 []


Overfull \hbox (17.2609pt too wide) in paragraph at lines 8536--8540
[]\OT1/cmr/m/n/10.95 (\OML/cmm/m/it/10.95 s\OT1/cmr/m/n/10.95 ) =
 []


Underfull \hbox (badness 6927) in paragraph at lines 8536--8540
\T1/LibertinusSerif-TLF/m/n/10.95 (+20) ume's no-ta-tion; the
 []


LaTeX Warning: Reference `p3:lem:pascal-tail' on page 1 undefined on input line
 8541.


Underfull \hbox (badness 10000) in paragraph at lines 8541--8541
[]|[]\T1/LibertinusSerif-TLF/m/n/10.95 (+20) : $[][] []\OT1/cmr/m/n/10.95 2[] =

 []


Underfull \hbox (badness 1460) in paragraph at lines 8545--8549
[]|\T1/LibertinusSerif-TLF/m/n/10.95 (+20) Exact, over $\U/msb/m/n/10.95 N$\T1/
LibertinusSerif-TLF/m/n/10.95 (+20) : with
 []


Underfull \hbox (badness 1442) in paragraph at lines 8545--8549
\OT1/cmr/m/n/10.95 1$\T1/LibertinusSerif-TLF/m/n/10.95 (+20) , $\T1/LibertinusM
ono-TLF/m/n/10.95 P a s c a l T a i l . t
 []


Underfull \hbox (badness 3803) in paragraph at lines 8545--8549
\T1/LibertinusMono-TLF/m/n/10.95 a i l C o u nt$ $\OML/cmm/m/it/10.95 j k \OT1/
cmr/m/n/10.95 =
 []


Underfull \hbox (badness 3260) in paragraph at lines 8545--8549
[][] []$ \T1/LibertinusSerif-TLF/m/n/10.95 (+20) is $\OML/cmm/m/it/10.95 Q[]\OT
1/cmr/m/n/10.95 (\OML/cmm/m/it/10.95 j\OT1/cmr/m/n/10.95 )$\T1/LibertinusSerif-
TLF/m/n/10.95 (+20) .
 []


LaTeX Warning: Reference `p2:thm:sqrt3-bound' on page 1 undefined on input line
 8550.


Underfull \hbox (badness 1769) in paragraph at lines 8556--8562
\T1/LibertinusSerif-TLF/m/it/10.95 (+20) ery \T1/LibertinusSerif-TLF/m/n/10.95 
(+20) real $\OML/cmm/m/it/10.95 t$ \T1/LibertinusSerif-TLF/m/n/10.95 (+20) whos
e or-
 []


Underfull \hbox (badness 5403) in paragraph at lines 8556--8562
\T1/LibertinusSerif-TLF/m/n/10.95 (+20) bit re-turns, $\OT1/cmr/m/n/10.95 2[]\O
ML/cmm/m/it/10.95 t \OT1/cmr/m/n/10.95 =
 []


Underfull \hbox (badness 1132) in paragraph at lines 8556--8562
\OML/cmm/m/it/10.95 t \OT1/cmr/m/n/10.95 + \OML/cmm/m/it/10.95 z$ \T1/Libertinu
sSerif-TLF/m/n/10.95 (+20) with $\OML/cmm/m/it/10.95 z \OMS/cmsy/m/n/10.95 2 \U
/msb/m/n/10.95 Z$\T1/LibertinusSerif-TLF/m/n/10.95 (+20) ,
 []


Underfull \hbox (badness 2253) in paragraph at lines 8556--8562
\T1/LibertinusSerif-TLF/m/n/10.95 (+20) the nor-mal-ized prod-
 []


Underfull \hbox (badness 4805) in paragraph at lines 8556--8562
\T1/LibertinusSerif-TLF/m/n/10.95 (+20) tity $\OMS/cmsy/m/n/10.95 j\OT1/cmr/m/n
/10.95 1 \OMS/cmsy/m/n/10.95 ^^@ \OML/cmm/m/it/10.95 e[]\OMS/cmsy/m/n/10.95 j \
OT1/cmr/m/n/10.95 =
 []


LaTeX Warning: Reference `p3:thm:sign-law-r' on page 1 undefined on input line 
8563.


LaTeX Warning: Reference `p3:eq:Pr-dr' on page 127 undefined on input line 8574
.


Underfull \hbox (badness 2012) in paragraph at lines 8570--8577
\T1/LibertinusSerif-TLF/m/n/10.95 (+20) ery $\OML/cmm/m/it/10.95 h; k; m$\T1/Li
bertinusSerif-TLF/m/n/10.95 (+20) . The li-
 []


Underfull \hbox (badness 1577) in paragraph at lines 8570--8577
\OT1/cmr/m/n/10.95 2[]$\T1/LibertinusSerif-TLF/m/n/10.95 (+20) , which is a pe-

 []


Underfull \hbox (badness 1859) in paragraph at lines 8570--8577
\T1/LibertinusSerif-TLF/m/n/10.95 (+20) and the count $\OML/cmm/m/it/10.95 d[]$
 \T1/LibertinusSerif-TLF/m/n/10.95 (+20) of
 []


ignored: Infinite glue shrinkage found in box being split [127]
ignored: Infinite glue shrinkage f
ound in box being split [128] [129] [130]

Package longtable Warning: Table widths have changed. Rerun LaTeX.

(C:\Temp\pv-u9i84pkl\out\Spectra_and_Arithmetic_Frontiers.aux)
 ***********
LaTeX2e <2025-11-01>
L3 programming layer <2026-03-20>
 ***********


LaTeX Warning: There were undefined references.


LaTeX Warning: Label(s) may have changed. Rerun to get cross-references right.


Package rerunfilecheck Warning: File `Spectra_and_Arithmetic_Frontiers.out' has
 changed.
(rerunfilecheck)                Rerun to get outlines right
(rerunfilecheck)                or use package `bookmark'.

Package rerunfilecheck Info: Checksums for `Spectra_and_Arithmetic_Frontiers.ou
t':
(rerunfilecheck)             Before: <no file>
(rerunfilecheck)             After:  E68F865CB790BCB68327990C2DDCC016;54442.
 ) 
Here is how much of TeX's memory you used:
 38481 strings out of 467691
 774944 string characters out of 5414987
 1900708 words of memory out of 5000000
 64950 multiletter control sequences out of 15000+600000
 825121 words of font info for 552 fonts, out of 8000000 for 9000
 1141 hyphenation exceptions out of 8191
 98i,15n,108p,1031b,2444s stack positions out of 10000i,1000n,20000p,200000b,200000s
<C:/Users/vresh/AppData/Local/Programs/MiKTeX/fonts/type1/public/libertinus-t
ype1/LibertinusMono-Bold.pfb><C:/Users/vresh/AppData/Local/Programs/MiKTeX/font
s/type1/public/libertinus-type1/LibertinusMono-Italic.pfb><C:/Users/vresh/AppDa
ta/Local/Programs/MiKTeX/fonts/type1/public/libertinus-type1/LibertinusMono-Reg
ular.pfb><C:/Users/vresh/AppData/Local/Programs/MiKTeX/fonts/type1/public/liber
tinus-type1/LibertinusSerif-Bold.pfb><C:/Users/vresh/AppData/Local/Programs/MiK
TeX/fonts/type1/public/libertinus-type1/LibertinusSerif-Italic.pfb><C:/Users/vr
esh/AppData/Local/Programs/MiKTeX/fonts/type1/public/libertinus-type1/Libertinu
sSerif-Regular.pfb><C:/Users/vresh/AppData/Local/Programs/MiKTeX/fonts/type1/pu
blic/amsfonts/cm/cmbx10.pfb><C:/Users/vresh/AppData/Local/Programs/MiKTeX/fonts
/type1/public/amsfonts/cm/cmex10.pfb><C:/Users/vresh/AppData/Local/Programs/MiK
TeX/fonts/type1/public/amsfonts/cmextra/cmex8.pfb><C:/Users/vresh/AppData/Local
/Programs/MiKTeX/fonts/type1/public/amsfonts/cm/cmmi10.pfb><C:/Users/vresh/AppD
ata/Local/Programs/MiKTeX/fonts/type1/public/amsfonts/cm/cmmi12.pfb><C:/Users/v
resh/AppData/Local/Programs/MiKTeX/fonts/type1/public/amsfonts/cm/cmmi5.pfb><C:
/Users/vresh/AppData/Local/Programs/MiKTeX/fonts/type1/public/amsfonts/cm/cmmi6
.pfb><C:/Users/vresh/AppData/Local/Programs/MiKTeX/fonts/type1/public/amsfonts/
cm/cmmi7.pfb><C:/Users/vresh/AppData/Local/Programs/MiKTeX/fonts/type1/public/a
msfonts/cm/cmmi8.pfb><C:/Users/vresh/AppData/Local/Programs/MiKTeX/fonts/type1/
public/amsfonts/cm/cmmi9.pfb><C:/Users/vresh/AppData/Local/Programs/MiKTeX/font
s/type1/public/amsfonts/cm/cmr10.pfb><C:/Users/vresh/AppData/Local/Programs/MiK
TeX/fonts/type1/public/amsfonts/cm/cmr12.pfb><C:/Users/vresh/AppData/Local/Prog
rams/MiKTeX/fonts/type1/public/amsfonts/cm/cmr5.pfb><C:/Users/vresh/AppData/Loc
al/Programs/MiKTeX/fonts/type1/public/amsfonts/cm/cmr6.pfb><C:/Users/vresh/AppD
ata/Local/Programs/MiKTeX/fonts/type1/public/amsfonts/cm/cmr7.pfb><C:/Users/vre
sh/AppData/Local/Programs/MiKTeX/fonts/type1/public/amsfonts/cm/cmr8.pfb><C:/Us
ers/vresh/AppData/Local/Programs/MiKTeX/fonts/type1/public/amsfonts/cm/cmr9.pfb
><C:/Users/vresh/AppData/Local/Programs/MiKTeX/fonts/type1/public/amsfonts/cm/c
msy10.pfb><C:/Users/vresh/AppData/Local/Programs/MiKTeX/fonts/type1/public/amsf
onts/cm/cmsy5.pfb><C:/Users/vresh/AppData/Local/Programs/MiKTeX/fonts/type1/pub
lic/amsfonts/cm/cmsy6.pfb><C:/Users/vresh/AppData/Local/Programs/MiKTeX/fonts/t
ype1/public/amsfonts/cm/cmsy7.pfb><C:/Users/vresh/AppData/Local/Programs/MiKTeX
/fonts/type1/public/amsfonts/cm/cmsy8.pfb><C:/Users/vresh/AppData/Local/Program
s/MiKTeX/fonts/type1/public/amsfonts/cm/cmsy9.pfb><C:/Users/vresh/AppData/Local
/Programs/MiKTeX/fonts/type1/public/amsfonts/cm/cmtt10.pfb><C:/Users/vresh/AppD
ata/Local/Programs/MiKTeX/fonts/type1/public/amsfonts/euler/eufm10.pfb><C:/User
s/vresh/AppData/Local/Programs/MiKTeX/fonts/type1/public/amsfonts/symbols/msbm1
0.pfb><C:/Users/vresh/AppData/Local/Programs/MiKTeX/fonts/type1/public/amsfonts
/symbols/msbm7.pfb><C:/Users/vresh/AppData/Local/Programs/MiKTeX/fonts/type1/pu
blic/rsfs/rsfs10.pfb>
Output written on C:\Temp\pv-u9i84pkl\out\Spectra_and_Arithmetic_Frontiers.pdf 
(130 pages, 1567179 bytes).
PDF statistics:
 2396 PDF objects out of 2487 (max. 8388607)
 1389 named destinations out of 1440 (max. 500000)
 104620 words of extra memory for PDF output out of 106986 (max. 10000000)

