This is pdfTeX, Version 3.141592653-2.6-1.40.29 (MiKTeX 26.2) (preloaded format=pdflatex 2026.8.15)  9 SEP 2026 13:11
entering extended mode
 file:line:error style messages enabled.
 %&-line parsing enabled.
**./transseries_and_inversion.tex
(transseries_and_inversion.tex
LaTeX2e <2025-11-01>
L3 programming layer <2026-03-20>
(C:\Users\vresh\AppData\Local\Programs\MiKTeX\tex/latex/base\book.cls
Document Class: book 2025/01/22 v1.4n Standard LaTeX document class
(C:\Users\vresh\AppData\Local\Programs\MiKTeX\tex/latex/base\bk11.clo
File: bk11.clo 2025/01/22 v1.4n Standard LaTeX file (size option)
)
\c@part=\count275
\c@chapter=\count276
\c@section=\count277
\c@subsection=\count278
\c@subsubsection=\count279
\c@paragraph=\count280
\c@subparagraph=\count281
\c@figure=\count282
\c@table=\count283
\abovecaptionskip=\skip49
\belowcaptionskip=\skip50
\bibindent=\dimen150
)
(C:\Users\vresh\AppData\Local\Programs\MiKTeX\tex/latex/geometry\geometry.sty
Package: geometry 2026/03/07 v6.0 Page Geometry

(C:\Users\vresh\AppData\Local\Programs\MiKTeX\tex/latex/graphics\keyval.sty
Package: keyval 2022/05/29 v1.15 key=value parser (DPC)
\KV@toks@=\toks17
)
(C:\Users\vresh\AppData\Local\Programs\MiKTeX\tex/generic/iftex\ifvtex.sty
Package: ifvtex 2019/10/25 v1.7 ifvtex legacy package. Use iftex instead.

(C:\Users\vresh\AppData\Local\Programs\MiKTeX\tex/generic/iftex\iftex.sty
Package: iftex 2024/12/12 v1.0g TeX engine tests
))
\Gm@cnth=\count284
\Gm@cntv=\count285
\c@Gm@tempcnt=\count286
\Gm@bindingoffset=\dimen151
\Gm@wd@mp=\dimen152
\Gm@odd@mp=\dimen153
\Gm@even@mp=\dimen154
\Gm@layoutwidth=\dimen155
\Gm@layoutheight=\dimen156
\Gm@layouthoffset=\dimen157
\Gm@layoutvoffset=\dimen158
\Gm@dimlist=\toks18

(C:\Users\vresh\AppData\Local\Programs\MiKTeX\tex/latex/geometry\geometry.cfg))
(C:\Users\vresh\AppData\Local\Programs\MiKTeX\tex/latex/base\fontenc.sty
Package: fontenc 2025/07/18 v2.1d Standard LaTeX package
)
(C:\Users\vresh\AppData\Local\Programs\MiKTeX\tex/latex/base\inputenc.sty
Package: inputenc 2024/02/08 v1.3d Input encoding file
\inpenc@prehook=\toks19
\inpenc@posthook=\toks20
)
   defining Unicode char U+2080 (decimal 8320)
   defining Unicode char U+2081 (decimal 8321)
   defining Unicode char U+2082 (decimal 8322)
   defining Unicode char U+2083 (decimal 8323)
   defining Unicode char U+2084 (decimal 8324)
   defining Unicode char U+2099 (decimal 8345)

(C:\Users\vresh\AppData\Local\Programs\MiKTeX\tex/latex/libertinus\libertinus.s
ty
Package: libertinus 2020/05/06 v. 0.02 (Herbert Voss) Supports libertinus fonts
 for pdflatex/lualatex/xelatex
 (C:\Users\vresh\AppData\Local\Programs\MiKTeX\tex/latex/xkeyval\xkeyval.sty
Package: xkeyval 2022/06/16 v2.9 package option processing (HA)

(C:\Users\vresh\AppData\Local\Programs\MiKTeX\tex/generic/xkeyval\xkeyval.tex
(C:\Users\vresh\AppData\Local\Programs\MiKTeX\tex/generic/xkeyval\xkvutils.tex
\XKV@toks=\toks21
\XKV@tempa@toks=\toks22
)
\XKV@depth=\count287
File: xkeyval.tex 2014/12/03 v2.7a key=value parser (HA)
))
(C:\Users\vresh\AppData\Local\Programs\MiKTeX\tex/latex/libertinus-type1\libert
inus-type1.sty
Package: libertinus-type1 2025/11/17 (Bob Tennent) Supports libertinus fonts fo
r latex/pdflatex.

(C:\Users\vresh\AppData\Local\Programs\MiKTeX\tex/generic/iftex\ifxetex.sty
Package: ifxetex 2019/10/25 v0.7 ifxetex legacy package. Use iftex instead.
)
(C:\Users\vresh\AppData\Local\Programs\MiKTeX\tex/generic/iftex\ifluatex.sty
Package: ifluatex 2019/10/25 v1.5 ifluatex legacy package. Use iftex instead.
)
(C:\Users\vresh\AppData\Local\Programs\MiKTeX\tex/latex/base\textcomp.sty
Package: textcomp 2024/04/24 v2.1b Standard LaTeX package
)
(C:\Users\vresh\AppData\Local\Programs\MiKTeX\tex/latex/base\fontenc.sty
Package: fontenc 2025/07/18 v2.1d Standard LaTeX package
)
(C:\Users\vresh\AppData\Local\Programs\MiKTeX\tex/latex/fontaxes\fontaxes.sty
Package: fontaxes 2026-01-02 v2.0.2 Font selection axes (deprecated)
Applying: [2024-11-01] Use figureversions if present on input line 74.

(C:\Users\vresh\AppData\Local\Programs\MiKTeX\tex/latex/figureversions\figureve
rsions.sty
Package: figureversions 2025-04-29 v1.0.1 Figure versions
)
Already applied: [0000-00-00] Fall back to v1 on input line 76.
)))
(C:\Users\vresh\AppData\Local\Programs\MiKTeX\tex/latex/microtype\microtype.sty
Package: microtype 2026/03/01 v3.2d Micro-typographical refinements (RS)
(C:\Users\vresh\AppData\Local\Programs\MiKTeX\tex/latex/etoolbox\etoolbox.sty
Package: etoolbox 2025/10/02 v2.5m e-TeX tools for LaTeX (JAW)
\etb@tempcnta=\count288
)
\MT@toks=\toks23
\MT@tempbox=\box53
\MT@count=\count289
LaTeX Info: Redefining \noprotrusionifhmode on input line 1084.
LaTeX Info: Redefining \leftprotrusion on input line 1085.
\MT@prot@toks=\toks24
LaTeX Info: Redefining \rightprotrusion on input line 1104.
LaTeX Info: Redefining \textls on input line 1449.
\MT@outer@kern=\dimen159
LaTeX Info: Redefining \microtypecontext on input line 2053.
LaTeX Info: Redefining \textmicrotypecontext on input line 2070.
\MT@listname@count=\count290

(C:\Users\vresh\AppData\Local\Programs\MiKTeX\tex/latex/microtype\microtype-pdf
tex.def
File: microtype-pdftex.def 2026/03/01 v3.2d Definitions specific to pdftex (RS)

LaTeX Info: Redefining \lsstyle on input line 944.
LaTeX Info: Redefining \lslig on input line 944.
\MT@outer@space=\skip51
)
Package microtype Info: Loading configuration file microtype.cfg.

(C:\Users\vresh\AppData\Local\Programs\MiKTeX\tex/latex/microtype\microtype.cfg
File: microtype.cfg 2026/03/01 v3.2d microtype main configuration file (RS)
)
LaTeX Info: Redefining \microtypesetup on input line 3065.
) (C:\Users\vresh\AppData\Local\Programs\MiKTeX\tex/latex/amsmath\amsmath.sty
Package: amsmath 2025/07/09 v2.17z AMS math features
\@mathmargin=\skip52

For additional information on amsmath, use the `?' option.
(C:\Users\vresh\AppData\Local\Programs\MiKTeX\tex/latex/amsmath\amstext.sty
Package: amstext 2024/11/17 v2.01 AMS text

(C:\Users\vresh\AppData\Local\Programs\MiKTeX\tex/latex/amsmath\amsgen.sty
File: amsgen.sty 1999/11/30 v2.0 generic functions
\@emptytoks=\toks25
\ex@=\dimen160
))
(C:\Users\vresh\AppData\Local\Programs\MiKTeX\tex/latex/amsmath\amsbsy.sty
Package: amsbsy 1999/11/29 v1.2d Bold Symbols
\pmbraise@=\dimen161
)
(C:\Users\vresh\AppData\Local\Programs\MiKTeX\tex/latex/amsmath\amsopn.sty
Package: amsopn 2022/04/08 v2.04 operator names
)
\inf@bad=\count291
LaTeX Info: Redefining \frac on input line 233.
\uproot@=\count292
\leftroot@=\count293
LaTeX Info: Redefining \overline on input line 398.
LaTeX Info: Redefining \colon on input line 409.
\classnum@=\count294
\DOTSCASE@=\count295
LaTeX Info: Redefining \ldots on input line 495.
LaTeX Info: Redefining \dots on input line 498.
LaTeX Info: Redefining \cdots on input line 619.
\Mathstrutbox@=\box54
\strutbox@=\box55
LaTeX Info: Redefining \big on input line 721.
LaTeX Info: Redefining \Big on input line 722.
LaTeX Info: Redefining \bigg on input line 723.
LaTeX Info: Redefining \Bigg on input line 724.
\big@size=\dimen162
LaTeX Font Info:    Redeclaring font encoding OML on input line 742.
LaTeX Font Info:    Redeclaring font encoding OMS on input line 743.
\macc@depth=\count296
LaTeX Info: Redefining \bmod on input line 904.
LaTeX Info: Redefining \pmod on input line 909.
LaTeX Info: Redefining \smash on input line 939.
LaTeX Info: Redefining \relbar on input line 969.
LaTeX Info: Redefining \Relbar on input line 970.
\c@MaxMatrixCols=\count297
\dotsspace@=\muskip17
\c@parentequation=\count298
\dspbrk@lvl=\count299
\tag@help=\toks26
\row@=\count300
\column@=\count301
\maxfields@=\count302
\andhelp@=\toks27
\eqnshift@=\dimen163
\alignsep@=\dimen164
\tagshift@=\dimen165
\tagwidth@=\dimen166
\totwidth@=\dimen167
\lineht@=\dimen168
\@envbody=\toks28
\multlinegap=\skip53
\multlinetaggap=\skip54
\mathdisplay@stack=\toks29
LaTeX Info: Redefining \[ on input line 2950.
LaTeX Info: Redefining \] on input line 2951.
)
(C:\Users\vresh\AppData\Local\Programs\MiKTeX\tex/latex/amsfonts\amssymb.sty
Package: amssymb 2013/01/14 v3.01 AMS font symbols

(C:\Users\vresh\AppData\Local\Programs\MiKTeX\tex/latex/amsfonts\amsfonts.sty
Package: amsfonts 2013/01/14 v3.01 Basic AMSFonts support
\symAMSa=\mathgroup4
\symAMSb=\mathgroup5
LaTeX Font Info:    Redeclaring math symbol \hbar on input line 98.
LaTeX Font Info:    Overwriting math alphabet `\mathfrak' in version `bold'
(Font)                  U/euf/m/n --> U/euf/b/n on input line 106.
)) (C:\Users\vresh\AppData\Local\Programs\MiKTeX\tex/latex/amscls\amsthm.sty
Package: amsthm 2020/05/29 v2.20.6
\thm@style=\toks30
\thm@bodyfont=\toks31
\thm@headfont=\toks32
\thm@notefont=\toks33
\thm@headpunct=\toks34
\thm@preskip=\skip55
\thm@postskip=\skip56
\thm@headsep=\skip57
\dth@everypar=\toks35
)
(C:\Users\vresh\AppData\Local\Programs\MiKTeX\tex/latex/mathtools\mathtools.sty
Package: mathtools 2024/10/04 v1.31 mathematical typesetting tools
(C:\Users\vresh\AppData\Local\Programs\MiKTeX\tex/latex/tools\calc.sty
Package: calc 2025/03/01 v4.3b Infix arithmetic (KKT,FJ)
\calc@Acount=\count303
\calc@Bcount=\count304
\calc@Adimen=\dimen169
\calc@Bdimen=\dimen170
\calc@Askip=\skip58
\calc@Bskip=\skip59
LaTeX Info: Redefining \setlength on input line 86.
LaTeX Info: Redefining \addtolength on input line 87.
\calc@Ccount=\count305
\calc@Cskip=\skip60
)
(C:\Users\vresh\AppData\Local\Programs\MiKTeX\tex/latex/mathtools\mhsetup.sty
Package: mhsetup 2021/03/18 v1.4 programming setup (MH)
)
\g_MT_multlinerow_int=\count306
\l_MT_multwidth_dim=\dimen171
\origjot=\skip61
\l_MT_shortvdotswithinadjustabove_dim=\dimen172
\l_MT_shortvdotswithinadjustbelow_dim=\dimen173
\l_MT_above_intertext_sep=\dimen174
\l_MT_below_intertext_sep=\dimen175
\l_MT_above_shortintertext_sep=\dimen176
\l_MT_below_shortintertext_sep=\dimen177
\xmathstrut@box=\box56
\xmathstrut@dim=\dimen178
) (C:\Users\vresh\AppData\Local\Programs\MiKTeX\tex/latex/jknappen\mathrsfs.sty
Package: mathrsfs 1996/01/01 Math RSFS package v1.0 (jk)
\symrsfs=\mathgroup6
) (C:\Users\vresh\AppData\Local\Programs\MiKTeX\tex/latex/tools\bm.sty
Package: bm 2025/10/21 v1.2g Bold Symbol Support (DPC/FMi)
\symboldoperators=\mathgroup7
\symboldletters=\mathgroup8
\symboldsymbols=\mathgroup9
Package bm Info: No bold for \OMX/cmex/m/n, using \pmb.
Package bm Info: No bold for \U/msa/m/n, using \pmb.
Package bm Info: No bold for \U/msb/m/n, using \pmb.
Package bm Info: No bold for \U/rsfs/m/n, using \pmb.
LaTeX Font Info:    Redeclaring math alphabet \mathbf on input line 149.
)
(../../../../fabius-notation.tex)
(C:\Users\vresh\AppData\Local\Programs\MiKTeX\tex/latex/booktabs\booktabs.sty
Package: booktabs 2020/01/12 v1.61803398 Publication quality tables
\heavyrulewidth=\dimen179
\lightrulewidth=\dimen180
\cmidrulewidth=\dimen181
\belowrulesep=\dimen182
\belowbottomsep=\dimen183
\aboverulesep=\dimen184
\abovetopsep=\dimen185
\cmidrulesep=\dimen186
\cmidrulekern=\dimen187
\defaultaddspace=\dimen188
\@cmidla=\count307
\@cmidlb=\count308
\@aboverulesep=\dimen189
\@belowrulesep=\dimen190
\@thisruleclass=\count309
\@lastruleclass=\count310
\@thisrulewidth=\dimen191
)
(C:\Users\vresh\AppData\Local\Programs\MiKTeX\tex/latex/tools\longtable.sty
Package: longtable 2025-10-13 v4.24 Multi-page Table package (DPC)
\LTleft=\skip62
\LTright=\skip63
\LTpre=\skip64
\LTpost=\skip65
\LTchunksize=\count311
\LTcapwidth=\dimen192
\LT@head=\box57
\LT@firsthead=\box58
\LT@foot=\box59
\LT@lastfoot=\box60
\LT@gbox=\box61
\LT@cols=\count312
\LT@rows=\count313
\c@LT@tables=\count314
\c@LT@chunks=\count315
\LT@p@ftn=\toks36
)
(C:\Users\vresh\AppData\Local\Programs\MiKTeX\tex/latex/tools\tabularx.sty
Package: tabularx 2023/12/11 v2.12a `tabularx' package (DPC)

(C:\Users\vresh\AppData\Local\Programs\MiKTeX\tex/latex/tools\array.sty
Package: array 2025/09/25 v2.6n Tabular extension package (FMi)
\col@sep=\dimen193
\ar@mcellbox=\box62
\extrarowheight=\dimen194
\NC@list=\toks37
\extratabsurround=\skip66
\backup@length=\skip67
\ar@cellbox=\box63
)
\TX@col@width=\dimen195
\TX@old@table=\dimen196
\TX@old@col=\dimen197
\TX@target=\dimen198
\TX@delta=\dimen199
\TX@cols=\count316
\TX@ftn=\toks38
)
(C:\Users\vresh\AppData\Local\Programs\MiKTeX\tex/latex/multirow\multirow.sty
Package: multirow 2024/11/12 v2.9 Span multiple rows of a table
\multirow@colwidth=\skip68
\multirow@cntb=\count317
\multirow@dima=\skip69
\bigstrutjot=\dimen256
)
(C:\Users\vresh\AppData\Local\Programs\MiKTeX\tex/latex/graphics\graphicx.sty
Package: graphicx 2024/12/31 v1.2e Enhanced LaTeX Graphics (DPC,SPQR)

(C:\Users\vresh\AppData\Local\Programs\MiKTeX\tex/latex/graphics\graphics.sty
Package: graphics 2024/08/06 v1.4g Standard LaTeX Graphics (DPC,SPQR)

(C:\Users\vresh\AppData\Local\Programs\MiKTeX\tex/latex/graphics\trig.sty
Package: trig 2023/12/02 v1.11 sin cos tan (DPC)
)
(C:\Users\vresh\AppData\Local\Programs\MiKTeX\tex/latex/graphics-cfg\graphics.c
fg
File: graphics.cfg 2016/06/04 v1.11 sample graphics configuration
)
Package graphics Info: Driver file: pdftex.def on input line 106.

(C:\Users\vresh\AppData\Local\Programs\MiKTeX\tex/latex/graphics-def\pdftex.def
File: pdftex.def 2025/09/29 v1.2d Graphics/color driver for pdftex
))
\Gin@req@height=\dimen257
\Gin@req@width=\dimen258
) (C:\Users\vresh\AppData\Local\Programs\MiKTeX\tex/latex/xcolor\xcolor.sty
Package: xcolor 2024/09/29 v3.02 LaTeX color extensions (UK)

(C:\Users\vresh\AppData\Local\Programs\MiKTeX\tex/latex/graphics-cfg\color.cfg
File: color.cfg 2016/01/02 v1.6 sample color configuration
)
Package xcolor Info: Driver file: pdftex.def on input line 274.
(C:\Users\vresh\AppData\Local\Programs\MiKTeX\tex/latex/graphics\mathcolor.ltx)
Package xcolor Info: Model `cmy' substituted by `cmy0' on input line 1349.
Package xcolor Info: Model `hsb' substituted by `rgb' on input line 1353.
Package xcolor Info: Model `RGB' extended on input line 1365.
Package xcolor Info: Model `HTML' substituted by `rgb' on input line 1367.
Package xcolor Info: Model `Hsb' substituted by `hsb' on input line 1368.
Package xcolor Info: Model `tHsb' substituted by `hsb' on input line 1369.
Package xcolor Info: Model `HSB' substituted by `hsb' on input line 1370.
Package xcolor Info: Model `Gray' substituted by `gray' on input line 1371.
Package xcolor Info: Model `wave' substituted by `hsb' on input line 1372.
) (C:\Users\vresh\AppData\Local\Programs\MiKTeX\tex/latex/graphics\dvipsnam.def
File: dvipsnam.def 2016/06/17 v3.0m Driver-dependent file (DPC,SPQR)
) (C:\Users\vresh\AppData\Local\Programs\MiKTeX\tex/latex/xcolor\svgnam.def
File: svgnam.def 2024/09/29 v3.02 Predefined colors according to SVG 1.1 (UK)
)
(C:\Users\vresh\AppData\Local\Programs\MiKTeX\tex/latex/enumitem\enumitem.sty
Package: enumitem 2025/02/06 v3.11 Customized lists
\labelindent=\skip70
\enit@outerparindent=\dimen259
\enit@toks=\toks39
\enit@inbox=\box64
\enit@count@id=\count318
\enitdp@description=\count319
)
(C:\Users\vresh\AppData\Local\Programs\MiKTeX\tex/latex/fancyhdr\fancyhdr.sty
Package: fancyhdr 2025/02/07 v5.2 Extensive control of page headers and footers

\f@nch@headwidth=\skip71
\f@nch@offset@elh=\skip72
\f@nch@offset@erh=\skip73
\f@nch@offset@olh=\skip74
\f@nch@offset@orh=\skip75
\f@nch@offset@elf=\skip76
\f@nch@offset@erf=\skip77
\f@nch@offset@olf=\skip78
\f@nch@offset@orf=\skip79
\f@nch@height=\skip80
\f@nch@footalignment=\skip81
\f@nch@widthL=\skip82
\f@nch@widthC=\skip83
\f@nch@widthR=\skip84
\@temptokenb=\toks40
)
(C:\Users\vresh\AppData\Local\Programs\MiKTeX\tex/latex/float\float.sty
Package: float 2001/11/08 v1.3d Float enhancements (AL)
\c@float@type=\count320
\float@exts=\toks41
\float@box=\box65
\@float@everytoks=\toks42
\@floatcapt=\box66
)
(C:\Users\vresh\AppData\Local\Programs\MiKTeX\tex/latex/needspace\needspace.sty
Package: needspace 2025/03/13 v1.3e reserve vertical space
) (C:\Users\vresh\AppData\Local\Programs\MiKTeX\tex/latex/xurl\xurl.sty
Package: xurl 2022/01/09 v 0.10 modify URL breaks

(C:\Users\vresh\AppData\Local\Programs\MiKTeX\tex/latex/url\url.sty
\Urlmuskip=\muskip18
Package: url 2013/09/16  ver 3.4  Verb mode for urls, etc.
))
(C:\Users\vresh\AppData\Local\Programs\MiKTeX\tex/latex/listings\listings.sty
\lst@mode=\count321
\lst@gtempboxa=\box67
\lst@token=\toks43
\lst@length=\count322
\lst@currlwidth=\dimen260
\lst@column=\count323
\lst@pos=\count324
\lst@lostspace=\dimen261
\lst@width=\dimen262
\lst@newlines=\count325
\lst@lineno=\count326
\lst@maxwidth=\dimen263

(C:\Users\vresh\AppData\Local\Programs\MiKTeX\tex/latex/listings\lstpatch.sty
File: lstpatch.sty 2025/11/14 1.11b (Carsten Heinz)
)
(C:\Users\vresh\AppData\Local\Programs\MiKTeX\tex/latex/listings\lstmisc.sty
File: lstmisc.sty 2025/11/14 1.11b (Carsten Heinz)
\c@lstnumber=\count327
\lst@skipnumbers=\count328
\lst@framebox=\box68
)
(C:\Users\vresh\AppData\Local\Programs\MiKTeX\tex/latex/listings\listings.cfg
File: listings.cfg 2025/11/14 1.11b listings configuration
))
Package: listings 2025/11/14 1.11b (Carsten Heinz)
==> First Aid for listings.sty no longer applied!
    Expected:
        2024/09/23 1.10c (Carsten Heinz)
    but found:
        2025/11/14 1.11b (Carsten Heinz)
    so I'm assuming it got fixed.

(C:\Users\vresh\AppData\Local\Programs\MiKTeX\tex/latex/tcolorbox\tcolorbox.sty
Package: tcolorbox 2025/11/28 version 6.9.0 text color boxes

(C:\Users\vresh\AppData\Local\Programs\MiKTeX\tex/latex/pgf/frontendlayer\tikz.
sty
(C:\Users\vresh\AppData\Local\Programs\MiKTeX\tex/latex/pgf/basiclayer\pgf.sty
(C:\Users\vresh\AppData\Local\Programs\MiKTeX\tex/latex/pgf/utilities\pgfrcs.st
y
(C:\Users\vresh\AppData\Local\Programs\MiKTeX\tex/generic/pgf/utilities\pgfutil
-common.tex
\pgfutil@everybye=\toks44
\pgfutil@tempdima=\dimen264
\pgfutil@tempdimb=\dimen265
)
(C:\Users\vresh\AppData\Local\Programs\MiKTeX\tex/generic/pgf/utilities\pgfutil
-latex.def
\pgfutil@abb=\box69
)
(C:\Users\vresh\AppData\Local\Programs\MiKTeX\tex/generic/pgf/utilities\pgfrcs.
code.tex
(C:\Users\vresh\AppData\Local\Programs\MiKTeX\tex/generic/pgf\pgf.revision.tex)
Package: pgfrcs 2025-08-29 v3.1.11a (3.1.11a)
))
Package: pgf 2025-08-29 v3.1.11a (3.1.11a)

(C:\Users\vresh\AppData\Local\Programs\MiKTeX\tex/latex/pgf/basiclayer\pgfcore.
sty
(C:\Users\vresh\AppData\Local\Programs\MiKTeX\tex/latex/pgf/systemlayer\pgfsys.
sty
(C:\Users\vresh\AppData\Local\Programs\MiKTeX\tex/generic/pgf/systemlayer\pgfsy
s.code.tex
Package: pgfsys 2025-08-29 v3.1.11a (3.1.11a)

(C:\Users\vresh\AppData\Local\Programs\MiKTeX\tex/generic/pgf/utilities\pgfkeys
.code.tex
\pgfkeys@pathtoks=\toks45
\pgfkeys@temptoks=\toks46

(C:\Users\vresh\AppData\Local\Programs\MiKTeX\tex/generic/pgf/utilities\pgfkeys
libraryfiltered.code.tex
\pgfkeys@tmptoks=\toks47
))
\pgf@x=\dimen266
\pgf@y=\dimen267
\pgf@xa=\dimen268
\pgf@ya=\dimen269
\pgf@xb=\dimen270
\pgf@yb=\dimen271
\pgf@xc=\dimen272
\pgf@yc=\dimen273
\pgf@xd=\dimen274
\pgf@yd=\dimen275
\w@pgf@writea=\write3
\r@pgf@reada=\read2
\c@pgf@counta=\count329
\c@pgf@countb=\count330
\c@pgf@countc=\count331
\c@pgf@countd=\count332
\t@pgf@toka=\toks48
\t@pgf@tokb=\toks49
\t@pgf@tokc=\toks50
\pgf@sys@id@count=\count333

(C:\Users\vresh\AppData\Local\Programs\MiKTeX\tex/generic/pgf/systemlayer\pgf.c
fg
File: pgf.cfg 2025-08-29 v3.1.11a (3.1.11a)
)
Driver file for pgf: pgfsys-pdftex.def

(C:\Users\vresh\AppData\Local\Programs\MiKTeX\tex/generic/pgf/systemlayer\pgfsy
s-pdftex.def
File: pgfsys-pdftex.def 2025-08-29 v3.1.11a (3.1.11a)

(C:\Users\vresh\AppData\Local\Programs\MiKTeX\tex/generic/pgf/systemlayer\pgfsy
s-common-pdf.def
File: pgfsys-common-pdf.def 2025-08-29 v3.1.11a (3.1.11a)
)))
(C:\Users\vresh\AppData\Local\Programs\MiKTeX\tex/generic/pgf/systemlayer\pgfsy
ssoftpath.code.tex
File: pgfsyssoftpath.code.tex 2025-08-29 v3.1.11a (3.1.11a)
\pgfsyssoftpath@smallbuffer@items=\count334
\pgfsyssoftpath@bigbuffer@items=\count335
)
(C:\Users\vresh\AppData\Local\Programs\MiKTeX\tex/generic/pgf/systemlayer\pgfsy
sprotocol.code.tex
File: pgfsysprotocol.code.tex 2025-08-29 v3.1.11a (3.1.11a)
))
(C:\Users\vresh\AppData\Local\Programs\MiKTeX\tex/generic/pgf/basiclayer\pgfcor
e.code.tex
Package: pgfcore 2025-08-29 v3.1.11a (3.1.11a)

(C:\Users\vresh\AppData\Local\Programs\MiKTeX\tex/generic/pgf/math\pgfmath.code
.tex
(C:\Users\vresh\AppData\Local\Programs\MiKTeX\tex/generic/pgf/math\pgfmathutil.
code.tex)
(C:\Users\vresh\AppData\Local\Programs\MiKTeX\tex/generic/pgf/math\pgfmathparse
r.code.tex
\pgfmath@dimen=\dimen276
\pgfmath@count=\count336
\pgfmath@box=\box70
\pgfmath@toks=\toks51
\pgfmath@stack@operand=\toks52
\pgfmath@stack@operation=\toks53
)
(C:\Users\vresh\AppData\Local\Programs\MiKTeX\tex/generic/pgf/math\pgfmathfunct
ions.code.tex)
(C:\Users\vresh\AppData\Local\Programs\MiKTeX\tex/generic/pgf/math\pgfmathfunct
ions.basic.code.tex)
(C:\Users\vresh\AppData\Local\Programs\MiKTeX\tex/generic/pgf/math\pgfmathfunct
ions.trigonometric.code.tex)
(C:\Users\vresh\AppData\Local\Programs\MiKTeX\tex/generic/pgf/math\pgfmathfunct
ions.random.code.tex)
(C:\Users\vresh\AppData\Local\Programs\MiKTeX\tex/generic/pgf/math\pgfmathfunct
ions.comparison.code.tex)
(C:\Users\vresh\AppData\Local\Programs\MiKTeX\tex/generic/pgf/math\pgfmathfunct
ions.base.code.tex)
(C:\Users\vresh\AppData\Local\Programs\MiKTeX\tex/generic/pgf/math\pgfmathfunct
ions.round.code.tex)
(C:\Users\vresh\AppData\Local\Programs\MiKTeX\tex/generic/pgf/math\pgfmathfunct
ions.misc.code.tex)
(C:\Users\vresh\AppData\Local\Programs\MiKTeX\tex/generic/pgf/math\pgfmathfunct
ions.integerarithmetics.code.tex)
(C:\Users\vresh\AppData\Local\Programs\MiKTeX\tex/generic/pgf/math\pgfmathcalc.
code.tex)
(C:\Users\vresh\AppData\Local\Programs\MiKTeX\tex/generic/pgf/math\pgfmathfloat
.code.tex
\c@pgfmathroundto@lastzeros=\count337
))
(C:\Users\vresh\AppData\Local\Programs\MiKTeX\tex/generic/pgf/math\pgfint.code.
tex)
(C:\Users\vresh\AppData\Local\Programs\MiKTeX\tex/generic/pgf/basiclayer\pgfcor
epoints.code.tex
File: pgfcorepoints.code.tex 2025-08-29 v3.1.11a (3.1.11a)
\pgf@picminx=\dimen277
\pgf@picmaxx=\dimen278
\pgf@picminy=\dimen279
\pgf@picmaxy=\dimen280
\pgf@pathminx=\dimen281
\pgf@pathmaxx=\dimen282
\pgf@pathminy=\dimen283
\pgf@pathmaxy=\dimen284
\pgf@xx=\dimen285
\pgf@xy=\dimen286
\pgf@yx=\dimen287
\pgf@yy=\dimen288
\pgf@zx=\dimen289
\pgf@zy=\dimen290
)
(C:\Users\vresh\AppData\Local\Programs\MiKTeX\tex/generic/pgf/basiclayer\pgfcor
epathconstruct.code.tex
File: pgfcorepathconstruct.code.tex 2025-08-29 v3.1.11a (3.1.11a)
\pgf@path@lastx=\dimen291
\pgf@path@lasty=\dimen292
)
(C:\Users\vresh\AppData\Local\Programs\MiKTeX\tex/generic/pgf/basiclayer\pgfcor
epathusage.code.tex
File: pgfcorepathusage.code.tex 2025-08-29 v3.1.11a (3.1.11a)
\pgf@shorten@end@additional=\dimen293
\pgf@shorten@start@additional=\dimen294
)
(C:\Users\vresh\AppData\Local\Programs\MiKTeX\tex/generic/pgf/basiclayer\pgfcor
escopes.code.tex
File: pgfcorescopes.code.tex 2025-08-29 v3.1.11a (3.1.11a)
\pgfpic=\box71
\pgf@hbox=\box72
\pgf@layerbox@main=\box73
\pgf@picture@serial@count=\count338
)
(C:\Users\vresh\AppData\Local\Programs\MiKTeX\tex/generic/pgf/basiclayer\pgfcor
egraphicstate.code.tex
File: pgfcoregraphicstate.code.tex 2025-08-29 v3.1.11a (3.1.11a)
\pgflinewidth=\dimen295
)
(C:\Users\vresh\AppData\Local\Programs\MiKTeX\tex/generic/pgf/basiclayer\pgfcor
etransformations.code.tex
File: pgfcoretransformations.code.tex 2025-08-29 v3.1.11a (3.1.11a)
\pgf@pt@x=\dimen296
\pgf@pt@y=\dimen297
\pgf@pt@temp=\dimen298
)
(C:\Users\vresh\AppData\Local\Programs\MiKTeX\tex/generic/pgf/basiclayer\pgfcor
equick.code.tex
File: pgfcorequick.code.tex 2025-08-29 v3.1.11a (3.1.11a)
)
(C:\Users\vresh\AppData\Local\Programs\MiKTeX\tex/generic/pgf/basiclayer\pgfcor
eobjects.code.tex
File: pgfcoreobjects.code.tex 2025-08-29 v3.1.11a (3.1.11a)
)
(C:\Users\vresh\AppData\Local\Programs\MiKTeX\tex/generic/pgf/basiclayer\pgfcor
epathprocessing.code.tex
File: pgfcorepathprocessing.code.tex 2025-08-29 v3.1.11a (3.1.11a)
)
(C:\Users\vresh\AppData\Local\Programs\MiKTeX\tex/generic/pgf/basiclayer\pgfcor
earrows.code.tex
File: pgfcorearrows.code.tex 2025-08-29 v3.1.11a (3.1.11a)
\pgfarrowsep=\dimen299
)
(C:\Users\vresh\AppData\Local\Programs\MiKTeX\tex/generic/pgf/basiclayer\pgfcor
eshade.code.tex
File: pgfcoreshade.code.tex 2025-08-29 v3.1.11a (3.1.11a)
\pgf@max=\dimen300
\pgf@sys@shading@range@num=\count339
\pgf@shadingcount=\count340
)
(C:\Users\vresh\AppData\Local\Programs\MiKTeX\tex/generic/pgf/basiclayer\pgfcor
eimage.code.tex
File: pgfcoreimage.code.tex 2025-08-29 v3.1.11a (3.1.11a)
)
(C:\Users\vresh\AppData\Local\Programs\MiKTeX\tex/generic/pgf/basiclayer\pgfcor
eexternal.code.tex
File: pgfcoreexternal.code.tex 2025-08-29 v3.1.11a (3.1.11a)
\pgfexternal@startupbox=\box74
)
(C:\Users\vresh\AppData\Local\Programs\MiKTeX\tex/generic/pgf/basiclayer\pgfcor
elayers.code.tex
File: pgfcorelayers.code.tex 2025-08-29 v3.1.11a (3.1.11a)
)
(C:\Users\vresh\AppData\Local\Programs\MiKTeX\tex/generic/pgf/basiclayer\pgfcor
etransparency.code.tex
File: pgfcoretransparency.code.tex 2025-08-29 v3.1.11a (3.1.11a)
)
(C:\Users\vresh\AppData\Local\Programs\MiKTeX\tex/generic/pgf/basiclayer\pgfcor
epatterns.code.tex
File: pgfcorepatterns.code.tex 2025-08-29 v3.1.11a (3.1.11a)
)
(C:\Users\vresh\AppData\Local\Programs\MiKTeX\tex/generic/pgf/basiclayer\pgfcor
erdf.code.tex
File: pgfcorerdf.code.tex 2025-08-29 v3.1.11a (3.1.11a)
)))
(C:\Users\vresh\AppData\Local\Programs\MiKTeX\tex/generic/pgf/modules\pgfmodule
shapes.code.tex
File: pgfmoduleshapes.code.tex 2025-08-29 v3.1.11a (3.1.11a)
\pgfnodeparttextbox=\box75
)
(C:\Users\vresh\AppData\Local\Programs\MiKTeX\tex/generic/pgf/modules\pgfmodule
plot.code.tex
File: pgfmoduleplot.code.tex 2025-08-29 v3.1.11a (3.1.11a)
)
(C:\Users\vresh\AppData\Local\Programs\MiKTeX\tex/latex/pgf/compatibility\pgfco
mp-version-0-65.sty
Package: pgfcomp-version-0-65 2025-08-29 v3.1.11a (3.1.11a)
\pgf@nodesepstart=\dimen301
\pgf@nodesepend=\dimen302
)
(C:\Users\vresh\AppData\Local\Programs\MiKTeX\tex/latex/pgf/compatibility\pgfco
mp-version-1-18.sty
Package: pgfcomp-version-1-18 2025-08-29 v3.1.11a (3.1.11a)
))
(C:\Users\vresh\AppData\Local\Programs\MiKTeX\tex/latex/pgf/utilities\pgffor.st
y
(C:\Users\vresh\AppData\Local\Programs\MiKTeX\tex/latex/pgf/utilities\pgfkeys.s
ty
(C:\Users\vresh\AppData\Local\Programs\MiKTeX\tex/generic/pgf/utilities\pgfkeys
.code.tex))
(C:\Users\vresh\AppData\Local\Programs\MiKTeX\tex/latex/pgf/math\pgfmath.sty
(C:\Users\vresh\AppData\Local\Programs\MiKTeX\tex/generic/pgf/math\pgfmath.code
.tex))
(C:\Users\vresh\AppData\Local\Programs\MiKTeX\tex/generic/pgf/utilities\pgffor.
code.tex
Package: pgffor 2025-08-29 v3.1.11a (3.1.11a)
\pgffor@iter=\dimen303
\pgffor@skip=\dimen304
\pgffor@stack=\toks54
\pgffor@toks=\toks55
))
(C:\Users\vresh\AppData\Local\Programs\MiKTeX\tex/generic/pgf/frontendlayer/tik
z\tikz.code.tex
Package: tikz 2025-08-29 v3.1.11a (3.1.11a)

(C:\Users\vresh\AppData\Local\Programs\MiKTeX\tex/generic/pgf/libraries\pgflibr
aryplothandlers.code.tex
File: pgflibraryplothandlers.code.tex 2025-08-29 v3.1.11a (3.1.11a)
\pgf@plot@mark@count=\count341
\pgfplotmarksize=\dimen305
)
\tikz@lastx=\dimen306
\tikz@lasty=\dimen307
\tikz@lastxsaved=\dimen308
\tikz@lastysaved=\dimen309
\tikz@lastmovetox=\dimen310
\tikz@lastmovetoy=\dimen311
\tikzleveldistance=\dimen312
\tikzsiblingdistance=\dimen313
\tikz@figbox=\box76
\tikz@figbox@bg=\box77
\tikz@tempbox=\box78
\tikz@tempbox@bg=\box79
\tikztreelevel=\count342
\tikznumberofchildren=\count343
\tikznumberofcurrentchild=\count344
\tikz@fig@count=\count345

(C:\Users\vresh\AppData\Local\Programs\MiKTeX\tex/generic/pgf/modules\pgfmodule
matrix.code.tex
File: pgfmodulematrix.code.tex 2025-08-29 v3.1.11a (3.1.11a)
\pgfmatrixcurrentrow=\count346
\pgfmatrixcurrentcolumn=\count347
\pgf@matrix@numberofcolumns=\count348
)
\tikz@expandcount=\count349

(C:\Users\vresh\AppData\Local\Programs\MiKTeX\tex/generic/pgf/frontendlayer/tik
z/libraries\tikzlibrarytopaths.code.tex
File: tikzlibrarytopaths.code.tex 2025-08-29 v3.1.11a (3.1.11a)
)))
(C:\Users\vresh\AppData\Local\Programs\MiKTeX\tex/latex/tools\verbatim.sty
Package: verbatim 2024-01-22 v1.5x LaTeX2e package for verbatim enhancements
\every@verbatim=\toks56
\verbatim@line=\toks57
\verbatim@in@stream=\read3
)
(C:\Users\vresh\AppData\Local\Programs\MiKTeX\tex/latex/environ\environ.sty
Package: environ 2014/05/04 v0.3 A new way to define environments

(C:\Users\vresh\AppData\Local\Programs\MiKTeX\tex/latex/trimspaces\trimspaces.s
ty
Package: trimspaces 2009/09/17 v1.1 Trim spaces around a token list
))
\tcb@titlebox=\box80
\tcb@upperbox=\box81
\tcb@lowerbox=\box82
\tcb@phantombox=\box83
\c@tcbbreakpart=\count350
\c@tcblayer=\count351
\c@tcolorbox@number=\count352
\l__tcobox_tmpa_box=\box84
\l__tcobox_tmpa_dim=\dimen314
\tcb@temp=\box85
\tcb@temp=\box86
\tcb@temp=\box87
\tcb@temp=\box88

(C:\Users\vresh\AppData\Local\Programs\MiKTeX\tex/latex/tcolorbox\tcbraster.cod
e.tex
Library (tcolorbox): 'tcbraster.code.tex' version '6.9.0'
\c@tcbrastercolumn=\count353
\c@tcbrasterrow=\count354
\c@tcbrasternum=\count355
\c@tcbraster=\count356
)
(C:\Users\vresh\AppData\Local\Programs\MiKTeX\tex/latex/tcolorbox\tcbskins.code
.tex
Library (tcolorbox): 'tcbskins.code.tex' version '6.9.0'

(C:\Users\vresh\AppData\Local\Programs\MiKTeX\tex/latex/tikzfill\tikzfill.image
.sty
Package: tikzfill.image 2026/04/23 v1.2.0 Image filling library for TikZ

(C:\Users\vresh\AppData\Local\Programs\MiKTeX\tex/latex/tikzfill\tikzlibraryfil
l.image.code.tex
File: tikzlibraryfill.image.code.tex 2026/04/23 v1.2.0 Image filling library
\l__tikzfill_tmpa_dim=\dimen315
\l__tikzfill_tmpb_dim=\dimen316
\l__tikzfill_img_box=\box89
))
(C:\Users\vresh\AppData\Local\Programs\MiKTeX\tex/latex/tcolorbox\tcbskinsjigsa
w.code.tex
Library (tcolorbox): 'tcbskinsjigsaw.code.tex' version '6.9.0'
))
(C:\Users\vresh\AppData\Local\Programs\MiKTeX\tex/latex/tcolorbox\tcbbreakable.
code.tex
Library (tcolorbox): 'tcbbreakable.code.tex' version '6.9.0'
(C:\Users\vresh\AppData\Local\Programs\MiKTeX\tex/latex/pdfcol\pdfcol.sty
Package: pdfcol 2022-09-21 v1.7 Handle new color stacks for pdfTeX (HO)

(C:\Users\vresh\AppData\Local\Programs\MiKTeX\tex/generic/ltxcmds\ltxcmds.sty
Package: ltxcmds 2023-12-04 v1.26 LaTeX kernel commands for general use (HO)
)
(C:\Users\vresh\AppData\Local\Programs\MiKTeX\tex/generic/infwarerr\infwarerr.s
ty
Package: infwarerr 2019/12/03 v1.5 Providing info/warning/error messages (HO)
))
Package pdfcol Info: New color stack `tcb@breakable' = 1 on input line 23.
\tcb@testbox=\box90
\tcb@totalupperbox=\box91
\tcb@totallowerbox=\box92
)
(C:\Users\vresh\AppData\Local\Programs\MiKTeX\tex/latex/tcolorbox\tcbhooks.code
.tex
Library (tcolorbox): 'tcbhooks.code.tex' version '6.9.0'
)
(C:\Users\vresh\AppData\Local\Programs\MiKTeX\tex/latex/tcolorbox\tcbtheorems.c
ode.tex
Library (tcolorbox): 'tcbtheorems.code.tex' version '6.9.0'
)
(C:\Users\vresh\AppData\Local\Programs\MiKTeX\tex/latex/tcolorbox\tcbfitting.co
de.tex
Library (tcolorbox): 'tcbfitting.code.tex' version '6.9.0'
\tcbfitdim=\dimen317
\tcb@lowerfitdim=\dimen318
\tcb@upperfitdim=\dimen319
\tcb@cur@hbadness=\count357
)
(C:\Users\vresh\AppData\Local\Programs\MiKTeX\tex/latex/tcolorbox\tcblistingsut
f8.code.tex
Library (tcolorbox): 'tcblistingsutf8.code.tex' version '6.9.0'

(C:\Users\vresh\AppData\Local\Programs\MiKTeX\tex/latex/tcolorbox\tcblistings.c
ode.tex
Library (tcolorbox): 'tcblistings.code.tex' version '6.9.0'

(C:\Users\vresh\AppData\Local\Programs\MiKTeX\tex/latex/tcolorbox\tcblistingsco
re.code.tex
Library (tcolorbox): 'tcblistingscore.code.tex' version '6.9.0'

(C:\Users\vresh\AppData\Local\Programs\MiKTeX\tex/latex/tcolorbox\tcbprocessing
.code.tex
Library (tcolorbox): 'tcbprocessing.code.tex' version '6.9.0'
)
\c@tcblisting=\count358
))
(C:\Users\vresh\AppData\Local\Programs\MiKTeX\tex/latex/listingsutf8\listingsut
f8.sty
Package: listingsutf8 2019-12-10 v1.5 Allow UTF-8 in listings input (HO)

(C:\Users\vresh\AppData\Local\Programs\MiKTeX\tex/generic/pdftexcmds\pdftexcmds
.sty
Package: pdftexcmds 2020-06-27 v0.33 Utility functions of pdfTeX for LuaTeX (HO
)
Package pdftexcmds Info: \pdf@primitive is available.
Package pdftexcmds Info: \pdf@ifprimitive is available.
Package pdftexcmds Info: \pdfdraftmode found.
)
(C:\Users\vresh\AppData\Local\Programs\MiKTeX\tex/generic/stringenc\stringenc.s
ty
Package: stringenc 2019/11/29 v1.12 Convert strings between diff. encodings (HO
)

(C:\Users\vresh\AppData\Local\Programs\MiKTeX\tex/generic/pdfescape\pdfescape.s
ty
Package: pdfescape 2019/12/09 v1.15 Implements pdfTeX's escape features (HO)
))))
(C:\Users\vresh\AppData\Local\Programs\MiKTeX\tex/latex/tcolorbox\tcbexternal.c
ode.tex
Library (tcolorbox): 'tcbexternal.code.tex' version '6.9.0'
)
(C:\Users\vresh\AppData\Local\Programs\MiKTeX\tex/latex/tcolorbox\tcbmagazine.c
ode.tex
Library (tcolorbox): 'tcbmagazine.code.tex' version '6.9.0'
)
(C:\Users\vresh\AppData\Local\Programs\MiKTeX\tex/latex/tcolorbox\tcbvignette.c
ode.tex
Library (tcolorbox): 'tcbvignette.code.tex' version '6.9.0'

(C:\Users\vresh\AppData\Local\Programs\MiKTeX\tex/generic/pgf/frontendlayer/tik
z/libraries\tikzlibraryfadings.code.tex
File: tikzlibraryfadings.code.tex 2025-08-29 v3.1.11a (3.1.11a)

(C:\Users\vresh\AppData\Local\Programs\MiKTeX\tex/generic/pgf/libraries\pgflibr
aryfadings.code.tex
File: pgflibraryfadings.code.tex 2025-08-29 v3.1.11a (3.1.11a)
)))
(C:\Users\vresh\AppData\Local\Programs\MiKTeX\tex/latex/tcolorbox\tcbposter.cod
e.tex
Library (tcolorbox): 'tcbposter.code.tex' version '6.9.0'
))
(C:\Users\vresh\AppData\Local\Programs\MiKTeX\tex/latex/hyperref\hyperref.sty
Package: hyperref 2026-01-29 v7.01p Hypertext links for LaTeX

(C:\Users\vresh\AppData\Local\Programs\MiKTeX\tex/latex/kvsetkeys\kvsetkeys.sty
Package: kvsetkeys 2022-10-05 v1.19 Key value parser (HO)
)
(C:\Users\vresh\AppData\Local\Programs\MiKTeX\tex/generic/kvdefinekeys\kvdefine
keys.sty
Package: kvdefinekeys 2019-12-19 v1.6 Define keys (HO)
)
(C:\Users\vresh\AppData\Local\Programs\MiKTeX\tex/latex/hycolor\hycolor.sty
Package: hycolor 2020-01-27 v1.10 Color options for hyperref/bookmark (HO)
)
(C:\Users\vresh\AppData\Local\Programs\MiKTeX\tex/latex/hyperref\nameref.sty
Package: nameref 2026-01-29 v2.58 Cross-referencing by name of section

(C:\Users\vresh\AppData\Local\Programs\MiKTeX\tex/latex/refcount\refcount.sty
Package: refcount 2019/12/15 v3.6 Data extraction from label references (HO)
)
(C:\Users\vresh\AppData\Local\Programs\MiKTeX\tex/generic/gettitlestring\gettit
lestring.sty
Package: gettitlestring 2019/12/15 v1.6 Cleanup title references (HO)

(C:\Users\vresh\AppData\Local\Programs\MiKTeX\tex/latex/kvoptions\kvoptions.sty
Package: kvoptions 2022-06-15 v3.15 Key value format for package options (HO)
))
\c@section@level=\count359
)
\@linkdim=\dimen320
\Hy@linkcounter=\count360
\Hy@pagecounter=\count361
 (C:\Users\vresh\AppData\Local\Programs\MiKTeX\tex/latex/hyperref\pd1enc.def
File: pd1enc.def 2026-01-29 v7.01p Hyperref: PDFDocEncoding definition (HO)
Now handling font encoding PD1 ...
... no UTF-8 mapping file for font encoding PD1
) (C:\Users\vresh\AppData\Local\Programs\MiKTeX\tex/generic/intcalc\intcalc.sty
Package: intcalc 2019/12/15 v1.3 Expandable calculations with integers (HO)
)
\Hy@SavedSpaceFactor=\count362
 (C:\Users\vresh\AppData\Local\Programs\MiKTeX\tex/latex/hyperref\puenc.def
File: puenc.def 2026-01-29 v7.01p Hyperref: PDF Unicode definition (HO)
Now handling font encoding PU ...
... no UTF-8 mapping file for font encoding PU
)
Package hyperref Info: Hyper figures OFF on input line 4201.
Package hyperref Info: Link nesting OFF on input line 4206.
Package hyperref Info: Hyper index ON on input line 4209.
Package hyperref Info: Plain pages OFF on input line 4216.
Package hyperref Info: Backreferencing OFF on input line 4221.
Package hyperref Info: Implicit mode ON; LaTeX internals redefined.
Package hyperref Info: Bookmarks ON on input line 4468.
\c@Hy@tempcnt=\count363
LaTeX Info: Redefining \url on input line 4807.
\XeTeXLinkMargin=\dimen321

(C:\Users\vresh\AppData\Local\Programs\MiKTeX\tex/generic/bitset\bitset.sty
Package: bitset 2019/12/09 v1.3 Handle bit-vector datatype (HO)

(C:\Users\vresh\AppData\Local\Programs\MiKTeX\tex/generic/bigintcalc\bigintcalc
.sty
Package: bigintcalc 2019/12/15 v1.5 Expandable calculations on big integers (HO
)
))
\Fld@menulength=\count364
\Field@Width=\dimen322
\Fld@charsize=\dimen323
Package hyperref Info: Hyper figures OFF on input line 6084.
Package hyperref Info: Link nesting OFF on input line 6089.
Package hyperref Info: Hyper index ON on input line 6092.
Package hyperref Info: backreferencing OFF on input line 6099.
Package hyperref Info: Link coloring OFF on input line 6104.
Package hyperref Info: Link coloring with OCG OFF on input line 6109.
Package hyperref Info: PDF/A mode OFF on input line 6114.
\Hy@abspage=\count365
\c@Item=\count366
\c@Hfootnote=\count367
)
Package hyperref Info: Driver (autodetected): hpdftex.

(C:\Users\vresh\AppData\Local\Programs\MiKTeX\tex/latex/hyperref\hpdftex.def
File: hpdftex.def 2026-01-29 v7.01p Hyperref driver for pdfTeX
\Fld@listcount=\count368
\c@bookmark@seq@number=\count369

(C:\Users\vresh\AppData\Local\Programs\MiKTeX\tex/latex/rerunfilecheck\rerunfil
echeck.sty
Package: rerunfilecheck 2025-06-21 v1.11 Rerun checks for auxiliary files (HO)

(C:\Users\vresh\AppData\Local\Programs\MiKTeX\tex/generic/uniquecounter\uniquec
ounter.sty
Package: uniquecounter 2019/12/15 v1.4 Provide unlimited unique counter (HO)
)
Package uniquecounter Info: New unique counter `rerunfilecheck' on input line 2
84.
)
\Hy@SectionHShift=\skip85
)
(C:\Users\vresh\AppData\Local\Programs\MiKTeX\tex/latex/cleveref\cleveref.sty
Package: cleveref 2018/03/27 v0.21.4 Intelligent cross-referencing
Package cleveref Info: `hyperref' support loaded on input line 2370.
LaTeX Info: Redefining \cref on input line 2370.
LaTeX Info: Redefining \Cref on input line 2370.
LaTeX Info: Redefining \crefrange on input line 2370.
LaTeX Info: Redefining \Crefrange on input line 2370.
LaTeX Info: Redefining \cpageref on input line 2370.
LaTeX Info: Redefining \Cpageref on input line 2370.
LaTeX Info: Redefining \cpagerefrange on input line 2370.
LaTeX Info: Redefining \Cpagerefrange on input line 2370.
LaTeX Info: Redefining \labelcref on input line 2370.
LaTeX Info: Redefining \labelcpageref on input line 2370.
Package cleveref Info: `amsthm' support loaded on input line 3026.
Package cleveref Info: `listings' support loaded on input line 3131.
Package cleveref Info: always capitalise cross-reference names on input line 78
25.
Package cleveref Info: include cross-reference names in hyperlinks on input lin
e 7836.
Package cleveref Info: include cross-reference names in hyperlinks on input lin
e 7852.
Package cleveref Info: no abbreviation of names on input line 7852.
Package cleveref Info: always capitalise cross-reference names on input line 78
52.
)
==> First Aid for cleveref.sty applied!
\c@theorem=\count370
LaTeX Font Info:    Trying to load font information for T1+LibertinusSerif-TLF 
on input line 186.

(C:\Users\vresh\AppData\Local\Programs\MiKTeX\tex/latex/libertinus-type1\t1libe
rtinusserif-tlf.fd
File: T1LibertinusSerif-TLF.fd 2024/09/22 (autoinst) Font definitions for T1/Li
bertinusSerif-TLF.
)
LaTeX Font Info:    Font shape `T1/LibertinusSerif-TLF/m/n' will be
(Font)              scaled to size 10.95pt on input line 186.

(C:\Users\vresh\AppData\Local\Programs\MiKTeX\tex/latex/l3backend\l3backend-pdf
tex.def
File: l3backend-pdftex.def 2026-02-18 L3 backend support: PDF output (pdfTeX)
\l__color_backend_stack_int=\count371
) (C:\Temp\pv-cn20oc2j\out\transseries_and_inversion.aux)
\openout1 = `transseries_and_inversion.aux'.

LaTeX Font Info:    Checking defaults for OML/cmm/m/it on input line 186.
LaTeX Font Info:    ... okay on input line 186.
LaTeX Font Info:    Checking defaults for OMS/cmsy/m/n on input line 186.
LaTeX Font Info:    ... okay on input line 186.
LaTeX Font Info:    Checking defaults for OT1/cmr/m/n on input line 186.
LaTeX Font Info:    ... okay on input line 186.
LaTeX Font Info:    Checking defaults for T1/cmr/m/n on input line 186.
LaTeX Font Info:    ... okay on input line 186.
LaTeX Font Info:    Checking defaults for TS1/cmr/m/n on input line 186.
LaTeX Font Info:    ... okay on input line 186.
LaTeX Font Info:    Checking defaults for OMX/cmex/m/n on input line 186.
LaTeX Font Info:    ... okay on input line 186.
LaTeX Font Info:    Checking defaults for U/cmr/m/n on input line 186.
LaTeX Font Info:    ... okay on input line 186.
LaTeX Font Info:    Checking defaults for PD1/pdf/m/n on input line 186.
LaTeX Font Info:    ... okay on input line 186.
LaTeX Font Info:    Checking defaults for PU/pdf/m/n on input line 186.
LaTeX Font Info:    ... okay on input line 186.

*geometry* driver: auto-detecting
*geometry* detected driver: pdftex
*geometry* verbose mode - [ preamble ] result:
* driver: pdftex
* paper: a4paper
* layout: <same size as paper>
* layoutoffset:(h,v)=(0.0pt,0.0pt)
* modes: twoside 
* h-part:(L,W,R)=(73.97716pt, 449.55356pt, 73.97716pt)
* v-part:(T,H,B)=(73.97716pt, 697.09253pt, 73.97716pt)
* \paperwidth=597.50787pt
* \paperheight=845.04684pt
* \textwidth=449.55356pt
* \textheight=697.09253pt
* \oddsidemargin=1.70717pt
* \evensidemargin=1.70717pt
* \topmargin=-33.16663pt
* \headheight=15.0pt
* \headsep=19.8738pt
* \topskip=11.0pt
* \footskip=27.46295pt
* \marginparwidth=116.0pt
* \marginparsep=7.0pt
* \columnsep=10.0pt
* \skip\footins=10.0pt plus 4.0pt minus 2.0pt
* \hoffset=0.0pt
* \voffset=0.0pt
* \mag=1000
* \@twocolumnfalse
* \@twosidetrue
* \@mparswitchtrue
* \@reversemarginfalse
* (1in=72.27pt=25.4mm, 1cm=28.453pt)

\c@mv@tabular=\count372
\c@mv@boldtabular=\count373
LaTeX Info: Redefining \microtypecontext on input line 186.
Package microtype Info: Applying patch `item' on input line 186.
Package microtype Info: Applying patch `toc' on input line 186.
Package microtype Info: Applying patch `eqnum' on input line 186.
Package microtype Info: Applying patch `footnote' on input line 186.
Package microtype Info: Applying patch `verbatim' on input line 186.
LaTeX Info: Redefining \microtypesetup on input line 186.
Package microtype Info: Generating PDF output.
Package microtype Info: Character protrusion enabled (level 2).
Package microtype Info: Using default protrusion set `alltext'.
Package microtype Info: Automatic font expansion enabled (level 2),
(microtype)             stretch: 20, shrink: 20, step: 1, non-selected.
Package microtype Info: Using default expansion set `alltext-nott'.
Package microtype Info: Patching command `\showhyphens'.
Package microtype Info: No adjustment of tracking.
Package microtype Info: No adjustment of interword spacing.
Package microtype Info: No adjustment of character kerning.
Package microtype Info: Loading generic protrusion settings for font family
(microtype)             `LibertinusSerif-TLF' (encoding: T1).
(microtype)             For optimal results, create family-specific settings.
(microtype)             See the microtype manual for details.

(C:\Users\vresh\AppData\Local\Programs\MiKTeX\tex/context/base/mkii\supp-pdf.mk
ii
[Loading MPS to PDF converter (version 2006.09.02).]
\scratchcounter=\count374
\scratchdimen=\dimen324
\scratchbox=\box93
\nofMPsegments=\count375
\nofMParguments=\count376
\everyMPshowfont=\toks58
\MPscratchCnt=\count377
\MPscratchDim=\dimen325
\MPnumerator=\count378
\makeMPintoPDFobject=\count379
\everyMPtoPDFconversion=\toks59
)
(C:\Users\vresh\AppData\Local\Programs\MiKTeX\tex/latex/epstopdf-pkg\epstopdf-b
ase.sty
Package: epstopdf-base 2020-01-24 v2.11 Base part for package epstopdf

(C:\Users\vresh\AppData\Local\Programs\MiKTeX\tex/latex/grfext\grfext.sty
Package: grfext 2019/12/03 v1.3 Manage graphics extensions (HO)
)

Package epstopdf Warning: Shell escape feature is not enabled.

Package epstopdf-base Info: Redefining graphics rule for `.eps' on input line 4
85.
Package grfext Info: Graphics extension search list:
(grfext)             [.pdf,.png,.jpg,.mps,.jpeg,.jbig2,.jb2,.PDF,.PNG,.JPG,.JPE
G,.JBIG2,.JB2,.eps]
(grfext)             \AppendGraphicsExtensions on input line 504.

(C:\Users\vresh\AppData\Local\Programs\MiKTeX\tex/latex/00miktex\epstopdf-sys.c
fg
File: epstopdf-sys.cfg 2021/03/18 v2.0 Configuration of epstopdf for MiKTeX
))
\c@lstlisting=\count380
Package hyperref Info: Link coloring OFF on input line 186.
 (C:\Temp\pv-cn20oc2j\out\transseries_and_inversion.out)
(C:\Temp\pv-cn20oc2j\out\transseries_and_inversion.out)
\@outlinefile=\write4
\openout4 = `transseries_and_inversion.out'.

LaTeX Font Info:    Font shape `T1/LibertinusSerif-TLF/m/n' will be
(Font)              scaled to size 17.28pt on input line 198.
LaTeX Font Info:    Font shape `T1/LibertinusSerif-TLF/b/n' will be
(Font)              scaled to size 17.28pt on input line 198.
LaTeX Font Info:    Font shape `T1/LibertinusSerif-TLF/m/n' will be
(Font)              scaled to size 14.4pt on input line 198.
LaTeX Font Info:    Font shape `T1/LibertinusSerif-TLF/m/n' will be
(Font)              scaled to size 12.0pt on input line 198.

(C:\Users\vresh\AppData\Local\Programs\MiKTeX\tex/latex/microtype\mt-cmr.cfg
File: mt-cmr.cfg 2013/05/19 v2.2 microtype config. file: Computer Modern Roman 
(RS)
)
LaTeX Font Info:    Trying to load font information for U+msa on input line 198
.

(C:\Users\vresh\AppData\Local\Programs\MiKTeX\tex/latex/amsfonts\umsa.fd
File: umsa.fd 2013/01/14 v3.01 AMS symbols A
)
(C:\Users\vresh\AppData\Local\Programs\MiKTeX\tex/latex/microtype\mt-msa.cfg
File: mt-msa.cfg 2006/02/04 v1.1 microtype config. file: AMS symbols (a) (RS)
)
LaTeX Font Info:    Trying to load font information for U+msb on input line 198
.

(C:\Users\vresh\AppData\Local\Programs\MiKTeX\tex/latex/amsfonts\umsb.fd
File: umsb.fd 2013/01/14 v3.01 AMS symbols B
)
(C:\Users\vresh\AppData\Local\Programs\MiKTeX\tex/latex/microtype\mt-msb.cfg
File: mt-msb.cfg 2005/06/01 v1.0 microtype config. file: AMS symbols (b) (RS)
)
LaTeX Font Info:    Trying to load font information for U+rsfs on input line 19
8.

(C:\Users\vresh\AppData\Local\Programs\MiKTeX\tex/latex/jknappen\ursfs.fd
File: ursfs.fd 1998/03/24 rsfs font definition file (jk)
)
LaTeX Font Info:    Font shape `T1/LibertinusSerif-TLF/m/n' will be
(Font)              scaled to size 10.0pt on input line 198.

[1



{C:/Users/vresh/AppData/Local/MiKTeX/fonts/map/pdftex/pdftex.map}{C:/Users/vres
h/AppData/Local/Programs/MiKTeX/fonts/enc/dvips/libertinus-type1/lbn1_sfissr.en
c}{C:/Users/vresh/AppData/Local/Programs/MiKTeX/fonts/enc/dvips/libertinus-type
1/lbn1_75t36g.enc}] [2

]
LaTeX Font Info:    Font shape `T1/LibertinusSerif-TLF/b/n' will be
(Font)              scaled to size 10.95pt on input line 199.
LaTeX Font Info:    Font shape `T1/LibertinusSerif-TLF/b/n' will be
(Font)              scaled to size 12.0pt on input line 199.
LaTeX Font Info:    Trying to load font information for T1+LibertinusMono-TLF o
n input line 201.

(C:\Users\vresh\AppData\Local\Programs\MiKTeX\tex/latex/libertinus-type1\t1libe
rtinusmono-tlf.fd
File: T1LibertinusMono-TLF.fd 2025/01/11 (autoinst) Font definitions for T1/Lib
ertinusMono-TLF.
)
LaTeX Font Info:    Font shape `T1/LibertinusMono-TLF/m/n' will be
(Font)              scaled to size 9.30756pt on input line 201.
Package microtype Info: Loading generic protrusion settings for font family
(microtype)             `LibertinusMono-TLF' (encoding: T1).
(microtype)             For optimal results, create family-specific settings.
(microtype)             See the microtype manual for details.
Package microtype Info: Character `guilsinglleft ' is missing
(microtype)             in font `T1/LibertinusMono-TLF/m/n/10.95'.
(microtype)             Ignoring protrusion settings for this character.
Package microtype Info: Character `guilsinglright ' is missing
(microtype)             in font `T1/LibertinusMono-TLF/m/n/10.95'.
(microtype)             Ignoring protrusion settings for this character.
LaTeX Font Info:    Font shape `T1/LibertinusSerif-TLF/m/it' will be
(Font)              scaled to size 10.95pt on input line 212.
LaTeX Font Info:    Font shape `T1/LibertinusSerif-TLF/m/n' will be
(Font)              scaled to size 8.0pt on input line 216.
LaTeX Font Info:    Font shape `T1/LibertinusSerif-TLF/m/n' will be
(Font)              scaled to size 6.0pt on input line 216.
LaTeX Font Info:    Font shape `T1/LibertinusSerif-TLF/m/sc' will be
(Font)              scaled to size 10.95pt on input line 224.
 [3{C:/Users/vresh/AppData/Local/Programs/MiKTeX/fonts/enc/dvips/libertinus-typ
e1/lbn1_or3pzs.enc}{C:/Users/vresh/AppData/Local/Programs/MiKTeX/fonts/enc/dvip
s/libertinus-type1/lbn1_sncvby.enc}{C:/Users/vresh/AppData/Local/Programs/MiKTe
X/fonts/enc/dvips/libertinus-type1/lbn1_cb34qf.enc}]
LaTeX Font Info:    Font shape `T1/LibertinusSerif-TLF/m/n' will be
(Font)              scaled to size 24.88pt on input line 240.
LaTeX Font Info:    Font shape `T1/LibertinusSerif-TLF/b/n' will be
(Font)              scaled to size 24.88pt on input line 240.

(C:\Temp\pv-cn20oc2j\out\transseries_and_inversion.toc [4


] [5] [6]
Underfull \vbox (badness 1127) has occurred while \output is active []

 [7]
[8] [9] [10] [11]
Underfull \vbox (badness 10000) has occurred while \output is active []

 [12]
[13] [14] [15] [16] [17])
\tf@toc=\write5
\openout5 = `transseries_and_inversion.toc'.

 [18]
LaTeX Font Info:    Font shape `T1/LibertinusSerif-TLF/m/n' will be
(Font)              scaled to size 20.74pt on input line 245.
LaTeX Font Info:    Font shape `T1/LibertinusSerif-TLF/b/n' will be
(Font)              scaled to size 20.74pt on input line 245.
 [1


]
Chapter 1.

Underfull \hbox (badness 10000) in paragraph at lines 251--261
[]\T1/LibertinusSerif-TLF/m/n/10.95 (+20) This part re-places four in-de-pen-de
ntly writ-ten ex-pos-i-tory in-tro-duc-tions:
 []


Underfull \hbox (badness 5022) in paragraph at lines 251--261
\T1/LibertinusMono-TLF/m/n/10.95 Transseries_Tutorial-1\T1/LibertinusSerif-TLF/
m/n/10.95 (+20) , \T1/LibertinusMono-TLF/m/n/10.95 -2\T1/LibertinusSerif-TLF/m/
n/10.95 (+20) , \T1/LibertinusMono-TLF/m/n/10.95 Transseries_Tutorial-3 \T1/Lib
ertinusSerif-TLF/m/n/10.95 (+20) (\T1/LibertinusSerif-TLF/m/it/10.95 (+20) Tran
sseries for Mere Mor-
 []

LaTeX Font Info:    Font shape `T1/LibertinusSerif-TLF/b/n' will be
(Font)              scaled to size 14.4pt on input line 263.
[2

] [3] [4] [5]
Chapter 2.
LaTeX Font Info:    Trying to load font information for U+euf on input line 520
.
(C:\Users\vresh\AppData\Local\Programs\MiKTeX\tex/latex/amsfonts\ueuf.fd
File: ueuf.fd 2013/01/14 v3.01 Euler Fraktur
)
(C:\Users\vresh\AppData\Local\Programs\MiKTeX\tex/latex/microtype\mt-euf.cfg
File: mt-euf.cfg 2006/07/03 v1.1 microtype config. file: AMS Euler Fraktur (RS)

)
[6

] [7]
LaTeX Font Info:    Font shape `T1/LibertinusSerif-TLF/m/it' will be
(Font)              scaled to size 8.0pt on input line 704.
LaTeX Font Info:    Font shape `T1/LibertinusSerif-TLF/m/it' will be
(Font)              scaled to size 6.0pt on input line 704.
 [8] [9] [10]
Chapter 3.

Underfull \hbox (badness 1194) in paragraph at lines 893--898
\T1/LibertinusSerif-TLF/m/n/10.95 (+20) and the rank-two val-u-a-tion; the ring
s $[][]$,
 []


Underfull \hbox (badness 3646) in paragraph at lines 898--898
\T1/LibertinusSerif-TLF/m/n/10.95 (+20) dif-fer-en-tial cal-
 []


Underfull \hbox (badness 5847) in paragraph at lines 915--915
[]|\T1/LibertinusSerif-TLF/m/n/10.95 (+20) Wright omega,
 []


Underfull \hbox (badness 10000) in paragraph at lines 915--915
\T1/LibertinusSerif-TLF/m/n/10.95 (+20) the Lam-bert
 []


Underfull \hbox (badness 10000) in paragraph at lines 915--915
\T1/LibertinusSerif-TLF/m/n/10.95 (+20) poly-no-mi-als,
 []

Package microtype Info: Loading generic protrusion settings for font family
(microtype)             `cmss' (encoding: OT1).
(microtype)             For optimal results, create family-specific settings.
(microtype)             See the microtype manual for details.

Underfull \hbox (badness 10000) in paragraph at lines 921--921
[]|\T1/LibertinusSerif-TLF/m/n/10.95 (+20) From for-mal
 []


Underfull \hbox (badness 10000) in paragraph at lines 921--921
\T1/LibertinusSerif-TLF/m/n/10.95 (+20) transseries to
 []


Underfull \hbox (badness 10000) in paragraph at lines 927--927
[]|\T1/LibertinusSerif-TLF/m/n/10.95 (+20) Algorithms,
 []


Underfull \hbox (badness 10000) in paragraph at lines 927--927
\T1/LibertinusSerif-TLF/m/n/10.95 (+20) cer-tifi-cates,
 []


Underfull \vbox (badness 10000) has occurred while \output is active []

 [11


]
LaTeX Font Info:    Trying to load font information for TS1+LibertinusSerif-TLF
 on input line 944.

(C:\Users\vresh\AppData\Local\Programs\MiKTeX\tex/latex/libertinus-type1\ts1lib
ertinusserif-tlf.fd
File: TS1LibertinusSerif-TLF.fd 2024/09/22 (autoinst) Font definitions for TS1/
LibertinusSerif-TLF.
)
LaTeX Font Info:    Font shape `TS1/LibertinusSerif-TLF/m/n' will be
(Font)              scaled to size 10.95pt on input line 944.
Package microtype Info: Loading generic protrusion settings for font family
(microtype)             `LibertinusSerif-TLF' (encoding: TS1).
(microtype)             For optimal results, create family-specific settings.
(microtype)             See the microtype manual for details.
 [12{C:/Users/vresh/AppData/Local/Programs/MiKTeX/fonts/enc/dvips/libertinus-ty
pe1/lbn1_rlktsf.enc}] [13] [14] [15


]
Chapter 4.
[16

] [17] [18] [19] [20] [21] [22] [23]
Overfull \hbox (47.19455pt too wide) in paragraph at lines 1819--1823
[]\T1/LibertinusSerif-TLF/b/n/10.95 (-20) Corollary 4.14 \T1/LibertinusSerif-TL
F/m/n/10.95 (-20) (Both ex-po-nent di-rec-tions are forced by $\OML/cmm/m/it/10
.95 !$\T1/LibertinusSerif-TLF/m/n/10.95 (-20) )\T1/LibertinusSerif-TLF/b/n/10.9
5 (-20) . []\T1/LibertinusSerif-TLF/m/it/10.95 (-20) Let $\OML/cmm/m/it/10.95 S
 \OMS/cmsy/m/n/10.95 ^^R \U/msb/m/n/10.95 R[]$ \T1/LibertinusSerif-TLF/m/it/10.
95 (-20) and put $\U/euf/m/n/10.95 M[] \OT1/cmr/m/n/10.95 = []$\T1/LibertinusSe
rif-TLF/m/it/10.95 (-20) ,
 []

[24] [25] [26]
Package microtype Info: Loading generic protrusion settings for font family
(microtype)             `cmtt' (encoding: OT1).
(microtype)             For optimal results, create family-specific settings.
(microtype)             See the microtype manual for details.
 [27] [28] [29] [30] [31] [32]
Chapter 5.
[33

] [34]
Overfull \hbox (5.81883pt too wide) in paragraph at lines 2642--2644
[]\T1/LibertinusSerif-TLF/m/n/10.95 (-20) Immediate from []The-o-rem 5.5[], sin
ce a sub-ring of a field is a do-main and $[][] \OMS/cmsy/m/n/10.95 ^^Z [][] ^^
Z
 []


Underfull \hbox (badness 1275) in paragraph at lines 2726--2728
\T1/LibertinusSerif-TLF/m/n/10 (+20) on $\OML/cmm/m/it/10 L$\T1/LibertinusSerif
-TLF/m/n/10 (+20) ; un-re-stricted di-vi-sion of
 []

[35] [36] [37] [38] [39] [40]
Chapter 6.
[41

] [42] [43] [44] [45]
Chapter 7.
[46

]
Overfull \hbox (53.72304pt too wide) detected at line 3755
\OML/cmm/m/it/10.95 ^^W[]\OT1/cmr/m/n/10.95 (\OML/cmm/m/it/10.95 F \OMS/cmsy/m/
n/10.95 ^^@ \OML/cmm/m/it/10.95 G\OT1/cmr/m/n/10.95 ) \OMS/cmsy/m/n/10.95 ^^U \
OML/cmm/m/it/10.95 N\OT1/cmr/m/n/10.95 ;  \OML/cmm/m/it/10.95 F \OMS/cmsy/m/n/1
0.95 ^^@ \OML/cmm/m/it/10.95 G \OMS/cmsy/m/n/10.95 2 \OML/cmm/m/it/10.95 t[][][
]\OT1/cmr/m/n/10.95 ;  [][] \OML/cmm/m/it/10.95 F \OT1/cmr/m/n/10.95 = [][] \OM
L/cmm/m/it/10.95 G\OT1/cmr/m/n/10.95 ;  [\OML/cmm/m/it/10.95 t[]\OT1/cmr/m/n/10
.95 ](\OML/cmm/m/it/10.95 F \OMS/cmsy/m/n/10.95 ^^@ \OML/cmm/m/it/10.95 G\OT1/c
mr/m/n/10.95 ) = 0 []\OML/cmm/m/it/10.95 n < N:
 []


Overfull \hbox (9.93642pt too wide) in paragraph at lines 3776--3779
[]\T1/LibertinusSerif-TLF/m/it/10.95 (-20) if also $\OML/cmm/m/it/10.95 H \OT1/
cmr/m/n/10.95 = \OML/cmm/m/it/10.95 H[] \OT1/cmr/m/n/10.95 + \OMS/cmsy/m/n/10.9
5 O[]  []$\T1/LibertinusSerif-TLF/m/it/10.95 (-20) , then $\OML/cmm/m/it/10.95 
FH \OT1/cmr/m/n/10.95 = \OML/cmm/m/it/10.95 GH[] \OT1/cmr/m/n/10.95 + \OMS/cmsy
/m/n/10.95 O[]  []$ \T1/LibertinusSerif-TLF/m/it/10.95 (-20) with $\OML/cmm/m/i
t/10.95 K \OT1/cmr/m/n/10.95 = [] []$\T1/LibertinusSerif-TLF/m/it/10.95 (-20) ;
 
 []

[47] [48] [49] [50]
Overfull \hbox (7.31946pt too wide) in paragraph at lines 4159--4162
[]\T1/LibertinusSerif-TLF/m/it/10.95 (-20) if $\OT1/cmr/m/n/10.95 (\OML/cmm/m/i
t/10.95 T[]\OT1/cmr/m/n/10.95 )[]$ \T1/LibertinusSerif-TLF/m/it/10.95 (-20) is 
also summable, then $\OT1/cmr/m/n/10.95 (\OML/cmm/m/it/10.95 S[]T[]\OT1/cmr/m/n
/10.95 )[]$ \T1/LibertinusSerif-TLF/m/it/10.95 (-20) is summable and $[][] \OML
/cmm/m/it/10.95 S[]T[] \OT1/cmr/m/n/10.95 = [][][] \OML/cmm/m/it/10.95 S[][][][
][] T[][]$\T1/LibertinusSerif-TLF/m/it/10.95 (-20) . 
 []

[51]
Overfull \hbox (0.53023pt too wide) in paragraph at lines 4195--4200
[]\T1/LibertinusSerif-TLF/m/n/10.95 (-20) (iv) If $\OT1/cmr/m/n/10.95 (\OML/cmm
/m/it/10.95 S[]\OT1/cmr/m/n/10.95 )$ \T1/LibertinusSerif-TLF/m/n/10.95 (-20) an
d $\OT1/cmr/m/n/10.95 (\OML/cmm/m/it/10.95 S[]\OT1/cmr/m/n/10.95 )$ \T1/Liberti
nusSerif-TLF/m/n/10.95 (-20) are summable then $\OML/cmm/m/it/10.95 ^^W[]\OT1/c
mr/m/n/10.95 (\OML/cmm/m/it/10.95 cS[] \OT1/cmr/m/n/10.95 + \OML/cmm/m/it/10.95
 S[]\OT1/cmr/m/n/10.95 ) \OMS/cmsy/m/n/10.95 ^^U [] []$\T1/LibertinusSerif-TLF/
m/n/10.95 (-20) , so $[] \OMS/cmsy/m/n/10.95 ^^R
 []

[52]
Overfull \hbox (9.32664pt too wide) in paragraph at lines 4283--4286
[]\T1/LibertinusSerif-TLF/m/n/10.95 (-20) Hahn form. $[][] [][]  []$ \T1/Libert
inusSerif-TLF/m/it/10.95 (-20) sat-is-fies []The-o-rem 5.15[](b), and ev-ery mo
no-mial $\OML/cmm/m/it/10.95 t[]L[]$ \T1/LibertinusSerif-TLF/m/it/10.95 (-20) l
ies in $[][]  []$
 []

[53]
Underfull \hbox (badness 4967) in paragraph at lines 4430--4432
\OML/cmm/m/it/10.95 C []$ \T1/LibertinusSerif-TLF/m/n/10.95 (+20) on a stated l
ate
 []

[54] [55] [56


]
Chapter 8.
[57

]
Overfull \hbox (1.61617pt too wide) detected at line 4560
[][][][][]\OT1/cmr/m/n/10.95 (\OML/cmm/m/it/10.95 fg\OT1/cmr/m/n/10.95 ) = [] \
OML/cmm/m/it/10.95 f \OT1/cmr/m/n/10.95 + [] \OML/cmm/m/it/10.95 g;  [][]\OT1/c
mr/m/n/10.95 (\OML/cmm/m/it/10.95 fg\OT1/cmr/m/n/10.95 ) = [][](\OML/cmm/m/it/1
0.95 f\OT1/cmr/m/n/10.95 ) [][](\OML/cmm/m/it/10.95 g\OT1/cmr/m/n/10.95 )\OML/c
mm/m/it/10.95 ;  []\OT1/cmr/m/n/10.95 (\OML/cmm/m/it/10.95 f \OT1/cmr/m/n/10.95
 + \OML/cmm/m/it/10.95 g\OT1/cmr/m/n/10.95 ) \OMS/cmsy/m/n/10.95 ^^T []\OT1/cmr
/m/n/10.95 ([] \OML/cmm/m/it/10.95 f; [] g\OT1/cmr/m/n/10.95 )\OML/cmm/m/it/10.
95 :
 []

[58] [59] [60] [61]
Package hyperref Info: bookmark level for unknown lstlisting defaults to 0 on i
nput line 4982.
LaTeX Font Info:    Font shape `T1/LibertinusMono-TLF/m/n' will be
(Font)              scaled to size 8.50006pt on input line 4982.
Package microtype Info: Character `guilsinglleft ' is missing
(microtype)             in font `T1/LibertinusMono-TLF/m/n/10'.
(microtype)             Ignoring protrusion settings for this character.
Package microtype Info: Character `guilsinglright ' is missing
(microtype)             in font `T1/LibertinusMono-TLF/m/n/10'.
(microtype)             Ignoring protrusion settings for this character.
 [62] [63] [64] [65] [66] [67] [68] [69] [70] [71] [72]
Overfull \hbox (4.0507pt too wide) in paragraph at lines 5999--6004
\OT1/cmr/m/n/10.95 ([] \OML/cmm/m/it/10.95 X\OT1/cmr/m/n/10.95 )[] = \OML/cmm/m
/it/10.95 o[]  []$\T1/LibertinusSerif-TLF/m/n/10.95 (-20) , this gives $\OML/cm
m/m/it/10.95 f \OT1/cmr/m/n/10.95 = \OMS/cmsy/m/n/10.95 O[]  []$ \T1/Libertinus
Serif-TLF/m/n/10.95 (-20) for ev-ery $\OML/cmm/m/it/10.95 N$\T1/LibertinusSerif
-TLF/m/n/10.95 (-20) , hence $\OML/cmm/m/it/10.95 f \OT1/cmr/m/n/10.95 = \OMS/c
msy/m/n/10.95 O[]  []$
 []


Overfull \hbox (11.27364pt too wide) in paragraph at lines 6013--6020
\T1/LibertinusSerif-TLF/m/it/10.95 (-20) where $\OML/cmm/m/it/10.95 FG$ \T1/Lib
ertinusSerif-TLF/m/it/10.95 (-20) is the for-mal Cauchy prod-uct []. Con-se-que
ntly the set $\OMS/cmsy/m/n/10.95 A\OT1/cmr/m/n/10.95 (\OML/cmm/m/it/10.95 S\OT
1/cmr/m/n/10.95 ) = []$
 []

[73]
Overfull \hbox (29.34152pt too wide) in paragraph at lines 6071--6076
[]\T1/LibertinusSerif-TLF/m/n/10.95 (-20) Next, $\OML/cmm/m/it/10.95 f[]g[]$ \T
1/LibertinusSerif-TLF/m/n/10.95 (-20) is the value at $\OML/cmm/m/it/10.95 X$ \
T1/LibertinusSerif-TLF/m/n/10.95 (-20) of the fi-nite polynomial--logarithmic e
x-pres-sion $[][][] \OML/cmm/m/it/10.95 F[][][][] G[] \OMS/cmsy/m/n/10.95 2
 []


Underfull \hbox (badness 2245) in paragraph at lines 6136--6143
[]\T1/LibertinusSerif-TLF/m/it/10.95 (+20) The three $\OMS/cmsy/m/n/10.95 O$\T1
/LibertinusSerif-TLF/m/it/10.95 (+20) -roles are dis-tinct. \T1/LibertinusSerif
-TLF/m/n/10.95 (+20) The for-mal tail $\OMS/cmsy/m/n/10.95 O[]  []$\T1/Libertin
usSerif-TLF/m/n/10.95 (+20) , the an-a-lytic es-ti-mate
 []

[74] [75]
Chapter 9.
[76

] [77] [78] [79] [80] [81] [82] [83] [84] [85] [86] [87] [88] [89] [90]
Chapter 10.
[91

] [92] [93] [94] [95] [96] [97] [98] [99] [100] [101]
Underfull \hbox (badness 10000) in paragraph at lines 8515--8515
[]|\T1/LibertinusSerif-TLF/m/n/10 (+20) antiderivative in
 []


Underfull \hbox (badness 1460) in paragraph at lines 8523--8525
[]|$[][] \OMS/cmsy/m/n/10 ^^H \U/msb/m/n/10 K\OT1/cmr/m/n/10 ^^C$\T1/Libertinus
Serif-TLF/m/n/10 (+20) ; no scale ([]The-o-
 []

[102] [103]
Chapter 11.
[104

] [105] [106]
Overfull \hbox (4.72937pt too wide) in paragraph at lines 8916--8922
[][]$\T1/LibertinusSerif-TLF/m/it/10.95 (-20) , $\U/msb/m/n/10.95 K\OT1/cmr/m/n
/10.95 [\OML/cmm/m/it/10.95 L\OT1/cmr/m/n/10.95 ]((\OML/cmm/m/it/10.95 t[]\OT1/
cmr/m/n/10.95 ))$ \T1/LibertinusSerif-TLF/m/it/10.95 (-20) and ev-ery power--lo
g scale into it-self. More-over $\OML/cmm/m/it/10.95 D[]\OT1/cmr/m/n/10.95 ([][
]) = \OML/cmm/m/it/10.95 t[][]$
 []

[107] [108] [109] [110] [111]
Overfull \hbox (7.61502pt too wide) in paragraph at lines 9326--9337
[]\T1/LibertinusSerif-TLF/m/it/10.95 (-20) Remark \T1/LibertinusSerif-TLF/m/n/1
0.95 (-20) 11.25 (A di-ver-gent for-mal an-tideriva-tive)\T1/LibertinusSerif-TL
F/m/it/10.95 (-20) . []\T1/LibertinusSerif-TLF/m/n/10.95 (-20) The se-ries $\OM
L/cmm/m/it/10.95 t [][]\OT1/cmr/m/n/10.95 (\OMS/cmsy/m/n/10.95 ^^@\OT1/cmr/m/n/
10.95 1)[]\OML/cmm/m/it/10.95 j\OT1/cmr/m/n/10.95 !\OML/cmm/m/it/10.95 L[]$ \T1
/LibertinusSerif-TLF/m/n/10.95 (-20) of []The-o-rem 11.24[](ii)
 []


Underfull \hbox (badness 10000) in paragraph at lines 9350--9350
[]|$[][] \OT1/cmr/m/n/10 =
 []


Underfull \hbox (badness 10000) in paragraph at lines 9350--9350
[]|\T1/LibertinusSerif-TLF/m/n/10 (+20) yes, into
 []


Underfull \hbox (badness 10000) in paragraph at lines 9352--9352
[]|$[][] \OT1/cmr/m/n/10 =
 []


Underfull \hbox (badness 10000) in paragraph at lines 9354--9354
[]|$[][] \OT1/cmr/m/n/10 =
 []


Underfull \hbox (badness 4429) in paragraph at lines 9354--9356
[]|\T1/LibertinusSerif-TLF/m/n/10 (+20) iff all $\OML/cmm/m/it/10 ^^Z[]\OT1/cmr
/m/n/10 ([\OML/cmm/m/it/10 t[]\OT1/cmr/m/n/10 ]\OML/cmm/m/it/10 F\OT1/cmr/m/n/1
0 ) = 0$ \T1/LibertinusSerif-TLF/m/n/10 (+20) ([]The-o-
 []


Underfull \hbox (badness 10000) in paragraph at lines 9356--9356
[]|$[][] \OT1/cmr/m/n/10 =
 []

[112] [113] [114


]
Chapter 12.
[115

] [116] [117] [118] [119] [120] [121] [122]
Overfull \hbox (5.98253pt too wide) in paragraph at lines 10179--10182
\T1/LibertinusSerif-TLF/m/n/10.95 (-20) so that $\OML/cmm/m/it/10.95 U \OT1/cmr
/m/n/10.95 = \OML/cmm/m/it/10.95 tH \OMS/cmsy/m/n/10.95 2 \OML/cmm/m/it/10.95 t
[][]$\T1/LibertinusSerif-TLF/m/n/10.95 (-20) , $\OML/cmm/m/it/10.95 c \OT1/cmr/
m/n/10.95 = 1$\T1/LibertinusSerif-TLF/m/n/10.95 (-20) , $[] \OML/cmm/m/it/10.95
 c \OT1/cmr/m/n/10.95 = 0$\T1/LibertinusSerif-TLF/m/n/10.95 (-20) , $\OML/cmm/m
/it/10.95 ^^Z \OT1/cmr/m/n/10.95 = 1$\T1/LibertinusSerif-TLF/m/n/10.95 (-20) . 
We write $\OMS/cmsy/m/n/10.95 G[] \OT1/cmr/m/n/10.95 = []$\T1/LibertinusSerif-T
LF/m/n/10.95 (-20) . 
 []


Overfull \hbox (1.30927pt too wide) detected at line 10231
\OML/cmm/m/it/10.95 F [] G \OT1/cmr/m/n/10.95 = []\OML/cmm/m/it/10.95 t \OMS/cm
sy/m/n/10.95 ^^@ \OML/cmm/m/it/10.95 Lt[] \OT1/cmr/m/n/10.95 + \OML/cmm/m/it/10
.95 L[]t[] \OMS/cmsy/m/n/10.95 ^^@ [] [][]\OML/cmm/m/it/10.95 L \OT1/cmr/m/n/10
.95 + \OML/cmm/m/it/10.95 Lt \OMS/cmsy/m/n/10.95 ^^@ []\OML/cmm/m/it/10.95 L[]t
[] \OT1/cmr/m/n/10.95 + [] [] = \OML/cmm/m/it/10.95 tL \OT1/cmr/m/n/10.95 + (\O
ML/cmm/m/it/10.95 L \OMS/cmsy/m/n/10.95 ^^@ \OML/cmm/m/it/10.95 L[]\OT1/cmr/m/n
/10.95 )\OML/cmm/m/it/10.95 t[] \OT1/cmr/m/n/10.95 + []\OML/cmm/m/it/10.95 L[] 
\OMS/cmsy/m/n/10.95 ^^@ []\OML/cmm/m/it/10.95 L[][]t[] \OT1/cmr/m/n/10.95 + \OM
S/cmsy/m/n/10.95 O[]  [] \OML/cmm/m/it/10.95 :
 []

[123] [124]
Overfull \hbox (29.59142pt too wide) detected at line 10397
\OT1/cmr/m/n/10.95 ^^H[][]^^H[]\OML/cmm/m/it/10.95 t[] \OT1/cmr/m/n/10.95 = ^^H
[][]\OML/cmm/m/it/10.95 c[]t[]\OT1/cmr/m/n/10.95 (1 + \OML/cmm/m/it/10.95 U\OT1
/cmr/m/n/10.95 )[][] = \OML/cmm/m/it/10.95 c[][]c[]t[]\OT1/cmr/m/n/10.95 (1 + \
OML/cmm/m/it/10.95 W\OT1/cmr/m/n/10.95 )[][][][]1 + ^^H[]\OML/cmm/m/it/10.95 U[
][] \OT1/cmr/m/n/10.95 = \OML/cmm/m/it/10.95 c[]t[]\OT1/cmr/m/n/10.95 (1 + \OML
/cmm/m/it/10.95 U[]\OT1/cmr/m/n/10.95 )[] = ^^H[](\OML/cmm/m/it/10.95 t\OT1/cmr
/m/n/10.95 )\OML/cmm/m/it/10.95 :
 []

[125] [126] [127]
Overfull \hbox (18.3864pt too wide) in paragraph at lines 10664--10671
\T1/LibertinusSerif-TLF/m/n/10.95 (-20) pal log-a-rithm sat-is-fies $[] \OML/cm
m/m/it/10.95 g\OT1/cmr/m/n/10.95 (\OML/cmm/m/it/10.95 X\OT1/cmr/m/n/10.95 ) = \
OML/cmm/m/it/10.95 ^^Z [] X \OT1/cmr/m/n/10.95 + [] \OML/cmm/m/it/10.95 c \OT1/
cmr/m/n/10.95 + [](1 + \OML/cmm/m/it/10.95 u\OT1/cmr/m/n/10.95 )$ \T1/Libertinu
sSerif-TLF/m/n/10.95 (-20) only while $[] \OML/cmm/m/it/10.95 <
 []

[128]
Chapter 13.
[129

] [130] [131] [132] [133] [134] [135] [136] [137]
Chapter 14.
[138

]
Overfull \hbox (6.66371pt too wide) detected at line 11671
\OT1/cmr/m/n/10.95 ^^H[](\OML/cmm/m/it/10.95 F[]\OT1/cmr/m/n/10.95 ) = [] \OML/
cmm/m/it/10.95 t[]R[][][] p[]q[][]\OT1/cmr/m/n/10.95 (\OML/cmm/m/it/10.95 L \OT
1/cmr/m/n/10.95 + \OML/cmm/m/it/10.95 V\OT1/cmr/m/n/10.95 ) = [] \OML/cmm/m/it/
10.95 t[]R[]p[]\OT1/cmr/m/n/10.95 (\OML/cmm/m/it/10.95 L \OT1/cmr/m/n/10.95 + \
OML/cmm/m/it/10.95 V\OT1/cmr/m/n/10.95 )\OML/cmm/m/it/10.95 q[]\OT1/cmr/m/n/10.
95 (\OML/cmm/m/it/10.95 L \OT1/cmr/m/n/10.95 + \OML/cmm/m/it/10.95 V\OT1/cmr/m/
n/10.95 ) = ^^H[](\OML/cmm/m/it/10.95 F\OT1/cmr/m/n/10.95 )^^H[]([])\OML/cmm/m/
it/10.95 ;
 []

[139] [140] [141] [142] [143] [144]
Overfull \hbox (3.6604pt too wide) in paragraph at lines 12237--12244
[]\T1/LibertinusSerif-TLF/m/n/10.95 (-20) By []The-o-rem 14.18[] and []The-o-re
m 14.7[](2), $\OT1/cmr/m/n/10.95 ^^H[] = ^^H[]^^H[] = [](\OML/cmm/m/it/10.95 sA
D[]\OT1/cmr/m/n/10.95 ) [](\OML/cmm/m/it/10.95 s[]AD[]\OT1/cmr/m/n/10.95 ) =
 []

[145]
Chapter 15.

Overfull \hbox (65.24011pt too wide) detected at line 12334
[][] \OMS/cmsy/m/n/10.95 ^^Z [][] ^^Z [][] ^^Z [][] ^^Z H[]\OT1/cmr/m/n/10.95 (
\U/msb/m/n/10.95 K\OML/cmm/m/it/10.95 ; \U/msb/m/n/10.95 Z\OT1/cmr/m/n/10.95 )\
OML/cmm/m/it/10.95 ;  [][] \OMS/cmsy/m/n/10.95 ^^Z \U/msb/m/n/10.95 K\OT1/cmr/m
/n/10.95 [\OML/cmm/m/it/10.95 L\OT1/cmr/m/n/10.95 ][](\OML/cmm/m/it/10.95 t[]\O
T1/cmr/m/n/10.95 )[] \OMS/cmsy/m/n/10.95 ^^Z H[][]\U/msb/m/n/10.95 K\OML/cmm/m/
it/10.95 ; []\U/msb/m/n/10.95 Z[]\OML/cmm/m/it/10.95 :
 []

[146

] [147] [148] [149]
Underfull \hbox (badness 10000) in paragraph at lines 12750--12751
[]|\T1/LibertinusSerif-TLF/m/n/10 (+20) Puiseux-log $\U/msb/m/n/10 K\OT1/cmr/m/
n/10 [\OML/cmm/m/it/10 L\OT1/cmr/m/n/10 ]((\OML/cmm/m/it/10 t[]\OT1/cmr/m/n/10 
))$\T1/LibertinusSerif-TLF/m/n/10 (+20) ; not
 []


Underfull \hbox (badness 10000) in paragraph at lines 12759--12761
[]|\T1/LibertinusSerif-TLF/m/n/10 (+20) depth two: $\OMS/cmsy/m/n/10 H[]$\T1/Li
bertinusSerif-TLF/m/n/10 (+20) ; for $\OML/cmm/m/it/10 ^^[ \OMS/cmsy/m/n/10 2 \
U/msb/m/n/10 Z$\T1/LibertinusSerif-TLF/m/n/10 (+20) ,
 []


Underfull \hbox (badness 10000) in paragraph at lines 12775--12777
[]|\T1/LibertinusSerif-TLF/m/n/10 (+20) outside ev-ery $\OMS/cmsy/m/n/10 H[]$\T
1/LibertinusSerif-TLF/m/n/10 (+20) : logarithmic--
 []


Underfull \hbox (badness 1694) in paragraph at lines 12787--12787
[]|$\OML/cmm/m/it/10 X \OT1/cmr/m/n/10 = 1\OML/cmm/m/it/10 =x$ \T1/LibertinusSe
rif-TLF/m/n/10 (+20) (regime
 []

[150]

Package tcolorbox Warning: Using nobreak failed. Try to enlarge `lines before b
reak' or set page breaks manually on input line 12804.

[151]
Overfull \hbox (34.38618pt too wide) in paragraph at lines 12860--12866
\OMS/cmsy/m/n/10.95 L[]$\T1/LibertinusSerif-TLF/m/it/10.95 (-20) , $\OML/cmm/m/
it/10.95 @[]$ \T1/LibertinusSerif-TLF/m/it/10.95 (-20) by $\OMS/cmsy/m/n/10.95 
D[]$\T1/LibertinusSerif-TLF/m/it/10.95 (-20) , and $\OT1/cmr/m/n/10.95 ^^A[]$ \
T1/LibertinusSerif-TLF/m/it/10.95 (-20) by $[][]\OT1/cmr/m/n/10.95 (\OMS/cmsy/m
/n/10.95 D[] ^^@ \OML/cmm/m/it/10.95 n \OMS/cmsy/m/n/10.95 ^^@ \OML/cmm/m/it/10
.95 j\OT1/cmr/m/n/10.95 )$\T1/LibertinusSerif-TLF/m/it/10.95 (-20) . The cor-re
-spond-ing state-ment for $[]$
 []


Overfull \hbox (15.82492pt too wide) in paragraph at lines 12869--12874
[]\T1/LibertinusSerif-TLF/m/n/10.95 (-20) Fix $\OML/cmm/m/it/10.95 G \OT1/cmr/m
/n/10.95 = \OML/cmm/m/it/10.95 X \OT1/cmr/m/n/10.95 + \OML/cmm/m/it/10.95 A$ \T
1/LibertinusSerif-TLF/m/n/10.95 (-20) with $\OML/cmm/m/it/10.95 A \OMS/cmsy/m/n
/10.95 2 L[]\OT1/cmr/m/n/10.95 [[\OML/cmm/m/it/10.95 t\OT1/cmr/m/n/10.95 ]]$ \T
1/LibertinusSerif-TLF/m/n/10.95 (-20) and de-fine $\OT1/cmr/m/n/10.95 ^^H[]$ \T
1/LibertinusSerif-TLF/m/n/10.95 (-20) on the topo-log-i-cal gen-er-a-tors $\OML
/cmm/m/it/10.95 t[]; L[]; [] ; L[]; L[]$
 []


Overfull \hbox (30.19966pt too wide) in paragraph at lines 12933--12941
[]\T1/LibertinusSerif-TLF/b/n/10.95 (-20) Proposition 15.15 \T1/LibertinusSerif
-TLF/m/n/10.95 (-20) (The unit cri-te-rion changes shape with depth)\T1/Liberti
nusSerif-TLF/b/n/10.95 (-20) . []$\OMS/cmsy/m/n/10.95 L[] \OT1/cmr/m/n/10.95 = 
[]$\T1/LibertinusSerif-TLF/m/it/10.95 (-20) .
 []

[152]
Overfull \hbox (51.38449pt too wide) in paragraph at lines 12958--12964
[]\T1/LibertinusSerif-TLF/b/n/10.95 (-20) Proposition 15.16 \T1/LibertinusSerif
-TLF/m/n/10.95 (-20) (Trans-port by the level shift)\T1/LibertinusSerif-TLF/b/n
/10.95 (-20) . []\T1/LibertinusSerif-TLF/m/it/10.95 (-20) Let $\OMS/cmsy/m/n/10
.95 S$ \T1/LibertinusSerif-TLF/m/it/10.95 (-20) be any state-ment about the str
uc-ture $[][][]\OT1/cmr/m/n/10.95 ;  \OML/cmm/m/it/10.95 t;  L;  ^^W[];  \U/msa
/m/n/10.95 4
 []

[153] [154] [155


]
Chapter 16.
[156

] [157] [158] [159] [160] [161] [162]
Chapter 17.
[163

] [164] [165] [166] [167] [168]
Underfull \hbox (badness 10000) in paragraph at lines 14294--14294
[]|\T1/LibertinusSerif-TLF/m/n/10.95 (+20) Operation count to
 []


Underfull \hbox (badness 10000) in paragraph at lines 14296--14298
[]|\T1/LibertinusSerif-TLF/m/n/10.95 (+20) Triangular,
 []


Underfull \hbox (badness 10000) in paragraph at lines 14298--14300
[]|$\OML/cmm/m/it/10.95 N \OT1/cmr/m/n/10.95 + 1$ \T1/LibertinusSerif-TLF/m/n/1
0.95 (+20) resid-ual
 []


Underfull \hbox (badness 6658) in paragraph at lines 14298--14300
\T1/LibertinusSerif-TLF/m/n/10.95 (+20) eval-u-a-tions; naively
 []


Underfull \hbox (badness 4556) in paragraph at lines 14298--14300
[][] \OML/cmm/m/it/10.95 C\OT1/cmr/m/n/10.95 (\OML/cmm/m/it/10.95 n[]\OT1/cmr/m
/n/10.95 1)$\T1/LibertinusSerif-TLF/m/n/10.95 (+20) , less
 []


Underfull \hbox (badness 10000) in paragraph at lines 14298--14300
\T1/LibertinusSerif-TLF/m/n/10.95 (+20) with in-cre-men-tal
 []


Underfull \hbox (badness 2213) in paragraph at lines 14300--14302
\T1/LibertinusSerif-TLF/m/n/10.95 (+20) able; no di-vi-sion be-
 []


Underfull \hbox (badness 2486) in paragraph at lines 14302--14305
[]|\T1/LibertinusSerif-TLF/m/n/10.95 (+20) fails when the lead-ing
 []


Underfull \hbox (badness 4403) in paragraph at lines 14302--14305
\T1/LibertinusSerif-TLF/m/n/10.95 (+20) block of $\OML/cmm/m/it/10.95 D[]F$ \T1
/LibertinusSerif-TLF/m/n/10.95 (+20) is not
 []


Underfull \hbox (badness 2970) in paragraph at lines 14302--14305
\T1/LibertinusSerif-TLF/m/n/10.95 (+20) a unit ([]The-o-rem 17.5[]);
 []


Underfull \hbox (badness 1331) in paragraph at lines 14306--14308
[]|\T1/LibertinusSerif-TLF/m/n/10.95 (+20) Functional it-
 []


Underfull \hbox (badness 10000) in paragraph at lines 14308--14309
[]|$\OML/cmm/m/it/10.95 N \OT1/cmr/m/n/10.95 + 1$ \T1/LibertinusSerif-TLF/m/n/1
0.95 (+20) com-po-si-
 []


Underfull \hbox (badness 10000) in paragraph at lines 14308--14309
\T1/LibertinusSerif-TLF/m/n/10.95 (+20) tions be-low $\OML/cmm/m/it/10.95 t[]$\
T1/LibertinusSerif-TLF/m/n/10.95 (+20) :
 []


Underfull \hbox (badness 10000) in paragraph at lines 14309--14311
[]|\T1/LibertinusSerif-TLF/m/n/10.95 (+20) shortest ex-is-tence
 []


Underfull \hbox (badness 4899) in paragraph at lines 14311--14314
[]|\T1/LibertinusSerif-TLF/m/n/10.95 (+20) gains only $\OML/cmm/m/it/10.95 ^^W[
]\OT1/cmr/m/n/10.95 (\OML/cmm/m/it/10.95 A\OT1/cmr/m/n/10.95 ) + 1$
 []


Underfull \hbox (badness 10000) in paragraph at lines 14311--14314
\T1/LibertinusSerif-TLF/m/n/10.95 (+20) blocks per step and
 []


Underfull \hbox (badness 2564) in paragraph at lines 14311--14314
\T1/LibertinusSerif-TLF/m/n/10.95 (+20) re-com-putes low blocks
 []


Underfull \hbox (badness 10000) in paragraph at lines 14311--14314
\T1/LibertinusSerif-TLF/m/n/10.95 (+20) each time; an al-ge-
 []


Underfull \hbox (badness 10000) in paragraph at lines 14311--14314
\T1/LibertinusSerif-TLF/m/n/10.95 (+20) braically equiv-a-lent
 []


Underfull \hbox (badness 1242) in paragraph at lines 14320--14323
[]|\T1/LibertinusSerif-TLF/m/n/10.95 (+20) needs $\OML/cmm/m/it/10.95 D[]F$\T1/
LibertinusSerif-TLF/m/n/10.95 (+20) , a re-cip-ro-
 []


Underfull \hbox (badness 3668) in paragraph at lines 14320--14323
\T1/LibertinusSerif-TLF/m/n/10.95 (+20) when the guard pre-ci-
 []


Underfull \hbox (badness 10000) in paragraph at lines 14324--14326
[]|\T1/LibertinusSerif-TLF/m/n/10.95 (+20) Lagrange--
 []


Underfull \hbox (badness 10000) in paragraph at lines 14324--14326
\T1/LibertinusSerif-TLF/m/n/10.95 (+20) Bürmann,
 []


Underfull \hbox (badness 2165) in paragraph at lines 14326--14328
\T1/LibertinusSerif-TLF/m/n/10.95 (+20) plus $\OMS/cmsy/m/n/10.95 O\OT1/cmr/m/n
/10.95 (\OML/cmm/m/it/10.95 N[]\OT1/cmr/m/n/10.95 )$ \T1/LibertinusSerif-TLF/m/
n/10.95 (+20) ap-pli-ca-
 []


Underfull \hbox (badness 10000) in paragraph at lines 14328--14330
[]|\T1/LibertinusSerif-TLF/m/n/10.95 (+20) closed uni-ver-sal for-
 []


Underfull \hbox (badness 10000) in paragraph at lines 14328--14330
\T1/LibertinusSerif-TLF/m/n/10.95 (+20) mula; no re-cur-sion;
 []


Underfull \hbox (badness 4416) in paragraph at lines 14328--14330
\T1/LibertinusSerif-TLF/m/n/10.95 (+20) the nat-u-ral route to
 []


Underfull \hbox (badness 10000) in paragraph at lines 14328--14330
\T1/LibertinusSerif-TLF/m/n/10.95 (+20) co-ef-fi-cient iden-ti-ties
 []


Underfull \hbox (badness 1502) in paragraph at lines 14330--14333
[]|\T1/LibertinusSerif-TLF/m/n/10.95 (+20) expression swell in $\OML/cmm/m/it/1
0.95 A[]$
 []


Underfull \hbox (badness 10000) in paragraph at lines 14330--14333
\T1/LibertinusSerif-TLF/m/n/10.95 (+20) and in the re-peated
 []


Underfull \hbox (badness 10000) in paragraph at lines 14330--14333
\T1/LibertinusSerif-TLF/m/n/10.95 (+20) deriva-tives; log-a-rith-
 []


Underfull \hbox (badness 10000) in paragraph at lines 14330--14333
\T1/LibertinusSerif-TLF/m/n/10.95 (+20) mic de-grees reach
 []


Underfull \hbox (badness 3343) in paragraph at lines 14330--14333
[][] \OMS/cmsy/m/n/10.95 ^^Y \OML/cmm/m/it/10.95 d\OT1/cmr/m/n/10.95 (\OML/cmm/
m/it/10.95 N[]\OT1/cmr/m/n/10.95 1)$ \T1/LibertinusSerif-TLF/m/n/10.95 (+20) al
-
 []


Underfull \vbox (badness 10000) has occurred while \output is active []

 [169]
Overfull \hbox (16.39877pt too wide) detected at line 14415
[][][][]\OT1/cmr/m/n/10.95 (\OML/cmm/m/it/10.95 X \OT1/cmr/m/n/10.95 + [] \OML/
cmm/m/it/10.95 X\OT1/cmr/m/n/10.95 )[] = \OML/cmm/m/it/10.95 X \OMS/cmsy/m/n/10
.95 ^^@ \OML/cmm/m/it/10.95 L \OT1/cmr/m/n/10.95 + \OML/cmm/m/it/10.95 Lt \OT1/
cmr/m/n/10.95 + [][] \OMS/cmsy/m/n/10.95 ^^@ \OML/cmm/m/it/10.95 L[]t[] \OT1/cm
r/m/n/10.95 + [][] \OMS/cmsy/m/n/10.95 ^^@ [] \OT1/cmr/m/n/10.95 + \OML/cmm/m/i
t/10.95 L[]t[] \OT1/cmr/m/n/10.95 + [][] \OMS/cmsy/m/n/10.95 ^^@ [] \OT1/cmr/m/
n/10.95 + 3\OML/cmm/m/it/10.95 L[] \OMS/cmsy/m/n/10.95 ^^@ \OML/cmm/m/it/10.95 
L[]t[] \OT1/cmr/m/n/10.95 + \OMS/cmsy/m/n/10.95 O[]  [] \OML/cmm/m/it/10.95 :
 []

[170] [171] [172]
Chapter 18.
[173

] [174]
Overfull \hbox (8.51587pt too wide) in paragraph at lines 14797--14804
\T1/LibertinusSerif-TLF/m/n/10.95 (-20) summable fam-ily, and us-ing $[][]\OML/
cmm/m/it/10.95 ^^\\OT1/cmr/m/n/10.95 (\OML/cmm/m/it/10.95 H\OT1/cmr/m/n/10.95 )
 = \OML/cmm/m/it/10.95 T[]\OT1/cmr/m/n/10.95 (\OML/cmm/m/it/10.95 H\OT1/cmr/m/n
/10.95 )$ \T1/LibertinusSerif-TLF/m/n/10.95 (-20) and $[][]\OT1/cmr/m/n/10.95 (
\OML/cmm/m/it/10.95 z\OT1/cmr/m/n/10.95 ) = \OML/cmm/m/it/10.95 H[]$\T1/Liberti
nusSerif-TLF/m/n/10.95 (-20) , gives $\OML/cmm/m/it/10.95 T[]\OT1/cmr/m/n/10.95
 (\OML/cmm/m/it/10.95 T[]f\OT1/cmr/m/n/10.95 ) = [][](\OML/cmm/m/it/10.95 @[]f\
OT1/cmr/m/n/10.95 )(\OML/cmm/m/it/10.95 H[] \OT1/cmr/m/n/10.95 +
 []

[175] [176] [177] [178]
Overfull \hbox (28.73694pt too wide) in paragraph at lines 15208--15213
\T1/LibertinusSerif-TLF/m/n/10.95 (-20) Likewise, ap-ply-ing $[][]$ to []Equa-t
ion (18.7)[] and us-ing $\OML/cmm/m/it/10.95  [] \OT1/cmr/m/n/10.95 = [][](\OML
/cmm/m/it/10.95 @[] \OT1/cmr/m/n/10.95 )\OML/cmm/m/it/10.95 u[]=k\OT1/cmr/m/n/1
0.95 !$ \T1/LibertinusSerif-TLF/m/n/10.95 (-20) to-gether with $[][]\OML/cmm/m/
it/10.95 @[]^^\\OT1/cmr/m/n/10.95 (\OMS/cmsy/m/n/10.95 ^^@\OML/cmm/m/it/10.95 A
\OT1/cmr/m/n/10.95 ) =
 []

[179] [180] [181] [182] [183] [184] [185]
Chapter 19.
[186

]
Overfull \hbox (0.24445pt too wide) in paragraph at lines 15848--15851
[]\T1/LibertinusSerif-TLF/m/it/10.95 (-20) in $[][]$ it-self $[]\OT1/cmr/m/n/10
.95 ^^@ = \U/msb/m/n/10.95 Z[]$\T1/LibertinusSerif-TLF/m/it/10.95 (-20) , the c
ri-te-rion is $\OML/cmm/m/it/10.95 ^^Z \OT1/cmr/m/n/10.95 = 1$ \T1/LibertinusSe
rif-TLF/m/it/10.95 (-20) and $\OML/cmm/m/it/10.95 ^^[ \OT1/cmr/m/n/10.95 = 0$\T
1/LibertinusSerif-TLF/m/it/10.95 (-20) , that is, $\OML/cmm/m/it/10.95 c[]F \OM
S/cmsy/m/n/10.95 2 G[]\OT1/cmr/m/n/10.95 ([][])$\T1/LibertinusSerif-TLF/m/it/10
.95 (-20) ; 
 []

[187] [188]
Overfull \hbox (11.27568pt too wide) in paragraph at lines 16095--16102
\T1/LibertinusSerif-TLF/m/n/10.95 (-20) which is []Equa-tion (19.14)[]. Ex-po-n
en-ti-at-ing and us-ing $\OT1/cmr/m/n/10.95 e[] = \OML/cmm/m/it/10.95 Y[]$\T1/L
ibertinusSerif-TLF/m/n/10.95 (-20) , $\OT1/cmr/m/n/10.95 e[] = \OML/cmm/m/it/10
.95 S[]$\T1/LibertinusSerif-TLF/m/n/10.95 (-20) , and $\OT1/cmr/m/n/10.95 e[] =

 []

[189] [190] [191] [192] [193


]
Chapter 20.
[194

] [195] [196] [197] [198] [199] [200] [201]
Chapter 21.
[202

]
Overfull \hbox (26.81786pt too wide) detected at line 17215
[]\OT1/cmss/m/n/10.95 L[]\OT1/cmr/m/n/10.95 (\OML/cmm/m/it/10.95 u\OT1/cmr/m/n/
10.95 ) = [](\OML/cmm/m/it/10.95 @[] \OMS/cmsy/m/n/10.95 ^^@ \OML/cmm/m/it/10.9
5 n\OT1/cmr/m/n/10.95 )\OML/cmm/m/it/10.95 A[] @[]u[] \OT1/cmr/m/n/10.95 = [](\
OML/cmm/m/it/10.95 @[] \OMS/cmsy/m/n/10.95 ^^@ \OML/cmm/m/it/10.95 n\OT1/cmr/m/
n/10.95 )\OML/cmm/m/it/10.95 A[] u[] \OT1/cmr/m/n/10.95 = [](\OML/cmm/m/it/10.9
5 @[] \OMS/cmsy/m/n/10.95 ^^@ \OML/cmm/m/it/10.95 n\OT1/cmr/m/n/10.95 )\OML/cmm
/m/it/10.95 A[]u[]:
 []

[203]
Overfull \hbox (25.83124pt too wide) in paragraph at lines 17324--17334
\T1/LibertinusSerif-TLF/m/n/10.95 (-20) This is the sec-ond equal-ity of [], an
d the first fol-lows from $\OML/cmm/m/it/10.95 s  [] \OT1/cmr/m/n/10.95 = (\OMS
/cmsy/m/n/10.95 ^^@\OT1/cmr/m/n/10.95 1)[][] =
 []

[204] [205] [206]
Overfull \hbox (12.941pt too wide) in paragraph at lines 17562--17564
[]\T1/LibertinusSerif-TLF/b/n/10.95 (-20) Theorem 21.11 \T1/LibertinusSerif-TLF
/m/n/10.95 (-20) (Im-plicit gen-er-at-ing equa-tion and for-mal unique-ness)\T1
/LibertinusSerif-TLF/b/n/10.95 (-20) . []\T1/LibertinusSerif-TLF/m/it/10.95 (-2
0) Let $\OML/cmm/m/it/10.95 Q\OT1/cmr/m/n/10.95 (\OML/cmm/m/it/10.95 s; u\OT1/c
mr/m/n/10.95 ) [] [][] \OT1/cmss/m/n/10.95 L[]\OT1/cmr/m/n/10.95 (\OML/cmm/m/it
/10.95 u\OT1/cmr/m/n/10.95 )\OML/cmm/m/it/10.95 s[] \OMS/cmsy/m/n/10.95 2
 []


Overfull \hbox (4.99564pt too wide) detected at line 17595
\OML/cmm/m/it/10.95 s[]@[]E \OMS/cmsy/m/n/10.95 ^^@ \OT1/cmr/m/n/10.95 (1 + \OM
L/cmm/m/it/10.95 s\OT1/cmr/m/n/10.95 )\OML/cmm/m/it/10.95 @[]E \OT1/cmr/m/n/10.
95 = [](1 + \OML/cmm/m/it/10.95 s\OT1/cmr/m/n/10.95 )\OML/cmm/m/it/10.95 @[]\OM
S/cmsy/m/n/10.95 P \OT1/cmr/m/n/10.95 + 1[] \OMS/cmsy/m/n/10.95 ^^@ \OT1/cmr/m/
n/10.95 (1 + \OML/cmm/m/it/10.95 s\OT1/cmr/m/n/10.95 )\OML/cmm/m/it/10.95 @[]\O
MS/cmsy/m/n/10.95 P ^^@ \OT1/cmr/m/n/10.95 (1 + \OML/cmm/m/it/10.95 s\OT1/cmr/m
/n/10.95 ) + []\OML/cmm/m/it/10.95 :
 []

[207] [208] [209]
Chapter 22.

Overfull \hbox (9.43526pt too wide) in paragraph at lines 17840--17845
\OT1/cmr/m/n/10.95 [\OMS/cmsy/m/n/10.95 ^^@\OT1/cmr/m/n/10.95 1\OML/cmm/m/it/10
.95 ; \OMS/cmsy/m/n/10.95 1\OT1/cmr/m/n/10.95 )$\T1/LibertinusSerif-TLF/m/it/10
.95 (-20) , and $\OML/cmm/m/it/10.95 g$ \T1/LibertinusSerif-TLF/m/it/10.95 (-20
) re-stricted to $\OT1/cmr/m/n/10.95 (\OMS/cmsy/m/n/10.95 ^^@1\OML/cmm/m/it/10.
95 ; \OMS/cmsy/m/n/10.95 ^^@\OT1/cmr/m/n/10.95 1]$ \T1/LibertinusSerif-TLF/m/it
/10.95 (-20) has a con-tin-u-ous strictly de-creas-ing in-verse $\OML/cmm/m/it/
10.95 W[] [] [] \OT1/cmr/m/n/10.95 [\OMS/cmsy/m/n/10.95 ^^@\OT1/cmr/m/n/10.95 e
[]\OML/cmm/m/it/10.95 ; \OT1/cmr/m/n/10.95 0) \OMS/cmsy/m/n/10.95 !
 []

[210

] [211] [212] [213] [214] [215] [216]
Overfull \hbox (5.92096pt too wide) in paragraph at lines 18454--18459
[]\T1/LibertinusSerif-TLF/m/n/10.95 (-20) With $\OML/cmm/m/it/10.95 ^^[ \OT1/cm
r/m/n/10.95 = 1\OML/cmm/m/it/10.95 =K$\T1/LibertinusSerif-TLF/m/n/10.95 (-20) ,
 $\OML/cmm/m/it/10.95 ^^\ \OT1/cmr/m/n/10.95 = \OML/cmm/m/it/10.95 M=K$ \T1/Lib
ertinusSerif-TLF/m/n/10.95 (-20) as above, $\OT1/cmr/m/n/10.95 5([] + []) = \OM
L/cmm/m/it/10.95 ^^R$\T1/LibertinusSerif-TLF/m/n/10.95 (-20) , so []Equa-tion (
22.13)[] reads $[] \OMS/cmsy/m/n/10.95 ^^T
 []

[217] [218] [219] [220] [221] [222] [223] [224] [225] [226]
Chapter 23.
[227

] [228] [229] [230] [231] [232] [233] [234] [235] [236] [237] [238]
[239] [240


]
Chapter 24.
[241

] [242] [243] [244] [245]
Overfull \hbox (9.91127pt too wide) in paragraph at lines 21136--21141
\T1/LibertinusSerif-TLF/m/n/10.95 (-20) ker-nel $\OMS/cmsy/m/n/10.95 N$\T1/Libe
rtinusSerif-TLF/m/n/10.95 (-20) . For mem-ber-ship in $\OMS/cmsy/m/n/10.95 N$\T
1/LibertinusSerif-TLF/m/n/10.95 (-20) : $\OT1/cmr/m/n/10.95 e[]\OML/cmm/m/it/10
.95 X[] \OMS/cmsy/m/n/10.95 ! \OT1/cmr/m/n/10.95 0$\T1/LibertinusSerif-TLF/m/n/
10.95 (-20) , $\OT1/cmr/m/n/10.95 e[]\OML/cmm/m/it/10.95 X[] \OMS/cmsy/m/n/10.9
5 ! \OT1/cmr/m/n/10.95 0$ \T1/LibertinusSerif-TLF/m/n/10.95 (-20) and $\OML/cmm
/m/it/10.95 X[]X[] \OT1/cmr/m/n/10.95 = e[] \OMS/cmsy/m/n/10.95 !
 []

[246] [247] [248] [249] [250] [251]
Chapter 25.
[252

] [253] [254] [255] [256]
LaTeX Font Info:    Font shape `T1/LibertinusSerif-TLF/m/n' will be
(Font)              scaled to size 9.0pt on input line 22216.
 [257] [258] [259]
Chapter 26.

Underfull \vbox (badness 1072) has occurred while \output is active []

 [260

]
[261] [262] [263] [264] [265] [266] [267] [268] [269] [270] [271] [272]
[273] [274] [275] [276] [277] [278] [279] [280]
Overfull \hbox (7.68921pt too wide) in paragraph at lines 24563--24577
\T1/LibertinusSerif-TLF/m/n/10.95 (-20) Writing $\OML/cmm/m/it/10.95 d \OT1/cmr
/m/n/10.95 = [] \OML/cmm/m/it/10.95 p[]$ \T1/LibertinusSerif-TLF/m/n/10.95 (-20
) and $\OML/cmm/m/it/10.95 a[] \OMS/cmsy/m/n/10.95 6\OT1/cmr/m/n/10.95 = 0$ \T1
/LibertinusSerif-TLF/m/n/10.95 (-20) for its lead-ing co-ef-fi-cient, the co-ef
-fi-cient of $\OT1/cmr/m/n/10.95 ^^C[]$ \T1/LibertinusSerif-TLF/m/n/10.95 (-20)
 in [] is $\OML/cmm/m/it/10.95 c[]\OT1/cmr/m/n/10.95 ^^C[]\OML/cmm/m/it/10.95 a
[]\OT1/cmr/m/n/10.95 (\OMS/cmsy/m/n/10.95 ^^@\OML/cmm/m/it/10.95 ^^M\OT1/cmr/m/
n/10.95 )[]$\T1/LibertinusSerif-TLF/m/n/10.95 (-20) ,
 []

[281] [282] [283] [284


]
Chapter 27.
[285

] [286] [287] [288] [289] [290] [291] [292] [293] [294] [295] [296]
[297] [298] [299] [300]
Chapter 28.
[301

] [302] [303] [304] [305] [306]
Underfull \hbox (badness 10000) in paragraph at lines 26778--26778
[]|\T1/LibertinusSerif-TLF/m/n/10.95 (+20) Rational power $\OML/cmm/m/it/10.95 
D$ \T1/LibertinusSerif-TLF/m/n/10.95 (+20) of
 []


Underfull \hbox (badness 1122) in paragraph at lines 26789--26789
[]|\T1/LibertinusSerif-TLF/m/n/10.95 (+20) Reversion $\OML/cmm/m/it/10.95 G$ \T
1/LibertinusSerif-TLF/m/n/10.95 (+20) of $\OML/cmm/m/it/10.95 F[]$\T1/Libertinu
sSerif-TLF/m/n/10.95 (+20) ,
 []


Underfull \hbox (badness 1122) in paragraph at lines 26791--26791
[]|\T1/LibertinusSerif-TLF/m/n/10.95 (+20) Reversion $\OML/cmm/m/it/10.95 G$ \T
1/LibertinusSerif-TLF/m/n/10.95 (+20) of $\OML/cmm/m/it/10.95 F[]$\T1/Libertinu
sSerif-TLF/m/n/10.95 (+20) ,
 []


Underfull \hbox (badness 5077) in paragraph at lines 26799--26799
[]|\T1/LibertinusSerif-TLF/m/n/10.95 (+20) Antiderivative $\OML/cmm/m/it/10.95 
Y$\T1/LibertinusSerif-TLF/m/n/10.95 (+20) , con-
 []


Underfull \vbox (badness 1852) has occurred while \output is active []

 [307]
[308]
ignored: Infinite glue shrinkage found in box being split [309] [310] [311]
Chapter 29.
[312

] [313] [314] [315] [316] [317] [318]
Underfull \hbox (badness 3965) in paragraph at lines 27795--27796
[]|\T1/LibertinusSerif-TLF/m/n/10.95 (+20) Division, log-a-rithm or gen-eral po
wer
 []


Underfull \hbox (badness 10000) in paragraph at lines 27799--27799
[]|$[][] \OT1/cmr/m/n/10.95 =
 []


Underfull \hbox (badness 10000) in paragraph at lines 27803--27804
[]|[]\T1/LibertinusSerif-TLF/m/n/10.95 (+20) Theorems 5.25[], []8.38[]
 []


Underfull \hbox (badness 10000) in paragraph at lines 27808--27809
[]|[]\T1/LibertinusSerif-TLF/m/n/10.95 (+20) Theorems 15.8[], []19.4[]
 []


Underfull \hbox (badness 10000) in paragraph at lines 27811--27812
[]|[]\T1/LibertinusSerif-TLF/m/n/10.95 (+20) Theorems 15.10[]
 []


Underfull \hbox (badness 3815) in paragraph at lines 27813--27813
[]|\T1/LibertinusSerif-TLF/m/n/10.95 (+20) outside ev-ery log-a-rith-mic
 []


Underfull \hbox (badness 10000) in paragraph at lines 27814--27815
[]|[]\T1/LibertinusSerif-TLF/m/n/10.95 (+20) Theorems 10.16[]
 []


Underfull \hbox (badness 10000) in paragraph at lines 27817--27818
[]|[]\T1/LibertinusSerif-TLF/m/n/10.95 (+20) Theorems 11.22[]
 []


ignored: Infinite glue shrinkage found in box being split [319]
Underfull \hbox (badness 1087) in paragraph at lines 27836--27837
[]|\T1/LibertinusSerif-TLF/m/n/10.95 (+20) Leibniz test, plus T1 of []Ta-
 []


Underfull \hbox (badness 5741) in paragraph at lines 27840--27841
[]|\T1/LibertinusSerif-TLF/m/n/10.95 (+20) same, re-com-puted at each
 []


Underfull \hbox (badness 3375) in paragraph at lines 27846--27848
[]|$\OML/cmm/m/it/10.95 D[] \OMS/cmsy/m/n/10.95 ^^@ \OML/cmm/m/it/10.95 B[]$ \T
1/LibertinusSerif-TLF/m/n/10.95 (+20) and a check of
 []


Underfull \hbox (badness 10000) in paragraph at lines 27850--27850
[]|\T1/LibertinusSerif-TLF/m/n/10.95 (+20) Composition, in-ner near-
 []


Underfull \hbox (badness 1033) in paragraph at lines 27854--27854
[]|\T1/LibertinusSerif-TLF/m/n/10.95 (+20) Reversion, a few blocks, or
 []


Underfull \hbox (badness 2027) in paragraph at lines 27865--27865
[]|\T1/LibertinusSerif-TLF/m/n/10.95 (+20) Mixed or un-known lead-ing
 []


ignored: Infinite glue shrinkage found in box being split [320] [321] [322


]
Chapter 30.

Underfull \hbox (badness 3158) in paragraph at lines 27980--27982
\T1/LibertinusSerif-TLF/m/n/10 (+20) mono-mial ([]The-o-rem 19.4[]);
 []

[323

] [324] [325] [326] [327] [328] [329]
Underfull \hbox (badness 3557) in paragraph at lines 28695--28698
\T1/LibertinusSerif-TLF/m/n/10 (+20) ge-o-met-ric se-ries, summable by []The-o-

 []


Underfull \hbox (badness 1648) in paragraph at lines 28700--28701
[]|\T1/LibertinusSerif-TLF/m/n/10 (+20) Support char-ac-ter-i-sa-tion, clause (
d) ([]The-o-
 []

LaTeX Font Info:    Font shape `T1/LibertinusSerif-TLF/b/n' will be
(Font)              scaled to size 10.0pt on input line 28701.

Underfull \hbox (badness 3118) in paragraph at lines 28711--28713
[]|$\OML/cmm/m/it/10 m$ \T1/LibertinusSerif-TLF/m/n/10 (+20) may be any el-e-me
nt of $\OT1/cmr/m/n/10 ^^@$ \T1/LibertinusSerif-TLF/m/n/10 (+20) ([]The-o-
 []

[330] [331] [332] [333] [334] [335] [336] [337] [338]
Chapter 31.
[339

] [340] [341] [342] [343] [344] [345] [346


]
Appendix A.
[347

] [348] [349] [350] [351] [352] [353] [354] [355] [356]
Appendix B.
[357

] [358] [359] [360] [361] [362] [363]
Underfull \hbox (badness 2582) in paragraph at lines 31751--31751
[]|\T1/LibertinusSerif-TLF/m/n/10 (+20) Block of an in-te-ger
 []


Underfull \hbox (badness 1152) in paragraph at lines 31754--31757
[]|\T1/LibertinusSerif-TLF/m/n/10 (+20) the tri-an-gu-lar re-cur-rence []; pref
er-able
 []


Underfull \hbox (badness 2653) in paragraph at lines 31781--31781
[]|\T1/LibertinusSerif-TLF/m/n/10 (+20) Composition with a
 []

[364] [365]
Appendix C.

Underfull \hbox (badness 2057) in paragraph at lines 31844--31845
[]|$[][] \OT1/cmr/m/n/10.95 = \U/msb/m/n/10.95 K\OT1/cmr/m/n/10.95 [\OML/cmm/m/
it/10.95 L\OT1/cmr/m/n/10.95 ][[\OML/cmm/m/it/10.95 t\OT1/cmr/m/n/10.95 ]]$\T1/
LibertinusSerif-TLF/m/n/10.95 (+20) , $[][] \OT1/cmr/m/n/10.95 = \U/msb/m/n/10.
95 K\OT1/cmr/m/n/10.95 [\OML/cmm/m/it/10.95 L\OT1/cmr/m/n/10.95 ]((\OML/cmm/m/i
t/10.95 t\OT1/cmr/m/n/10.95 ))$\T1/LibertinusSerif-TLF/m/n/10.95 (+20) ,
 []


Underfull \hbox (badness 4217) in paragraph at lines 31848--31850
[]|[]\T1/LibertinusSerif-TLF/m/n/10.95 (+20) Theorem 5.5[], []The-o-rem 5.6[], 
[]The-o-
 []


Underfull \hbox (badness 3769) in paragraph at lines 31884--31886
[]|\T1/LibertinusSerif-TLF/m/n/10.95 (+20) Leading block $\OML/cmm/m/it/10.95 p
[]$\T1/LibertinusSerif-TLF/m/n/10.95 (+20) , lead-ing mono-mial $[]\OT1/cmr/m/n
/10.95 (\OML/cmm/m/it/10.95 F\OT1/cmr/m/n/10.95 ) =
 []


Underfull \vbox (badness 5460) has occurred while \output is active []

 [366

]
Underfull \hbox (badness 10000) in paragraph at lines 31920--31920
[]|\T1/LibertinusSerif-TLF/m/n/10.95 (+20) Inclusive-to-exclusive dic-tio-nary 
$\OT1/cmr/m/n/10.95 [\OML/cmm/m/it/10.95 F\OT1/cmr/m/n/10.95 ][] =
 []


Underfull \hbox (badness 10000) in paragraph at lines 31922--31923
[]|$[][]\OT1/cmr/m/n/10.95 (\OML/cmm/m/it/10.95 FG\OT1/cmr/m/n/10.95 ) = [][][]
[][] \OML/cmm/m/it/10.95 F \OMS/cmsy/m/n/10.95 ^^A
 []

[367]
Underfull \hbox (badness 2181) in paragraph at lines 32010--32012
[]|$\OML/cmm/m/it/10.95 B[] \OT1/cmr/m/n/10.95 = [][] \OML/cmm/m/it/10.95 C[]t[
]$ \T1/LibertinusSerif-TLF/m/n/10.95 (+20) with $\OML/cmm/m/it/10.95 C[] \OT1/c
mr/m/n/10.95 = \OML/cmm/m/it/10.95 c[]$ \T1/LibertinusSerif-TLF/m/n/10.95 (+20)
 and $\OML/cmm/m/it/10.95 C[] \OT1/cmr/m/n/10.95 =
 []


Underfull \hbox (badness 10000) in paragraph at lines 32028--32032
[]|\T1/LibertinusSerif-TLF/m/n/10.95 (+20) Closed forms: $\OT1/cmr/m/n/10.95 [\
OML/cmm/m/it/10.95 t[]\OT1/cmr/m/n/10.95 ](1 + \OML/cmm/m/it/10.95 W\OT1/cmr/m/
n/10.95 )[] =
 []


Underfull \hbox (badness 5711) in paragraph at lines 32028--32032
[] [] [][]  \OMS/cmsy/m/n/10.95 B[]\OT1/cmr/m/n/10.95 (1!\OML/cmm/m/it/10.95 w[
]; \OT1/cmr/m/n/10.95 2!\OML/cmm/m/it/10.95 w[]; []\OT1/cmr/m/n/10.95 )$\T1/Lib
ertinusSerif-TLF/m/n/10.95 (+20) ; $\OML/cmm/m/it/10.95 ^^[ \OT1/cmr/m/n/10.95 
= \OMS/cmsy/m/n/10.95 ^^@\OT1/cmr/m/n/10.95 1$ \T1/LibertinusSerif-TLF/m/n/10.9
5 (+20) gives
 []


ignored: Infinite glue shrinkage found in box being split [368]
Underfull \hbox (badness 1418) in paragraph at lines 32077--32079
[]|$\OML/cmm/m/it/10.95 C[] \OT1/cmr/m/n/10.95 = 1$\T1/LibertinusSerif-TLF/m/n/
10.95 (+20) , $\OML/cmm/m/it/10.95 C[] \OT1/cmr/m/n/10.95 = 0$ \T1/LibertinusSe
rif-TLF/m/n/10.95 (+20) for $\OML/cmm/m/it/10.95 m > \OT1/cmr/m/n/10.95 0$\T1/L
ibertinusSerif-TLF/m/n/10.95 (+20) , $\OML/cmm/m/it/10.95 C[] \OT1/cmr/m/n/10.9
5 =
 []


ignored: Infinite glue shrinkage found in box being split [369]
Underfull \hbox (badness 1874) in paragraph at lines 32144--32147
\T1/LibertinusSerif-TLF/m/n/10.95 (+20) cu-rate only to or-der $\OML/cmm/m/it/1
0.95 ^^[$\T1/LibertinusSerif-TLF/m/n/10.95 (+20) , the new resid-ual or-der is
 []


Underfull \hbox (badness 2837) in paragraph at lines 32159--32161
[]|\T1/LibertinusSerif-TLF/m/n/10.95 (+20) Level-zero per-tur-ba-tion: $\OT1/cm
r/m/n/10.95 (\OML/cmm/m/it/10.95 X \OT1/cmr/m/n/10.95 + \OML/cmm/m/it/10.95 P\O
T1/cmr/m/n/10.95 )[] = \OML/cmm/m/it/10.95 X \OT1/cmr/m/n/10.95 +
 []


Underfull \hbox (badness 1902) in paragraph at lines 32164--32166
[]|\T1/LibertinusSerif-TLF/m/n/10.95 (+20) Transport of an ob-serv-able: $\OML/
cmm/m/it/10.95 ' [] F[] \OT1/cmr/m/n/10.95 = \OML/cmm/m/it/10.95 ' \OT1/cmr/m/n
/10.95 +
 []


ignored: Infinite glue shrinkage found in box being split [370]
Underfull \hbox (badness 1565) in paragraph at lines 32228--32231
\OT1/cmr/m/n/10.95 (\OML/cmm/m/it/10.95 N \OT1/cmr/m/n/10.95 + 2)[]$\T1/Liberti
nusSerif-TLF/m/n/10.95 (+20) : $\OML/cmm/m/it/10.95 !\OT1/cmr/m/n/10.95 (\OML/c
mm/m/it/10.95 x\OT1/cmr/m/n/10.95 ) \OMS/cmsy/m/n/10.95 ^^@ \OML/cmm/m/it/10.95
 ![]\OT1/cmr/m/n/10.95 (\OML/cmm/m/it/10.95 x\OT1/cmr/m/n/10.95 ) = \OT1/cmss/m
/n/10.95 L[]\OT1/cmr/m/n/10.95 (\OML/cmm/m/it/10.95 L\OT1/cmr/m/n/10.95 )\OML/c
mm/m/it/10.95 x[] \OT1/cmr/m/n/10.95 +
 []

[371] [372]
Appendix D.

Underfull \hbox (badness 1472) in paragraph at lines 32375--32375
[]|$\OT1/cmr/m/n/10.95 362[]880\OML/cmm/m/it/10.95 u[] \OMS/cmsy/m/n/10.95 ^^@ 
\OT1/cmr/m/n/10.95 10[]265[]760\OML/cmm/m/it/10.95 u[] \OT1/cmr/m/n/10.95 + 105
[]543[]000\OML/cmm/m/it/10.95 u[] \OMS/cmsy/m/n/10.95 ^^@ \OT1/cmr/m/n/10.95 52
1[]049[]600\OML/cmm/m/it/10.95 u[] \OT1/cmr/m/n/10.95 +
 []


Underfull \hbox (badness 10000) in paragraph at lines 32375--32375
\OT1/cmr/m/n/10.95 1[]357[]398[]000\OML/cmm/m/it/10.95 u[] \OMS/cmsy/m/n/10.95 
^^@ \OT1/cmr/m/n/10.95 1[]913[]375[]520\OML/cmm/m/it/10.95 u[] \OT1/cmr/m/n/10.
95 + 1[]428[]840[]000\OML/cmm/m/it/10.95 u[] \OMS/cmsy/m/n/10.95 ^^@
 []


Underfull \hbox (badness 10000) in paragraph at lines 32376--32376
\OT1/cmr/m/n/10.95 27[]062[]085[]600\OML/cmm/m/it/10.95 u[] \OMS/cmsy/m/n/10.95
 ^^@ \OT1/cmr/m/n/10.95 50[]009[]929[]200\OML/cmm/m/it/10.95 u[] \OT1/cmr/m/n/1
0.95 + 52[]481[]610[]720\OML/cmm/m/it/10.95 u[] \OMS/cmsy/m/n/10.95 ^^@
 []


Underfull \hbox (badness 10000) in paragraph at lines 32377--32377
[]|$\OT1/cmr/m/n/10.95 39[]916[]800\OML/cmm/m/it/10.95 u[] \OMS/cmsy/m/n/10.95 
^^@ \OT1/cmr/m/n/10.95 1[]446[]526[]080\OML/cmm/m/it/10.95 u[] \OT1/cmr/m/n/10.
95 + 19[]921[]172[]832\OML/cmm/m/it/10.95 u[] \OMS/cmsy/m/n/10.95 ^^@
 []


Underfull \hbox (badness 1112) in paragraph at lines 32377--32377
\OT1/cmr/m/n/10.95 138[]940[]660[]320\OML/cmm/m/it/10.95 u[] \OT1/cmr/m/n/10.95
 + 546[]429[]272[]400\OML/cmm/m/it/10.95 u[] \OMS/cmsy/m/n/10.95 ^^@ \OT1/cmr/m
/n/10.95 1[]267[]789[]406[]400\OML/cmm/m/it/10.95 u[] \OT1/cmr/m/n/10.95 +
 []


ignored: Infinite glue shrinkage found in box being split [373

] [374]
LaTeX Font Info:    Font shape `T1/LibertinusSerif-TLF/b/it' will be
(Font)              scaled to size 10.95pt on input line 32527.
 [375] [376{C:/Users/vresh/AppData/Local/Programs/MiKTeX/fonts/enc/dvips/libert
inus-type1/lbn1_opzo24.enc}]
Appendix E.
[377

] [378] [379] [380] [381] [382] [383] [384] [385] [386] [387] [388]
[389] [390] [391] [392] [393] [394]
Overfull \hbox (1.2998pt too wide) in paragraph at lines 34273--34282
[]\T1/LibertinusSerif-TLF/m/it/10.95 (-20) Certificate. \T1/LibertinusSerif-TLF
/m/n/10.95 (-20) By []The-o-rem 17.2[] the resid-ual of the trun-ca-tion $\OML/
cmm/m/it/10.95 G[] \OT1/cmr/m/n/10.95 = \OML/cmm/m/it/10.95 X \OT1/cmr/m/n/10.9
5 + \OML/cmm/m/it/10.95 b[] \OT1/cmr/m/n/10.95 + \OML/cmm/m/it/10.95 b[]t \OT1/
cmr/m/n/10.95 + \OML/cmm/m/it/10.95 b[]t[]$ \T1/LibertinusSerif-TLF/m/n/10.95 (
-20) is $[][]  [] \OT1/cmr/m/n/10.95 =
 []

[395] [396] [397] [398] [399]
Overfull \hbox (10.02538pt too wide) in paragraph at lines 34668--34674
[]\T1/LibertinusSerif-TLF/m/it/10.95 (-20) Size of the er-ror. \T1/LibertinusSe
rif-TLF/m/n/10.95 (-20) The lead-ing dis-crep-ancy is in the $\OML/cmm/m/it/10.
95 N \OT1/cmr/m/n/10.95 = 0$ \T1/LibertinusSerif-TLF/m/n/10.95 (-20) block: $[]
\OT1/cmss/m/n/10.95 L[]\OT1/cmr/m/n/10.95 ([] \OML/cmm/m/it/10.95 Y \OMS/cmsy/m
/n/10.95 ^^@ [] \OT1/cmr/m/n/10.95 2) \OMS/cmsy/m/n/10.95 ^^@ []\OT1/cmss/m/n/1
0.95 L[]\OT1/cmr/m/n/10.95 ([] \OML/cmm/m/it/10.95 Y\OT1/cmr/m/n/10.95 ) =
 []

[400] [401] [402] [403] [404] [405] [406] [407]
Overfull \hbox (1.04602pt too wide) in paragraph at lines 35443--35450
\T1/LibertinusSerif-TLF/m/n/10.95 (-20) for $\OML/cmm/m/it/10.95 X$ \T1/Liberti
nusSerif-TLF/m/n/10.95 (-20) and $[] \OML/cmm/m/it/10.95 x$ \T1/LibertinusSerif
-TLF/m/n/10.95 (-20) for $\OML/cmm/m/it/10.95 L$\T1/LibertinusSerif-TLF/m/n/10.
95 (-20) , the resid-ual of $\OML/cmm/m/it/10.95 ![]\OT1/cmr/m/n/10.95 (\OML/cm
m/m/it/10.95 x\OT1/cmr/m/n/10.95 )$ \T1/LibertinusSerif-TLF/m/n/10.95 (-20) is 
$\OMS/cmsy/m/n/10.95 ^^@\OT1/cmss/m/n/10.95 L[]\OT1/cmr/m/n/10.95 ([] \OML/cmm/
m/it/10.95 x\OT1/cmr/m/n/10.95 )\OML/cmm/m/it/10.95 x[] \OT1/cmr/m/n/10.95 + \O
MS/cmsy/m/n/10.95 O[]  []$\T1/LibertinusSerif-TLF/m/n/10.95 (-20) .
 []

[408] [409] [410]
Overfull \hbox (16.6185pt too wide) in paragraph at lines 35764--35775
[]\T1/LibertinusSerif-TLF/m/n/10.95 (-20) (3) The ker-nel is the ideal $\OMS/cm
sy/m/n/10.95 N$ \T1/LibertinusSerif-TLF/m/n/10.95 (-20) of \T1/LibertinusSerif-
TLF/m/it/10.95 (-20) flat \T1/LibertinusSerif-TLF/m/n/10.95 (-20) func-tions of
 []The-o-rem 24.11[], $[]$,
 []

[411]
Overfull \hbox (2.54213pt too wide) in paragraph at lines 35793--35796
[]\T1/LibertinusSerif-TLF/m/n/10.95 (-20) Show that ev-
 []

[412] [413]
Appendix F.

Overfull \hbox (5.48889pt too wide) in paragraph at lines 35939--35954
\T1/LibertinusSerif-TLF/m/it/10.95 (-20) Fabius-Func-tion Math-e-mat-i-cal No-t
a-tion Cat-a-logue\T1/LibertinusSerif-TLF/m/n/10.95 (-20) , whose en-tries \T1/
LibertinusMono-TLF/m/n/10.95 polynomial-logarithmic-ambient\T1/LibertinusSerif-
TLF/m/n/10.95 (-20) ,
 []


Overfull \hbox (26.79503pt too wide) in paragraph at lines 35939--35954
\T1/LibertinusMono-TLF/m/n/10.95 polynomial-logarithmic-leading-data\T1/Liberti
nusSerif-TLF/m/n/10.95 (-20) , \T1/LibertinusMono-TLF/m/n/10.95 polynomial-loga
rithmic-truncation\T1/LibertinusSerif-TLF/m/n/10.95 (-20) , \T1/LibertinusMono-
TLF/m/n/10.95 polynomial-
 []


Overfull \hbox (38.7087pt too wide) in paragraph at lines 35939--35954
\T1/LibertinusMono-TLF/m/n/10.95 logarithmic-differential\T1/LibertinusSerif-TL
F/m/n/10.95 (-20) , \T1/LibertinusMono-TLF/m/n/10.95 polynomial-logarithmic-com
position\T1/LibertinusSerif-TLF/m/n/10.95 (-20) , \T1/LibertinusMono-TLF/m/n/10
.95 polynomial-logarithmic-
 []


ignored: Infinite glue shrinkage found in box being split [414

]
Overfull \hbox (26.65959pt too wide) in alignment at lines 36023--36030
 [] [] [] 
 []


Overfull \hbox (26.65959pt too wide) in alignment at lines 36030--36034
 [] [] [] 
 []


Overfull \hbox (26.65959pt too wide) in alignment at lines 36034--36061
 [] [] [] 
 []


ignored: Infinite glue shrinkage found in box being split [415] [416]
Appendix G.

Underfull \hbox (badness 10000) in paragraph at lines 36141--36141
[]|\T1/LibertinusSerif-TLF/m/n/10.95 (+20) Why pow-ers and
 []


Underfull \hbox (badness 10000) in paragraph at lines 36141--36141
\T1/LibertinusSerif-TLF/m/n/10.95 (+20) log-a-rithms be-long
 []


Underfull \hbox (badness 10000) in paragraph at lines 36143--36143
[]|\T1/LibertinusSerif-TLF/m/n/10.95 (+20) Why pow-ers and
 []


Underfull \hbox (badness 10000) in paragraph at lines 36143--36143
\T1/LibertinusSerif-TLF/m/n/10.95 (+20) log-a-rithms be-long
 []


Underfull \hbox (badness 10000) in paragraph at lines 36147--36147
[]|\T1/LibertinusSerif-TLF/m/n/10.95 (+20) The for-mal
 []


Underfull \hbox (badness 10000) in paragraph at lines 36147--36147
\T1/LibertinusSerif-TLF/m/n/10.95 (+20) polynomial--
 []


Underfull \hbox (badness 3746) in paragraph at lines 36152--36153
[]|\T1/LibertinusSerif-TLF/m/n/10.95 (+20) the sources state this with-out the 
hy-poth-e-sis \(X>\EulerE\); for
 []


Underfull \hbox (badness 8075) in paragraph at lines 36153--36153
[]|\T1/LibertinusSerif-TLF/m/n/10.95 (+20) Valuation, lead-ing
 []


Underfull \hbox (badness 8075) in paragraph at lines 36156--36156
[]|\T1/LibertinusSerif-TLF/m/n/10.95 (+20) Valuation, lead-ing
 []


Underfull \hbox (badness 10000) in paragraph at lines 36159--36160
[]|\T1/LibertinusSerif-TLF/m/n/10.95 (+20) the mono-tonic-ity clause \(\math-ca
l D_\sigma\subseteq\mathcal
 []


Underfull \hbox (badness 1102) in paragraph at lines 36159--36160
\T1/LibertinusSerif-TLF/m/n/10.95 (+20) D_{\sigma'}\) was as-serted with-out pr
oof, and it is not the triv-ial
 []


Underfull \hbox (badness 5203) in paragraph at lines 36162--36163
[]|\T1/LibertinusSerif-TLF/m/n/10.95 (+20) S5 states \eqref{plt:eq:trunc-produc
t-pow} with-out the hy-poth-e-sis
 []


Underfull \hbox (badness 2326) in paragraph at lines 36173--36174
[]|\T1/LibertinusSerif-TLF/m/n/10.95 (+20) the trans-fer was claimed only for t
he four am-bi-ent classes, but
 []


Underfull \hbox (badness 10000) in paragraph at lines 36178--36178
[]|\T1/LibertinusSerif-TLF/m/n/10.95 (+20) Multiplication:
 []


Underfull \hbox (badness 10000) in paragraph at lines 36178--36178
\T1/LibertinusSerif-TLF/m/n/10.95 (+20) con-vo-lu-tion of
 []


Underfull \hbox (badness 6944) in paragraph at lines 36192--36193
[]|\T1/LibertinusSerif-TLF/m/n/10.95 (+20) retitled: ``Ba-sic prop-er-ties of a
 scale'' in the dif-fer-en-tial part
 []


Underfull \hbox (badness 10000) in paragraph at lines 36210--36210
[]|\T1/LibertinusSerif-TLF/m/n/10.95 (+20) Units, re-cip-ro-cals,
 []


Underfull \hbox (badness 10000) in paragraph at lines 36211--36211
[]|\T1/LibertinusSerif-TLF/m/n/10.95 (+20) Units, re-cip-ro-cals,
 []


Underfull \hbox (badness 1762) in paragraph at lines 36234--36234
[]|\T1/LibertinusSerif-TLF/m/n/10.95 (+20) The for-mal Tay-lor
 []


Underfull \hbox (badness 2564) in paragraph at lines 36246--36247
[]|\T1/LibertinusSerif-TLF/m/n/10.95 (+20) the Pi-card con-struc-tion of the in
-verse was car-ried out twice in
 []


Underfull \hbox (badness 1043) in paragraph at lines 36291--36292
[]|\T1/LibertinusSerif-TLF/m/n/10.95 (+20) the re-main-der in this dis-play was
 printed as an an-a-lytic es-ti-mate
 []


Underfull \hbox (badness 1259) in paragraph at lines 36291--36292
\T1/LibertinusSerif-TLF/m/n/10.95 (+20) BigO(L^4/Y^3) al-though the three block
s are com-puted by for-mal
 []


Underfull \hbox (badness 10000) in paragraph at lines 36294--36294
[]|\T1/LibertinusSerif-TLF/m/n/10.95 (+20) Generalized Lam-
 []


Underfull \hbox (badness 10000) in paragraph at lines 36308--36309
[]|\T1/LibertinusSerif-TLF/m/n/10.95 (+20) the co-ef-fi-cient field was left at
 the am-bi-ent
 []


Underfull \hbox (badness 6125) in paragraph at lines 36308--36309
\T1/LibertinusSerif-TLF/m/n/10.95 (+20) \(\K\subseteq\ComplexNumbers\) of this 
part, but the proof ap-
 []


Underfull \hbox (badness 10000) in paragraph at lines 36316--36316
[]|\T1/LibertinusSerif-TLF/m/n/10.95 (+20) Residual-to-error
 []


Underfull \hbox (badness 10000) in paragraph at lines 36319--36319
[]|\T1/LibertinusSerif-TLF/m/n/10.95 (+20) Power--log se-ries
 []


Underfull \hbox (badness 10000) in paragraph at lines 36320--36320
[]|\T1/LibertinusSerif-TLF/m/n/10.95 (+20) Power--log se-ries
 []


Underfull \hbox (badness 10000) in paragraph at lines 36321--36321
[]|\T1/LibertinusSerif-TLF/m/n/10.95 (+20) Power--log se-ries
 []


Underfull \hbox (badness 1342) in paragraph at lines 36321--36322
[]|\T1/LibertinusSerif-TLF/m/n/10.95 (+20) "asymptotic ex-pan-sion on the scale
 of all mono-mi-als Lambda^{-n}
 []


Underfull \hbox (badness 10000) in paragraph at lines 36328--36328
[]|\T1/LibertinusSerif-TLF/m/n/10.95 (+20) Power--log se-ries
 []


Underfull \hbox (badness 10000) in paragraph at lines 36331--36331
[]|\T1/LibertinusSerif-TLF/m/n/10.95 (+20) Power--log se-ries
 []


Underfull \hbox (badness 10000) in paragraph at lines 36332--36332
[]|\T1/LibertinusSerif-TLF/m/n/10.95 (+20) Power--log se-ries
 []


Underfull \hbox (badness 10000) in paragraph at lines 36333--36333
[]|\T1/LibertinusSerif-TLF/m/n/10.95 (+20) Power--log se-ries
 []


Underfull \hbox (badness 6220) in paragraph at lines 36388--36389
[]|\T1/LibertinusSerif-TLF/m/n/10.95 (+20) the draft ob-tained the dis-play by 
as-sert-ing that the proof of
 []


Underfull \hbox (badness 6758) in paragraph at lines 36394--36394
[]|\T1/LibertinusSerif-TLF/m/n/10.95 (+20) Relation with the
 []


Underfull \hbox (badness 1158) in paragraph at lines 36396--36397
[]|\T1/LibertinusSerif-TLF/m/n/10.95 (+20) three ap-peals to a la-bel plt:rmk:o
m-open, which the vol-ume does
 []


Underfull \hbox (badness 3364) in paragraph at lines 36427--36428
[]|\T1/LibertinusSerif-TLF/m/n/10.95 (+20) the in-her-ited text added "and noth
-ing anal-o-gous is claimed for
 []


ignored: Infinite glue shrinkage found in box being split [417

]
ignored: Infinite glue shrinkage found in box being split [418]
ignored: Infinite glue shrinkage 
found in box being split [419]
ignored: Infinite glue shrinkage found in box being split 
[420]
ignored: Infinite glue shrinkage found in box being split [421]
ignored: Infinite glue shrink
age found in box being split [422]
ignored: Infinite glue shrinkage found in box being sp
lit [423]
ignored: Infinite glue shrinkage found in box being split [424]
ignored: Infinite glue sh
rinkage found in box being split [425]
ignored: Infinite glue shrinkage found in box bein
g split [426]
ignored: Infinite glue shrinkage found in box being split [427]
ignored: Infinite glu
e shrinkage found in box being split [428]
ignored: Infinite glue shrinkage found in box 
being split
[429]
ignored: Infinite glue shrinkage found in box being split [430]
ignored: Infinite glue shrink
age found in box being split [431]
ignored: Infinite glue shrinkage found in box being sp
lit [432]
ignored: Infinite glue shrinkage found in box being split [433]
ignored: Infinite glue sh
rinkage found in box being split [434]
ignored: Infinite glue shrinkage found in box bein
g split [435]
ignored: Infinite glue shrinkage found in box being split [436]
ignored: Infinite glu
e shrinkage found in box being split [437]
ignored: Infinite glue shrinkage found in box 
being split [438]
ignored: Infinite glue shrinkage found in box being split [439]
ignored: Infinite
 glue shrinkage found in box being split [440]
ignored: Infinite glue shrinkage found in 
box being split
[441]
ignored: Infinite glue shrinkage found in box being split [442]
ignored: Infinite glue shrink
age found in box being split [443]
ignored: Infinite glue shrinkage found in box being sp
lit [444]
ignored: Infinite glue shrinkage found in box being split [445]
ignored: Infinite glue sh
rinkage found in box being split [446] [447]
Appendix H.

Underfull \hbox (badness 3029) in paragraph at lines 36527--36529
[]|$\T1/LibertinusMono-TLF/m/n/10.95 T r a n s s e r i e s B l o c k C l a s s 
e s . l e
 []


Underfull \hbox (badness 1953) in paragraph at lines 36562--36564
[]|$\T1/LibertinusMono-TLF/m/n/10.95 B e l l L e i b n i z T o w e r . l e a n$
\T1/LibertinusSerif-TLF/m/n/10.95 (+20) ; the ab-
 []


Underfull \hbox (badness 4391) in paragraph at lines 36578--36580
[]|$\T1/LibertinusMono-TLF/m/n/10.95 Q u a d r a t i c C o r e C a t a l a n . 
l e a n$\T1/LibertinusSerif-TLF/m/n/10.95 (+20) ;
 []


Underfull \hbox (badness 2818) in paragraph at lines 36580--36583
[]|\T1/LibertinusSerif-TLF/m/n/10.95 (+20) Its co-ef-fi-cient re-cur-rence is c
hecked; as-
 []


ignored: Infinite glue shrinkage found in box being split [448

]
ignored: Infinite glue shrinkage found in box being split [449]
ignored: Infinite glue shrinkage 
found in box being split [450] [451]
Underfull \hbox (badness 10000) in paragraph at lines 36737--36741
[]|\T1/LibertinusMono-TLF/m/n/10.95 Fabius.principalLambertW\T1/LibertinusSerif
-TLF/m/n/10.95 (+20) ,
 []


Underfull \hbox (badness 10000) in paragraph at lines 36737--36741
\T1/LibertinusMono-TLF/m/n/10.95 Fabius.lowerLambertW\T1/LibertinusSerif-TLF/m/
n/10.95 (+20) , \T1/LibertinusMono-TLF/m/n/10.95 Fabius.
 []


Underfull \hbox (badness 10000) in paragraph at lines 36737--36741
\T1/LibertinusMono-TLF/m/n/10.95 principalLambertW_unique\T1/LibertinusSerif-TL
F/m/n/10.95 (+20) , \T1/LibertinusMono-TLF/m/n/10.95 Fabius.
 []


Underfull \hbox (badness 10000) in paragraph at lines 36742--36743
[]|\T1/LibertinusMono-TLF/m/n/10.95 Fabius.eq_principalLambertW_or_eq_
 []


Underfull \hbox (badness 10000) in paragraph at lines 36744--36746
[]|\T1/LibertinusMono-TLF/m/n/10.95 Fabius.principalLambertW_
 []


Underfull \hbox (badness 10000) in paragraph at lines 36744--36746
\T1/LibertinusMono-TLF/m/n/10.95 continuousOn_Ici\T1/LibertinusSerif-TLF/m/n/10
.95 (+20) , \T1/LibertinusMono-TLF/m/n/10.95 Fabius.
 []


Underfull \hbox (badness 10000) in paragraph at lines 36747--36749
[]|\T1/LibertinusMono-TLF/m/n/10.95 Fabius.deriv_principalLambertW\T1/Libertinu
sSerif-TLF/m/n/10.95 (+20) ,
 []


Underfull \hbox (badness 10000) in paragraph at lines 36747--36749
\T1/LibertinusMono-TLF/m/n/10.95 Fabius.deriv_deriv_
 []


Underfull \hbox (badness 10000) in paragraph at lines 36750--36751
[]|\T1/LibertinusMono-TLF/m/n/10.95 Fabius.strictConcaveOn_
 []


Underfull \hbox (badness 10000) in paragraph at lines 36752--36755
[]|\T1/LibertinusMono-TLF/m/n/10.95 Fabius.lambertWBranchPointScale\T1/Libertin
usSerif-TLF/m/n/10.95 (+20) ,
 []


Underfull \hbox (badness 10000) in paragraph at lines 36752--36755
\T1/LibertinusMono-TLF/m/n/10.95 Fabius.principalLambertW_add_one_
 []


Underfull \hbox (badness 10000) in paragraph at lines 36752--36755
\T1/LibertinusMono-TLF/m/n/10.95 isEquivalent_branchPoint\T1/LibertinusSerif-TL
F/m/n/10.95 (+20) , \T1/LibertinusMono-TLF/m/n/10.95 Fabius.
 []


Underfull \hbox (badness 10000) in paragraph at lines 36752--36755
\T1/LibertinusMono-TLF/m/n/10.95 lowerLambertW_add_one_isEquivalent_
 []

[452]
Overfull \hbox (13.50632pt too wide) in paragraph at lines 36765--36767
\T1/LibertinusSerif-TLF/m/n/10.95 (-20) One ex-pan-sion state-ment of Part V ha
s a gen-uine Lean coun-ter-part. \T1/LibertinusMono-TLF/m/n/10.95 Fabius.tendst
o_lowerLambertW_
 []

[453]
Overfull \hbox (72.40674pt too wide) detected at line 36842
\OML/cmm/m/it/10.95 P[] \OT1/cmr/m/n/10.95 = \OMS/cmsy/m/n/10.95 ^^@\OT1/cmr/m/
n/10.95 (\OML/cmm/m/it/10.95 w \OT1/cmr/m/n/10.95 + 2)\OML/cmm/m/it/10.95 ;  P[
] \OT1/cmr/m/n/10.95 = 2\OML/cmm/m/it/10.95 w[] \OT1/cmr/m/n/10.95 + 8\OML/cmm/
m/it/10.95 w \OT1/cmr/m/n/10.95 + 9\OML/cmm/m/it/10.95 ;  P[] \OT1/cmr/m/n/10.9
5 = \OMS/cmsy/m/n/10.95 ^^@\OT1/cmr/m/n/10.95 (6\OML/cmm/m/it/10.95 w[] \OT1/cm
r/m/n/10.95 + 36\OML/cmm/m/it/10.95 w[] \OT1/cmr/m/n/10.95 + 79\OML/cmm/m/it/10
.95 w \OT1/cmr/m/n/10.95 + 64)\OML/cmm/m/it/10.95 ;  P[] \OT1/cmr/m/n/10.95 = 2
4\OML/cmm/m/it/10.95 w[] \OT1/cmr/m/n/10.95 + 192\OML/cmm/m/it/10.95 w[] \OT1/c
mr/m/n/10.95 + 622\OML/cmm/m/it/10.95 w[] \OT1/cmr/m/n/10.95 + 974\OML/cmm/m/it
/10.95 w \OT1/cmr/m/n/10.95 + 625\OML/cmm/m/it/10.95 ;
 []


Overfull \hbox (2.44487pt too wide) in paragraph at lines 36842--36859
\T1/LibertinusSerif-TLF/m/n/10.95 (-20) the first two be-ing the ker-nel's own 
eval-u-ated cases (\T1/LibertinusMono-TLF/m/n/10.95 Fabius.eval_lambertDerivPol
y_one\T1/LibertinusSerif-TLF/m/n/10.95 (-20) , \T1/LibertinusMono-TLF/m/n/10.95
 ..._
 []

[454]
Appendix I.

Overfull \hbox (8.51657pt too wide) in paragraph at lines 36886--36896
\T1/LibertinusSerif-TLF/m/n/10.95 (-20) ar-ti-cle pack-ages that ar-rived to-ge
ther as bare di-rec-to-ries in the direct-arrival com-mit \T1/LibertinusMono-TL
F/m/n/10.95 730e1763291099cd
 []


Underfull \hbox (badness 10000) in paragraph at lines 36968--36968
[]|\T1/LibertinusMono-TLF/m/n/10 01a03e0934d05b8b94369da9656fc0da4dde9b7c559b4e
07
 []


Underfull \hbox (badness 10000) in paragraph at lines 36968--36968
[]|\T1/LibertinusMono-TLF/m/n/10 4fd42b7e344c485f8d878279dc3b9a6d5dc326a9c73911
4e
 []


Underfull \hbox (badness 10000) in paragraph at lines 36968--36968
[]|\T1/LibertinusMono-TLF/m/n/10 aa25baa03099472df765d35c03a2bb265dbe9af5aab500
ec
 []


Underfull \hbox (badness 10000) in paragraph at lines 36968--36968
[]|\T1/LibertinusMono-TLF/m/n/10 d172b81453a805366f056f6114bb6df6fdf78114664132
01
 []


Underfull \hbox (badness 10000) in paragraph at lines 36968--36968
[]|\T1/LibertinusMono-TLF/m/n/10 0962c15683cb4610d45961c227f6e9b102d66ee3707343
2d
 []


Underfull \hbox (badness 10000) in paragraph at lines 36968--36968
[]|\T1/LibertinusMono-TLF/m/n/10 d2a8bd25d71cc41fc81c1c75fb66ca75496b8425ac496c
e1
 []


Underfull \hbox (badness 10000) in paragraph at lines 36968--36968
[]|\T1/LibertinusMono-TLF/m/n/10 387ca51f94292a996fb339ec6dfb3477f68575255b2aaa
f5
 []


Underfull \hbox (badness 10000) in paragraph at lines 36968--36968
[]|\T1/LibertinusMono-TLF/m/n/10 37026b625cf7b2fd106005b8c89f720b8b724f99a5446e
d8
 []


Underfull \hbox (badness 10000) in paragraph at lines 36968--36968
[]|\T1/LibertinusMono-TLF/m/n/10 1149ae6884e63dc77b747c786d0455419b6c79cdd3b33d
c9
 []


Underfull \hbox (badness 10000) in paragraph at lines 36968--36968
[]|\T1/LibertinusMono-TLF/m/n/10 187bd510f33ea4296f0247b286d0fcae6200ce0b5bd175
c6
 []


Underfull \hbox (badness 10000) in paragraph at lines 36968--36968
[]|\T1/LibertinusMono-TLF/m/n/10 df4e4bc5932a59e4ed265b32d8463edc65f67cbd2735b3
49
 []


Underfull \hbox (badness 10000) in paragraph at lines 36968--36968
[]|\T1/LibertinusMono-TLF/m/n/10 16978aae6fb1e458e236cac9807ab81bb5314fdb087a25
04
 []


Overfull \hbox (74.98921pt too wide) in paragraph at lines 36971--36980
\T1/LibertinusSerif-TLF/m/n/10.95 (-20) sources, had SHA-256 val-ues \T1/Libert
inusMono-TLF/m/n/10.95 a4fc4af0...69e886 \T1/LibertinusSerif-TLF/m/n/10.95 (-20
) (S1, 119 cus-tom 522-by-738-point pages), \T1/LibertinusMono-TLF/m/n/10.95 5e
9ff596...bfc68e
 []

[455

] [456] [457] [458] [459


] [460] [461

]
Appendix J.
LaTeX Font Info:    Trying to load font information for T1+LibertinusSans-TLF o
n input line 37295.

(C:\Users\vresh\AppData\Local\Programs\MiKTeX\tex/latex/libertinus-type1\t1libe
rtinussans-tlf.fd
File: T1LibertinusSans-TLF.fd 2024/09/22 (autoinst) Font definitions for T1/Lib
ertinusSans-TLF.
)
LaTeX Font Info:    Font shape `T1/LibertinusSans-TLF/m/n' will be
(Font)              scaled to size 10.95pt on input line 37295.
Package microtype Info: Loading generic protrusion settings for font family
(microtype)             `LibertinusSans-TLF' (encoding: T1).
(microtype)             For optimal results, create family-specific settings.
(microtype)             See the microtype manual for details.

Overfull \hbox (67.95546pt too wide) in paragraph at lines 37333--37345
\T1/LibertinusSans-TLF/m/n/10.95 (-20) 2 \T1/LibertinusSerif-TLF/m/n/10.95 (-20
) take the \T1/LibertinusSerif-TLF/m/it/10.95 (-20) ex-po-nen-tial \T1/Libertin
usSerif-TLF/m/n/10.95 (-20) par-tial Bell poly-no-mi-als $\OML/cmm/m/it/10.95 B
[]$ \T1/LibertinusSerif-TLF/m/n/10.95 (-20) as prim-i-tive and con-vert; \T1/Li
bertinusSans-TLF/m/n/10.95 (-20) Swing_Factorial_Transseries_Article
 []


Underfull \vbox (badness 6477) has occurred while \output is active []

 [462

{C:/Users/vresh/AppData/Local/Programs/MiKTeX/fonts/enc/dvips/libertinus-type1/
lbn1_mfadfl.enc}]
Overfull \hbox (2.01262pt too wide) in paragraph at lines 37388--37391
[]\T1/LibertinusSerif-TLF/m/n/10.95 (-20) A pos-i-tive func-tion $\OML/cmm/m/it
/10.95 F \OMS/cmsy/m/n/10.95 2 \OML/cmm/m/it/10.95 C[]\OT1/cmr/m/n/10.95 ([\OML
/cmm/m/it/10.95 x[]; \OMS/cmsy/m/n/10.95 1\OT1/cmr/m/n/10.95 ))$ \T1/Libertinus
Serif-TLF/m/n/10.95 (-20) is said to be \T1/LibertinusSerif-TLF/m/it/10.95 (-20
) of exponential--power type with data $\OT1/cmr/m/n/10.95 (\OML/cmm/m/it/10.95
 C; a; ; b; ^^N; Q\OT1/cmr/m/n/10.95 )$
 []

[463]
Overfull \hbox (38.67622pt too wide) detected at line 37469
\OT1/cmr/m/n/10.95 ([] \OML/cmm/m/it/10.95 G\OT1/cmr/m/n/10.95 )[](\OML/cmm/m/i
t/10.95 ^^X\OT1/cmr/m/n/10.95 ) = ([] \OML/cmm/m/it/10.95 F\OT1/cmr/m/n/10.95 )
[][]\OML/cmm/m/it/10.95 ^^X[][] \OMS/cmsy/m/n/10.95 ^^A [] \OT1/cmr/m/n/10.95 =
 []\OML/cmm/m/it/10.95 a^^X[] \OT1/cmr/m/n/10.95 + [] + \OMS/cmsy/m/n/10.95 O[
]\OML/cmm/m/it/10.95 ^^X[][][][] \OT1/cmr/m/n/10.95 = \OML/cmm/m/it/10.95 a \OT
1/cmr/m/n/10.95 + [] + \OMS/cmsy/m/n/10.95 O[]\OML/cmm/m/it/10.95 ^^X[][];
 []

[464] [465] [466] [467]
Overfull \hbox (56.43132pt too wide) in paragraph at lines 37844--37848
[]\T1/LibertinusSerif-TLF/m/n/10.95 (-20) Now ap-ply [] to $\OML/cmm/m/it/10.95
 f\OT1/cmr/m/n/10.95 (\OML/cmm/m/it/10.95 w\OT1/cmr/m/n/10.95 ) := \OML/cmm/m/i
t/10.95 G\OT1/cmr/m/n/10.95 (\OML/cmm/m/it/10.95 w\OT1/cmr/m/n/10.95 )\OML/cmm/
m/it/10.95  \OT1/cmr/m/n/10.95 (\OML/cmm/m/it/10.95 w\OT1/cmr/m/n/10.95 )[]\OML
/cmm/m/it/10.95  []\OT1/cmr/m/n/10.95 (\OML/cmm/m/it/10.95 w\OT1/cmr/m/n/10.95 
)$\T1/LibertinusSerif-TLF/m/n/10.95 (-20) , not-ing that $\OML/cmm/m/it/10.95 f
\OT1/cmr/m/n/10.95 (\OML/cmm/m/it/10.95 W\OT1/cmr/m/n/10.95 (\OML/cmm/m/it/10.9
5 t\OT1/cmr/m/n/10.95 ))\OML/cmm/m/it/10.95 W[]\OT1/cmr/m/n/10.95 (\OML/cmm/m/i
t/10.95 t\OT1/cmr/m/n/10.95 ) = \OML/cmm/m/it/10.95 G\OT1/cmr/m/n/10.95 (\OML/c
mm/m/it/10.95 W\OT1/cmr/m/n/10.95 (\OML/cmm/m/it/10.95 t\OT1/cmr/m/n/10.95 )) \
OML/cmm/m/it/10.95 t[] [] \OT1/cmr/m/n/10.95 (\OML/cmm/m/it/10.95 W\OT1/cmr/m/n
/10.95 (\OML/cmm/m/it/10.95 t\OT1/cmr/m/n/10.95 )) =
 []

[468]
Underfull \hbox (badness 7151) in paragraph at lines 37936--37959
[]\T1/LibertinusSerif-TLF/b/n/10.95 (+20) Source claim. \T1/LibertinusSans-TLF/
m/n/10.95 (+20) Swing_Factorial_Transseries_Article\T1/LibertinusSerif-TLF/m/n/
10.95 (+20) , Lemma \T1/LibertinusSerif-TLF/m/it/10.95 (+20) La-grange fixed-po
int for-
 []


Underfull \hbox (badness 1292) in paragraph at lines 37936--37959
\T1/LibertinusSerif-TLF/m/it/10.95 (+20) mula\T1/LibertinusSerif-TLF/m/n/10.95 
(+20) , proves [] by writ-ing ``Or-di-nary Lagrange--Bürmann in-ver-sion in $\O
ML/cmm/m/it/10.95 z$ \T1/LibertinusSerif-TLF/m/n/10.95 (+20) gives $\OML/cmm/m/
it/10.95 U \OT1/cmr/m/n/10.95 =
 []


Underfull \hbox (badness 1281) in paragraph at lines 37936--37959
[][] \OML/cmm/m/it/10.95 z[]m[]\OT1/cmr/m/n/10.95 [\OML/cmm/m/it/10.95 u[]\OT1/
cmr/m/n/10.95 ]	(\OML/cmm/m/it/10.95 t; u\OT1/cmr/m/n/10.95 )[]$\T1/LibertinusS
erif-TLF/m/n/10.95 (+20) ''. The same step, with the same si-lence, ap-pears in
 \T1/LibertinusSans-TLF/m/n/10.95 (+20) Par-ti-
 []

[469] [470]
Overfull \hbox (13.1913pt too wide) in paragraph at lines 38122--38128
[]\T1/LibertinusSerif-TLF/b/n/10.95 (-20) Corollary J.22 \T1/LibertinusSerif-TL
F/m/n/10.95 (-20) (For-mal form of the re-ver-sion)\T1/LibertinusSerif-TLF/b/n/
10.95 (-20) . []\T1/LibertinusSerif-TLF/m/it/10.95 (-20) Fix $\OML/cmm/m/it/10.
95 M \OMS/cmsy/m/n/10.95 ^^U \OT1/cmr/m/n/10.95 1$ \T1/LibertinusSerif-TLF/m/it
/10.95 (-20) and let $\OMS/cmsy/m/n/10.95 P \OT1/cmr/m/n/10.95 := \U/msb/m/n/10
.95 Q\OT1/cmr/m/n/10.95 [\OML/cmm/m/it/10.95 e[]; [] ; e[]; f[]; [] ; f[]\OT1/c
mr/m/n/10.95 ][\OML/cmm/m/it/10.95 f[]\OT1/cmr/m/n/10.95 ]$\T1/LibertinusSerif-
TLF/m/it/10.95 (-20) .
 []

[471] [472] [473]
Overfull \hbox (11.43785pt too wide) in paragraph at lines 38328--38336
\OML/cmm/m/it/10.95 W[]$\T1/LibertinusSerif-TLF/m/n/10.95 (-20) ; the odd phase
 of the swing fac-to-rial has $\OML/cmm/m/it/10.95 b \OT1/cmr/m/n/10.95 = +1\OM
L/cmm/m/it/10.95 =\OT1/cmr/m/n/10.95 2$ \T1/LibertinusSerif-TLF/m/n/10.95 (-20)
 and uses $\OML/cmm/m/it/10.95 W[]$\T1/LibertinusSerif-TLF/m/n/10.95 (-20) . \T
1/LibertinusSans-TLF/m/n/10.95 (-20) Swing_Factorial_Transseries_Article
 []

[474] [475]
Overfull \hbox (7.53062pt too wide) in paragraph at lines 38461--38467
\T1/LibertinusSerif-TLF/m/n/10.95 (-20) by []. Since $\OML/cmm/m/it/10.95 c[] \
OT1/cmr/m/n/10.95 = [\OML/cmm/m/it/10.95 t[]\OT1/cmr/m/n/10.95 ] 	(\OML/cmm/m/i
t/10.95 t; U\OT1/cmr/m/n/10.95 )$\T1/LibertinusSerif-TLF/m/n/10.95 (-20) , this
 is []. For tri-an-gu-lar-ity, $[]\OT1/cmr/m/n/10.95 (\OML/cmm/m/it/10.95 ^^M\O
T1/cmr/m/n/10.95 )$ \T1/LibertinusSerif-TLF/m/n/10.95 (-20) de-pends only on $\
OML/cmm/m/it/10.95 ^^M[]; [] ; ^^M[]$\T1/LibertinusSerif-TLF/m/n/10.95 (-20) ,
 []


Overfull \hbox (13.6211pt too wide) detected at line 38491
\OML/cmm/m/it/10.95 r[] \OT1/cmr/m/n/10.95 := [] \OML/cmm/m/it/10.95 F\OT1/cmr/
m/n/10.95 (\OML/cmm/m/it/10.95 x[]\OT1/cmr/m/n/10.95 ) \OMS/cmsy/m/n/10.95 ^^@ 
[] \OML/cmm/m/it/10.95 y \OT1/cmr/m/n/10.95 = \OML/cmm/m/it/10.95 g\OT1/cmr/m/n
/10.95 (\OML/cmm/m/it/10.95 t\OT1/cmr/m/n/10.95 ) + \OML/cmm/m/it/10.95 E[];  g
\OT1/cmr/m/n/10.95 (\OML/cmm/m/it/10.95 t\OT1/cmr/m/n/10.95 ) := \OML/cmm/m/it/
10.95 aU[]\OT1/cmr/m/n/10.95 (\OML/cmm/m/it/10.95 t\OT1/cmr/m/n/10.95 ) + \OML/
cmm/m/it/10.95 b [][]\OT1/cmr/m/n/10.95 1 + \OML/cmm/m/it/10.95 tU[]\OT1/cmr/m/
n/10.95 (\OML/cmm/m/it/10.95 t\OT1/cmr/m/n/10.95 )[] + [] \OML/cmm/m/it/10.95 q
[] [][] :
 []

[476] [477] [478]
Overfull \hbox (15.66452pt too wide) detected at line 38749
\OML/cmm/m/it/10.95 x \OT1/cmr/m/n/10.95 = [][]1 + \OML/cmm/m/it/10.95 t\OT1/cm
r/m/n/10.95 (\OML/cmm/m/it/10.95 V \OMS/cmsy/m/n/10.95 ^^@ \OML/cmm/m/it/10.95 
bH\OT1/cmr/m/n/10.95 )[] = []\OML/cmm/m/it/10.95 ;  ax \OT1/cmr/m/n/10.95 = [] 
+ (\OML/cmm/m/it/10.95 V \OMS/cmsy/m/n/10.95 ^^@ \OML/cmm/m/it/10.95 bH\OT1/cmr
/m/n/10.95 )\OML/cmm/m/it/10.95 ;  [] x \OT1/cmr/m/n/10.95 = \OML/cmm/m/it/10.9
5 H \OT1/cmr/m/n/10.95 + [](1 + \OML/cmm/m/it/10.95 w\OT1/cmr/m/n/10.95 )\OML/c
mm/m/it/10.95 ;  [] \OT1/cmr/m/n/10.95 = []\OML/cmm/m/it/10.95 ;
 []

[479]
Overfull \hbox (54.73297pt too wide) detected at line 38835
[][][][]\OML/cmm/m/it/10.95 P[] \OT1/cmr/m/n/10.95 = \OML/cmm/m/it/10.95 b[]H; 
 P[] \OT1/cmr/m/n/10.95 = [][]\OML/cmm/m/it/10.95 H[] \OMS/cmsy/m/n/10.95 ^^@ \
OT1/cmr/m/n/10.95 2\OML/cmm/m/it/10.95 H[];  P[] \OT1/cmr/m/n/10.95 = [][]2\OML
/cmm/m/it/10.95 H[] \OMS/cmsy/m/n/10.95 ^^@ \OT1/cmr/m/n/10.95 9\OML/cmm/m/it/1
0.95 H[] \OT1/cmr/m/n/10.95 + 6\OML/cmm/m/it/10.95 H[];  P[] \OT1/cmr/m/n/10.95
 = [][]3\OML/cmm/m/it/10.95 H[] \OMS/cmsy/m/n/10.95 ^^@ \OT1/cmr/m/n/10.95 22\O
ML/cmm/m/it/10.95 H[] \OT1/cmr/m/n/10.95 + 36\OML/cmm/m/it/10.95 H[] \OMS/cmsy/
m/n/10.95 ^^@ \OT1/cmr/m/n/10.95 12\OML/cmm/m/it/10.95 H[]:
 []

[480]
Overfull \hbox (53.14339pt too wide) in paragraph at lines 38875--38891
\T1/LibertinusSerif-TLF/m/n/10.95 (-20) dif-fer-ent dresses, all with the signe
d Stir-ling num-bers $\OML/cmm/m/it/10.95 s\OT1/cmr/m/n/10.95 (\OML/cmm/m/it/10
.95 n; m\OT1/cmr/m/n/10.95 ) = (\OMS/cmsy/m/n/10.95 ^^@\OT1/cmr/m/n/10.95 1)[][
]$\T1/LibertinusSerif-TLF/m/n/10.95 (-20) . \T1/LibertinusSans-TLF/m/n/10.95 (-
20) Swing_Factorial_Transseries_Article
 []


Overfull \hbox (57.93005pt too wide) in paragraph at lines 38875--38891
\T1/LibertinusSerif-TLF/m/n/10.95 (-20) states []; \T1/LibertinusSans-TLF/m/n/1
0.95 (-20) Par-ti-tion_Number_Transseries_and_Asymptotic_Inverse \T1/Libertinus
Serif-TLF/m/n/10.95 (-20) states $\OML/cmm/m/it/10.95 P[]\OT1/cmr/m/n/10.95 (\O
ML/cmm/m/it/10.95 L\OT1/cmr/m/n/10.95 ) = 2[] [][] \OML/cmm/m/it/10.95 s\OT1/cm
r/m/n/10.95 (\OML/cmm/m/it/10.95 j; q\OT1/cmr/m/n/10.95 )\OML/cmm/m/it/10.95 L[
]=\OT1/cmr/m/n/10.95 (\OML/cmm/m/it/10.95 j \OT1/cmr/m/n/10.95 +
 []


Overfull \hbox (26.4483pt too wide) in paragraph at lines 38875--38891
\OT1/cmr/m/n/10.95 1 \OMS/cmsy/m/n/10.95 ^^@ \OML/cmm/m/it/10.95 q\OT1/cmr/m/n/
10.95 )!$\T1/LibertinusSerif-TLF/m/n/10.95 (-20) ; \T1/LibertinusSans-TLF/m/n/1
0.95 (-20) Par-ti-tion_Number_Transseries_and_Inverse \T1/LibertinusSerif-TLF/m
/n/10.95 (-20) states $\OML/cmm/m/it/10.95 P[]\OT1/cmr/m/n/10.95 (\OML/cmm/m/it
/10.95 `\OT1/cmr/m/n/10.95 ) = [] [][] 2[](\OML/cmm/m/it/10.95 j \OMS/cmsy/m/n/
10.95 ^^@ \OT1/cmr/m/n/10.95 1)! \OML/cmm/m/it/10.95 s\OT1/cmr/m/n/10.95 (\OML/
cmm/m/it/10.95 m; j\OT1/cmr/m/n/10.95 )[](2\OML/cmm/m/it/10.95 `\OT1/cmr/m/n/10
.95 )[]$\T1/LibertinusSerif-TLF/m/n/10.95 (-20) .
 []

[481] [482] [483] [484]
Overfull \hbox (4.64809pt too wide) in paragraph at lines 39256--39260
\T1/LibertinusSerif-TLF/m/it/10.95 (-20) In par-tic-u-lar, if $\OML/cmm/m/it/10
.95 "\OT1/cmr/m/n/10.95 (\OML/cmm/m/it/10.95 x\OT1/cmr/m/n/10.95 ) = \OMS/cmsy/
m/n/10.95 O\OT1/cmr/m/n/10.95 (\OML/cmm/m/it/10.95 x[]\OT1/cmr/m/n/10.95 )$ \T1
/LibertinusSerif-TLF/m/it/10.95 (-20) and $\OML/cmm/m/it/10.95 "[]\OT1/cmr/m/n/
10.95 (\OML/cmm/m/it/10.95 x\OT1/cmr/m/n/10.95 ) = \OML/cmm/m/it/10.95 o\OT1/cm
r/m/n/10.95 (1)$ \T1/LibertinusSerif-TLF/m/it/10.95 (-20) as $\OML/cmm/m/it/10.
95 x \OMS/cmsy/m/n/10.95 ! 1$\T1/LibertinusSerif-TLF/m/it/10.95 (-20) , then $\
OML/cmm/m/it/10.95 x\OT1/cmr/m/n/10.95 (\OML/cmm/m/it/10.95 ^^U\OT1/cmr/m/n/10.
95 ) \OMS/cmsy/m/n/10.95 ^^@ \OML/cmm/m/it/10.95 x[]\OT1/cmr/m/n/10.95 (\OML/cm
m/m/it/10.95 ^^U\OT1/cmr/m/n/10.95 ) = \OMS/cmsy/m/n/10.95 ^^@\OML/cmm/m/it/10.
95 "\OT1/cmr/m/n/10.95 (\OML/cmm/m/it/10.95 x[]\OT1/cmr/m/n/10.95 )\OML/cmm/m/i
t/10.95 =f[]\OT1/cmr/m/n/10.95 (\OML/cmm/m/it/10.95 x[]\OT1/cmr/m/n/10.95 ) (1 
+
 []

[485] [486] [487] [488] [489]
Appendix K.
LaTeX Font Info:    Font shape `T1/LibertinusSerif-TLF/m/it' will be
(Font)              scaled to size 10.0pt on input line 39602.

Underfull \hbox (badness 10000) in paragraph at lines 39609--39611
[]|[]\T1/LibertinusSerif-TLF/m/n/10 (+20) Theorem 18.14[] and []The-o-
 []


Underfull \hbox (badness 10000) in paragraph at lines 39612--39613
[]|\T1/LibertinusSerif-TLF/b/n/10 (+20) different state-ments\T1/LibertinusSeri
f-TLF/m/n/10 (+20) ; []The-o-
 []


Underfull \vbox (badness 10000) has occurred while \output is active []

 [490

]
[491] [492] [493]

Package hyperref Warning: Token not allowed in a PDF string (Unicode):
(hyperref)                removing `math shift' on input line 39838.

[494

]
Appendix L.

Underfull \hbox (badness 10000) in paragraph at lines 39874--39887
[]\T1/LibertinusSerif-TLF/m/n/10.95 (+20) Three filed ar-ti-cles treat this map
: \T1/LibertinusMono-TLF/m/n/10.95 lambert_inverse_transseries \T1/LibertinusSe
rif-TLF/m/n/10.95 (+20) (\T1/LibertinusSans-TLF/m/n/10.95 (+20) L1\T1/Libertinu
sSerif-TLF/m/n/10.95 (+20) ),
 []


Overfull \hbox (32.36716pt too wide) in paragraph at lines 39874--39887
\T1/LibertinusMono-TLF/m/n/10.95 lambert_inverse_transseries_bundle \T1/Liberti
nusSerif-TLF/m/n/10.95 (-20) (\T1/LibertinusSans-TLF/m/n/10.95 (-20) L2\T1/Libe
rtinusSerif-TLF/m/n/10.95 (-20) ) and \T1/LibertinusMono-TLF/m/n/10.95 reversin
g_x_plus_lambert_w_transseries
 []

[495

] [496] [497] [498] [499]
Overfull \hbox (3.11108pt too wide) in paragraph at lines 40287--40288
[]\T1/LibertinusSerif-TLF/b/n/10.95 (-20) Theorem L.13 \T1/LibertinusSerif-TLF/
m/n/10.95 (-20) (The er-ror law, and how slowly it is ap-proached)\T1/Libertinu
sSerif-TLF/b/n/10.95 (-20) . []\T1/LibertinusSerif-TLF/m/it/10.95 (-20) Let $\O
ML/cmm/m/it/10.95 G[]\OT1/cmr/m/n/10.95 (\OML/cmm/m/it/10.95 z\OT1/cmr/m/n/10.9
5 ) = \OML/cmm/m/it/10.95 z \OMS/cmsy/m/n/10.95 ^^@ \OML/cmm/m/it/10.95 L \OT1/
cmr/m/n/10.95 + [][] \OML/cmm/m/it/10.95 A[]\OT1/cmr/m/n/10.95 (\OML/cmm/m/it/1
0.95 L\OT1/cmr/m/n/10.95 )\OML/cmm/m/it/10.95 z[]$\T1/LibertinusSerif-TLF/m/it/
10.95 (-20) .
 []

[500] [501] [502] [503

]
Appendix M.

Underfull \hbox (badness 1533) in paragraph at lines 40422--40432
[]\T1/LibertinusSerif-TLF/m/n/10.95 (+20) This chap-ter merges the three in-de-
pen-dently writ-ten treat-ments \T1/LibertinusSerif-TLF/m/it/10.95 (+20) Butche
r_Tree_Transseries\T1/LibertinusSerif-TLF/m/n/10.95 (+20) ,
 []

[504

] [505] [506] [507] [508]
Overfull \hbox (36.73567pt too wide) detected at line 40843
[][][][]\OML/cmm/m/it/10.95 ^^R[] \OT1/cmr/m/n/10.95 = 1\OML/cmm/m/it/10.95 :\O
T1/cmr/m/n/10.95 216004561824048922157212619228187444 [] \OML/cmm/m/it/10.95 ; 
 ^^P[]\OT1/cmr/m/n/10.95 (\OML/cmm/m/it/10.95 ^^Z\OT1/cmr/m/n/10.95 ) = 1\OML/c
mm/m/it/10.95 :\OT1/cmr/m/n/10.95 322241142696930264451284889 [] \OML/cmm/m/it/
10.95 :
 []

[509] [510] [511] [512] [513] [514] [515]
Overfull \hbox (33.35939pt too wide) detected at line 41443
[][][][]\OML/cmm/m/it/10.95 ^^\[] \OT1/cmr/m/n/10.95 = 0\OML/cmm/m/it/10.95 :\O
T1/cmr/m/n/10.95 7797450101873204427711036979 [] \OML/cmm/m/it/10.95 ;  C \OT1/
cmr/m/n/10.95 = 0\OML/cmm/m/it/10.95 :\OT1/cmr/m/n/10.95 4399240125710253040409
033914345447648 [] \OML/cmm/m/it/10.95 :
 []

[516] [517]
Overfull \hbox (54.62512pt too wide) in paragraph at lines 41670--41672
[]\T1/LibertinusSerif-TLF/b/n/10.95 (-20) Corollary M.39 \T1/LibertinusSerif-TL
F/m/n/10.95 (-20) (Car-rier; spe-cial-i-sa-tion of []The-o-rem J.23[])\T1/Liber
tinusSerif-TLF/b/n/10.95 (-20) . []\T1/LibertinusSerif-TLF/m/it/10.95 (-20) Let
 $\OML/cmm/m/it/10.95 y > y[] \OT1/cmr/m/n/10.95 := \OML/cmm/m/it/10.95 C [][] 
\OT1/cmr/m/n/10.95 = 1\OML/cmm/m/it/10.95 :\OT1/cmr/m/n/10.95 21082320258375726
03 []$\T1/LibertinusSerif-TLF/m/it/10.95 (-20) .
 []

[518] [519]
LaTeX Font Info:    Font shape `T1/LibertinusSans-TLF/b/n' will be
(Font)              scaled to size 10.95pt on input line 41769.

Underfull \hbox (badness 10000) in paragraph at lines 41858--41864
[]\T1/LibertinusSerif-TLF/b/n/10.95 (+20) Numerical er-ror in \T1/LibertinusSan
s-TLF/b/n/10.95 (+20) S2\T1/LibertinusSerif-TLF/b/n/10.95 (+20) 's au-dit ap-pe
ndix. \T1/LibertinusSans-TLF/m/n/10.95 (+20) S2\T1/LibertinusSerif-TLF/m/n/10.9
5 (+20) 's ap-pendix ta-ble of $\OML/cmm/m/it/10.95 ^^Q[]$ \T1/LibertinusSerif-
TLF/m/n/10.95 (+20) and $\OML/cmm/m/it/10.95 D[]$
 []


Underfull \hbox (badness 10000) in paragraph at lines 41858--41864
\T1/LibertinusSerif-TLF/m/n/10.95 (+20) re-ports $\OML/cmm/m/it/10.95 D[] \OT1/
cmr/m/n/10.95 = \OMS/cmsy/m/n/10.95 ^^@\OT1/cmr/m/n/10.95 3\OML/cmm/m/it/10.95 
:\OT1/cmr/m/n/10.95 582177326832123 []$\T1/LibertinusSerif-TLF/m/n/10.95 (+20) 
, dis-agree-ing with its own main text
 []


Underfull \hbox (badness 4144) in paragraph at lines 41858--41864
\T1/LibertinusSerif-TLF/m/n/10.95 (+20) ($\OMS/cmsy/m/n/10.95 ^^@\OT1/cmr/m/n/1
0.95 3\OML/cmm/m/it/10.95 :\OT1/cmr/m/n/10.95 582177326832277789103009844$\T1/L
ibertinusSerif-TLF/m/n/10.95 (+20) ) from the four-teenth sig-nif-i-cant digit.
 Re-com-pu-ta-
 []

[520] [521]
Overfull \hbox (34.02617pt too wide) detected at line 41962
[][][][]\OML/cmm/m/it/10.95 ^^W\OT1/cmr/m/n/10.95 (\OML/cmm/m/it/10.95 y\OT1/cm
r/m/n/10.95 ) = 0\OML/cmm/m/it/10.95 :\OT1/cmr/m/n/10.95 9227155616186015248 []
 \OML/cmm/m/it/10.95 y \OT1/cmr/m/n/10.95 + 1\OML/cmm/m/it/10.95 :\OT1/cmr/m/n/
10.95 3840733424279022872 [] [] \OML/cmm/m/it/10.95 y \OT1/cmr/m/n/10.95 + 0\OM
L/cmm/m/it/10.95 :\OT1/cmr/m/n/10.95 6463639827002088073 + \OML/cmm/m/it/10.95 
o\OT1/cmr/m/n/10.95 (1)\OML/cmm/m/it/10.95 :
 []

[522] [523] [524] [525]

Package hyperref Warning: Token not allowed in a PDF string (Unicode):
(hyperref)                removing `math shift' on input line 42290.


Package hyperref Warning: Token not allowed in a PDF string (Unicode):
(hyperref)                removing `\@ifnextchar' on input line 42290.


Package hyperref Warning: Token not allowed in a PDF string (Unicode):
(hyperref)                removing `\rho' on input line 42290.


Package hyperref Warning: Token not allowed in a PDF string (Unicode):
(hyperref)                removing `math shift' on input line 42290.

[526] [527]

Package hyperref Warning: Token not allowed in a PDF string (Unicode):
(hyperref)                removing `math shift' on input line 42537.


Package hyperref Warning: Token not allowed in a PDF string (Unicode):
(hyperref)                removing `math shift' on input line 42537.

[528]
Overfull \hbox (25.44862pt too wide) in paragraph at lines 42613--42617
[]\T1/LibertinusSerif-TLF/m/n/10.95 (-20) Compute $[]\OML/cmm/m/it/10.95 ; [] ;
 []$ \T1/LibertinusSerif-TLF/m/n/10.95 (-20) by []Equa-tion (M.28)[]; ex-po-nen
-ti-ate by []Equa-tion (M.29)[] and form $\OML/cmm/m/it/10.95 ^^R[]; [] ; ^^R[]
$
 []

[529]
Overfull \hbox (0.70132pt too wide) detected at line 42645
[][][][]\OT1/cmr/m/n/10.95 [\OML/cmm/m/it/10.95 v[]\OT1/cmr/m/n/10.95 ] \OML/cm
m/m/it/10.95 F[] \OT1/cmr/m/n/10.95 = [] [][](\OML/cmm/m/it/10.95 ^^M \OT1/cmr/
m/n/10.95 + 1)\OML/cmm/m/it/10.95 k \OMS/cmsy/m/n/10.95 ^^@ \OML/cmm/m/it/10.95
 n[]F[]\OT1/cmr/m/n/10.95 [\OML/cmm/m/it/10.95 v[]\OT1/cmr/m/n/10.95 ] \OML/cmm
/m/it/10.95 F[];  E[] \OT1/cmr/m/n/10.95 = [] [] \OML/cmm/m/it/10.95 kA[]E[];  
H[] \OT1/cmr/m/n/10.95 = \OML/cmm/m/it/10.95 F[] \OMS/cmsy/m/n/10.95 ^^@ [] [] 
\OML/cmm/m/it/10.95 kH[]F[];
 []

[530] [531] [532]
Appendix N.
[533

] [534] [535] [536]
LaTeX Font Info:    Font shape `T1/LibertinusSans-TLF/m/n' will be
(Font)              scaled to size 10.0pt on input line 43185.
 [537]
Overfull \hbox (5.71735pt too wide) in paragraph at lines 43265--43281
\T1/LibertinusSerif-TLF/m/n/10.95 (-20) so no ad-mis-si-ble choice of $\OT1/cmr
/m/n/10.95 (\OML/cmm/m/it/10.95 C; a; ; b; ^^N; Q\OT1/cmr/m/n/10.95 )$ \T1/Lib
ertinusSerif-TLF/m/n/10.95 (-20) re-pro-duces it: the dou-ble fac-to-rial lies 
out-side the exponential--
 []

[538] [539] [540]
Overfull \hbox (10.96043pt too wide) detected at line 43622
[][][][][] \OMS/cmsy/m/n/10.95 D[]\OT1/cmr/m/n/10.95 (\OML/cmm/m/it/10.95 x\OT1
/cmr/m/n/10.95 ) \OMS/cmsy/m/n/10.95 ^^X []\OT1/cmr/m/n/10.95 ([] \OML/cmm/m/it
/10.95 x \OMS/cmsy/m/n/10.95 ^^@ \OT1/cmr/m/n/10.95 1) + [] [] \OML/cmm/m/it/10
.95 x \OT1/cmr/m/n/10.95 + \OML/cmm/m/it/10.95 A[] \OT1/cmr/m/n/10.95 + [] []\O
ML/cmm/m/it/10.95 ;  b[] \OT1/cmr/m/n/10.95 = [] = (\OMS/cmsy/m/n/10.95 ^^@\OT1
/cmr/m/n/10.95 1)[][]\OML/cmm/m/it/10.95 ;
 []

[541]
Overfull \hbox (36.32216pt too wide) in paragraph at lines 43622--43633
\T1/LibertinusSerif-TLF/m/it/10.95 (-20) with $\OML/cmm/m/it/10.95 b[] \OT1/cmr
/m/n/10.95 = []$\T1/LibertinusSerif-TLF/m/it/10.95 (-20) , $\OML/cmm/m/it/10.95
 b[] \OT1/cmr/m/n/10.95 = \OMS/cmsy/m/n/10.95 ^^@[]$\T1/LibertinusSerif-TLF/m/i
t/10.95 (-20) , $\OML/cmm/m/it/10.95 b[] \OT1/cmr/m/n/10.95 = []$\T1/Libertinus
Serif-TLF/m/it/10.95 (-20) , $\OML/cmm/m/it/10.95 b[] \OT1/cmr/m/n/10.95 = \OMS
/cmsy/m/n/10.95 ^^@[]$\T1/LibertinusSerif-TLF/m/it/10.95 (-20) , $\OML/cmm/m/it
/10.95 b[] \OT1/cmr/m/n/10.95 = []$\T1/LibertinusSerif-TLF/m/it/10.95 (-20) . E
x-po-nen-ti-at-ing, $\OMS/cmsy/m/n/10.95 D[]\OT1/cmr/m/n/10.95 (\OML/cmm/m/it/1
0.95 x\OT1/cmr/m/n/10.95 ) \OMS/cmsy/m/n/10.95 ^^X \OT1/cmr/m/n/10.95 e[][] (\O
ML/cmm/m/it/10.95 x=\OT1/cmr/m/n/10.95 e)[] [][] \OML/cmm/m/it/10.95 g[]x[]$\T1
/LibertinusSerif-TLF/m/it/10.95 (-20) ,
 []

[542] [543]
Overfull \hbox (24.52594pt too wide) in paragraph at lines 43863--43869
\T1/LibertinusSerif-TLF/m/n/10.95 (-20) by $\OMS/cmsy/m/n/10.95 O  [] \OT1/cmr/
m/n/10.95 = \OMS/cmsy/m/n/10.95 O  []$\T1/LibertinusSerif-TLF/m/n/10.95 (-20) ,
 where re-plac-ing $\OT1/cmr/m/n/10.95 
$ \T1/LibertinusSerif-TLF/m/n/10.95 (-20) by its $\OML/cmm/m/it/10.95 N$\T1/Lib
ertinusSerif-TLF/m/n/10.95 (-20) -term trun-ca-tion costs at most $\OMS/cmsy/m/
n/10.95 j\OML/cmm/m/it/10.95 c[]\OMS/cmsy/m/n/10.95 j\OML/cmm/m/it/10.95 u[]$
 []


Overfull \hbox (10.2013pt too wide) detected at line 43894
[][][][]\OML/cmm/m/it/10.95 h\OT1/cmr/m/n/10.95 (\OML/cmm/m/it/10.95 v\OT1/cmr/
m/n/10.95 ) = \OML/cmm/m/it/10.95 '\OT1/cmr/m/n/10.95 (\OML/cmm/m/it/10.95 v\OT
1/cmr/m/n/10.95 )\OML/cmm/m/it/10.95 ;  h[] \OT1/cmr/m/n/10.95 = []\OML/cmm/m/i
t/10.95 ;  f\OT1/cmr/m/n/10.95 (\OML/cmm/m/it/10.95 z; v\OT1/cmr/m/n/10.95 ) = 
[] \OML/cmm/m/it/10.95 ^^^[]\OT1/cmr/m/n/10.95 (\OML/cmm/m/it/10.95 z\OT1/cmr/m
/n/10.95 )(1 + \OML/cmm/m/it/10.95 v\OT1/cmr/m/n/10.95 )[]\OML/cmm/m/it/10.95 ;
  ^^^[]\OT1/cmr/m/n/10.95 (\OML/cmm/m/it/10.95 z\OT1/cmr/m/n/10.95 ) = \OML/cmm
/m/it/10.95 a[]z[];  ^^V[] \OT1/cmr/m/n/10.95 = 2\OML/cmm/m/it/10.95 k \OMS/cms
y/m/n/10.95 ^^@ \OT1/cmr/m/n/10.95 1\OML/cmm/m/it/10.95 :
 []

[544]
Overfull \hbox (8.12154pt too wide) in paragraph at lines 43966--43969
[]\T1/LibertinusSerif-TLF/m/n/10.95 (-20) Put $\OML/cmm/m/it/10.95 H\OT1/cmr/m/
n/10.95 (\OML/cmm/m/it/10.95 z; v\OT1/cmr/m/n/10.95 ) = \OML/cmm/m/it/10.95 '\O
T1/cmr/m/n/10.95 (\OML/cmm/m/it/10.95 v\OT1/cmr/m/n/10.95 ) + [][] \OML/cmm/m/i
t/10.95 a[]z[]\OT1/cmr/m/n/10.95 (1 + \OML/cmm/m/it/10.95 v\OT1/cmr/m/n/10.95 )
[]$\T1/LibertinusSerif-TLF/m/n/10.95 (-20) , so that []Equa-tion (N.36)[] reads
 $\OML/cmm/m/it/10.95 E \OT1/cmr/m/n/10.95 = \OMS/cmsy/m/n/10.95 ^^@\OT1/cmr/m/
n/10.95 ^^C[]\OML/cmm/m/it/10.95 H\OT1/cmr/m/n/10.95 (\OML/cmm/m/it/10.95 z; E\
OT1/cmr/m/n/10.95 )$\T1/LibertinusSerif-TLF/m/n/10.95 (-20) .
 []

[545]
Overfull \hbox (26.46318pt too wide) detected at line 44009
\OML/cmm/m/it/10.95 K[] \OT1/cmr/m/n/10.95 = [] [](\OML/cmm/m/it/10.95 ^^W\OT1/
cmr/m/n/10.95 ) (\OMS/cmsy/m/n/10.95 ^^@\OT1/cmr/m/n/10.95 1)[][]\OML/cmm/m/it/
10.95 ;  ^^W[] \OT1/cmr/m/n/10.95 = 0\OML/cmm/m/it/10.95 ;  ^^W[] \OT1/cmr/m/n/
10.95 = [] (\OML/cmm/m/it/10.95 m \OMS/cmsy/m/n/10.95 ^^U \OT1/cmr/m/n/10.95 2)
\OML/cmm/m/it/10.95 ;
 []

LaTeX Font Info:    Font shape `T1/LibertinusSans-TLF/m/it' will be
(Font)              scaled to size 10.95pt on input line 44071.
[546{C:/Users/vresh/AppData/Local/Programs/MiKTeX/fonts/enc/dvips/libertinus-ty
pe1/lbn1_hvvyjb.enc}] [547] [548] [549] [550]
Overfull \hbox (13.20113pt too wide) detected at line 44510
[][][][][]
 []

[551] [552] [553] [554] [555] [556] [557] [558] [559] [560]
Appendix O.

Underfull \hbox (badness 10000) in paragraph at lines 45400--45411
[]\T1/LibertinusSerif-TLF/m/n/10.95 (+20) This chap-ter merges three in-de-pen-
dent treat-ments of the par-ti-tion
 []


Underfull \hbox (badness 10000) in paragraph at lines 45400--45411
\T1/LibertinusSerif-TLF/m/n/10.95 (+20) num-bers filed in the \T1/LibertinusMon
o-TLF/m/n/10.95 special-function-inversion \T1/LibertinusSerif-TLF/m/n/10.95 (+
20) col-lec-tion: \T1/LibertinusSerif-TLF/m/it/10.95 (+20) Par-
 []


Underfull \hbox (badness 10000) in paragraph at lines 45400--45411
\T1/LibertinusSerif-TLF/m/it/10.95 (+20) ti-tion_Number_Transseries_and_Asympto
tic_Inverse \T1/LibertinusSerif-TLF/m/n/10.95 (+20) (be-low: \T1/LibertinusSeri
f-TLF/b/n/10.95 (+20) S1\T1/LibertinusSerif-TLF/m/n/10.95 (+20) ), \T1/Libertin
usSerif-TLF/m/it/10.95 (+20) Par-ti-
 []


Underfull \hbox (badness 10000) in paragraph at lines 45400--45411
\T1/LibertinusSerif-TLF/m/it/10.95 (+20) tion_Number_Transseries_and_Inverse \T
1/LibertinusSerif-TLF/m/n/10.95 (+20) (\T1/LibertinusSerif-TLF/b/n/10.95 (+20) 
S2\T1/LibertinusSerif-TLF/m/n/10.95 (+20) ), and \T1/LibertinusSerif-TLF/m/it/1
0.95 (+20) Par-ti-tion_Numbers_Transseries_and_Inverse
 []

[561

] [562] [563] [564] [565]
Overfull \hbox (8.215pt too wide) detected at line 45769
[][]\OML/cmm/m/it/10.95 v[] []\OT1/cmr/m/n/10.95 (\OML/cmm/m/it/10.95 a[]\OT1/c
mr/m/n/10.95 )[] = \OML/cmm/m/it/10.95 a []  [] [] \OT1/cmr/m/n/10.95 = [] [] =
 [][]\OML/cmm/m/it/10.95 w [] w \OMS/cmsy/m/n/10.95 ^^@ [] \OML/cmm/m/it/10.95 
w[];
 []


Overfull \hbox (7.1639pt too wide) detected at line 45808
[] \OMS/cmsy/m/n/10.95 ^^A [][][][] ^^@ \OT1/cmr/m/n/10.95 1[]e[] + [][] + 1[]e
[][] = [] \OMS/cmsy/m/n/10.95 ^^A [][]\OT1/cmr/m/n/10.95 e[][]1 \OMS/cmsy/m/n/1
0.95 ^^@ [][] \OT1/cmr/m/n/10.95 + e[][]1 + [][][]\OML/cmm/m/it/10.95 :
 []

[566] [567] [568]
Overfull \hbox (8.53545pt too wide) in paragraph at lines 46043--46048
\T1/LibertinusSerif-TLF/m/n/10.95 (-20) Absolute con-ver-gence: $[][] \OMS/cmsy
/m/n/10.95 j\OML/cmm/m/it/10.95 A[]\OMS/cmsy/m/n/10.95 j\OML/cmm/m/it/10.95 k[]
 \OMS/cmsy/m/n/10.95 ^^T [][] \OML/cmm/m/it/10.95 k[] < \OMS/cmsy/m/n/10.95 1$ 
\T1/LibertinusSerif-TLF/m/n/10.95 (-20) for $\OML/cmm/m/it/10.95 r \OMS/cmsy/m/
n/10.95 ^^U \OT1/cmr/m/n/10.95 1$\T1/LibertinusSerif-TLF/m/n/10.95 (-20) , and 
$[][] []\OML/cmm/m/it/10.95 ^^V[]^^P\OT1/cmr/m/n/10.95 (2\OML/cmm/m/it/10.95 r 
\OMS/cmsy/m/n/10.95 ^^@
 []

[569] [570]
Overfull \hbox (9.7882pt too wide) detected at line 46222
[]
 []

[571]
Overfull \hbox (32.34543pt too wide) detected at line 46228
[][][][]\OML/cmm/m/it/10.95 c[] \OT1/cmr/m/n/10.95 = []\OML/cmm/m/it/10.95 ;  c
[] \OT1/cmr/m/n/10.95 = \OMS/cmsy/m/n/10.95 ^^@[]\OML/cmm/m/it/10.95 :
 []

[572]
Overfull \hbox (73.81897pt too wide) in paragraph at lines 46311--46314
\T1/LibertinusSerif-TLF/m/it/10.95 (-20) numerically $\OML/cmm/m/it/10.95 ![] \
OT1/cmr/m/n/10.95 = \OMS/cmsy/m/n/10.95 ^^@\OT1/cmr/m/n/10.95 0\OML/cmm/m/it/10
.95 :\OT1/cmr/m/n/10.95 443287976873582391 []$\T1/LibertinusSerif-TLF/m/it/10.9
5 (-20) , $\OML/cmm/m/it/10.95 ![] \OT1/cmr/m/n/10.95 = 0\OML/cmm/m/it/10.95 :\
OT1/cmr/m/n/10.95 063927894155250197 []$\T1/LibertinusSerif-TLF/m/it/10.95 (-20
) , $\OML/cmm/m/it/10.95 ![] \OT1/cmr/m/n/10.95 = \OMS/cmsy/m/n/10.95 ^^@\OT1/c
mr/m/n/10.95 0\OML/cmm/m/it/10.95 :\OT1/cmr/m/n/10.95 027730933907464250 []$\T1
/LibertinusSerif-TLF/m/it/10.95 (-20) ,
 []

[573]
Overfull \hbox (4.24162pt too wide) detected at line 46402
[][][][]\OML/cmm/m/it/10.95 ^^Q[] \OT1/cmr/m/n/10.95 = 1\OML/cmm/m/it/10.95 ;  
^^Q[] \OT1/cmr/m/n/10.95 = \OMS/cmsy/m/n/10.95 ^^@ [] \OML/cmm/m/it/10.95 ![]^^
Q[] \OT1/cmr/m/n/10.95 (\OML/cmm/m/it/10.95 m \OMS/cmsy/m/n/10.95 ^^U \OT1/cmr/
m/n/10.95 1)\OML/cmm/m/it/10.95 ;  [] ^^Q[] \OT1/cmr/m/n/10.95 = []\OML/cmm/m/i
t/10.95 B[][]\OMS/cmsy/m/n/10.95 ^^@\OT1/cmr/m/n/10.95 1!\OML/cmm/m/it/10.95 `[
]; [] ; \OMS/cmsy/m/n/10.95 ^^@\OML/cmm/m/it/10.95 m\OT1/cmr/m/n/10.95 !\OML/cm
m/m/it/10.95 `[][]
 []

[574] [575] [576]
Overfull \hbox (51.74289pt too wide) detected at line 46612
[]
 []


Overfull \hbox (62.48093pt too wide) in paragraph at lines 46631--46635
[]\T1/LibertinusSerif-TLF/m/n/10.95 (-20) S2: $\OML/cmm/m/it/10.95 P[]\OT1/cmr/
m/n/10.95 (\OML/cmm/m/it/10.95 `\OT1/cmr/m/n/10.95 ) = [] [][] 2[](\OML/cmm/m/i
t/10.95 q \OMS/cmsy/m/n/10.95 ^^@ \OT1/cmr/m/n/10.95 1)! \OML/cmm/m/it/10.95 s\
OT1/cmr/m/n/10.95 (\OML/cmm/m/it/10.95 m; q\OT1/cmr/m/n/10.95 )[](2\OML/cmm/m/i
t/10.95 `\OT1/cmr/m/n/10.95 )[]$\T1/LibertinusSerif-TLF/m/n/10.95 (-20) . The c
o-ef-fi-cient of $\OML/cmm/m/it/10.95 `[]$ \T1/LibertinusSerif-TLF/m/n/10.95 (-
20) is $[][]\OT1/cmr/m/n/10.95 2[] =
 []

[577]
Overfull \hbox (58.99178pt too wide) detected at line 46693
[][][][]\OML/cmm/m/it/10.95 F[]\OT1/cmr/m/n/10.95 (\OML/cmm/m/it/10.95 ^^V\OT1/
cmr/m/n/10.95 ) = \OML/cmm/m/it/10.95 ^^T \OT1/cmr/m/n/10.95 e[] []\OML/cmm/m/i
t/10.95 ;  [] [] F[]\OT1/cmr/m/n/10.95 (\OML/cmm/m/it/10.95 ^^V\OT1/cmr/m/n/10.
95 ) = \OT1/cmr/bx/n/10.95 1[] \OT1/cmr/m/n/10.95 + (\OMS/cmsy/m/n/10.95 ^^@\OT
1/cmr/m/n/10.95 1)[](\OML/cmm/m/it/10.95 m \OMS/cmsy/m/n/10.95 ^^@ \OT1/cmr/m/n
/10.95 1)! [] \OML/cmm/m/it/10.95 :
 []

[578]
Overfull \hbox (72.171pt too wide) detected at line 46748
\OT1/cmr/m/n/10.95 	(\OML/cmm/m/it/10.95 t; u\OT1/cmr/m/n/10.95 ) = 2 [](1 + \O
ML/cmm/m/it/10.95 tu\OT1/cmr/m/n/10.95 ) \OMS/cmsy/m/n/10.95 ^^@ []  [] \OT1/cm
r/m/n/10.95 = 2 [](1 + \OML/cmm/m/it/10.95 tu\OT1/cmr/m/n/10.95 ) \OMS/cmsy/m/n
/10.95 ^^@ []\OT1/cmr/m/n/10.95 (1 \OMS/cmsy/m/n/10.95 ^^@ \OML/cmm/m/it/10.95 
t \OT1/cmr/m/n/10.95 + \OML/cmm/m/it/10.95 tu\OT1/cmr/m/n/10.95 ) + [](1 + \OML
/cmm/m/it/10.95 tu\OT1/cmr/m/n/10.95 ) = 3 [](1 + \OML/cmm/m/it/10.95 tu\OT1/cm
r/m/n/10.95 ) \OMS/cmsy/m/n/10.95 ^^@ []\OT1/cmr/m/n/10.95 (1 \OMS/cmsy/m/n/10.
95 ^^@ \OML/cmm/m/it/10.95 t \OT1/cmr/m/n/10.95 + \OML/cmm/m/it/10.95 tu\OT1/cm
r/m/n/10.95 )\OML/cmm/m/it/10.95 ;
 []

[579] [580] [581] [582] [583] [584]
Overfull \hbox (13.79413pt too wide) in paragraph at lines 47238--47242
[]\T1/LibertinusSerif-TLF/m/n/10.95 (-20) The first two pos-i-tive sec-tors, wi
th $\OML/cmm/m/it/10.95 a[] \OT1/cmr/m/n/10.95 = [](\OML/cmm/m/it/10.95 N[]\OT1
/cmr/m/n/10.95 ) = [](\OML/cmm/m/it/10.95 ^^YN[]\OT1/cmr/m/n/10.95 )$ \T1/Liber
tinusSerif-TLF/m/n/10.95 (-20) and $\OML/cmm/m/it/10.95 a[] \OT1/cmr/m/n/10.95 
= [](\OML/cmm/m/it/10.95 N[]\OT1/cmr/m/n/10.95 ) = 2 [](\OML/cmm/m/it/10.95 ^^Y
N[]\OT1/cmr/m/n/10.95 ) []([] +
 []

[585] [586] [587] [588] [589] [590] [591] [592] [593] [594]
Appendix P.
[595

] [596] [597] [598] [599] [600] [601] [602] [603] [604] [605]

Package hyperref Warning: Token not allowed in a PDF string (Unicode):
(hyperref)                removing `math shift' on input line 48978.


Package hyperref Warning: Token not allowed in a PDF string (Unicode):
(hyperref)                removing `subscript' on input line 48978.


Package hyperref Warning: Token not allowed in a PDF string (Unicode):
(hyperref)                removing `math shift' on input line 48978.


Overfull \hbox (60.63593pt too wide) detected at line 49002
[][][][]\OML/cmm/m/it/10.95 X[]\OT1/cmr/m/n/10.95 (\OML/cmm/m/it/10.95 y\OT1/cm
r/m/n/10.95 ) = \OMS/cmsy/m/n/10.95 ^^@[] \OT1/cmr/m/n/10.95 = \OML/cmm/m/it/10
.95 X[]\OT1/cmr/m/n/10.95 (\OML/cmm/m/it/10.95 y\OT1/cmr/m/n/10.95 ) [] \OMS/cm
sy/m/n/10.95 1\OML/cmm/m/it/10.95 ;  X[]\OT1/cmr/m/n/10.95 (\OML/cmm/m/it/10.95
 y\OT1/cmr/m/n/10.95 ) = \OMS/cmsy/m/n/10.95 ^^@[] \OT1/cmr/m/n/10.95 = [][]1 +
 \OML/cmm/m/it/10.95 O\OT1/cmr/m/n/10.95 (\OML/cmm/m/it/10.95 y[]\OT1/cmr/m/n/1
0.95 )[]\OML/cmm/m/it/10.95 :
 []

[606] [607] [608]
Underfull \hbox (badness 4940) in paragraph at lines 49311--49324
[]\T1/LibertinusSerif-TLF/b/n/10.95 (+20) Source claim. \T1/LibertinusSans-TLF/
m/n/10.95 (+20) S2 \T1/LibertinusSerif-TLF/m/n/10.95 (+20) writes its op-er-a-t
or ex-pan-sion as an \T1/LibertinusSerif-TLF/m/it/10.95 (+20) equal-ity\T1/Libe
rtinusSerif-TLF/m/n/10.95 (+20) , $\OMS/cmsy/m/n/10.95 I[]\OT1/cmr/m/n/10.95 (\
OML/cmm/m/it/10.95 y\OT1/cmr/m/n/10.95 ) = \OML/cmm/m/it/10.95 X \OT1/cmr/m/n/1
0.95 +
 []

[609]
Underfull \hbox (badness 2547) in paragraph at lines 49329--49342
[]\T1/LibertinusSerif-TLF/b/n/10.95 (+20) Source claim. \T1/LibertinusSerif-TLF
/m/n/10.95 (+20) All three sources as-sert the Poincaré state-ment ``$\OMS/cmsy
/m/n/10.95 I[]\OT1/cmr/m/n/10.95 (\OML/cmm/m/it/10.95 y\OT1/cmr/m/n/10.95 ) = \
OML/cmm/m/it/10.95 X[]\OT1/cmr/m/n/10.95 (\OML/cmm/m/it/10.95 y\OT1/cmr/m/n/10.
95 ) +
 []

[610] [611] [612]
Overfull \hbox (44.42725pt too wide) detected at line 49581
\OML/cmm/m/it/10.95 P[] \OT1/cmr/m/n/10.95 = \OML/cmm/m/it/10.95 b[]H;  P[] \OT
1/cmr/m/n/10.95 = [](\OML/cmm/m/it/10.95 H[] \OMS/cmsy/m/n/10.95 ^^@ \OT1/cmr/m
/n/10.95 2\OML/cmm/m/it/10.95 H\OT1/cmr/m/n/10.95 )\OML/cmm/m/it/10.95 ;  P[] \
OT1/cmr/m/n/10.95 = [](2\OML/cmm/m/it/10.95 H[] \OMS/cmsy/m/n/10.95 ^^@ \OT1/cm
r/m/n/10.95 9\OML/cmm/m/it/10.95 H[] \OT1/cmr/m/n/10.95 + 6\OML/cmm/m/it/10.95 
H\OT1/cmr/m/n/10.95 )\OML/cmm/m/it/10.95 ;  P[] \OT1/cmr/m/n/10.95 = [](3\OML/c
mm/m/it/10.95 H[] \OMS/cmsy/m/n/10.95 ^^@ \OT1/cmr/m/n/10.95 22\OML/cmm/m/it/10
.95 H[] \OT1/cmr/m/n/10.95 + 36\OML/cmm/m/it/10.95 H[] \OMS/cmsy/m/n/10.95 ^^@ 
\OT1/cmr/m/n/10.95 12\OML/cmm/m/it/10.95 H\OT1/cmr/m/n/10.95 )\OML/cmm/m/it/10.
95 ;
 []

[613] [614] [615] [616] [617]
Overfull \hbox (7.68927pt too wide) detected at line 50106
[] [] \OT1/cmr/m/n/10.95 = [] [] = [] \OMS/cmsy/m/n/10.95 ^^A [] \OT1/cmr/m/n/1
0.95 + \OML/cmm/m/it/10.95 O  [] \OT1/cmr/m/n/10.95 = [] + \OML/cmm/m/it/10.95 
O  [] :
 []

[618] [619] [620] [621] [622

]
Appendix Q.
[623

] [624] [625]
Overfull \hbox (60.68451pt too wide) detected at line 50654
[] [] \OML/cmm/m/it/10.95 G\OT1/cmr/m/n/10.95 (1 + \OML/cmm/m/it/10.95 z\OT1/cm
r/m/n/10.95 ) = [] [](2\OML/cmm/m/it/10.95 ^^Y\OT1/cmr/m/n/10.95 ) \OMS/cmsy/m/
n/10.95 ^^@ [] ^^@ \OML/cmm/m/it/10.95 z\OT1/cmr/m/n/10.95 (1 + \OML/cmm/m/it/1
0.95 ^^M\OT1/cmr/m/n/10.95 ) + [] [] = [] [](2\OML/cmm/m/it/10.95 ^^Y\OT1/cmr/m
/n/10.95 ) \OMS/cmsy/m/n/10.95 ^^@ [] ^^@ \OML/cmm/m/it/10.95 z\OT1/cmr/m/n/10.
95 (1 + \OML/cmm/m/it/10.95 ^^M\OT1/cmr/m/n/10.95 ) + \OML/cmm/m/it/10.95 z [] 
[] :
 []

[626] [627] [628] [629] [630]
Overfull \hbox (9.2693pt too wide) in paragraph at lines 51104--51112
\T1/LibertinusSerif-TLF/m/n/10.95 (-20) which is the first for-mula and sup-pli
es ex-is-tence. Ex-pand-ing the for-mal iden-tity $[] \OT1/cmr/m/n/10.95 = [][]
 []\OML/cmm/m/it/10.95 w[]$
 []

[631] [632] [633] [634] [635]
Overfull \hbox (19.74683pt too wide) detected at line 51564
[][][][]\OT1/cmr/m/n/10.95 ^^@[](\OML/cmm/m/it/10.95 y\OT1/cmr/m/n/10.95 ) = \O
MS/cmsy/m/n/10.95 ^^@\OML/cmm/m/it/10.95 n \OT1/cmr/m/n/10.95 + \OML/cmm/m/it/1
0.95 ^^\ \OT1/cmr/m/n/10.95 + \OML/cmm/m/it/10.95  []^^\[] \OT1/cmr/m/n/10.95 +
 [] \OML/cmm/m/it/10.95 ^^\[] \OT1/cmr/m/n/10.95 + [] \OML/cmm/m/it/10.95 ^^\[]
 \OT1/cmr/m/n/10.95 + \OMS/cmsy/m/n/10.95 O\OT1/cmr/m/n/10.95 (\OML/cmm/m/it/10
.95 ^^\[]\OT1/cmr/m/n/10.95 )\OML/cmm/m/it/10.95 :
 []

[636] [637] [638]
Overfull \hbox (15.47934pt too wide) in paragraph at lines 51814--51824
\OMS/cmsy/m/n/10.95 ^^@\OT1/cmr/m/n/10.95 6\OML/cmm/m/it/10.95 []=\OT1/cmr/m/n
/10.95 12$\T1/LibertinusSerif-TLF/m/n/10.95 (-20) , $\OMS/cmsy/m/n/10.95 ^^@\OT
1/cmr/m/n/10.95 900\OML/cmm/m/it/10.95 []=\OT1/cmr/m/n/10.95 1440$\T1/Libertin
usSerif-TLF/m/n/10.95 (-20) , $\OMS/cmsy/m/n/10.95 ^^@\OT1/cmr/m/n/10.95 1260\O
ML/cmm/m/it/10.95 []=\OT1/cmr/m/n/10.95 1440$\T1/LibertinusSerif-TLF/m/n/10.95
 (-20) , $\OMS/cmsy/m/n/10.95 ^^@\OT1/cmr/m/n/10.95 476280\OML/cmm/m/it/10.95 
[]=\OT1/cmr/m/n/10.95 362880$ \T1/LibertinusSerif-TLF/m/n/10.95 (-20) are $\OMS
/cmsy/m/n/10.95 ^^@\OML/cmm/m/it/10.95 ; \OMS/cmsy/m/n/10.95 ^^@[]\OML/cmm/m/i
t/10.95 ; \OMS/cmsy/m/n/10.95 ^^@[]\OML/cmm/m/it/10.95 ; \OMS/cmsy/m/n/10.95 ^^
@[]\OML/cmm/m/it/10.95 []; \OMS/cmsy/m/n/10.95 ^^@[]\OML/cmm/m/it/10.95 []; \
OMS/cmsy/m/n/10.95 ^^@[]\OML/cmm/m/it/10.95 []$\T1/LibertinusSerif-TLF/m/n/10.
95 (-20) ,
 []

[639] [640] [641]
Overfull \hbox (7.55464pt too wide) in paragraph at lines 52063--52073
 [][] 
 []

[642] [643] [644] [645]
Appendix R.
[646

]
Overfull \hbox (3.06279pt too wide) in paragraph at lines 52376--52385
[]\T1/LibertinusSerif-TLF/m/n/10.95 (-20) Use $\OML/cmm/m/it/10.95 K\OT1/cmr/m/
n/10.95 (\OML/cmm/m/it/10.95 z\OT1/cmr/m/n/10.95 ) = [][]\OML/cmm/m/it/10.95 ^^
P[]\OT1/cmr/m/n/10.95 (\OMS/cmsy/m/n/10.95 ^^@\OT1/cmr/m/n/10.95 1\OML/cmm/m/it
/10.95 ; z\OT1/cmr/m/n/10.95 ) \OMS/cmsy/m/n/10.95 ^^@ \OML/cmm/m/it/10.95 ^^P[
]\OT1/cmr/m/n/10.95 (\OMS/cmsy/m/n/10.95 ^^@\OT1/cmr/m/n/10.95 1)[]$ \T1/Libert
inusSerif-TLF/m/n/10.95 (-20) with the Hur-witz zeta func-tion. Dif-fer-en-ti-a
t-ing $\OML/cmm/m/it/10.95 @[]^^P\OT1/cmr/m/n/10.95 (\OML/cmm/m/it/10.95 s; z\O
T1/cmr/m/n/10.95 ) =
 []


Overfull \hbox (7.48734pt too wide) detected at line 52445
[][][][][] \OML/cmm/m/it/10.95 K\OT1/cmr/m/n/10.95 (\OML/cmm/m/it/10.95 r \OT1/
cmr/m/n/10.95 + \OML/cmm/m/it/10.95 \OT1/cmr/m/n/10.95 ) \OMS/cmsy/m/n/10.95 ^
^X [] [] \OML/cmm/m/it/10.95 r \OMS/cmsy/m/n/10.95 ^^@ [] \OT1/cmr/m/n/10.95 + 
[]\OML/cmm/m/it/10.95  \OMS/cmsy/m/n/10.95 ^^@ [][]\OML/cmm/m/it/10.95 r [] r 
\OT1/cmr/m/n/10.95 + [] [] \OML/cmm/m/it/10.95 r \OT1/cmr/m/n/10.95 + [] \OML/c
mm/m/it/10.95 A \OT1/cmr/m/n/10.95 + [] + [] []\OML/cmm/m/it/10.95 :
 []

[647]
Overfull \hbox (47.00351pt too wide) detected at line 52508
[][][][]\OML/cmm/m/it/10.95 c[] \OT1/cmr/m/n/10.95 = \OMS/cmsy/m/n/10.95 ^^@[]\
OML/cmm/m/it/10.95 ;  c[] \OT1/cmr/m/n/10.95 = []\OML/cmm/m/it/10.95 ;  c[] \OT
1/cmr/m/n/10.95 = \OMS/cmsy/m/n/10.95 ^^@[]\OML/cmm/m/it/10.95 ;  c[] \OT1/cmr/
m/n/10.95 = []\OML/cmm/m/it/10.95 ;  c[] \OT1/cmr/m/n/10.95 = \OMS/cmsy/m/n/10.
95 ^^@[]\OML/cmm/m/it/10.95 ;  c[] \OT1/cmr/m/n/10.95 = []\OML/cmm/m/it/10.95 :

 []

[648] [649] [650]
Overfull \hbox (52.7674pt too wide) detected at line 52745
[][][][]\OML/cmm/m/it/10.95 d[] \OT1/cmr/m/n/10.95 = \OMS/cmsy/m/n/10.95 ^^@[]\
OML/cmm/m/it/10.95 ;  d[] \OT1/cmr/m/n/10.95 = []\OML/cmm/m/it/10.95 ;  d[] \OT
1/cmr/m/n/10.95 = \OMS/cmsy/m/n/10.95 ^^@[]\OML/cmm/m/it/10.95 ;  d[] \OT1/cmr/
m/n/10.95 = []\OML/cmm/m/it/10.95 ;  d[] \OT1/cmr/m/n/10.95 = \OMS/cmsy/m/n/10.
95 ^^@[]\OML/cmm/m/it/10.95 ;  d[] \OT1/cmr/m/n/10.95 = []\OML/cmm/m/it/10.95 :

 []


Overfull \hbox (0.75897pt too wide) detected at line 52796
[][][][]\OML/cmm/m/it/10.95 U[] \OT1/cmr/m/n/10.95 = []\OML/cmm/m/it/10.95 ;  U
[] \OT1/cmr/m/n/10.95 = \OMS/cmsy/m/n/10.95 ^^@[]\OML/cmm/m/it/10.95 ;  U[] \OT
1/cmr/m/n/10.95 = []\OML/cmm/m/it/10.95 ;  U[] \OT1/cmr/m/n/10.95 = \OMS/cmsy/m
/n/10.95 ^^@[]\OML/cmm/m/it/10.95 :
 []

[651] [652] [653] [654] [655] [656]
Appendix S.

Underfull \hbox (badness 10000) in paragraph at lines 53255--53266
[]\T1/LibertinusSerif-TLF/m/n/10.95 (+20) The three filed ar-ti-cles are \T1/Li
bertinusMono-TLF/m/n/10.95 inverse_subfactorial_transseries \T1/LibertinusSerif
-TLF/m/n/10.95 (+20) (S1), \T1/LibertinusMono-TLF/m/n/10.95 inverse_
 []


Underfull \hbox (badness 10000) in paragraph at lines 53255--53266
\T1/LibertinusMono-TLF/m/n/10.95 subfactorial_transseries-2 \T1/LibertinusSerif
-TLF/m/n/10.95 (+20) (S2) and \T1/LibertinusMono-TLF/m/n/10.95 inverse_subfacto
rial_transseries-3
 []


Underfull \vbox (badness 3302) has occurred while \output is active []

 [657

]
[658] [659] [660] [661]
Overfull \hbox (29.52296pt too wide) detected at line 53709
[][][][]\U/rsfs/m/n/10.95 D[]  [] \OT1/cmr/m/n/10.95 = [] [] = [] \OMS/cmsy/m/n
/10.95 ^^A [] \OT1/cmr/m/n/10.95 = [] \OMS/cmsy/m/n/10.95 L[]\OML/cmm/m/it/10.9
5 H:
 []

[662] [663]
Overfull \hbox (0.7331pt too wide) detected at line 53863
[][][][]\OML/cmm/m/it/10.95 [] \OT1/cmr/m/n/10.95 = \OML/cmm/m/it/10.95 n \OT1
/cmr/m/n/10.95 + (\OMS/cmsy/m/n/10.95 ^^@\OT1/cmr/m/n/10.95 1)[][] + \OMS/cmsy/
m/n/10.95 O  [] \OT1/cmr/m/n/10.95 = \OML/cmm/m/it/10.95 n \OT1/cmr/m/n/10.95 +
 (\OMS/cmsy/m/n/10.95 ^^@\OT1/cmr/m/n/10.95 1)[][] [] \OML/cmm/m/it/10.95 :
 []

[664] [665] [666]
Appendix T.

Underfull \hbox (badness 10000) in paragraph at lines 54021--54030
[]\T1/LibertinusSerif-TLF/m/n/10.95 (+20) The three filed ar-ti-cles are \T1/Li
bertinusMono-TLF/m/n/10.95 Fibonacci_Inverse_LogPeriodic_Transseries \T1/Libert
inusSerif-TLF/m/n/10.95 (+20) (V1),
 []


Underfull \hbox (badness 10000) in paragraph at lines 54021--54030
\T1/LibertinusMono-TLF/m/n/10.95 fibonacci_inverse_transseries_article \T1/Libe
rtinusSerif-TLF/m/n/10.95 (+20) (V2) and \T1/LibertinusMono-TLF/m/n/10.95 fibon
acci_inverse_
 []

[667

] [668] [669] [670] [671] [672]
Overfull \hbox (12.86914pt too wide) in paragraph at lines 54536--54551
\T1/LibertinusSerif-TLF/m/n/10.95 (-20) from the def-i-ni-tions and in-de-pen-d
ently of the sources. The con-stants $\OML/cmm/m/it/10.95 ^^U \OT1/cmr/m/n/10.9
5 = 0\OML/cmm/m/it/10.95 :\OT1/cmr/m/n/10.95 9624236501192068949955 []$\T1/Libe
rtinusSerif-TLF/m/n/10.95 (-20) ,
 []

[673] [674] [675

]
Appendix U.

Underfull \hbox (badness 10000) in paragraph at lines 54648--54655
[]\T1/LibertinusSerif-TLF/m/n/10.95 (+20) Two ar-ti-cles: \T1/LibertinusMono-TL
F/m/n/10.95 Bell_Number_Asymptotic_Transseries \T1/LibertinusSerif-TLF/m/n/10.9
5 (+20) (\T1/LibertinusSans-TLF/m/n/10.95 (+20) B1\T1/LibertinusSerif-TLF/m/n/1
0.95 (+20) ) and
 []


Underfull \hbox (badness 1571) in paragraph at lines 54648--54655
\T1/LibertinusMono-TLF/m/n/10.95 Bell_Number_Transseries_Article \T1/Libertinus
Serif-TLF/m/n/10.95 (+20) (\T1/LibertinusSans-TLF/m/n/10.95 (+20) B2\T1/Liberti
nusSerif-TLF/m/n/10.95 (+20) ). They agree; ev-ery co-ef-fi-cient ei-ther print
s
 []

[676

] [677] [678] [679]
Appendix V.
[680

]
Underfull \vbox (badness 1137) has occurred while \output is active []

 [681]
[682] [683] [684] [685

]
Appendix W.
[686

]
Underfull \vbox (badness 1817) has occurred while \output is active []

 [687]
[688] [689] [690] [691]
Appendix A.
LaTeX Font Info:    Font shape `T1/LibertinusMono-TLF/m/it' will be
(Font)              scaled to size 8.50006pt on input line 55639.
Package microtype Info: Character `guilsinglleft ' is missing
(microtype)             in font `T1/LibertinusMono-TLF/m/it/10'.
(microtype)             Ignoring protrusion settings for this character.
Package microtype Info: Character `guilsinglright ' is missing
(microtype)             in font `T1/LibertinusMono-TLF/m/it/10'.
(microtype)             Ignoring protrusion settings for this character.
[692

] [693]
Appendix B.
[694

] [695]
Appendix C.
LaTeX Font Info:    Font shape `T1/LibertinusSerif-TLF/b/n' will be
(Font)              scaled to size 8.0pt on input line 55765.
LaTeX Font Info:    Font shape `T1/LibertinusMono-TLF/m/n' will be
(Font)              scaled to size 6.80005pt on input line 55773.
Package microtype Info: Character `guilsinglleft ' is missing
(microtype)             in font `T1/LibertinusMono-TLF/m/n/8'.
(microtype)             Ignoring protrusion settings for this character.
Package microtype Info: Character `guilsinglright ' is missing
(microtype)             in font `T1/LibertinusMono-TLF/m/n/8'.
(microtype)             Ignoring protrusion settings for this character.
[696

] [697]
Appendix D.
[698

] [699] [700] [701] [702]
(C:\Temp\pv-cn20oc2j\out\transseries_and_inversion.aux)
 ***********
LaTeX2e <2025-11-01>
L3 programming layer <2026-03-20>
 ***********


LaTeX Warning: Label(s) may have changed. Rerun to get cross-references right.


Package rerunfilecheck Warning: File `transseries_and_inversion.out' has change
d.
(rerunfilecheck)                Rerun to get outlines right
(rerunfilecheck)                or use package `bookmark'.

Package rerunfilecheck Info: Checksums for `transseries_and_inversion.out':
(rerunfilecheck)             Before: 17AB1D1EBECB4B665B10A3418E1AB27D;145962
(rerunfilecheck)             After:  AA522AD6978B4839EB3C05086F6CD2C6;145937.
 ) 
Here is how much of TeX's memory you used:
 47813 strings out of 467691
 954298 string characters out of 5414987
 1840864 words of memory out of 5000000
 70506 multiletter control sequences out of 15000+600000
 890950 words of font info for 724 fonts, out of 8000000 for 9000
 1141 hyphenation exceptions out of 8191
 98i,19n,108p,1338b,1300s stack positions out of 10000i,1000n,20000p,200000b,200000s
<C:/Users/vresh/AppData/Local/Programs/MiKTeX/fonts/type1/public/libertinus-t
ype1/LibertinusMono-Italic.pfb><C:/Users/vresh/AppData/Local/Programs/MiKTeX/fo
nts/type1/public/libertinus-type1/LibertinusMono-Regular.pfb><C:/Users/vresh/Ap
pData/Local/Programs/MiKTeX/fonts/type1/public/libertinus-type1/LibertinusSans-
Bold.pfb><C:/Users/vresh/AppData/Local/Programs/MiKTeX/fonts/type1/public/liber
tinus-type1/LibertinusSans-Italic.pfb><C:/Users/vresh/AppData/Local/Programs/Mi
KTeX/fonts/type1/public/libertinus-type1/LibertinusSans-Regular.pfb><C:/Users/v
resh/AppData/Local/Programs/MiKTeX/fonts/type1/public/libertinus-type1/Libertin
usSerif-Bold.pfb><C:/Users/vresh/AppData/Local/Programs/MiKTeX/fonts/type1/publ
ic/libertinus-type1/LibertinusSerif-BoldItalic.pfb><C:/Users/vresh/AppData/Loca
l/Programs/MiKTeX/fonts/type1/public/libertinus-type1/LibertinusSerif-Italic.pf
b><C:/Users/vresh/AppData/Local/Programs/MiKTeX/fonts/type1/public/libertinus-t
ype1/LibertinusSerif-Regular.pfb><C:/Users/vresh/AppData/Local/Programs/MiKTeX/
fonts/type1/public/amsfonts/cm/cmbx10.pfb><C:/Users/vresh/AppData/Local/Program
s/MiKTeX/fonts/type1/public/amsfonts/cm/cmbx8.pfb><C:/Users/vresh/AppData/Local
/Programs/MiKTeX/fonts/type1/public/amsfonts/cm/cmex10.pfb><C:/Users/vresh/AppD
ata/Local/Programs/MiKTeX/fonts/type1/public/amsfonts/cmextra/cmex8.pfb><C:/Use
rs/vresh/AppData/Local/Programs/MiKTeX/fonts/type1/public/amsfonts/cm/cmmi10.pf
b><C:/Users/vresh/AppData/Local/Programs/MiKTeX/fonts/type1/public/amsfonts/cm/
cmmi12.pfb><C:/Users/vresh/AppData/Local/Programs/MiKTeX/fonts/type1/public/ams
fonts/cm/cmmi5.pfb><C:/Users/vresh/AppData/Local/Programs/MiKTeX/fonts/type1/pu
blic/amsfonts/cm/cmmi6.pfb><C:/Users/vresh/AppData/Local/Programs/MiKTeX/fonts/
type1/public/amsfonts/cm/cmmi7.pfb><C:/Users/vresh/AppData/Local/Programs/MiKTe
X/fonts/type1/public/amsfonts/cm/cmmi8.pfb><C:/Users/vresh/AppData/Local/Progra
ms/MiKTeX/fonts/type1/public/amsfonts/cm/cmmi9.pfb><C:/Users/vresh/AppData/Loca
l/Programs/MiKTeX/fonts/type1/public/amsfonts/cm/cmmib10.pfb><C:/Users/vresh/Ap
pData/Local/Programs/MiKTeX/fonts/type1/public/amsfonts/cmextra/cmmib6.pfb><C:/
Users/vresh/AppData/Local/Programs/MiKTeX/fonts/type1/public/amsfonts/cmextra/c
mmib8.pfb><C:/Users/vresh/AppData/Local/Programs/MiKTeX/fonts/type1/public/amsf
onts/cm/cmr10.pfb><C:/Users/vresh/AppData/Local/Programs/MiKTeX/fonts/type1/pub
lic/amsfonts/cm/cmr12.pfb><C:/Users/vresh/AppData/Local/Programs/MiKTeX/fonts/t
ype1/public/amsfonts/cm/cmr17.pfb><C:/Users/vresh/AppData/Local/Programs/MiKTeX
/fonts/type1/public/amsfonts/cm/cmr5.pfb><C:/Users/vresh/AppData/Local/Programs
/MiKTeX/fonts/type1/public/amsfonts/cm/cmr6.pfb><C:/Users/vresh/AppData/Local/P
rograms/MiKTeX/fonts/type1/public/amsfonts/cm/cmr7.pfb><C:/Users/vresh/AppData/
Local/Programs/MiKTeX/fonts/type1/public/amsfonts/cm/cmr8.pfb><C:/Users/vresh/A
ppData/Local/Programs/MiKTeX/fonts/type1/public/amsfonts/cm/cmr9.pfb><C:/Users/
vresh/AppData/Local/Programs/MiKTeX/fonts/type1/public/amsfonts/cm/cmss10.pfb><
C:/Users/vresh/AppData/Local/Programs/MiKTeX/fonts/type1/public/amsfonts/cm/cms
s8.pfb><C:/Users/vresh/AppData/Local/Programs/MiKTeX/fonts/type1/public/amsfont
s/cm/cmsy10.pfb><C:/Users/vresh/AppData/Local/Programs/MiKTeX/fonts/type1/publi
c/amsfonts/cm/cmsy6.pfb><C:/Users/vresh/AppData/Local/Programs/MiKTeX/fonts/typ
e1/public/amsfonts/cm/cmsy7.pfb><C:/Users/vresh/AppData/Local/Programs/MiKTeX/f
onts/type1/public/amsfonts/cm/cmsy8.pfb><C:/Users/vresh/AppData/Local/Programs/
MiKTeX/fonts/type1/public/amsfonts/cm/cmsy9.pfb><C:/Users/vresh/AppData/Local/P
rograms/MiKTeX/fonts/type1/public/amsfonts/cm/cmtt10.pfb><C:/Users/vresh/AppDat
a/Local/Programs/MiKTeX/fonts/type1/public/amsfonts/euler/eufm10.pfb><C:/Users/
vresh/AppData/Local/Programs/MiKTeX/fonts/type1/public/amsfonts/euler/eufm7.pfb
><C:/Users/vresh/AppData/Local/Programs/MiKTeX/fonts/type1/public/amsfonts/symb
ols/msam10.pfb><C:/Users/vresh/AppData/Local/Programs/MiKTeX/fonts/type1/public
/amsfonts/symbols/msbm10.pfb><C:/Users/vresh/AppData/Local/Programs/MiKTeX/font
s/type1/public/amsfonts/symbols/msbm7.pfb><C:/Users/vresh/AppData/Local/Program
s/MiKTeX/fonts/type1/public/rsfs/rsfs10.pfb>
Output written on C:\Temp\pv-cn20oc2j\out\transseries_and_inversion.pdf (720 pa
ges, 7299213 bytes).
PDF statistics:
 17843 PDF objects out of 18468 (max. 8388607)
 4953 named destinations out of 5155 (max. 500000)
 146293 words of extra memory for PDF output out of 154059 (max. 10000000)

