This is pdfTeX, Version 3.141592653-2.6-1.40.29 (MiKTeX 26.2) (preloaded format=pdflatex 2026.8.15)  9 SEP 2026 13:16
entering extended mode
 file:line:error style messages enabled.
 %&-line parsing enabled.
**./Dyadic_Up_Extraction.tex
(Dyadic_Up_Extraction.tex
LaTeX2e <2025-11-01>
L3 programming layer <2026-03-20>
(C:\Users\vresh\AppData\Local\Programs\MiKTeX\tex/latex/base\article.cls
Document Class: article 2025/01/22 v1.4n Standard LaTeX document class
(C:\Users\vresh\AppData\Local\Programs\MiKTeX\tex/latex/base\size11.clo
File: size11.clo 2025/01/22 v1.4n Standard LaTeX file (size option)
)
\c@part=\count275
\c@section=\count276
\c@subsection=\count277
\c@subsubsection=\count278
\c@paragraph=\count279
\c@subparagraph=\count280
\c@figure=\count281
\c@table=\count282
\abovecaptionskip=\skip49
\belowcaptionskip=\skip50
\bibindent=\dimen150
)
(C:\Users\vresh\AppData\Local\Programs\MiKTeX\tex/latex/geometry\geometry.sty
Package: geometry 2026/03/07 v6.0 Page Geometry

(C:\Users\vresh\AppData\Local\Programs\MiKTeX\tex/latex/graphics\keyval.sty
Package: keyval 2022/05/29 v1.15 key=value parser (DPC)
\KV@toks@=\toks17
)
(C:\Users\vresh\AppData\Local\Programs\MiKTeX\tex/generic/iftex\ifvtex.sty
Package: ifvtex 2019/10/25 v1.7 ifvtex legacy package. Use iftex instead.

(C:\Users\vresh\AppData\Local\Programs\MiKTeX\tex/generic/iftex\iftex.sty
Package: iftex 2024/12/12 v1.0g TeX engine tests
))
\Gm@cnth=\count283
\Gm@cntv=\count284
\c@Gm@tempcnt=\count285
\Gm@bindingoffset=\dimen151
\Gm@wd@mp=\dimen152
\Gm@odd@mp=\dimen153
\Gm@even@mp=\dimen154
\Gm@layoutwidth=\dimen155
\Gm@layoutheight=\dimen156
\Gm@layouthoffset=\dimen157
\Gm@layoutvoffset=\dimen158
\Gm@dimlist=\toks18

(C:\Users\vresh\AppData\Local\Programs\MiKTeX\tex/latex/geometry\geometry.cfg))
(C:\Users\vresh\AppData\Local\Programs\MiKTeX\tex/latex/base\fontenc.sty
Package: fontenc 2025/07/18 v2.1d Standard LaTeX package
)
(C:\Users\vresh\AppData\Local\Programs\MiKTeX\tex/latex/base\inputenc.sty
Package: inputenc 2024/02/08 v1.3d Input encoding file
\inpenc@prehook=\toks19
\inpenc@posthook=\toks20
)
(C:\Users\vresh\AppData\Local\Programs\MiKTeX\tex/latex/libertinus\libertinus.s
ty
Package: libertinus 2020/05/06 v. 0.02 (Herbert Voss) Supports libertinus fonts
 for pdflatex/lualatex/xelatex
 (C:\Users\vresh\AppData\Local\Programs\MiKTeX\tex/latex/xkeyval\xkeyval.sty
Package: xkeyval 2022/06/16 v2.9 package option processing (HA)

(C:\Users\vresh\AppData\Local\Programs\MiKTeX\tex/generic/xkeyval\xkeyval.tex
(C:\Users\vresh\AppData\Local\Programs\MiKTeX\tex/generic/xkeyval\xkvutils.tex
\XKV@toks=\toks21
\XKV@tempa@toks=\toks22
)
\XKV@depth=\count286
File: xkeyval.tex 2014/12/03 v2.7a key=value parser (HA)
))
(C:\Users\vresh\AppData\Local\Programs\MiKTeX\tex/latex/libertinus-type1\libert
inus-type1.sty
Package: libertinus-type1 2025/11/17 (Bob Tennent) Supports libertinus fonts fo
r latex/pdflatex.

(C:\Users\vresh\AppData\Local\Programs\MiKTeX\tex/generic/iftex\ifxetex.sty
Package: ifxetex 2019/10/25 v0.7 ifxetex legacy package. Use iftex instead.
)
(C:\Users\vresh\AppData\Local\Programs\MiKTeX\tex/generic/iftex\ifluatex.sty
Package: ifluatex 2019/10/25 v1.5 ifluatex legacy package. Use iftex instead.
)
(C:\Users\vresh\AppData\Local\Programs\MiKTeX\tex/latex/base\textcomp.sty
Package: textcomp 2024/04/24 v2.1b Standard LaTeX package
)
(C:\Users\vresh\AppData\Local\Programs\MiKTeX\tex/latex/base\fontenc.sty
Package: fontenc 2025/07/18 v2.1d Standard LaTeX package
)
(C:\Users\vresh\AppData\Local\Programs\MiKTeX\tex/latex/fontaxes\fontaxes.sty
Package: fontaxes 2026-01-02 v2.0.2 Font selection axes (deprecated)
Applying: [2024-11-01] Use figureversions if present on input line 74.

(C:\Users\vresh\AppData\Local\Programs\MiKTeX\tex/latex/figureversions\figureve
rsions.sty
Package: figureversions 2025-04-29 v1.0.1 Figure versions
)
Already applied: [0000-00-00] Fall back to v1 on input line 76.
)))
(C:\Users\vresh\AppData\Local\Programs\MiKTeX\tex/latex/microtype\microtype.sty
Package: microtype 2026/03/01 v3.2d Micro-typographical refinements (RS)
(C:\Users\vresh\AppData\Local\Programs\MiKTeX\tex/latex/etoolbox\etoolbox.sty
Package: etoolbox 2025/10/02 v2.5m e-TeX tools for LaTeX (JAW)
\etb@tempcnta=\count287
)
\MT@toks=\toks23
\MT@tempbox=\box53
\MT@count=\count288
LaTeX Info: Redefining \noprotrusionifhmode on input line 1084.
LaTeX Info: Redefining \leftprotrusion on input line 1085.
\MT@prot@toks=\toks24
LaTeX Info: Redefining \rightprotrusion on input line 1104.
LaTeX Info: Redefining \textls on input line 1449.
\MT@outer@kern=\dimen159
LaTeX Info: Redefining \microtypecontext on input line 2053.
LaTeX Info: Redefining \textmicrotypecontext on input line 2070.
\MT@listname@count=\count289

(C:\Users\vresh\AppData\Local\Programs\MiKTeX\tex/latex/microtype\microtype-pdf
tex.def
File: microtype-pdftex.def 2026/03/01 v3.2d Definitions specific to pdftex (RS)

LaTeX Info: Redefining \lsstyle on input line 944.
LaTeX Info: Redefining \lslig on input line 944.
\MT@outer@space=\skip51
)
Package microtype Info: Loading configuration file microtype.cfg.

(C:\Users\vresh\AppData\Local\Programs\MiKTeX\tex/latex/microtype\microtype.cfg
File: microtype.cfg 2026/03/01 v3.2d microtype main configuration file (RS)
)
LaTeX Info: Redefining \microtypesetup on input line 3065.
) (C:\Users\vresh\AppData\Local\Programs\MiKTeX\tex/latex/amsmath\amsmath.sty
Package: amsmath 2025/07/09 v2.17z AMS math features
\@mathmargin=\skip52

For additional information on amsmath, use the `?' option.
(C:\Users\vresh\AppData\Local\Programs\MiKTeX\tex/latex/amsmath\amstext.sty
Package: amstext 2024/11/17 v2.01 AMS text

(C:\Users\vresh\AppData\Local\Programs\MiKTeX\tex/latex/amsmath\amsgen.sty
File: amsgen.sty 1999/11/30 v2.0 generic functions
\@emptytoks=\toks25
\ex@=\dimen160
))
(C:\Users\vresh\AppData\Local\Programs\MiKTeX\tex/latex/amsmath\amsbsy.sty
Package: amsbsy 1999/11/29 v1.2d Bold Symbols
\pmbraise@=\dimen161
)
(C:\Users\vresh\AppData\Local\Programs\MiKTeX\tex/latex/amsmath\amsopn.sty
Package: amsopn 2022/04/08 v2.04 operator names
)
\inf@bad=\count290
LaTeX Info: Redefining \frac on input line 233.
\uproot@=\count291
\leftroot@=\count292
LaTeX Info: Redefining \overline on input line 398.
LaTeX Info: Redefining \colon on input line 409.
\classnum@=\count293
\DOTSCASE@=\count294
LaTeX Info: Redefining \ldots on input line 495.
LaTeX Info: Redefining \dots on input line 498.
LaTeX Info: Redefining \cdots on input line 619.
\Mathstrutbox@=\box54
\strutbox@=\box55
LaTeX Info: Redefining \big on input line 721.
LaTeX Info: Redefining \Big on input line 722.
LaTeX Info: Redefining \bigg on input line 723.
LaTeX Info: Redefining \Bigg on input line 724.
\big@size=\dimen162
LaTeX Font Info:    Redeclaring font encoding OML on input line 742.
LaTeX Font Info:    Redeclaring font encoding OMS on input line 743.
\macc@depth=\count295
LaTeX Info: Redefining \bmod on input line 904.
LaTeX Info: Redefining \pmod on input line 909.
LaTeX Info: Redefining \smash on input line 939.
LaTeX Info: Redefining \relbar on input line 969.
LaTeX Info: Redefining \Relbar on input line 970.
\c@MaxMatrixCols=\count296
\dotsspace@=\muskip17
\c@parentequation=\count297
\dspbrk@lvl=\count298
\tag@help=\toks26
\row@=\count299
\column@=\count300
\maxfields@=\count301
\andhelp@=\toks27
\eqnshift@=\dimen163
\alignsep@=\dimen164
\tagshift@=\dimen165
\tagwidth@=\dimen166
\totwidth@=\dimen167
\lineht@=\dimen168
\@envbody=\toks28
\multlinegap=\skip53
\multlinetaggap=\skip54
\mathdisplay@stack=\toks29
LaTeX Info: Redefining \[ on input line 2950.
LaTeX Info: Redefining \] on input line 2951.
)
(C:\Users\vresh\AppData\Local\Programs\MiKTeX\tex/latex/amsfonts\amssymb.sty
Package: amssymb 2013/01/14 v3.01 AMS font symbols

(C:\Users\vresh\AppData\Local\Programs\MiKTeX\tex/latex/amsfonts\amsfonts.sty
Package: amsfonts 2013/01/14 v3.01 Basic AMSFonts support
\symAMSa=\mathgroup4
\symAMSb=\mathgroup5
LaTeX Font Info:    Redeclaring math symbol \hbar on input line 98.
LaTeX Font Info:    Overwriting math alphabet `\mathfrak' in version `bold'
(Font)                  U/euf/m/n --> U/euf/b/n on input line 106.
)) (C:\Users\vresh\AppData\Local\Programs\MiKTeX\tex/latex/amscls\amsthm.sty
Package: amsthm 2020/05/29 v2.20.6
\thm@style=\toks30
\thm@bodyfont=\toks31
\thm@headfont=\toks32
\thm@notefont=\toks33
\thm@headpunct=\toks34
\thm@preskip=\skip55
\thm@postskip=\skip56
\thm@headsep=\skip57
\dth@everypar=\toks35
)
(C:\Users\vresh\AppData\Local\Programs\MiKTeX\tex/latex/mathtools\mathtools.sty
Package: mathtools 2024/10/04 v1.31 mathematical typesetting tools
(C:\Users\vresh\AppData\Local\Programs\MiKTeX\tex/latex/tools\calc.sty
Package: calc 2025/03/01 v4.3b Infix arithmetic (KKT,FJ)
\calc@Acount=\count302
\calc@Bcount=\count303
\calc@Adimen=\dimen169
\calc@Bdimen=\dimen170
\calc@Askip=\skip58
\calc@Bskip=\skip59
LaTeX Info: Redefining \setlength on input line 86.
LaTeX Info: Redefining \addtolength on input line 87.
\calc@Ccount=\count304
\calc@Cskip=\skip60
)
(C:\Users\vresh\AppData\Local\Programs\MiKTeX\tex/latex/mathtools\mhsetup.sty
Package: mhsetup 2021/03/18 v1.4 programming setup (MH)
)
\g_MT_multlinerow_int=\count305
\l_MT_multwidth_dim=\dimen171
\origjot=\skip61
\l_MT_shortvdotswithinadjustabove_dim=\dimen172
\l_MT_shortvdotswithinadjustbelow_dim=\dimen173
\l_MT_above_intertext_sep=\dimen174
\l_MT_below_intertext_sep=\dimen175
\l_MT_above_shortintertext_sep=\dimen176
\l_MT_below_shortintertext_sep=\dimen177
\xmathstrut@box=\box56
\xmathstrut@dim=\dimen178
) (C:\Users\vresh\AppData\Local\Programs\MiKTeX\tex/latex/jknappen\mathrsfs.sty
Package: mathrsfs 1996/01/01 Math RSFS package v1.0 (jk)
\symrsfs=\mathgroup6
) (C:\Users\vresh\AppData\Local\Programs\MiKTeX\tex/latex/tools\bm.sty
Package: bm 2025/10/21 v1.2g Bold Symbol Support (DPC/FMi)
\symboldoperators=\mathgroup7
\symboldletters=\mathgroup8
\symboldsymbols=\mathgroup9
Package bm Info: No bold for \OMX/cmex/m/n, using \pmb.
Package bm Info: No bold for \U/msa/m/n, using \pmb.
Package bm Info: No bold for \U/msb/m/n, using \pmb.
Package bm Info: No bold for \U/rsfs/m/n, using \pmb.
LaTeX Font Info:    Redeclaring math alphabet \mathbf on input line 149.
)
(../../../../../fabius-notation.tex)
(C:\Users\vresh\AppData\Local\Programs\MiKTeX\tex/latex/booktabs\booktabs.sty
Package: booktabs 2020/01/12 v1.61803398 Publication quality tables
\heavyrulewidth=\dimen179
\lightrulewidth=\dimen180
\cmidrulewidth=\dimen181
\belowrulesep=\dimen182
\belowbottomsep=\dimen183
\aboverulesep=\dimen184
\abovetopsep=\dimen185
\cmidrulesep=\dimen186
\cmidrulekern=\dimen187
\defaultaddspace=\dimen188
\@cmidla=\count306
\@cmidlb=\count307
\@aboverulesep=\dimen189
\@belowrulesep=\dimen190
\@thisruleclass=\count308
\@lastruleclass=\count309
\@thisrulewidth=\dimen191
)
(C:\Users\vresh\AppData\Local\Programs\MiKTeX\tex/latex/tools\longtable.sty
Package: longtable 2025-10-13 v4.24 Multi-page Table package (DPC)
\LTleft=\skip62
\LTright=\skip63
\LTpre=\skip64
\LTpost=\skip65
\LTchunksize=\count310
\LTcapwidth=\dimen192
\LT@head=\box57
\LT@firsthead=\box58
\LT@foot=\box59
\LT@lastfoot=\box60
\LT@gbox=\box61
\LT@cols=\count311
\LT@rows=\count312
\c@LT@tables=\count313
\c@LT@chunks=\count314
\LT@p@ftn=\toks36
)
(C:\Users\vresh\AppData\Local\Programs\MiKTeX\tex/latex/tools\tabularx.sty
Package: tabularx 2023/12/11 v2.12a `tabularx' package (DPC)

(C:\Users\vresh\AppData\Local\Programs\MiKTeX\tex/latex/tools\array.sty
Package: array 2025/09/25 v2.6n Tabular extension package (FMi)
\col@sep=\dimen193
\ar@mcellbox=\box62
\extrarowheight=\dimen194
\NC@list=\toks37
\extratabsurround=\skip66
\backup@length=\skip67
\ar@cellbox=\box63
)
\TX@col@width=\dimen195
\TX@old@table=\dimen196
\TX@old@col=\dimen197
\TX@target=\dimen198
\TX@delta=\dimen199
\TX@cols=\count315
\TX@ftn=\toks38
)
(C:\Users\vresh\AppData\Local\Programs\MiKTeX\tex/latex/multirow\multirow.sty
Package: multirow 2024/11/12 v2.9 Span multiple rows of a table
\multirow@colwidth=\skip68
\multirow@cntb=\count316
\multirow@dima=\skip69
\bigstrutjot=\dimen256
)
(C:\Users\vresh\AppData\Local\Programs\MiKTeX\tex/latex/graphics\graphicx.sty
Package: graphicx 2024/12/31 v1.2e Enhanced LaTeX Graphics (DPC,SPQR)

(C:\Users\vresh\AppData\Local\Programs\MiKTeX\tex/latex/graphics\graphics.sty
Package: graphics 2024/08/06 v1.4g Standard LaTeX Graphics (DPC,SPQR)

(C:\Users\vresh\AppData\Local\Programs\MiKTeX\tex/latex/graphics\trig.sty
Package: trig 2023/12/02 v1.11 sin cos tan (DPC)
)
(C:\Users\vresh\AppData\Local\Programs\MiKTeX\tex/latex/graphics-cfg\graphics.c
fg
File: graphics.cfg 2016/06/04 v1.11 sample graphics configuration
)
Package graphics Info: Driver file: pdftex.def on input line 106.

(C:\Users\vresh\AppData\Local\Programs\MiKTeX\tex/latex/graphics-def\pdftex.def
File: pdftex.def 2025/09/29 v1.2d Graphics/color driver for pdftex
))
\Gin@req@height=\dimen257
\Gin@req@width=\dimen258
) (C:\Users\vresh\AppData\Local\Programs\MiKTeX\tex/latex/xcolor\xcolor.sty
Package: xcolor 2024/09/29 v3.02 LaTeX color extensions (UK)

(C:\Users\vresh\AppData\Local\Programs\MiKTeX\tex/latex/graphics-cfg\color.cfg
File: color.cfg 2016/01/02 v1.6 sample color configuration
)
Package xcolor Info: Driver file: pdftex.def on input line 274.
(C:\Users\vresh\AppData\Local\Programs\MiKTeX\tex/latex/graphics\mathcolor.ltx)
Package xcolor Info: Model `cmy' substituted by `cmy0' on input line 1349.
Package xcolor Info: Model `hsb' substituted by `rgb' on input line 1353.
Package xcolor Info: Model `RGB' extended on input line 1365.
Package xcolor Info: Model `HTML' substituted by `rgb' on input line 1367.
Package xcolor Info: Model `Hsb' substituted by `hsb' on input line 1368.
Package xcolor Info: Model `tHsb' substituted by `hsb' on input line 1369.
Package xcolor Info: Model `HSB' substituted by `hsb' on input line 1370.
Package xcolor Info: Model `Gray' substituted by `gray' on input line 1371.
Package xcolor Info: Model `wave' substituted by `hsb' on input line 1372.
) (C:\Users\vresh\AppData\Local\Programs\MiKTeX\tex/latex/enumitem\enumitem.sty
Package: enumitem 2025/02/06 v3.11 Customized lists
\labelindent=\skip70
\enit@outerparindent=\dimen259
\enit@toks=\toks39
\enit@inbox=\box64
\enit@count@id=\count317
\enitdp@description=\count318
) (C:\Users\vresh\AppData\Local\Programs\MiKTeX\tex/latex/fancyhdr\fancyhdr.sty
Package: fancyhdr 2025/02/07 v5.2 Extensive control of page headers and footers

\f@nch@headwidth=\skip71
\f@nch@offset@elh=\skip72
\f@nch@offset@erh=\skip73
\f@nch@offset@olh=\skip74
\f@nch@offset@orh=\skip75
\f@nch@offset@elf=\skip76
\f@nch@offset@erf=\skip77
\f@nch@offset@olf=\skip78
\f@nch@offset@orf=\skip79
\f@nch@height=\skip80
\f@nch@footalignment=\skip81
\f@nch@widthL=\skip82
\f@nch@widthC=\skip83
\f@nch@widthR=\skip84
\@temptokenb=\toks40
) (C:\Users\vresh\AppData\Local\Programs\MiKTeX\tex/latex/titlesec\titlesec.sty
Package: titlesec 2025/01/04 v2.17 Sectioning titles
\ttl@box=\box65
\beforetitleunit=\skip85
\aftertitleunit=\skip86
\ttl@plus=\dimen260
\ttl@minus=\dimen261
\ttl@toksa=\toks41
\titlewidth=\dimen262
\titlewidthlast=\dimen263
\titlewidthfirst=\dimen264
) (C:\Users\vresh\AppData\Local\Programs\MiKTeX\tex/latex/float\float.sty
Package: float 2001/11/08 v1.3d Float enhancements (AL)
\c@float@type=\count319
\float@exts=\toks42
\float@box=\box66
\@float@everytoks=\toks43
\@floatcapt=\box67
)
(C:\Users\vresh\AppData\Local\Programs\MiKTeX\tex/latex/xurl\xurl.sty
Package: xurl 2022/01/09 v 0.10 modify URL breaks

(C:\Users\vresh\AppData\Local\Programs\MiKTeX\tex/latex/url\url.sty
\Urlmuskip=\muskip18
Package: url 2013/09/16  ver 3.4  Verb mode for urls, etc.
))
(C:\Users\vresh\AppData\Local\Programs\MiKTeX\tex/latex/listings\listings.sty
\lst@mode=\count320
\lst@gtempboxa=\box68
\lst@token=\toks44
\lst@length=\count321
\lst@currlwidth=\dimen265
\lst@column=\count322
\lst@pos=\count323
\lst@lostspace=\dimen266
\lst@width=\dimen267
\lst@newlines=\count324
\lst@lineno=\count325
\lst@maxwidth=\dimen268

(C:\Users\vresh\AppData\Local\Programs\MiKTeX\tex/latex/listings\lstpatch.sty
File: lstpatch.sty 2025/11/14 1.11b (Carsten Heinz)
)
(C:\Users\vresh\AppData\Local\Programs\MiKTeX\tex/latex/listings\lstmisc.sty
File: lstmisc.sty 2025/11/14 1.11b (Carsten Heinz)
\c@lstnumber=\count326
\lst@skipnumbers=\count327
\lst@framebox=\box69
)
(C:\Users\vresh\AppData\Local\Programs\MiKTeX\tex/latex/listings\listings.cfg
File: listings.cfg 2025/11/14 1.11b listings configuration
))
Package: listings 2025/11/14 1.11b (Carsten Heinz)
==> First Aid for listings.sty no longer applied!
    Expected:
        2024/09/23 1.10c (Carsten Heinz)
    but found:
        2025/11/14 1.11b (Carsten Heinz)
    so I'm assuming it got fixed.

(C:\Users\vresh\AppData\Local\Programs\MiKTeX\tex/latex/tcolorbox\tcolorbox.sty
Package: tcolorbox 2025/11/28 version 6.9.0 text color boxes

(C:\Users\vresh\AppData\Local\Programs\MiKTeX\tex/latex/pgf/frontendlayer\tikz.
sty
(C:\Users\vresh\AppData\Local\Programs\MiKTeX\tex/latex/pgf/basiclayer\pgf.sty
(C:\Users\vresh\AppData\Local\Programs\MiKTeX\tex/latex/pgf/utilities\pgfrcs.st
y
(C:\Users\vresh\AppData\Local\Programs\MiKTeX\tex/generic/pgf/utilities\pgfutil
-common.tex
\pgfutil@everybye=\toks45
\pgfutil@tempdima=\dimen269
\pgfutil@tempdimb=\dimen270
)
(C:\Users\vresh\AppData\Local\Programs\MiKTeX\tex/generic/pgf/utilities\pgfutil
-latex.def
\pgfutil@abb=\box70
)
(C:\Users\vresh\AppData\Local\Programs\MiKTeX\tex/generic/pgf/utilities\pgfrcs.
code.tex
(C:\Users\vresh\AppData\Local\Programs\MiKTeX\tex/generic/pgf\pgf.revision.tex)
Package: pgfrcs 2025-08-29 v3.1.11a (3.1.11a)
))
Package: pgf 2025-08-29 v3.1.11a (3.1.11a)

(C:\Users\vresh\AppData\Local\Programs\MiKTeX\tex/latex/pgf/basiclayer\pgfcore.
sty
(C:\Users\vresh\AppData\Local\Programs\MiKTeX\tex/latex/pgf/systemlayer\pgfsys.
sty
(C:\Users\vresh\AppData\Local\Programs\MiKTeX\tex/generic/pgf/systemlayer\pgfsy
s.code.tex
Package: pgfsys 2025-08-29 v3.1.11a (3.1.11a)

(C:\Users\vresh\AppData\Local\Programs\MiKTeX\tex/generic/pgf/utilities\pgfkeys
.code.tex
\pgfkeys@pathtoks=\toks46
\pgfkeys@temptoks=\toks47

(C:\Users\vresh\AppData\Local\Programs\MiKTeX\tex/generic/pgf/utilities\pgfkeys
libraryfiltered.code.tex
\pgfkeys@tmptoks=\toks48
))
\pgf@x=\dimen271
\pgf@y=\dimen272
\pgf@xa=\dimen273
\pgf@ya=\dimen274
\pgf@xb=\dimen275
\pgf@yb=\dimen276
\pgf@xc=\dimen277
\pgf@yc=\dimen278
\pgf@xd=\dimen279
\pgf@yd=\dimen280
\w@pgf@writea=\write3
\r@pgf@reada=\read2
\c@pgf@counta=\count328
\c@pgf@countb=\count329
\c@pgf@countc=\count330
\c@pgf@countd=\count331
\t@pgf@toka=\toks49
\t@pgf@tokb=\toks50
\t@pgf@tokc=\toks51
\pgf@sys@id@count=\count332

(C:\Users\vresh\AppData\Local\Programs\MiKTeX\tex/generic/pgf/systemlayer\pgf.c
fg
File: pgf.cfg 2025-08-29 v3.1.11a (3.1.11a)
)
Driver file for pgf: pgfsys-pdftex.def

(C:\Users\vresh\AppData\Local\Programs\MiKTeX\tex/generic/pgf/systemlayer\pgfsy
s-pdftex.def
File: pgfsys-pdftex.def 2025-08-29 v3.1.11a (3.1.11a)

(C:\Users\vresh\AppData\Local\Programs\MiKTeX\tex/generic/pgf/systemlayer\pgfsy
s-common-pdf.def
File: pgfsys-common-pdf.def 2025-08-29 v3.1.11a (3.1.11a)
)))
(C:\Users\vresh\AppData\Local\Programs\MiKTeX\tex/generic/pgf/systemlayer\pgfsy
ssoftpath.code.tex
File: pgfsyssoftpath.code.tex 2025-08-29 v3.1.11a (3.1.11a)
\pgfsyssoftpath@smallbuffer@items=\count333
\pgfsyssoftpath@bigbuffer@items=\count334
)
(C:\Users\vresh\AppData\Local\Programs\MiKTeX\tex/generic/pgf/systemlayer\pgfsy
sprotocol.code.tex
File: pgfsysprotocol.code.tex 2025-08-29 v3.1.11a (3.1.11a)
))
(C:\Users\vresh\AppData\Local\Programs\MiKTeX\tex/generic/pgf/basiclayer\pgfcor
e.code.tex
Package: pgfcore 2025-08-29 v3.1.11a (3.1.11a)

(C:\Users\vresh\AppData\Local\Programs\MiKTeX\tex/generic/pgf/math\pgfmath.code
.tex
(C:\Users\vresh\AppData\Local\Programs\MiKTeX\tex/generic/pgf/math\pgfmathutil.
code.tex)
(C:\Users\vresh\AppData\Local\Programs\MiKTeX\tex/generic/pgf/math\pgfmathparse
r.code.tex
\pgfmath@dimen=\dimen281
\pgfmath@count=\count335
\pgfmath@box=\box71
\pgfmath@toks=\toks52
\pgfmath@stack@operand=\toks53
\pgfmath@stack@operation=\toks54
)
(C:\Users\vresh\AppData\Local\Programs\MiKTeX\tex/generic/pgf/math\pgfmathfunct
ions.code.tex)
(C:\Users\vresh\AppData\Local\Programs\MiKTeX\tex/generic/pgf/math\pgfmathfunct
ions.basic.code.tex)
(C:\Users\vresh\AppData\Local\Programs\MiKTeX\tex/generic/pgf/math\pgfmathfunct
ions.trigonometric.code.tex)
(C:\Users\vresh\AppData\Local\Programs\MiKTeX\tex/generic/pgf/math\pgfmathfunct
ions.random.code.tex)
(C:\Users\vresh\AppData\Local\Programs\MiKTeX\tex/generic/pgf/math\pgfmathfunct
ions.comparison.code.tex)
(C:\Users\vresh\AppData\Local\Programs\MiKTeX\tex/generic/pgf/math\pgfmathfunct
ions.base.code.tex)
(C:\Users\vresh\AppData\Local\Programs\MiKTeX\tex/generic/pgf/math\pgfmathfunct
ions.round.code.tex)
(C:\Users\vresh\AppData\Local\Programs\MiKTeX\tex/generic/pgf/math\pgfmathfunct
ions.misc.code.tex)
(C:\Users\vresh\AppData\Local\Programs\MiKTeX\tex/generic/pgf/math\pgfmathfunct
ions.integerarithmetics.code.tex)
(C:\Users\vresh\AppData\Local\Programs\MiKTeX\tex/generic/pgf/math\pgfmathcalc.
code.tex)
(C:\Users\vresh\AppData\Local\Programs\MiKTeX\tex/generic/pgf/math\pgfmathfloat
.code.tex
\c@pgfmathroundto@lastzeros=\count336
))
(C:\Users\vresh\AppData\Local\Programs\MiKTeX\tex/generic/pgf/math\pgfint.code.
tex)
(C:\Users\vresh\AppData\Local\Programs\MiKTeX\tex/generic/pgf/basiclayer\pgfcor
epoints.code.tex
File: pgfcorepoints.code.tex 2025-08-29 v3.1.11a (3.1.11a)
\pgf@picminx=\dimen282
\pgf@picmaxx=\dimen283
\pgf@picminy=\dimen284
\pgf@picmaxy=\dimen285
\pgf@pathminx=\dimen286
\pgf@pathmaxx=\dimen287
\pgf@pathminy=\dimen288
\pgf@pathmaxy=\dimen289
\pgf@xx=\dimen290
\pgf@xy=\dimen291
\pgf@yx=\dimen292
\pgf@yy=\dimen293
\pgf@zx=\dimen294
\pgf@zy=\dimen295
)
(C:\Users\vresh\AppData\Local\Programs\MiKTeX\tex/generic/pgf/basiclayer\pgfcor
epathconstruct.code.tex
File: pgfcorepathconstruct.code.tex 2025-08-29 v3.1.11a (3.1.11a)
\pgf@path@lastx=\dimen296
\pgf@path@lasty=\dimen297
)
(C:\Users\vresh\AppData\Local\Programs\MiKTeX\tex/generic/pgf/basiclayer\pgfcor
epathusage.code.tex
File: pgfcorepathusage.code.tex 2025-08-29 v3.1.11a (3.1.11a)
\pgf@shorten@end@additional=\dimen298
\pgf@shorten@start@additional=\dimen299
)
(C:\Users\vresh\AppData\Local\Programs\MiKTeX\tex/generic/pgf/basiclayer\pgfcor
escopes.code.tex
File: pgfcorescopes.code.tex 2025-08-29 v3.1.11a (3.1.11a)
\pgfpic=\box72
\pgf@hbox=\box73
\pgf@layerbox@main=\box74
\pgf@picture@serial@count=\count337
)
(C:\Users\vresh\AppData\Local\Programs\MiKTeX\tex/generic/pgf/basiclayer\pgfcor
egraphicstate.code.tex
File: pgfcoregraphicstate.code.tex 2025-08-29 v3.1.11a (3.1.11a)
\pgflinewidth=\dimen300
)
(C:\Users\vresh\AppData\Local\Programs\MiKTeX\tex/generic/pgf/basiclayer\pgfcor
etransformations.code.tex
File: pgfcoretransformations.code.tex 2025-08-29 v3.1.11a (3.1.11a)
\pgf@pt@x=\dimen301
\pgf@pt@y=\dimen302
\pgf@pt@temp=\dimen303
)
(C:\Users\vresh\AppData\Local\Programs\MiKTeX\tex/generic/pgf/basiclayer\pgfcor
equick.code.tex
File: pgfcorequick.code.tex 2025-08-29 v3.1.11a (3.1.11a)
)
(C:\Users\vresh\AppData\Local\Programs\MiKTeX\tex/generic/pgf/basiclayer\pgfcor
eobjects.code.tex
File: pgfcoreobjects.code.tex 2025-08-29 v3.1.11a (3.1.11a)
)
(C:\Users\vresh\AppData\Local\Programs\MiKTeX\tex/generic/pgf/basiclayer\pgfcor
epathprocessing.code.tex
File: pgfcorepathprocessing.code.tex 2025-08-29 v3.1.11a (3.1.11a)
)
(C:\Users\vresh\AppData\Local\Programs\MiKTeX\tex/generic/pgf/basiclayer\pgfcor
earrows.code.tex
File: pgfcorearrows.code.tex 2025-08-29 v3.1.11a (3.1.11a)
\pgfarrowsep=\dimen304
)
(C:\Users\vresh\AppData\Local\Programs\MiKTeX\tex/generic/pgf/basiclayer\pgfcor
eshade.code.tex
File: pgfcoreshade.code.tex 2025-08-29 v3.1.11a (3.1.11a)
\pgf@max=\dimen305
\pgf@sys@shading@range@num=\count338
\pgf@shadingcount=\count339
)
(C:\Users\vresh\AppData\Local\Programs\MiKTeX\tex/generic/pgf/basiclayer\pgfcor
eimage.code.tex
File: pgfcoreimage.code.tex 2025-08-29 v3.1.11a (3.1.11a)
)
(C:\Users\vresh\AppData\Local\Programs\MiKTeX\tex/generic/pgf/basiclayer\pgfcor
eexternal.code.tex
File: pgfcoreexternal.code.tex 2025-08-29 v3.1.11a (3.1.11a)
\pgfexternal@startupbox=\box75
)
(C:\Users\vresh\AppData\Local\Programs\MiKTeX\tex/generic/pgf/basiclayer\pgfcor
elayers.code.tex
File: pgfcorelayers.code.tex 2025-08-29 v3.1.11a (3.1.11a)
)
(C:\Users\vresh\AppData\Local\Programs\MiKTeX\tex/generic/pgf/basiclayer\pgfcor
etransparency.code.tex
File: pgfcoretransparency.code.tex 2025-08-29 v3.1.11a (3.1.11a)
)
(C:\Users\vresh\AppData\Local\Programs\MiKTeX\tex/generic/pgf/basiclayer\pgfcor
epatterns.code.tex
File: pgfcorepatterns.code.tex 2025-08-29 v3.1.11a (3.1.11a)
)
(C:\Users\vresh\AppData\Local\Programs\MiKTeX\tex/generic/pgf/basiclayer\pgfcor
erdf.code.tex
File: pgfcorerdf.code.tex 2025-08-29 v3.1.11a (3.1.11a)
)))
(C:\Users\vresh\AppData\Local\Programs\MiKTeX\tex/generic/pgf/modules\pgfmodule
shapes.code.tex
File: pgfmoduleshapes.code.tex 2025-08-29 v3.1.11a (3.1.11a)
\pgfnodeparttextbox=\box76
)
(C:\Users\vresh\AppData\Local\Programs\MiKTeX\tex/generic/pgf/modules\pgfmodule
plot.code.tex
File: pgfmoduleplot.code.tex 2025-08-29 v3.1.11a (3.1.11a)
)
(C:\Users\vresh\AppData\Local\Programs\MiKTeX\tex/latex/pgf/compatibility\pgfco
mp-version-0-65.sty
Package: pgfcomp-version-0-65 2025-08-29 v3.1.11a (3.1.11a)
\pgf@nodesepstart=\dimen306
\pgf@nodesepend=\dimen307
)
(C:\Users\vresh\AppData\Local\Programs\MiKTeX\tex/latex/pgf/compatibility\pgfco
mp-version-1-18.sty
Package: pgfcomp-version-1-18 2025-08-29 v3.1.11a (3.1.11a)
))
(C:\Users\vresh\AppData\Local\Programs\MiKTeX\tex/latex/pgf/utilities\pgffor.st
y
(C:\Users\vresh\AppData\Local\Programs\MiKTeX\tex/latex/pgf/utilities\pgfkeys.s
ty
(C:\Users\vresh\AppData\Local\Programs\MiKTeX\tex/generic/pgf/utilities\pgfkeys
.code.tex))
(C:\Users\vresh\AppData\Local\Programs\MiKTeX\tex/latex/pgf/math\pgfmath.sty
(C:\Users\vresh\AppData\Local\Programs\MiKTeX\tex/generic/pgf/math\pgfmath.code
.tex))
(C:\Users\vresh\AppData\Local\Programs\MiKTeX\tex/generic/pgf/utilities\pgffor.
code.tex
Package: pgffor 2025-08-29 v3.1.11a (3.1.11a)
\pgffor@iter=\dimen308
\pgffor@skip=\dimen309
\pgffor@stack=\toks55
\pgffor@toks=\toks56
))
(C:\Users\vresh\AppData\Local\Programs\MiKTeX\tex/generic/pgf/frontendlayer/tik
z\tikz.code.tex
Package: tikz 2025-08-29 v3.1.11a (3.1.11a)

(C:\Users\vresh\AppData\Local\Programs\MiKTeX\tex/generic/pgf/libraries\pgflibr
aryplothandlers.code.tex
File: pgflibraryplothandlers.code.tex 2025-08-29 v3.1.11a (3.1.11a)
\pgf@plot@mark@count=\count340
\pgfplotmarksize=\dimen310
)
\tikz@lastx=\dimen311
\tikz@lasty=\dimen312
\tikz@lastxsaved=\dimen313
\tikz@lastysaved=\dimen314
\tikz@lastmovetox=\dimen315
\tikz@lastmovetoy=\dimen316
\tikzleveldistance=\dimen317
\tikzsiblingdistance=\dimen318
\tikz@figbox=\box77
\tikz@figbox@bg=\box78
\tikz@tempbox=\box79
\tikz@tempbox@bg=\box80
\tikztreelevel=\count341
\tikznumberofchildren=\count342
\tikznumberofcurrentchild=\count343
\tikz@fig@count=\count344

(C:\Users\vresh\AppData\Local\Programs\MiKTeX\tex/generic/pgf/modules\pgfmodule
matrix.code.tex
File: pgfmodulematrix.code.tex 2025-08-29 v3.1.11a (3.1.11a)
\pgfmatrixcurrentrow=\count345
\pgfmatrixcurrentcolumn=\count346
\pgf@matrix@numberofcolumns=\count347
)
\tikz@expandcount=\count348

(C:\Users\vresh\AppData\Local\Programs\MiKTeX\tex/generic/pgf/frontendlayer/tik
z/libraries\tikzlibrarytopaths.code.tex
File: tikzlibrarytopaths.code.tex 2025-08-29 v3.1.11a (3.1.11a)
)))
(C:\Users\vresh\AppData\Local\Programs\MiKTeX\tex/latex/tools\verbatim.sty
Package: verbatim 2024-01-22 v1.5x LaTeX2e package for verbatim enhancements
\every@verbatim=\toks57
\verbatim@line=\toks58
\verbatim@in@stream=\read3
)
(C:\Users\vresh\AppData\Local\Programs\MiKTeX\tex/latex/environ\environ.sty
Package: environ 2014/05/04 v0.3 A new way to define environments

(C:\Users\vresh\AppData\Local\Programs\MiKTeX\tex/latex/trimspaces\trimspaces.s
ty
Package: trimspaces 2009/09/17 v1.1 Trim spaces around a token list
))
\tcb@titlebox=\box81
\tcb@upperbox=\box82
\tcb@lowerbox=\box83
\tcb@phantombox=\box84
\c@tcbbreakpart=\count349
\c@tcblayer=\count350
\c@tcolorbox@number=\count351
\l__tcobox_tmpa_box=\box85
\l__tcobox_tmpa_dim=\dimen319
\tcb@temp=\box86
\tcb@temp=\box87
\tcb@temp=\box88
\tcb@temp=\box89

(C:\Users\vresh\AppData\Local\Programs\MiKTeX\tex/latex/tcolorbox\tcbraster.cod
e.tex
Library (tcolorbox): 'tcbraster.code.tex' version '6.9.0'
\c@tcbrastercolumn=\count352
\c@tcbrasterrow=\count353
\c@tcbrasternum=\count354
\c@tcbraster=\count355
)
(C:\Users\vresh\AppData\Local\Programs\MiKTeX\tex/latex/tcolorbox\tcbskins.code
.tex
Library (tcolorbox): 'tcbskins.code.tex' version '6.9.0'

(C:\Users\vresh\AppData\Local\Programs\MiKTeX\tex/latex/tikzfill\tikzfill.image
.sty
Package: tikzfill.image 2026/04/23 v1.2.0 Image filling library for TikZ

(C:\Users\vresh\AppData\Local\Programs\MiKTeX\tex/latex/tikzfill\tikzlibraryfil
l.image.code.tex
File: tikzlibraryfill.image.code.tex 2026/04/23 v1.2.0 Image filling library
\l__tikzfill_tmpa_dim=\dimen320
\l__tikzfill_tmpb_dim=\dimen321
\l__tikzfill_img_box=\box90
))
(C:\Users\vresh\AppData\Local\Programs\MiKTeX\tex/latex/tcolorbox\tcbskinsjigsa
w.code.tex
Library (tcolorbox): 'tcbskinsjigsaw.code.tex' version '6.9.0'
))
(C:\Users\vresh\AppData\Local\Programs\MiKTeX\tex/latex/tcolorbox\tcbbreakable.
code.tex
Library (tcolorbox): 'tcbbreakable.code.tex' version '6.9.0'
(C:\Users\vresh\AppData\Local\Programs\MiKTeX\tex/latex/pdfcol\pdfcol.sty
Package: pdfcol 2022-09-21 v1.7 Handle new color stacks for pdfTeX (HO)

(C:\Users\vresh\AppData\Local\Programs\MiKTeX\tex/generic/ltxcmds\ltxcmds.sty
Package: ltxcmds 2023-12-04 v1.26 LaTeX kernel commands for general use (HO)
)
(C:\Users\vresh\AppData\Local\Programs\MiKTeX\tex/generic/infwarerr\infwarerr.s
ty
Package: infwarerr 2019/12/03 v1.5 Providing info/warning/error messages (HO)
))
Package pdfcol Info: New color stack `tcb@breakable' = 1 on input line 23.
\tcb@testbox=\box91
\tcb@totalupperbox=\box92
\tcb@totallowerbox=\box93
)
(C:\Users\vresh\AppData\Local\Programs\MiKTeX\tex/latex/tcolorbox\tcbhooks.code
.tex
Library (tcolorbox): 'tcbhooks.code.tex' version '6.9.0'
)
(C:\Users\vresh\AppData\Local\Programs\MiKTeX\tex/latex/tcolorbox\tcbtheorems.c
ode.tex
Library (tcolorbox): 'tcbtheorems.code.tex' version '6.9.0'
)
(C:\Users\vresh\AppData\Local\Programs\MiKTeX\tex/latex/tcolorbox\tcbfitting.co
de.tex
Library (tcolorbox): 'tcbfitting.code.tex' version '6.9.0'
\tcbfitdim=\dimen322
\tcb@lowerfitdim=\dimen323
\tcb@upperfitdim=\dimen324
\tcb@cur@hbadness=\count356
)
(C:\Users\vresh\AppData\Local\Programs\MiKTeX\tex/latex/tcolorbox\tcblistingsut
f8.code.tex
Library (tcolorbox): 'tcblistingsutf8.code.tex' version '6.9.0'

(C:\Users\vresh\AppData\Local\Programs\MiKTeX\tex/latex/tcolorbox\tcblistings.c
ode.tex
Library (tcolorbox): 'tcblistings.code.tex' version '6.9.0'

(C:\Users\vresh\AppData\Local\Programs\MiKTeX\tex/latex/tcolorbox\tcblistingsco
re.code.tex
Library (tcolorbox): 'tcblistingscore.code.tex' version '6.9.0'

(C:\Users\vresh\AppData\Local\Programs\MiKTeX\tex/latex/tcolorbox\tcbprocessing
.code.tex
Library (tcolorbox): 'tcbprocessing.code.tex' version '6.9.0'
)
\c@tcblisting=\count357
))
(C:\Users\vresh\AppData\Local\Programs\MiKTeX\tex/latex/listingsutf8\listingsut
f8.sty
Package: listingsutf8 2019-12-10 v1.5 Allow UTF-8 in listings input (HO)

(C:\Users\vresh\AppData\Local\Programs\MiKTeX\tex/generic/pdftexcmds\pdftexcmds
.sty
Package: pdftexcmds 2020-06-27 v0.33 Utility functions of pdfTeX for LuaTeX (HO
)
Package pdftexcmds Info: \pdf@primitive is available.
Package pdftexcmds Info: \pdf@ifprimitive is available.
Package pdftexcmds Info: \pdfdraftmode found.
)
(C:\Users\vresh\AppData\Local\Programs\MiKTeX\tex/generic/stringenc\stringenc.s
ty
Package: stringenc 2019/11/29 v1.12 Convert strings between diff. encodings (HO
)

(C:\Users\vresh\AppData\Local\Programs\MiKTeX\tex/generic/pdfescape\pdfescape.s
ty
Package: pdfescape 2019/12/09 v1.15 Implements pdfTeX's escape features (HO)
))))
(C:\Users\vresh\AppData\Local\Programs\MiKTeX\tex/latex/tcolorbox\tcbexternal.c
ode.tex
Library (tcolorbox): 'tcbexternal.code.tex' version '6.9.0'
)
(C:\Users\vresh\AppData\Local\Programs\MiKTeX\tex/latex/tcolorbox\tcbmagazine.c
ode.tex
Library (tcolorbox): 'tcbmagazine.code.tex' version '6.9.0'
)
(C:\Users\vresh\AppData\Local\Programs\MiKTeX\tex/latex/tcolorbox\tcbvignette.c
ode.tex
Library (tcolorbox): 'tcbvignette.code.tex' version '6.9.0'

(C:\Users\vresh\AppData\Local\Programs\MiKTeX\tex/generic/pgf/frontendlayer/tik
z/libraries\tikzlibraryfadings.code.tex
File: tikzlibraryfadings.code.tex 2025-08-29 v3.1.11a (3.1.11a)

(C:\Users\vresh\AppData\Local\Programs\MiKTeX\tex/generic/pgf/libraries\pgflibr
aryfadings.code.tex
File: pgflibraryfadings.code.tex 2025-08-29 v3.1.11a (3.1.11a)
)))
(C:\Users\vresh\AppData\Local\Programs\MiKTeX\tex/latex/tcolorbox\tcbposter.cod
e.tex
Library (tcolorbox): 'tcbposter.code.tex' version '6.9.0'
))
(C:\Users\vresh\AppData\Local\Programs\MiKTeX\tex/latex/hyperref\hyperref.sty
Package: hyperref 2026-01-29 v7.01p Hypertext links for LaTeX

(C:\Users\vresh\AppData\Local\Programs\MiKTeX\tex/latex/kvsetkeys\kvsetkeys.sty
Package: kvsetkeys 2022-10-05 v1.19 Key value parser (HO)
)
(C:\Users\vresh\AppData\Local\Programs\MiKTeX\tex/generic/kvdefinekeys\kvdefine
keys.sty
Package: kvdefinekeys 2019-12-19 v1.6 Define keys (HO)
)
(C:\Users\vresh\AppData\Local\Programs\MiKTeX\tex/latex/hycolor\hycolor.sty
Package: hycolor 2020-01-27 v1.10 Color options for hyperref/bookmark (HO)
)
(C:\Users\vresh\AppData\Local\Programs\MiKTeX\tex/latex/hyperref\nameref.sty
Package: nameref 2026-01-29 v2.58 Cross-referencing by name of section

(C:\Users\vresh\AppData\Local\Programs\MiKTeX\tex/latex/refcount\refcount.sty
Package: refcount 2019/12/15 v3.6 Data extraction from label references (HO)
)
(C:\Users\vresh\AppData\Local\Programs\MiKTeX\tex/generic/gettitlestring\gettit
lestring.sty
Package: gettitlestring 2019/12/15 v1.6 Cleanup title references (HO)

(C:\Users\vresh\AppData\Local\Programs\MiKTeX\tex/latex/kvoptions\kvoptions.sty
Package: kvoptions 2022-06-15 v3.15 Key value format for package options (HO)
))
\c@section@level=\count358
)
\@linkdim=\dimen325
\Hy@linkcounter=\count359
\Hy@pagecounter=\count360
 (C:\Users\vresh\AppData\Local\Programs\MiKTeX\tex/latex/hyperref\pd1enc.def
File: pd1enc.def 2026-01-29 v7.01p Hyperref: PDFDocEncoding definition (HO)
Now handling font encoding PD1 ...
... no UTF-8 mapping file for font encoding PD1
) (C:\Users\vresh\AppData\Local\Programs\MiKTeX\tex/generic/intcalc\intcalc.sty
Package: intcalc 2019/12/15 v1.3 Expandable calculations with integers (HO)
)
\Hy@SavedSpaceFactor=\count361
 (C:\Users\vresh\AppData\Local\Programs\MiKTeX\tex/latex/hyperref\puenc.def
File: puenc.def 2026-01-29 v7.01p Hyperref: PDF Unicode definition (HO)
Now handling font encoding PU ...
... no UTF-8 mapping file for font encoding PU
)
Package hyperref Info: Hyper figures OFF on input line 4201.
Package hyperref Info: Link nesting OFF on input line 4206.
Package hyperref Info: Hyper index ON on input line 4209.
Package hyperref Info: Plain pages OFF on input line 4216.
Package hyperref Info: Backreferencing OFF on input line 4221.
Package hyperref Info: Implicit mode ON; LaTeX internals redefined.
Package hyperref Info: Bookmarks ON on input line 4468.
\c@Hy@tempcnt=\count362
LaTeX Info: Redefining \url on input line 4807.
\XeTeXLinkMargin=\dimen326

(C:\Users\vresh\AppData\Local\Programs\MiKTeX\tex/generic/bitset\bitset.sty
Package: bitset 2019/12/09 v1.3 Handle bit-vector datatype (HO)

(C:\Users\vresh\AppData\Local\Programs\MiKTeX\tex/generic/bigintcalc\bigintcalc
.sty
Package: bigintcalc 2019/12/15 v1.5 Expandable calculations on big integers (HO
)
))
\Fld@menulength=\count363
\Field@Width=\dimen327
\Fld@charsize=\dimen328
Package hyperref Info: Hyper figures OFF on input line 6084.
Package hyperref Info: Link nesting OFF on input line 6089.
Package hyperref Info: Hyper index ON on input line 6092.
Package hyperref Info: backreferencing OFF on input line 6099.
Package hyperref Info: Link coloring OFF on input line 6104.
Package hyperref Info: Link coloring with OCG OFF on input line 6109.
Package hyperref Info: PDF/A mode OFF on input line 6114.
\Hy@abspage=\count364
\c@Item=\count365
\c@Hfootnote=\count366
)
Package hyperref Info: Driver (autodetected): hpdftex.

(C:\Users\vresh\AppData\Local\Programs\MiKTeX\tex/latex/hyperref\hpdftex.def
File: hpdftex.def 2026-01-29 v7.01p Hyperref driver for pdfTeX
\Fld@listcount=\count367
\c@bookmark@seq@number=\count368

(C:\Users\vresh\AppData\Local\Programs\MiKTeX\tex/latex/rerunfilecheck\rerunfil
echeck.sty
Package: rerunfilecheck 2025-06-21 v1.11 Rerun checks for auxiliary files (HO)

(C:\Users\vresh\AppData\Local\Programs\MiKTeX\tex/generic/uniquecounter\uniquec
ounter.sty
Package: uniquecounter 2019/12/15 v1.4 Provide unlimited unique counter (HO)
)
Package uniquecounter Info: New unique counter `rerunfilecheck' on input line 2
84.
)
\Hy@SectionHShift=\skip87
)
(C:\Users\vresh\AppData\Local\Programs\MiKTeX\tex/latex/cleveref\cleveref.sty
Package: cleveref 2018/03/27 v0.21.4 Intelligent cross-referencing
Package cleveref Info: `hyperref' support loaded on input line 2370.
LaTeX Info: Redefining \cref on input line 2370.
LaTeX Info: Redefining \Cref on input line 2370.
LaTeX Info: Redefining \crefrange on input line 2370.
LaTeX Info: Redefining \Crefrange on input line 2370.
LaTeX Info: Redefining \cpageref on input line 2370.
LaTeX Info: Redefining \Cpageref on input line 2370.
LaTeX Info: Redefining \cpagerefrange on input line 2370.
LaTeX Info: Redefining \Cpagerefrange on input line 2370.
LaTeX Info: Redefining \labelcref on input line 2370.
LaTeX Info: Redefining \labelcpageref on input line 2370.
Package cleveref Info: `amsthm' support loaded on input line 3026.
Package cleveref Info: `listings' support loaded on input line 3131.
Package cleveref Info: always capitalise cross-reference names on input line 78
25.
Package cleveref Info: include cross-reference names in hyperlinks on input lin
e 7836.
Package cleveref Info: include cross-reference names in hyperlinks on input lin
e 7852.
Package cleveref Info: no abbreviation of names on input line 7852.
Package cleveref Info: always capitalise cross-reference names on input line 78
52.
)
==> First Aid for cleveref.sty applied!
Package hyperref Info: Option `hypertexnames' set `false' on input line 56.
Package hyperref Info: Option `colorlinks' set `true' on input line 56.
\c@theorem=\count369
LaTeX Font Info:    Trying to load font information for T1+LibertinusSerif-TLF 
on input line 129.

(C:\Users\vresh\AppData\Local\Programs\MiKTeX\tex/latex/libertinus-type1\t1libe
rtinusserif-tlf.fd
File: T1LibertinusSerif-TLF.fd 2024/09/22 (autoinst) Font definitions for T1/Li
bertinusSerif-TLF.
)
LaTeX Font Info:    Font shape `T1/LibertinusSerif-TLF/m/n' will be
(Font)              scaled to size 10.95pt on input line 129.

(C:\Users\vresh\AppData\Local\Programs\MiKTeX\tex/latex/l3backend\l3backend-pdf
tex.def
File: l3backend-pdftex.def 2026-02-18 L3 backend support: PDF output (pdfTeX)
\l__color_backend_stack_int=\count370
)
No file Dyadic_Up_Extraction.aux.
\openout1 = `Dyadic_Up_Extraction.aux'.

LaTeX Font Info:    Checking defaults for OML/cmm/m/it on input line 129.
LaTeX Font Info:    ... okay on input line 129.
LaTeX Font Info:    Checking defaults for OMS/cmsy/m/n on input line 129.
LaTeX Font Info:    ... okay on input line 129.
LaTeX Font Info:    Checking defaults for OT1/cmr/m/n on input line 129.
LaTeX Font Info:    ... okay on input line 129.
LaTeX Font Info:    Checking defaults for T1/cmr/m/n on input line 129.
LaTeX Font Info:    ... okay on input line 129.
LaTeX Font Info:    Checking defaults for TS1/cmr/m/n on input line 129.
LaTeX Font Info:    ... okay on input line 129.
LaTeX Font Info:    Checking defaults for OMX/cmex/m/n on input line 129.
LaTeX Font Info:    ... okay on input line 129.
LaTeX Font Info:    Checking defaults for U/cmr/m/n on input line 129.
LaTeX Font Info:    ... okay on input line 129.
LaTeX Font Info:    Checking defaults for PD1/pdf/m/n on input line 129.
LaTeX Font Info:    ... okay on input line 129.
LaTeX Font Info:    Checking defaults for PU/pdf/m/n on input line 129.
LaTeX Font Info:    ... okay on input line 129.
*geometry* driver: auto-detecting
*geometry* detected driver: pdftex
*geometry* verbose mode - [ preamble ] result:
* driver: pdftex
* paper: a4paper
* layout: <same size as paper>
* layoutoffset:(h,v)=(0.0pt,0.0pt)
* modes: 
* h-part:(L,W,R)=(73.97716pt, 449.55356pt, 73.97716pt)
* v-part:(T,H,B)=(73.97716pt, 697.09253pt, 73.97716pt)
* \paperwidth=597.50787pt
* \paperheight=845.04684pt
* \textwidth=449.55356pt
* \textheight=697.09253pt
* \oddsidemargin=1.70717pt
* \evensidemargin=1.70717pt
* \topmargin=-38.29283pt
* \headheight=15.0pt
* \headsep=25.0pt
* \topskip=11.0pt
* \footskip=30.0pt
* \marginparwidth=59.0pt
* \marginparsep=10.0pt
* \columnsep=10.0pt
* \skip\footins=10.0pt plus 4.0pt minus 2.0pt
* \hoffset=0.0pt
* \voffset=0.0pt
* \mag=1000
* \@twocolumnfalse
* \@twosidefalse
* \@mparswitchfalse
* \@reversemarginfalse
* (1in=72.27pt=25.4mm, 1cm=28.453pt)

\c@mv@tabular=\count371
\c@mv@boldtabular=\count372
LaTeX Info: Redefining \microtypecontext on input line 129.
Package microtype Info: Applying patch `item' on input line 129.
Package microtype Info: Applying patch `toc' on input line 129.
Package microtype Info: Applying patch `eqnum' on input line 129.
Package microtype Info: Applying patch `footnote' on input line 129.
Package microtype Info: Applying patch `verbatim' on input line 129.
LaTeX Info: Redefining \microtypesetup on input line 129.
Package microtype Info: Generating PDF output.
Package microtype Info: Character protrusion enabled (level 2).
Package microtype Info: Using default protrusion set `alltext'.
Package microtype Info: Automatic font expansion enabled (level 2),
(microtype)             stretch: 20, shrink: 20, step: 1, non-selected.
Package microtype Info: Using default expansion set `alltext-nott'.
Package microtype Info: Patching command `\showhyphens'.
Package microtype Info: No adjustment of tracking.
Package microtype Info: No adjustment of interword spacing.
Package microtype Info: No adjustment of character kerning.
Package microtype Info: Loading generic protrusion settings for font family
(microtype)             `LibertinusSerif-TLF' (encoding: T1).
(microtype)             For optimal results, create family-specific settings.
(microtype)             See the microtype manual for details.

(C:\Users\vresh\AppData\Local\Programs\MiKTeX\tex/context/base/mkii\supp-pdf.mk
ii
[Loading MPS to PDF converter (version 2006.09.02).]
\scratchcounter=\count373
\scratchdimen=\dimen329
\scratchbox=\box94
\nofMPsegments=\count374
\nofMParguments=\count375
\everyMPshowfont=\toks59
\MPscratchCnt=\count376
\MPscratchDim=\dimen330
\MPnumerator=\count377
\makeMPintoPDFobject=\count378
\everyMPtoPDFconversion=\toks60
)
(C:\Users\vresh\AppData\Local\Programs\MiKTeX\tex/latex/epstopdf-pkg\epstopdf-b
ase.sty
Package: epstopdf-base 2020-01-24 v2.11 Base part for package epstopdf

(C:\Users\vresh\AppData\Local\Programs\MiKTeX\tex/latex/grfext\grfext.sty
Package: grfext 2019/12/03 v1.3 Manage graphics extensions (HO)
)

Package epstopdf Warning: Shell escape feature is not enabled.

Package epstopdf-base Info: Redefining graphics rule for `.eps' on input line 4
85.
Package grfext Info: Graphics extension search list:
(grfext)             [.pdf,.png,.jpg,.mps,.jpeg,.jbig2,.jb2,.PDF,.PNG,.JPG,.JPE
G,.JBIG2,.JB2,.eps]
(grfext)             \AppendGraphicsExtensions on input line 504.

(C:\Users\vresh\AppData\Local\Programs\MiKTeX\tex/latex/00miktex\epstopdf-sys.c
fg
File: epstopdf-sys.cfg 2021/03/18 v2.0 Configuration of epstopdf for MiKTeX
))
\c@lstlisting=\count379
Package hyperref Info: Link coloring ON on input line 129.
\@outlinefile=\write4
\openout4 = `Dyadic_Up_Extraction.out'.

LaTeX Font Info:    Font shape `T1/LibertinusSerif-TLF/m/n' will be
(Font)              scaled to size 17.28pt on input line 137.
LaTeX Font Info:    Font shape `T1/LibertinusSerif-TLF/b/n' will be
(Font)              scaled to size 17.28pt on input line 137.
LaTeX Font Info:    Font shape `T1/LibertinusSerif-TLF/m/n' will be
(Font)              scaled to size 14.4pt on input line 137.
LaTeX Font Info:    Font shape `T1/LibertinusSerif-TLF/m/n' will be
(Font)              scaled to size 12.0pt on input line 137.

(C:\Users\vresh\AppData\Local\Programs\MiKTeX\tex/latex/microtype\mt-cmr.cfg
File: mt-cmr.cfg 2013/05/19 v2.2 microtype config. file: Computer Modern Roman 
(RS)
)
LaTeX Font Info:    Trying to load font information for U+msa on input line 137
.

(C:\Users\vresh\AppData\Local\Programs\MiKTeX\tex/latex/amsfonts\umsa.fd
File: umsa.fd 2013/01/14 v3.01 AMS symbols A
)
(C:\Users\vresh\AppData\Local\Programs\MiKTeX\tex/latex/microtype\mt-msa.cfg
File: mt-msa.cfg 2006/02/04 v1.1 microtype config. file: AMS symbols (a) (RS)
)
LaTeX Font Info:    Trying to load font information for U+msb on input line 137
.

(C:\Users\vresh\AppData\Local\Programs\MiKTeX\tex/latex/amsfonts\umsb.fd
File: umsb.fd 2013/01/14 v3.01 AMS symbols B
)
(C:\Users\vresh\AppData\Local\Programs\MiKTeX\tex/latex/microtype\mt-msb.cfg
File: mt-msb.cfg 2005/06/01 v1.0 microtype config. file: AMS symbols (b) (RS)
)
LaTeX Font Info:    Trying to load font information for U+rsfs on input line 13
7.

(C:\Users\vresh\AppData\Local\Programs\MiKTeX\tex/latex/jknappen\ursfs.fd
File: ursfs.fd 1998/03/24 rsfs font definition file (jk)
)
LaTeX Font Info:    Font shape `T1/LibertinusSerif-TLF/m/n' will be
(Font)              scaled to size 10.0pt on input line 137.
LaTeX Font Info:    Font shape `T1/LibertinusSerif-TLF/b/n' will be
(Font)              scaled to size 10.0pt on input line 138.
LaTeX Font Info:    Font shape `T1/LibertinusSerif-TLF/b/n' will be
(Font)              scaled to size 14.4pt on input line 189.

No file Dyadic_Up_Extraction.toc.
\tf@toc=\write5
\openout5 = `Dyadic_Up_Extraction.toc'.

[1

{C:/Users/vresh/AppData/Local/MiKTeX/fonts/map/pdftex/pdftex.map}{C:/Users/vres
h/AppData/Local/Programs/MiKTeX/fonts/enc/dvips/libertinus-type1/lbn1_sfissr.en
c}{C:/Users/vresh/AppData/Local/Programs/MiKTeX/fonts/enc/dvips/libertinus-type
1/lbn1_75t36g.enc}]
LaTeX Font Info:    Font shape `T1/LibertinusSerif-TLF/b/n' will be
(Font)              scaled to size 10.95pt on input line 203.


LaTeX Warning: Citation `rvachev1990' on page 2 undefined on input line 203.


LaTeX Warning: Citation `arias1982' on page 2 undefined on input line 203.

LaTeX Font Info:    Trying to load font information for T1+LibertinusMono-TLF o
n input line 212.

(C:\Users\vresh\AppData\Local\Programs\MiKTeX\tex/latex/libertinus-type1\t1libe
rtinusmono-tlf.fd
File: T1LibertinusMono-TLF.fd 2025/01/11 (autoinst) Font definitions for T1/Lib
ertinusMono-TLF.
)
LaTeX Font Info:    Font shape `T1/LibertinusMono-TLF/m/n' will be
(Font)              scaled to size 9.30756pt on input line 212.
Package microtype Info: Loading generic protrusion settings for font family
(microtype)             `LibertinusMono-TLF' (encoding: T1).
(microtype)             For optimal results, create family-specific settings.
(microtype)             See the microtype manual for details.
Package microtype Info: Character `guilsinglleft ' is missing
(microtype)             in font `T1/LibertinusMono-TLF/m/n/10.95'.
(microtype)             Ignoring protrusion settings for this character.
Package microtype Info: Character `guilsinglright ' is missing
(microtype)             in font `T1/LibertinusMono-TLF/m/n/10.95'.
(microtype)             Ignoring protrusion settings for this character.


LaTeX Warning: Citation `proveit-primary' on page 2 undefined on input line 213
.


LaTeX Warning: Reference `due:sec:setting' on page 1 undefined on input line 21
7.

LaTeX Font Info:    Font shape `T1/LibertinusSerif-TLF/m/it' will be
(Font)              scaled to size 10.95pt on input line 223.

LaTeX Warning: Reference `due:def:set-depth' on page 1 undefined on input line 
229.


LaTeX Warning: Reference `due:eq:set-main-law' on page 1 undefined on input lin
e 267.


LaTeX Warning: Reference `due:rmk:set-exponent-conventions' on page 1 undefined
 on input line 277.


LaTeX Warning: Reference `due:thm:set-main' on page 1 undefined on input line 2
80.


LaTeX Warning: Reference `due:prop:set-head-tail' on page 1 undefined on input 
line 282.


LaTeX Warning: Reference `due:lem:set-tail-one-piece' on page 1 undefined on in
put line 284.


LaTeX Warning: Reference `due:lem:set-midpoint' on page 1 undefined on input li
ne 284.


LaTeX Warning: Reference `due:sec:coefficients' on page 1 undefined on input li
ne 288.


LaTeX Warning: Reference `due:sec:jet' on page 1 undefined on input line 289.


LaTeX Warning: Reference `due:sec:main' on page 1 undefined on input line 290.


LaTeX Warning: Reference `due:eq:set-main-law' on page 1 undefined on input lin
e 290.


LaTeX Warning: Reference `due:sec:sharpness' on page 1 undefined on input line 
292.


LaTeX Warning: Citation `proveit-exponents' on page 2 undefined on input line 2
94.

LaTeX Font Info:    Font shape `T1/LibertinusSerif-TLF/m/n' will be
(Font)              scaled to size 8.0pt on input line 299.
LaTeX Font Info:    Font shape `T1/LibertinusSerif-TLF/m/n' will be
(Font)              scaled to size 6.0pt on input line 299.
[2

{C:/Users/vresh/AppData/Local/Programs/MiKTeX/fonts/enc/dvips/libertinus-type1/
lbn1_or3pzs.enc}{C:/Users/vresh/AppData/Local/Programs/MiKTeX/fonts/enc/dvips/l
ibertinus-type1/lbn1_sncvby.enc}]

LaTeX Warning: Reference `due:thm:set-main' on page 1 undefined on input line 3
14.


LaTeX Warning: Reference `due:thm:ext-extraction' on page 1 undefined on input 
line 341.


LaTeX Warning: Reference `due:thm:set-main' on page 1 undefined on input line 3
43.


LaTeX Warning: Reference `due:thm:ext-weights' on page 1 undefined on input lin
e 344.


LaTeX Warning: Reference `due:eq:set-main-law' on page 1 undefined on input lin
e 351.


LaTeX Warning: Reference `due:eq:set-extraction-row' on page 1 undefined on inp
ut line 354.


LaTeX Warning: Reference `due:ex:set-low-depth' on page 1 undefined on input li
ne 357.


LaTeX Warning: Reference `due:eq:set-main-law-shifted' on page 1 undefined on i
nput line 368.


LaTeX Warning: Reference `due:eq:set-main-law' on page 1 undefined on input lin
e 368.


LaTeX Warning: Reference `due:prop:set-head-tail' on page 1 undefined on input 
line 371.


LaTeX Warning: Reference `due:sec:setting' on page 1 undefined on input line 37
8.


LaTeX Warning: Reference `due:thm:set-extraction' on page 1 undefined on input 
line 384.


LaTeX Warning: Reference `due:thm:set-main' on page 1 undefined on input line 3
92.


LaTeX Warning: Reference `due:thm:set-finite-spline' on page 1 undefined on inp
ut line 401.

[3]

LaTeX Warning: Reference `due:eq:set-scaled-cell' on page 1 undefined on input 
line 413.


LaTeX Warning: Reference `due:eq:set-extraction-row' on page 1 undefined on inp
ut line 414.


LaTeX Warning: Citation `haugland2016' on page 4 undefined on input line 424.


LaTeX Warning: Citation `arias2018' on page 4 undefined on input line 424.


LaTeX Warning: Reference `due:lem:set-midpoint' on page 1 undefined on input li
ne 441.


LaTeX Warning: Reference `due:sec:setting' on page 1 undefined on input line 45
1.


LaTeX Warning: Reference `due:sec:depth' on page 1 undefined on input line 455.



LaTeX Warning: Reference `due:thm:set-main' on page 1 undefined on input line 4
64.


LaTeX Warning: Reference `due:thm:set-extraction' on page 1 undefined on input 
line 466.

LaTeX Font Info:    Font shape `T1/LibertinusSerif-TLF/b/n' will be
(Font)              scaled to size 12.0pt on input line 480.
[4]

LaTeX Warning: Reference `due:eq:set-infinite-product' on page 1 undefined on i
nput line 508.


LaTeX Warning: Reference `due:eq:set-fourier-convention' on page 1 undefined on
 input line 510.


LaTeX Warning: Reference `due:eq:set-infinite-product' on page 1 undefined on i
nput line 511.


LaTeX Warning: Citation `rvachev1990' on page 5 undefined on input line 512.


LaTeX Warning: Citation `arias1982' on page 5 undefined on input line 512.


LaTeX Warning: Reference `due:lem:set-box-transform' on page 1 undefined on inp
ut line 589.


LaTeX Warning: Reference `due:eq:set-infinite-product' on page 1 undefined on i
nput line 616.

[5]

LaTeX Warning: Reference `due:eq:set-head-tail' on page 1 undefined on input li
ne 660.

[6]

LaTeX Warning: Reference `due:eq:set-truncated-power' on page 1 undefined on in
put line 710.


LaTeX Warning: Reference `due:eq:set-truncated-power' on page 1 undefined on in
put line 755.


LaTeX Warning: Reference `due:eq:set-atomic-derivative' on page 1 undefined on 
input line 760.


LaTeX Warning: Reference `due:eq:set-finite-support' on page 1 undefined on inp
ut line 764.


LaTeX Warning: Reference `due:eq:set-truncated-power' on page 1 undefined on in
put line 765.


LaTeX Warning: Reference `due:eq:set-truncated-power' on page 1 undefined on in
put line 771.

[7]

LaTeX Warning: Reference `due:eq:set-scaled-cell' on page 1 undefined on input 
line 818.


LaTeX Warning: Reference `due:sec:set-bridge' on page 1 undefined on input line
 821.


LaTeX Warning: Reference `due:eq:set-atomic-derivative' on page 1 undefined on 
input line 830.


LaTeX Warning: Reference `due:eq:set-nth-derivative' on page 1 undefined on inp
ut line 832.


LaTeX Warning: Citation `proveit-primary' on page 8 undefined on input line 865
.


LaTeX Warning: Reference `due:prop:set-convolution-model' on page 1 undefined o
n input line 867.


LaTeX Warning: Reference `due:eq:set-head-tail' on page 1 undefined on input li
ne 872.


LaTeX Warning: Reference `due:eq:set-differential-law' on page 1 undefined on i
nput line 878.


LaTeX Warning: Reference `due:eq:set-head-tail' on page 1 undefined on input li
ne 898.

[8]
LaTeX Font Info:    Trying to load font information for TS1+LibertinusSerif-TLF
 on input line 930.

(C:\Users\vresh\AppData\Local\Programs\MiKTeX\tex/latex/libertinus-type1\ts1lib
ertinusserif-tlf.fd
File: TS1LibertinusSerif-TLF.fd 2024/09/22 (autoinst) Font definitions for TS1/
LibertinusSerif-TLF.
)
LaTeX Font Info:    Font shape `TS1/LibertinusSerif-TLF/m/n' will be
(Font)              scaled to size 10.95pt on input line 930.
Package microtype Info: Loading generic protrusion settings for font family
(microtype)             `LibertinusSerif-TLF' (encoding: TS1).
(microtype)             For optimal results, create family-specific settings.
(microtype)             See the microtype manual for details.


LaTeX Warning: Citation `proveit-exponents' on page 9 undefined on input line 9
30.


LaTeX Warning: Reference `due:rmk:set-exponent-conventions' on page 1 undefined
 on input line 947.


LaTeX Warning: Citation `proveit-primary' on page 9 undefined on input line 948
.


LaTeX Warning: Reference `due:eq:set-scaled-cell' on page 1 undefined on input 
line 953.


Underfull \hbox (badness 6016) in paragraph at lines 948--955
[]\T1/LibertinusSerif-TLF/b/n/10.95 (+20) The Lean de-vel-op-ment \T1/Libertinu
sSerif-TLF/m/n/10.95 (+20) [[]] works on the Fabius in-ter-val. Its cen-tred sp
line
 []

Package microtype Info: Loading generic protrusion settings for font family
(microtype)             `cmtt' (encoding: OT1).
(microtype)             For optimal results, create family-specific settings.
(microtype)             See the microtype manual for details.

Underfull \hbox (badness 7613) in paragraph at lines 959--972
\T1/LibertinusSerif-TLF/m/n/10.95 (+20) the sec-ond form by even-ness of $[][]$
. The de-gree matches the in-dex: $[][]$
 []


Underfull \hbox (badness 3396) in paragraph at lines 959--972
\T1/LibertinusSerif-TLF/m/it/10.95 (+20) is \T1/LibertinusMono-TLF/m/n/10.95 fa
biusUniformSpline n\T1/LibertinusSerif-TLF/m/n/10.95 (+20) , and the Lean the-o
-rem \T1/LibertinusMono-TLF/m/n/10.95 fabiusUniformSpline_eq_
 []


LaTeX Warning: Reference `due:thm:set-main' on page 1 undefined on input line 9
81.


LaTeX Warning: Reference `due:ex:set-quarter' on page 1 undefined on input line
 982.


LaTeX Warning: Reference `due:eq:set-bridge-report' on page 1 undefined on inpu
t line 989.


LaTeX Warning: Reference `due:eq:set-bridge-lean' on page 1 undefined on input 
line 989.


LaTeX Warning: Reference `due:eq:set-bridge-exponents' on page 1 undefined on i
nput line 989.


LaTeX Warning: Reference `due:ex:set-quarter' on page 1 undefined on input line
 994.


LaTeX Warning: Reference `due:eq:set-truncated-power' on page 1 undefined on in
put line 1004.

[9{C:/Users/vresh/AppData/Local/Programs/MiKTeX/fonts/enc/dvips/libertinus-type
1/lbn1_rlktsf.enc}]

LaTeX Warning: Reference `due:eq:set-depth-valuation' on page 1 undefined on in
put line 1058.


LaTeX Warning: Reference `due:eq:set-bridge-lean' on page 1 undefined on input 
line 1070.


LaTeX Warning: Reference `due:thm:set-finite-spline' on page 1 undefined on inp
ut line 1101.


LaTeX Warning: Reference `due:thm:set-finite-spline' on page 1 undefined on inp
ut line 1108.


LaTeX Warning: Reference `due:eq:set-finite-support' on page 1 undefined on inp
ut line 1109.

[10]

LaTeX Warning: Reference `due:prop:set-head-tail' on page 1 undefined on input 
line 1126.

LaTeX Font Info:    Font shape `T1/LibertinusSerif-TLF/m/it' will be
(Font)              scaled to size 8.0pt on input line 1144.
LaTeX Font Info:    Font shape `T1/LibertinusSerif-TLF/m/it' will be
(Font)              scaled to size 6.0pt on input line 1144.

LaTeX Warning: Reference `due:lem:set-knots' on page 1 undefined on input line 
1178.


LaTeX Warning: Reference `due:eq:set-finite-support' on page 1 undefined on inp
ut line 1183.


LaTeX Warning: Reference `due:eq:set-knot-set' on page 1 undefined on input lin
e 1189.


LaTeX Warning: Reference `due:thm:set-finite-spline' on page 1 undefined on inp
ut line 1191.


LaTeX Warning: Reference `due:thm:set-finite-spline' on page 1 undefined on inp
ut line 1207.


LaTeX Warning: Reference `due:lem:set-midpoint' on page 1 undefined on input li
ne 1215.


LaTeX Warning: Reference `due:thm:set-main' on page 1 undefined on input line 1
216.


LaTeX Warning: Reference `due:ex:set-quarter' on page 1 undefined on input line
 1224.

[11]

LaTeX Warning: Reference `due:thm:set-main' on page 1 undefined on input line 1
230.


LaTeX Warning: Reference `due:prop:set-basic' on page 1 undefined on input line
 1236.


LaTeX Warning: Reference `due:eq:set-finite-support' on page 1 undefined on inp
ut line 1236.


LaTeX Warning: Reference `due:lem:set-midpoint' on page 1 undefined on input li
ne 1247.


LaTeX Warning: Reference `due:thm:set-finite-spline' on page 1 undefined on inp
ut line 1249.


LaTeX Warning: Reference `due:eq:set-box' on page 1 undefined on input line 125
0.


LaTeX Warning: Reference `due:prop:set-convolution-model' on page 1 undefined o
n input line 1251.


LaTeX Warning: Reference `due:eq:set-cell-polynomial' on page 1 undefined on in
put line 1263.


LaTeX Warning: Reference `due:eq:set-head-tail' on page 1 undefined on input li
ne 1286.


LaTeX Warning: Reference `due:thm:set-finite-spline' on page 1 undefined on inp
ut line 1288.


LaTeX Warning: Reference `due:eq:set-nth-derivative' on page 1 undefined on inp
ut line 1299.


LaTeX Warning: Reference `due:lem:set-midpoint' on page 1 undefined on input li
ne 1314.


LaTeX Warning: Reference `due:eq:set-jet-transfer' on page 1 undefined on input
 line 1318.


LaTeX Warning: Reference `due:eq:set-jet-transfer' on page 1 undefined on input
 line 1325.


LaTeX Warning: Reference `due:eq:set-am-definition' on page 1 undefined on inpu
t line 1335.

[12]

LaTeX Warning: Reference `due:sec:main' on page 1 undefined on input line 1365.



LaTeX Warning: Reference `due:sec:jet' on page 1 undefined on input line 1370.


LaTeX Warning: Reference `due:sec:setting' on page 1 undefined on input line 13
88.


LaTeX Warning: Reference `due:eq:mech-head-tail' on page 1 undefined on input l
ine 1411.

[13]

LaTeX Warning: Reference `due:lem:mech-zero-free' on page 1 undefined on input 
line 1444.


LaTeX Warning: Reference `due:lem:mech-finite-inverse' on page 1 undefined on i
nput line 1452.

[14]

LaTeX Warning: Reference `due:lem:mech-zero-free' on page 1 undefined on input 
line 1531.


LaTeX Warning: Reference `due:eq:mech-am-def' on page 1 undefined on input line
 1534.


LaTeX Warning: Reference `due:eq:mech-gamma-rv-def' on page 1 undefined on inpu
t line 1545.


LaTeX Warning: Reference `due:eq:mech-gamma-rv-def' on page 1 undefined on inpu
t line 1546.


LaTeX Warning: Reference `due:eq:mech-am-gamma' on page 1 undefined on input li
ne 1548.


LaTeX Warning: Reference `due:eq:mech-gamma-egf' on page 1 undefined on input l
ine 1548.


LaTeX Warning: Reference `due:eq:mech-mgf-product' on page 1 undefined on input
 line 1552.


LaTeX Warning: Reference `due:eq:mech-am-def' on page 1 undefined on input line
 1553.


LaTeX Warning: Reference `due:eq:mech-gamma-rv-def' on page 1 undefined on inpu
t line 1555.


LaTeX Warning: Reference `due:eq:mech-gamma-rv-def' on page 1 undefined on inpu
t line 1567.


Underfull \hbox (badness 10000) in paragraph at lines 1565--1568
[]\T1/LibertinusMono-TLF/m/n/10.95 Fabius.rvachevReciprocalMomentRat \T1/Libert
inusSerif-TLF/m/n/10.95 (+20) is $\OML/cmm/m/it/10.95 ^^M[]$\T1/LibertinusSerif
-TLF/m/n/10.95 (+20) , and \T1/LibertinusMono-TLF/m/n/10.95 Fabius.binomialConv
_
 []


Underfull \hbox (badness 10000) in paragraph at lines 1568--1570
[]\T1/LibertinusMono-TLF/m/n/10.95 Fabius.rvachevReciprocalMomentRat_eq_complet
eBellPolynomial \T1/LibertinusSerif-TLF/m/n/10.95 (+20) is the Bell-
 []


LaTeX Warning: Reference `due:eq:mech-am-gamma' on page 1 undefined on input li
ne 1572.


LaTeX Warning: Reference `due:eq:mech-gamma-egf' on page 1 undefined on input l
ine 1575.


LaTeX Warning: Reference `due:rmk:mech-appell' on page 1 undefined on input lin
e 1577.

[15]

LaTeX Warning: Reference `due:lem:mech-zero-free' on page 1 undefined on input 
line 1630.


LaTeX Warning: Reference `due:eq:mech-kappa' on page 1 undefined on input line 
1650.


LaTeX Warning: Reference `due:eq:mech-am-def' on page 1 undefined on input line
 1687.


LaTeX Warning: Reference `due:eq:mech-alpha' on page 1 undefined on input line 
1687.


LaTeX Warning: Reference `due:eq:mech-recurrence' on page 1 undefined on input 
line 1693.


LaTeX Warning: Reference `due:prop:mech-log' on page 1 undefined on input line 
1703.


LaTeX Warning: Reference `due:eq:mech-recurrence' on page 1 undefined on input 
line 1704.


LaTeX Warning: Reference `due:eq:mech-am-gamma' on page 1 undefined on input li
ne 1707.


LaTeX Warning: Reference `due:lem:mech-zero-free' on page 1 undefined on input 
line 1712.

[16]

LaTeX Warning: Citation `gasper-rahman' on page 17 undefined on input line 1767
.


LaTeX Warning: Citation `dlmf-q' on page 17 undefined on input line 1767.


LaTeX Warning: Reference `due:eq:mech-qpoch' on page 1 undefined on input line 
1788.


LaTeX Warning: Reference `due:eq:mech-am-gamma' on page 1 undefined on input li
ne 1789.


LaTeX Warning: Reference `due:tab:mech-am' on page 1 undefined on input line 17
99.


LaTeX Warning: Reference `due:eq:mech-recurrence' on page 1 undefined on input 
line 1801.


LaTeX Warning: Reference `due:eq:mech-gamma-rv-def' on page 1 undefined on inpu
t line 1813.


LaTeX Warning: Reference `due:prop:mech-qpoch' on page 1 undefined on input lin
e 1815.


LaTeX Warning: Reference `due:thm:mech-am-rational-positive' on page 1 undefine
d on input line 1817.


LaTeX Warning: Reference `due:eq:mech-recurrence' on page 1 undefined on input 
line 1819.


LaTeX Warning: Reference `due:eq:mech-mgf-product' on page 1 undefined on input
 line 1824.

[17]

LaTeX Warning: Reference `due:prop:mech-qpoch' on page 1 undefined on input lin
e 1842.


LaTeX Warning: Reference `due:prop:mech-log' on page 1 undefined on input line 
1853.


LaTeX Warning: Reference `due:eq:mech-recurrence' on page 1 undefined on input 
line 1853.


LaTeX Warning: Reference `due:prop:mech-log' on page 1 undefined on input line 
1853.


LaTeX Warning: Reference `due:eq:mech-recurrence' on page 1 undefined on input 
line 1853.

LaTeX Font Info:    Font shape `T1/LibertinusSerif-TLF/m/n' will be
(Font)              scaled to size 9.0pt on input line 1855.

LaTeX Warning: Reference `due:eq:mech-dilated-kernel' on page 1 undefined on in
put line 1895.


LaTeX Warning: Reference `due:eq:mech-symbol' on page 1 undefined on input line
 1914.


LaTeX Warning: Reference `due:eq:mech-averaging' on page 1 undefined on input l
ine 1916.

[18]

LaTeX Warning: Reference `due:eq:mech-symbol' on page 1 undefined on input line
 1945.


LaTeX Warning: Reference `due:eq:mech-moment-convolution' on page 1 undefined o
n input line 1955.


LaTeX Warning: Reference `due:eq:mech-finite-inverse' on page 1 undefined on in
put line 1956.


LaTeX Warning: Reference `due:eq:mech-finite-inverse-jet' on page 1 undefined o
n input line 1959.


LaTeX Warning: Reference `due:eq:mech-am-gamma' on page 1 undefined on input li
ne 1969.


LaTeX Warning: Reference `due:eq:mech-finite-inverse' on page 1 undefined on in
put line 1974.


Overfull \hbox (16.53271pt too wide) in paragraph at lines 1964--1979
[][] \OML/cmm/m/it/10.95 ^^M[]D[]\OT1/cmr/m/n/10.95 (\OML/cmm/m/it/10.95 x[]\OT
1/cmr/m/n/10.95 )\OML/cmm/m/it/10.95 =j\OT1/cmr/m/n/10.95 ! = [][](\OMS/cmsy/m/
n/10.95 ^^@\OT1/cmr/m/n/10.95 1)[]\OML/cmm/m/it/10.95 a[]D[]\OT1/cmr/m/n/10.95 
(\OML/cmm/m/it/10.95 x[]\OT1/cmr/m/n/10.95 )$ \T1/LibertinusSerif-TLF/m/n/10.95
 (-20) by [], so the cat-a-logue's de-con-vo-lu-tion op-er-a-tor $\U/rsfs/m/n/1
0.95 D[] [] [] \OML/cmm/m/it/10.95 x[] \OMS/cmsy/m/n/10.95 7!
 []


Overfull \hbox (1.62906pt too wide) in paragraph at lines 1964--1979
\OML/cmm/m/it/10.95 A[]$ \T1/LibertinusSerif-TLF/m/n/10.95 (-20) is ex-actly th
e op-er-a-tor $\OML/cmm/m/it/10.95 R$ \T1/LibertinusSerif-TLF/m/n/10.95 (-20) o
f the proof at $\OML/cmm/m/it/10.95 ^^N \OT1/cmr/m/n/10.95 = 1$\T1/LibertinusSe
rif-TLF/m/n/10.95 (-20) , and the cat-a-logue's smooth-ing iden-tity $[]\OT1/cm
r/m/n/10.95 (\U/rsfs/m/n/10.95 D[]\OML/cmm/m/it/10.95 P\OT1/cmr/m/n/10.95 )(\OM
L/cmm/m/it/10.95 x \OMS/cmsy/m/n/10.95 ^^@
 []


Overfull \hbox (11.53987pt too wide) in paragraph at lines 1964--1979
\OML/cmm/m/it/10.95 t=^^N$ \T1/LibertinusSerif-TLF/m/n/10.95 (-20) gives $\OMS/
cmsy/m/n/10.95 A[]\OML/cmm/m/it/10.95 P \OT1/cmr/m/n/10.95 = [][] \OML/cmm/m/it
/10.95 p[]^^N[]A[]\OT1/cmr/m/n/10.95 (\OML/cmm/m/it/10.95 t=^^N\OT1/cmr/m/n/10.
95 )$ \T1/LibertinusSerif-TLF/m/n/10.95 (-20) for $\OML/cmm/m/it/10.95 P \OT1/c
mr/m/n/10.95 = [][] \OML/cmm/m/it/10.95 p[]t[]$\T1/LibertinusSerif-TLF/m/n/10.9
5 (-20) . \T1/LibertinusSerif-TLF/m/it/10.95 (-20) For-mal ver-sions \T1/Libert
inusSerif-TLF/m/n/10.95 (-20) (all in \T1/LibertinusMono-TLF/m/n/10.95 RvachevM
omentAppell\T1/LibertinusSerif-TLF/m/n/10.95 (-20) ): 
 []


Overfull \hbox (13.25171pt too wide) in paragraph at lines 1982--1984
[]\T1/LibertinusMono-TLF/m/n/10.95 Fabius.integral_eval_rvachevAppellPolynomial
_sub_mul_rvachev\T1/LibertinusSerif-TLF/m/n/10.95 (-20) , the smooth-ing iden-
 []


LaTeX Warning: Reference `due:lem:mech-finite-inverse' on page 1 undefined on i
nput line 1985.


LaTeX Warning: Reference `due:sec:setting' on page 1 undefined on input line 19
92.

[19]

LaTeX Warning: Reference `due:lem:mech-cell' on page 1 undefined on input line 
2031.


LaTeX Warning: Reference `due:eq:mech-head-tail' on page 1 undefined on input l
ine 2063.


LaTeX Warning: Reference `due:lem:mech-cell' on page 1 undefined on input line 
2072.


LaTeX Warning: Reference `due:eq:mech-averaging' on page 1 undefined on input l
ine 2079.


LaTeX Warning: Reference `due:eq:mech-symbol' on page 1 undefined on input line
 2080.


LaTeX Warning: Reference `due:eq:mech-forward-jet' on page 1 undefined on input
 line 2081.


LaTeX Warning: Reference `due:eq:mech-finite-inverse-jet' on page 1 undefined o
n input line 2082.


LaTeX Warning: Reference `due:eq:mech-local-deconvolution' on page 1 undefined 
on input line 2087.


LaTeX Warning: Reference `due:eq:mech-local-value' on page 1 undefined on input
 line 2088.


LaTeX Warning: Citation `proveit-exponents' on page 20 undefined on input line 
2096.


LaTeX Warning: Reference `due:thm:mech-jet-termination' on page 1 undefined on 
input line 2098.


LaTeX Warning: Reference `due:thm:mech-local-deconvolution' on page 1 undefined
 on input line 2101.

[20]

LaTeX Warning: Reference `due:thm:mech-local-deconvolution' on page 1 undefined
 on input line 2110.


LaTeX Warning: Reference `due:lem:mech-finite-inverse' on page 1 undefined on i
nput line 2110.


LaTeX Warning: Reference `due:eq:mech-forward-jet' on page 1 undefined on input
 line 2115.


LaTeX Warning: Reference `due:rmk:mech-second-proof' on page 1 undefined on inp
ut line 2117.


LaTeX Warning: Reference `due:prop:mech-normalizations' on page 1 undefined on 
input line 2126.


LaTeX Warning: Reference `due:sec:setting' on page 1 undefined on input line 21
27.


LaTeX Warning: Reference `due:eq:mech-local-value' on page 1 undefined on input
 line 2128.


LaTeX Warning: Reference `due:eq:mech-local-value' on page 1 undefined on input
 line 2137.


LaTeX Warning: Reference `due:lem:mech-cell' on page 1 undefined on input line 
2150.


LaTeX Warning: Reference `due:thm:mech-local-deconvolution' on page 1 undefined
 on input line 2158.


LaTeX Warning: Reference `due:eq:mech-finite-inverse' on page 1 undefined on in
put line 2170.


LaTeX Warning: Reference `due:eq:mech-odd-onset' on page 1 undefined on input l
ine 2181.


LaTeX Warning: Reference `due:sec:main' on page 1 undefined on input line 2188.



LaTeX Warning: Reference `due:eq:mech-local-value' on page 1 undefined on input
 line 2191.


LaTeX Warning: Reference `due:eq:mech-recurrence' on page 1 undefined on input 
line 2196.


LaTeX Warning: Reference `due:eq:mech-qpoch' on page 1 undefined on input line 
2198.

[21]

LaTeX Warning: Reference `due:eq:mech-stencil' on page 1 undefined on input lin
e 2240.


LaTeX Warning: Reference `due:eq:mech-refinement' on page 1 undefined on input 
line 2242.

LaTeX Font Info:    Font shape `T1/LibertinusMono-TLF/m/it' will be
(Font)              scaled to size 9.30756pt on input line 2266.
Package microtype Info: Character `guilsinglleft ' is missing
(microtype)             in font `T1/LibertinusMono-TLF/m/it/10.95'.
(microtype)             Ignoring protrusion settings for this character.
Package microtype Info: Character `guilsinglright ' is missing
(microtype)             in font `T1/LibertinusMono-TLF/m/it/10.95'.
(microtype)             Ignoring protrusion settings for this character.

LaTeX Warning: Reference `due:eq:mech-stencil' on page 1 undefined on input lin
e 2276.


LaTeX Warning: Reference `due:eq:mech-global-form' on page 1 undefined on input
 line 2280.


LaTeX Warning: Reference `due:eq:mech-tiling' on page 1 undefined on input line
 2285.


LaTeX Warning: Reference `due:thm:mech-stencil' on page 1 undefined on input li
ne 2292.

[22]

LaTeX Warning: Reference `due:eq:mech-global-form' on page 1 undefined on input
 line 2294.


Underfull \hbox (badness 1117) in paragraph at lines 2295--2299
[]\T1/LibertinusMono-TLF/m/n/10.95 Fabius.iteratedDeriv_extendedFabius \T1/Libe
rtinusSerif-TLF/m/n/10.95 (+20) (same mod-ule) is the scal-ing law $\OML/cmm/m/
it/10.95 F[]\OT1/cmr/m/n/10.95 (\OML/cmm/m/it/10.95 t\OT1/cmr/m/n/10.95 ) =
 []


LaTeX Warning: Reference `due:cor:mech-tiling' on page 1 undefined on input lin
e 2303.


LaTeX Warning: Reference `due:eq:mech-local-value' on page 1 undefined on input
 line 2317.


LaTeX Warning: Reference `due:eq:mech-head-tail' on page 1 undefined on input l
ine 2341.


LaTeX Warning: Reference `due:eq:mech-stencil' on page 1 undefined on input lin
e 2390.


LaTeX Warning: Reference `due:eq:mech-tiling' on page 1 undefined on input line
 2392.

[23]

LaTeX Warning: Reference `due:eq:mech-tiling' on page 1 undefined on input line
 2396.


LaTeX Warning: Reference `due:eq:mech-tiling' on page 1 undefined on input line
 2401.


LaTeX Warning: Reference `due:lem:mech-values' on page 1 undefined on input lin
e 2401.


LaTeX Warning: Reference `due:eq:mech-subtop-derivative' on page 1 undefined on
 input line 2407.


LaTeX Warning: Reference `due:eq:mech-top-derivative' on page 1 undefined on in
put line 2418.


Underfull \hbox (badness 10000) in paragraph at lines 2423--2427
[]\T1/LibertinusMono-TLF/m/n/10.95 Fabius.iteratedDeriv_rvachev_centeredDyadic_
eq_zero \T1/LibertinusSerif-TLF/m/n/10.95 (+20) and \T1/LibertinusMono-TLF/m/n/
10.95 Fabius.
 []


Underfull \hbox (badness 10000) in paragraph at lines 2423--2427
\T1/LibertinusMono-TLF/m/n/10.95 iteratedDeriv_rvachev_centeredDyadic_ne_zero \
T1/LibertinusSerif-TLF/m/n/10.95 (+20) (\T1/LibertinusMono-TLF/m/n/10.95 Origin
alPaperSupplement\T1/LibertinusSerif-TLF/m/n/10.95 (+20) )
 []


Underfull \hbox (badness 10000) in paragraph at lines 2427--2430
[]\T1/LibertinusMono-TLF/m/n/10.95 Fabius.iteratedDeriv_fabiusReal_dyadicGrid_e
q_zero_iff
 []


LaTeX Warning: Reference `due:thm:mech-jet-termination' on page 1 undefined on 
input line 2457.


LaTeX Warning: Reference `due:thm:mech-jet-termination' on page 1 undefined on 
input line 2466.


LaTeX Warning: Reference `due:lem:mech-values' on page 1 undefined on input lin
e 2467.


LaTeX Warning: Reference `due:eq:mech-top-derivative' on page 1 undefined on in
put line 2470.


LaTeX Warning: Reference `due:eq:mech-subtop-derivative' on page 1 undefined on
 input line 2471.


LaTeX Warning: Reference `due:thm:mech-local-deconvolution' on page 1 undefined
 on input line 2483.


LaTeX Warning: Reference `due:eq:mech-forward-jet' on page 1 undefined on input
 line 2484.


LaTeX Warning: Reference `due:eq:mech-local-deconvolution' on page 1 undefined 
on input line 2491.

[24]

LaTeX Warning: Reference `due:thm:mech-local-deconvolution' on page 1 undefined
 on input line 2507.


LaTeX Warning: Reference `due:eq:mech-local-deconvolution' on page 1 undefined 
on input line 2508.


LaTeX Warning: Reference `due:eq:mech-forward-jet' on page 1 undefined on input
 line 2508.


Underfull \hbox (badness 10000) in paragraph at lines 2521--2524
[]\T1/LibertinusMono-TLF/m/n/10.95 Fabius.rvachevDyadicTaylorPolynomial_natDegr
ee_eq
 []


LaTeX Warning: Reference `due:sec:main' on page 1 undefined on input line 2556.



LaTeX Warning: Reference `due:eq:mech-exact-modes' on page 1 undefined on input
 line 2558.


LaTeX Warning: Reference `due:eq:mech-local-value' on page 1 undefined on input
 line 2563.


LaTeX Warning: Reference `due:eq:mech-odd-onset' on page 1 undefined on input l
ine 2564.


LaTeX Warning: Reference `due:cor:mech-even-jet' on page 1 undefined on input l
ine 2566.


LaTeX Warning: Reference `due:thm:mech-jet-termination' on page 1 undefined on 
input line 2566.


LaTeX Warning: Reference `due:thm:mech-am-rational-positive' on page 1 undefine
d on input line 2569.


LaTeX Warning: Reference `due:eq:mech-top-even' on page 1 undefined on input li
ne 2572.


LaTeX Warning: Reference `due:eq:mech-top-mode' on page 1 undefined on input li
ne 2572.


LaTeX Warning: Reference `due:sec:setting' on page 1 undefined on input line 25
78.


LaTeX Warning: Reference `due:eq:mech-exact-modes' on page 1 undefined on input
 line 2579.

[25]

LaTeX Warning: Reference `due:sec:setting' on page 1 undefined on input line 26
04.


LaTeX Warning: Reference `due:lem:mech-cell' on page 1 undefined on input line 
2605.


LaTeX Warning: Reference `due:thm:mech-local-deconvolution' on page 1 undefined
 on input line 2607.


LaTeX Warning: Reference `due:eq:mech-local-value' on page 1 undefined on input
 line 2608.


LaTeX Warning: Reference `due:thm:mech-am-rational-positive' on page 1 undefine
d on input line 2610.


LaTeX Warning: Reference `due:thm:mech-jet-termination' on page 1 undefined on 
input line 2611.


LaTeX Warning: Reference `due:cor:mech-even-jet' on page 1 undefined on input l
ine 2612.


LaTeX Warning: Reference `due:cor:mech-exact-modes' on page 1 undefined on inpu
t line 2614.


LaTeX Warning: Reference `due:sec:main' on page 1 undefined on input line 2618.



LaTeX Warning: Reference `due:sec:depth' on page 1 undefined on input line 2632
.


LaTeX Warning: Reference `due:sec:coefficients' on page 1 undefined on input li
ne 2634.


LaTeX Warning: Reference `due:sec:jet' on page 1 undefined on input line 2636.


LaTeX Warning: Reference `due:thm:set-main' on page 1 undefined on input line 2
637.


LaTeX Warning: Reference `due:sec:result' on page 1 undefined on input line 263
7.


LaTeX Warning: Reference `due:sec:sharpness' on page 1 undefined on input line 
2641.


LaTeX Warning: Reference `due:thm:set-main' on page 1 undefined on input line 2
650.


LaTeX Warning: Reference `due:lem:set-midpoint' on page 1 undefined on input li
ne 2654.


LaTeX Warning: Reference `due:lem:mech-cell' on page 1 undefined on input line 
2654.


LaTeX Warning: Reference `due:thm:set-finite-spline' on page 1 undefined on inp
ut line 2657.


LaTeX Warning: Reference `due:prop:set-head-tail' on page 1 undefined on input 
line 2661.


LaTeX Warning: Reference `due:thm:mech-local-deconvolution' on page 1 undefined
 on input line 2665.


LaTeX Warning: Reference `due:thm:mech-jet-termination' on page 1 undefined on 
input line 2676.


LaTeX Warning: Reference `due:eq:main-step2' on page 1 undefined on input line 
2677.

[26]

LaTeX Warning: Reference `due:eq:set-main-law-shifted' on page 1 undefined on i
nput line 2685.


LaTeX Warning: Reference `due:eq:set-main-law' on page 1 undefined on input lin
e 2687.


LaTeX Warning: Reference `due:cor:set-scaled-cell' on page 1 undefined on input
 line 2691.


LaTeX Warning: Reference `due:thm:mech-am-rational-positive' on page 1 undefine
d on input line 2693.


LaTeX Warning: Reference `due:eq:main-step3' on page 1 undefined on input line 
2693.


LaTeX Warning: Reference `due:lem:rec-det' on page 1 undefined on input line 26
99.


LaTeX Warning: Reference `due:eq:set-main-law' on page 1 undefined on input lin
e 2702.


LaTeX Warning: Citation `arias1982' on page 27 undefined on input line 2714.


LaTeX Warning: Citation `arias2018' on page 27 undefined on input line 2714.


LaTeX Warning: Reference `due:cor:main-rational' on page 1 undefined on input l
ine 2714.


LaTeX Warning: Reference `due:sec:sharp-onset' on page 1 undefined on input lin
e 2717.


LaTeX Warning: Reference `due:eq:mech-local-deconvolution' on page 1 undefined 
on input line 2724.


LaTeX Warning: Reference `due:thm:ext-extraction' on page 1 undefined on input 
line 2745.


LaTeX Warning: Reference `due:eq:mech-local-deconvolution' on page 1 undefined 
on input line 2751.


LaTeX Warning: Reference `due:thm:mech-jet-termination' on page 1 undefined on 
input line 2757.


LaTeX Warning: Reference `due:thm:mech-jet-termination' on page 1 undefined on 
input line 2760.


LaTeX Warning: Reference `due:eq:ext-moments' on page 1 undefined on input line
 2764.


LaTeX Warning: Reference `due:eq:main-derivative-law' on page 1 undefined on in
put line 2765.


LaTeX Warning: Reference `due:thm:ext-extraction' on page 1 undefined on input 
line 2766.


LaTeX Warning: Reference `due:eq:main-derivative-law' on page 1 undefined on in
put line 2776.

[27]

LaTeX Warning: Reference `due:thm:ext-weights' on page 1 undefined on input lin
e 2802.


LaTeX Warning: Reference `due:thm:rec-inverse' on page 1 undefined on input lin
e 2803.


LaTeX Warning: Reference `due:cor:mech-tiling' on page 1 undefined on input lin
e 2805.


LaTeX Warning: Reference `due:thm:ext-extraction' on page 1 undefined on input 
line 2810.


LaTeX Warning: Reference `due:cor:rec-jet' on page 1 undefined on input line 28
11.


LaTeX Warning: Reference `due:thm:set-main' on page 1 undefined on input line 2
811.


LaTeX Warning: Reference `due:cor:set-scaled-cell' on page 1 undefined on input
 line 2812.


LaTeX Warning: Reference `due:thm:mech-jet-termination' on page 1 undefined on 
input line 2814.


LaTeX Warning: Reference `due:cor:mech-tiling' on page 1 undefined on input lin
e 2814.


LaTeX Warning: Citation `arias1982' on page 28 undefined on input line 2817.


LaTeX Warning: Citation `arias2018' on page 28 undefined on input line 2817.


LaTeX Warning: Reference `due:prop:stab-denominator' on page 1 undefined on inp
ut line 2822.


LaTeX Warning: Reference `due:sec:recovery' on page 1 undefined on input line 2
830.


LaTeX Warning: Reference `due:eq:set-main-law' on page 1 undefined on input lin
e 2846.


LaTeX Warning: Reference `due:eq:set-main-law' on page 1 undefined on input lin
e 2850.


LaTeX Warning: Reference `due:thm:sharp-modes' on page 1 undefined on input lin
e 2853.

Package microtype Info: Loading generic protrusion settings for font family
(microtype)             `cmss' (encoding: OT1).
(microtype)             For optimal results, create family-specific settings.
(microtype)             See the microtype manual for details.

LaTeX Warning: Reference `due:eq:rec-recurrence' on page 1 undefined on input l
ine 2862.


LaTeX Warning: Reference `due:thm:rec-recurrence' on page 1 undefined on input 
line 2862.


LaTeX Warning: Reference `due:eq:rec-recurrence-int' on page 1 undefined on inp
ut line 2863.


LaTeX Warning: Reference `due:sec:sharp-onset' on page 1 undefined on input lin
e 2865.


LaTeX Warning: Reference `due:eq:main-generating' on page 1 undefined on input 
line 2870.


LaTeX Warning: Reference `due:eq:rec-residual' on page 1 undefined on input lin
e 2873.


LaTeX Warning: Reference `due:prop:rec-diagnostics' on page 1 undefined on inpu
t line 2874.


LaTeX Warning: Reference `due:it:diag-order' on page 28 undefined on input line
 2874.


LaTeX Warning: Reference `due:thm:set-main' on page 1 undefined on input line 2
879.


LaTeX Warning: Reference `due:sec:depth' on page 1 undefined on input line 2882
.


LaTeX Warning: Reference `due:sec:coefficients' on page 1 undefined on input li
ne 2883.


LaTeX Warning: Reference `due:sec:jet' on page 1 undefined on input line 2884.


LaTeX Warning: Reference `due:cor:main-derivative' on page 1 undefined on input
 line 2886.


LaTeX Warning: Reference `due:cor:main-rational' on page 1 undefined on input l
ine 2887.


LaTeX Warning: Reference `due:prop:main-generating' on page 1 undefined on inpu
t line 2889.


LaTeX Warning: Reference `due:cor:main-recurrence' on page 1 undefined on input
 line 2890.

[28]

LaTeX Warning: Reference `due:thm:set-main' on page 1 undefined on input line 2
897.


LaTeX Warning: Reference `due:thm:ext-extraction' on page 1 undefined on input 
line 2899.


LaTeX Warning: Citation `proveit-exponents' on page 29 undefined on input line 
2905.


LaTeX Warning: Reference `due:thm:rec-inverse' on page 1 undefined on input lin
e 2914.


LaTeX Warning: Reference `due:thm:mech-am-rational-positive' on page 1 undefine
d on input line 2932.


LaTeX Warning: Reference `due:cor:mech-even-jet' on page 1 undefined on input l
ine 2933.


LaTeX Warning: Reference `due:eq:mech-top-mode' on page 1 undefined on input li
ne 2934.


LaTeX Warning: Reference `due:eq:rec-modes' on page 1 undefined on input line 2
935.


LaTeX Warning: Reference `due:prop:rec-diagnostics' on page 1 undefined on inpu
t line 2936.


LaTeX Warning: Reference `due:it:diag-order' on page 29 undefined on input line
 2936.


LaTeX Warning: Reference `due:eq:set-main-law' on page 1 undefined on input lin
e 2937.


LaTeX Warning: Reference `due:cor:mech-even-jet' on page 1 undefined on input l
ine 2948.


LaTeX Warning: Reference `due:sec:algorithm' on page 1 undefined on input line 
2949.


LaTeX Warning: Reference `due:lem:set-midpoint' on page 1 undefined on input li
ne 2958.


LaTeX Warning: Reference `due:prop:mech-odd-onset' on page 1 undefined on input
 line 2961.


LaTeX Warning: Reference `due:eq:set-main-law-shifted' on page 1 undefined on i
nput line 2974.


LaTeX Warning: Reference `due:prop:mech-odd-onset' on page 1 undefined on input
 line 2978.


LaTeX Warning: Reference `due:prop:mech-normalizations' on page 1 undefined on 
input line 2981.


LaTeX Warning: Reference `due:eq:mech-gamma-egf' on page 1 undefined on input l
ine 2982.


Overfull \hbox (7.25592pt too wide) in paragraph at lines 2980--2983
[]\T1/LibertinusSerif-TLF/m/n/10.95 (-20) We use the mo-ment gen-er-at-ing func
-tion $\OML/cmm/m/it/10.95 M\OT1/cmr/m/n/10.95 (\OML/cmm/m/it/10.95 z\OT1/cmr/m
/n/10.95 ) = [][] \OML/cmm/m/it/10.95 m[]z[]=n\OT1/cmr/m/n/10.95 !$ \T1/Liberti
nusSerif-TLF/m/n/10.95 (-20) of [], $\OT1/cmr/m/n/10.95 1\OML/cmm/m/it/10.95 =M
\OT1/cmr/m/n/10.95 (\OML/cmm/m/it/10.95 z\OT1/cmr/m/n/10.95 ) = [][](\OMS/cmsy/
m/n/10.95 ^^@\OT1/cmr/m/n/10.95 1)[]\OML/cmm/m/it/10.95 a[]z[]$
 []

[29]

LaTeX Warning: Reference `due:prop:set-basic' on page 1 undefined on input line
 3017.


LaTeX Warning: Reference `due:prop:set-basic' on page 1 undefined on input line
 3024.


LaTeX Warning: Reference `due:eq:sharp-coth' on page 1 undefined on input line 
3034.


LaTeX Warning: Reference `due:eq:mech-mgf-product' on page 1 undefined on input
 line 3035.


LaTeX Warning: Reference `due:lem:set-knots' on page 1 undefined on input line 
3052.


LaTeX Warning: Reference `due:lem:set-midpoint' on page 1 undefined on input li
ne 3077.


LaTeX Warning: Reference `due:thm:set-finite-spline' on page 1 undefined on inp
ut line 3079.

[30]

LaTeX Warning: Reference `due:sec:coefficients' on page 1 undefined on input li
ne 3093.


LaTeX Warning: Reference `due:prop:set-head-tail' on page 1 undefined on input 
line 3093.


LaTeX Warning: Reference `due:thm:mech-jet-termination' on page 1 undefined on 
input line 3122.


LaTeX Warning: Reference `due:thm:mech-jet-termination' on page 1 undefined on 
input line 3133.


LaTeX Warning: Reference `due:eq:sharp-transfer' on page 1 undefined on input l
ine 3145.


LaTeX Warning: Reference `due:lem:mech-finite-inverse' on page 1 undefined on i
nput line 3152.


LaTeX Warning: Reference `due:eq:sharp-Xr' on page 1 undefined on input line 31
57.


LaTeX Warning: Reference `due:eq:sharp-half-mgf-def' on page 1 undefined on inp
ut line 3165.


LaTeX Warning: Reference `due:lem:sharp-half-mgf' on page 1 undefined on input 
line 3170.


LaTeX Warning: Reference `due:eq:sharp-coth' on page 1 undefined on input line 
3171.

[31]

LaTeX Warning: Reference `due:eq:sharp-coth' on page 1 undefined on input line 
3187.


LaTeX Warning: Reference `due:prop:mech-odd-onset' on page 1 undefined on input
 line 3191.


LaTeX Warning: Reference `due:ex:set-quarter' on page 1 undefined on input line
 3195.


LaTeX Warning: Reference `due:eq:sharp-knot-defect' on page 1 undefined on inpu
t line 3197.


LaTeX Warning: Reference `due:sec:algorithm' on page 1 undefined on input line 
3199.


LaTeX Warning: Reference `due:eq:set-main-law' on page 1 undefined on input lin
e 3205.


LaTeX Warning: Reference `due:thm:set-main' on page 1 undefined on input line 3
208.


LaTeX Warning: Reference `due:thm:sharp-knot-defect' on page 1 undefined on inp
ut line 3222.


LaTeX Warning: Reference `due:thm:sharp-knot-defect' on page 1 undefined on inp
ut line 3223.


LaTeX Warning: Reference `due:prop:mech-odd-onset' on page 1 undefined on input
 line 3224.


LaTeX Warning: Reference `due:lem:set-midpoint' on page 1 undefined on input li
ne 3226.


LaTeX Warning: Reference `due:rmk:sharp-depth-one' on page 1 undefined on input
 line 3229.


LaTeX Warning: Reference `due:ex:set-low-depth' on page 1 undefined on input li
ne 3229.


LaTeX Warning: Reference `due:cor:sharp-onset' on page 1 undefined on input lin
e 3238.


LaTeX Warning: Reference `due:eq:sharp-knot-defect' on page 1 undefined on inpu
t line 3242.


LaTeX Warning: Reference `due:lem:sharp-half-mgf' on page 1 undefined on input 
line 3243.


LaTeX Warning: Reference `due:thm:ext-extraction' on page 1 undefined on input 
line 3259.


LaTeX Warning: Reference `due:cor:ext-overorder' on page 1 undefined on input l
ine 3261.


LaTeX Warning: Reference `due:thm:sharp-modes' on page 1 undefined on input lin
e 3274.


LaTeX Warning: Reference `due:prop:rec-minimal' on page 1 undefined on input li
ne 3276.


LaTeX Warning: Reference `due:thm:sharp-modes' on page 1 undefined on input lin
e 3277.

[32]

LaTeX Warning: Reference `due:eq:sharp-top-mode' on page 1 undefined on input l
ine 3285.


LaTeX Warning: Citation `proveit-exponents' on page 33 undefined on input line 
3294.


LaTeX Warning: Reference `due:eq:set-bridge-exponents' on page 1 undefined on i
nput line 3296.


LaTeX Warning: Reference `due:eq:mech-top-derivative' on page 1 undefined on in
put line 3309.


LaTeX Warning: Reference `due:eq:sharp-attained' on page 1 undefined on input l
ine 3315.


LaTeX Warning: Reference `due:cor:main-derivative' on page 1 undefined on input
 line 3320.


LaTeX Warning: Reference `due:thm:mech-jet-termination' on page 1 undefined on 
input line 3325.


LaTeX Warning: Reference `due:thm:set-main' on page 1 undefined on input line 3
352.


LaTeX Warning: Reference `due:eq:sharp-finite-fde' on page 1 undefined on input
 line 3354.


LaTeX Warning: Reference `due:lem:set-box-transform' on page 1 undefined on inp
ut line 3362.


LaTeX Warning: Reference `due:eq:sharp-cdf-half' on page 1 undefined on input l
ine 3366.


LaTeX Warning: Reference `due:thm:set-main' on page 1 undefined on input line 3
369.


LaTeX Warning: Reference `due:ex:set-quarter' on page 1 undefined on input line
 3371.


Overfull \hbox (11.2572pt too wide) in paragraph at lines 3358--3374
[]\T1/LibertinusSerif-TLF/m/n/10.95 (-20) On the Fourier side, $\OT1/cmr/m/n/10
.95 ^^H[](\OML/cmm/m/it/10.95 ^^X\OT1/cmr/m/n/10.95 ) = [][] [][](\OML/cmm/m/it
/10.95 ^^Y^^X=\OT1/cmr/m/n/10.95 2[]) = [][](\OML/cmm/m/it/10.95 ^^Y^^X\OT1/cmr
/m/n/10.95 ) [][] [][][]\OML/cmm/m/it/10.95 ^^Y\OT1/cmr/m/n/10.95 (\OML/cmm/m/i
t/10.95 ^^X=\OT1/cmr/m/n/10.95 2)\OML/cmm/m/it/10.95 =\OT1/cmr/m/n/10.95 2[][] 
=
 []


LaTeX Warning: Reference `due:ex:set-low-depth' on page 1 undefined on input li
ne 3385.


LaTeX Warning: Reference `due:sec:set-bridge' on page 1 undefined on input line
 3391.


LaTeX Warning: Reference `due:sec:register' on page 1 undefined on input line 3
391.

[33]
Overfull \hbox (1.31377pt too wide) in paragraph at lines 3396--3402
\T1/LibertinusSerif-TLF/m/it/10.95 (-20) La-grange weights $\OML/cmm/m/it/10.95
 w[]$ \T1/LibertinusSerif-TLF/m/it/10.95 (-20) (its \T1/LibertinusMono-TLF/m/it
/10.95 p3:eq:richardson-combination \T1/LibertinusSerif-TLF/m/it/10.95 (-20) an
d \T1/LibertinusMono-TLF/m/it/10.95 p3:eq:richardson-weights\T1/LibertinusSerif
-TLF/m/it/10.95 (-20) ).
 []


LaTeX Warning: Reference `due:thm:ext-weights' on page 1 undefined on input lin
e 3416.


LaTeX Warning: Reference `due:cor:ext-overorder' on page 1 undefined on input l
ine 3417.


LaTeX Warning: Reference `due:cor:main-derivative' on page 1 undefined on input
 line 3418.


LaTeX Warning: Reference `due:thm:sharp-modes' on page 1 undefined on input lin
e 3438.


LaTeX Warning: Reference `due:thm:sharp-knot-defect' on page 1 undefined on inp
ut line 3442.


LaTeX Warning: Reference `due:cor:sharp-onset' on page 1 undefined on input lin
e 3444.


LaTeX Warning: Reference `due:thm:sharp-samples' on page 1 undefined on input l
ine 3446.


LaTeX Warning: Reference `due:prop:sharp-attained' on page 1 undefined on input
 line 3448.


LaTeX Warning: Reference `due:prop:sharp-cdf' on page 1 undefined on input line
 3450.


LaTeX Warning: Reference `due:cor:sharp-richardson' on page 1 undefined on inpu
t line 3451.


LaTeX Warning: Reference `due:thm:set-main' on page 1 undefined on input line 3
489.


LaTeX Warning: Reference `due:sec:main' on page 1 undefined on input line 3490.


[34]

LaTeX Warning: Reference `due:eq:ext-model' on page 1 undefined on input line 3
501.


LaTeX Warning: Reference `due:eq:ext-model' on page 1 undefined on input line 3
503.


LaTeX Warning: Reference `due:eq:ext-model' on page 1 undefined on input line 3
506.


LaTeX Warning: Reference `due:eq:ext-model' on page 1 undefined on input line 3
512.


LaTeX Warning: Reference `due:def:ext-weights' on page 1 undefined on input lin
e 3562.


LaTeX Warning: Reference `due:eq:ext-moments' on page 1 undefined on input line
 3574.

[35]

LaTeX Warning: Reference `due:it:ext-exact' on page 36 undefined on input line 
3589.


LaTeX Warning: Reference `due:eq:ext-moments' on page 1 undefined on input line
 3592.


LaTeX Warning: Reference `due:it:ext-unique' on page 36 undefined on input line
 3594.


LaTeX Warning: Reference `due:eq:ext-moments' on page 1 undefined on input line
 3594.


LaTeX Warning: Reference `due:it:ext-uncancelled' on page 36 undefined on input
 line 3598.


LaTeX Warning: Reference `due:it:ext-exact' on page 36 undefined on input line 
3601.


LaTeX Warning: Reference `due:def:ext-weights' on page 1 undefined on input lin
e 3619.


LaTeX Warning: Reference `due:eq:ext-weight-product' on page 1 undefined on inp
ut line 3634.


Overfull \hbox (0.98036pt too wide) in paragraph at lines 3639--3645
\T1/LibertinusSerif-TLF/m/n/10.95 (-20) For $\OML/cmm/m/it/10.95 k < j$ \T1/Lib
ertinusSerif-TLF/m/n/10.95 (-20) write $\OML/cmm/m/it/10.95 q[] \OMS/cmsy/m/n/1
0.95 ^^@ \OML/cmm/m/it/10.95 q[] \OT1/cmr/m/n/10.95 = \OMS/cmsy/m/n/10.95 ^^@\O
ML/cmm/m/it/10.95 q[]\OT1/cmr/m/n/10.95 (1 \OMS/cmsy/m/n/10.95 ^^@ \OML/cmm/m/i
t/10.95 q[]\OT1/cmr/m/n/10.95 )$\T1/LibertinusSerif-TLF/m/n/10.95 (-20) ; the $
\OML/cmm/m/it/10.95 j$ \T1/LibertinusSerif-TLF/m/n/10.95 (-20) fac-tors give $\
OT1/cmr/m/n/10.95 (\OMS/cmsy/m/n/10.95 ^^@\OT1/cmr/m/n/10.95 1)[]\OML/cmm/m/it/
10.95 q[] [][]\OT1/cmr/m/n/10.95 (1 \OMS/cmsy/m/n/10.95 ^^@ \OML/cmm/m/it/10.95
 q[]\OT1/cmr/m/n/10.95 ) = (\OMS/cmsy/m/n/10.95 ^^@\OT1/cmr/m/n/10.95 1)[]\OML/
cmm/m/it/10.95 q[] [][]$\T1/LibertinusSerif-TLF/m/n/10.95 (-20) .
 []

[36]

LaTeX Warning: Reference `due:def:ext-weights' on page 1 undefined on input lin
e 3708.


LaTeX Warning: Reference `due:lem:ext-qbinomial' on page 1 undefined on input l
ine 3726.


LaTeX Warning: Reference `due:eq:ext-weights' on page 1 undefined on input line
 3736.


LaTeX Warning: Reference `due:eq:ext-qbinomial' on page 1 undefined on input li
ne 3737.


LaTeX Warning: Reference `due:prop:ext-rowpoly' on page 1 undefined on input li
ne 3748.


LaTeX Warning: Reference `due:eq:ext-moments' on page 1 undefined on input line
 3748.


LaTeX Warning: Reference `due:eq:ext-weights' on page 1 undefined on input line
 3749.


LaTeX Warning: Reference `due:lem:ext-moments' on page 1 undefined on input lin
e 3752.


LaTeX Warning: Reference `due:eq:ext-uncancelled' on page 1 undefined on input 
line 3753.


LaTeX Warning: Reference `due:sec:recovery' on page 1 undefined on input line 3
761.

[37]

LaTeX Warning: Reference `due:eq:ext-base4' on page 1 undefined on input line 3
809.


LaTeX Warning: Reference `due:eq:ext-samples' on page 1 undefined on input line
 3819.


LaTeX Warning: Reference `due:def:ext-weights' on page 1 undefined on input lin
e 3821.


LaTeX Warning: Reference `due:lem:ext-moments' on page 1 undefined on input lin
e 3823.


LaTeX Warning: Reference `due:it:ext-exact' on page 38 undefined on input line 
3823.


LaTeX Warning: Reference `due:thm:ext-weights' on page 1 undefined on input lin
e 3825.


LaTeX Warning: Reference `due:eq:ext-extraction' on page 1 undefined on input l
ine 3826.


LaTeX Warning: Reference `due:eq:ext-reversed' on page 1 undefined on input lin
e 3834.


LaTeX Warning: Reference `due:eq:ext-extraction' on page 1 undefined on input l
ine 3834.


LaTeX Warning: Reference `due:eq:ext-integer-product' on page 1 undefined on in
put line 3839.


LaTeX Warning: Reference `due:eq:ext-extraction' on page 1 undefined on input l
ine 3841.


LaTeX Warning: Reference `due:eq:ext-base4' on page 1 undefined on input line 3
844.


LaTeX Warning: Reference `due:eq:ext-extraction' on page 1 undefined on input l
ine 3856.


LaTeX Warning: Reference `due:lem:ext-qbinomial' on page 1 undefined on input l
ine 3866.

[38]

LaTeX Warning: Reference `due:eq:ext-weights' on page 1 undefined on input line
 3871.


LaTeX Warning: Citation `proveit-exponents' on page 39 undefined on input line 
3873.


LaTeX Warning: Reference `due:eq:ext-uncancelled' on page 1 undefined on input 
line 3883.


LaTeX Warning: Reference `due:eq:ext-model' on page 1 undefined on input line 3
885.


LaTeX Warning: Reference `due:thm:ext-extraction' on page 1 undefined on input 
line 3887.


LaTeX Warning: Reference `due:eq:ext-extraction' on page 1 undefined on input l
ine 3889.


LaTeX Warning: Reference `due:thm:ext-extraction' on page 1 undefined on input 
line 3895.


LaTeX Warning: Reference `due:eq:ext-extraction' on page 1 undefined on input l
ine 3910.


LaTeX Warning: Reference `due:lem:ext-moments' on page 1 undefined on input lin
e 3918.


LaTeX Warning: Reference `due:it:ext-exact' on page 39 undefined on input line 
3918.


LaTeX Warning: Reference `due:def:ext-weights' on page 1 undefined on input lin
e 3923.


LaTeX Warning: Reference `due:thm:ext-weights' on page 1 undefined on input lin
e 3924.


LaTeX Warning: Reference `due:eq:ext-extraction' on page 1 undefined on input l
ine 3935.


LaTeX Warning: Reference `due:thm:set-finite-spline' on page 1 undefined on inp
ut line 3936.


LaTeX Warning: Reference `due:eq:ext-integer-product' on page 1 undefined on in
put line 3961.


LaTeX Warning: Reference `due:eq:ext-weights' on page 1 undefined on input line
 3971.


Overfull \hbox (44.33687pt too wide) detected at line 3993
[]
 []

[39]

LaTeX Warning: Reference `due:eq:ext-base4' on page 1 undefined on input line 4
013.


LaTeX Warning: Citation `proveit-exponents' on page 40 undefined on input line 
4020.


LaTeX Warning: Reference `due:eq:ext-base4' on page 1 undefined on input line 4
034.


LaTeX Warning: Reference `due:eq:ext-base4' on page 1 undefined on input line 4
034.

[40]

LaTeX Warning: Citation `proveit-primary' on page 41 undefined on input line 40
59.


LaTeX Warning: Reference `due:def:ext-weights' on page 1 undefined on input lin
e 4062.


LaTeX Warning: Reference `due:thm:ext-weights' on page 1 undefined on input lin
e 4067.


LaTeX Warning: Reference `due:eq:ext-moments' on page 1 undefined on input line
 4076.


LaTeX Warning: Reference `due:eq:ext-uncancelled' on page 1 undefined on input 
line 4079.


LaTeX Warning: Reference `due:eq:ext-rowpoly' on page 1 undefined on input line
 4083.


LaTeX Warning: Reference `due:eq:ext-uncancelled' on page 1 undefined on input 
line 4100.


LaTeX Warning: Reference `due:thm:ext-extraction' on page 1 undefined on input 
line 4103.


LaTeX Warning: Reference `due:eq:ext-model' on page 1 undefined on input line 4
104.


LaTeX Warning: Reference `due:thm:ext-weights' on page 1 undefined on input lin
e 4114.


LaTeX Warning: Reference `due:lem:ext-moments' on page 1 undefined on input lin
e 4117.


LaTeX Warning: Reference `due:thm:ext-extraction' on page 1 undefined on input 
line 4119.


LaTeX Warning: Reference `due:eq:ext-model' on page 1 undefined on input line 4
131.


LaTeX Warning: Reference `due:eq:ext-samples' on page 1 undefined on input line
 4137.

[41]

LaTeX Warning: Reference `due:def:ext-weights' on page 1 undefined on input lin
e 4177.

[42]

LaTeX Warning: Reference `due:eq:ext-extraction' on page 1 undefined on input l
ine 4236.


LaTeX Warning: Reference `due:it:rec-lagrange' on page 43 undefined on input li
ne 4246.


LaTeX Warning: Reference `due:lem:ext-moments' on page 1 undefined on input lin
e 4248.


LaTeX Warning: Reference `due:eq:rec-vandermonde' on page 1 undefined on input 
line 4251.


LaTeX Warning: Reference `due:thm:ext-weights' on page 1 undefined on input lin
e 4257.


LaTeX Warning: Reference `due:it:rec-esym' on page 43 undefined on input line 4
261.


LaTeX Warning: Reference `due:lem:ext-qbinomial' on page 1 undefined on input l
ine 4263.


LaTeX Warning: Reference `due:it:rec-projector' on page 43 undefined on input l
ine 4269.


LaTeX Warning: Reference `due:eq:rec-projector' on page 1 undefined on input li
ne 4275.


LaTeX Warning: Reference `due:lem:ext-qbinomial' on page 1 undefined on input l
ine 4276.


LaTeX Warning: Reference `due:eq:rec-projector' on page 1 undefined on input li
ne 4293.


LaTeX Warning: Reference `due:eq:rec-inverse-entries' on page 1 undefined on in
put line 4293.


LaTeX Warning: Reference `due:it:rec-modes' on page 43 undefined on input line 
4297.


LaTeX Warning: Reference `due:eq:rec-modes' on page 1 undefined on input line 4
298.


LaTeX Warning: Reference `due:eq:rec-modes' on page 1 undefined on input line 4
322.

[43]

LaTeX Warning: Reference `due:eq:rec-vandermonde' on page 1 undefined on input 
line 4338.


LaTeX Warning: Reference `due:eq:rec-jet' on page 1 undefined on input line 434
7.


LaTeX Warning: Reference `due:lem:rec-det' on page 1 undefined on input line 43
63.


LaTeX Warning: Reference `due:eq:ext-samples' on page 1 undefined on input line
 4388.


LaTeX Warning: Reference `due:cor:mech-even-jet' on page 1 undefined on input l
ine 4398.


LaTeX Warning: Reference `due:thm:sharp-modes' on page 1 undefined on input lin
e 4398.


LaTeX Warning: Citation `richardson1911' on page 44 undefined on input line 440
8.


LaTeX Warning: Citation `brezinski-redivo-zaglia' on page 44 undefined on input
 line 4409.


LaTeX Warning: Reference `due:eq:rec-tableau' on page 1 undefined on input line
 4436.

[44]

LaTeX Warning: Reference `due:it:rec-tab-row' on page 45 undefined on input lin
e 4456.


LaTeX Warning: Reference `due:eq:rec-tableau' on page 1 undefined on input line
 4458.


LaTeX Warning: Reference `due:prop:ext-rowpoly' on page 1 undefined on input li
ne 4462.


LaTeX Warning: Reference `due:it:rec-tab-neville' on page 45 undefined on input
 line 4464.


LaTeX Warning: Reference `due:it:rec-tab-row' on page 45 undefined on input lin
e 4464.


LaTeX Warning: Reference `due:lem:ext-moments' on page 1 undefined on input lin
e 4465.


LaTeX Warning: Reference `due:it:ext-exact' on page 45 undefined on input line 
4465.


LaTeX Warning: Reference `due:it:rec-tab-modes' on page 45 undefined on input l
ine 4477.


LaTeX Warning: Reference `due:it:rec-tab-row' on page 45 undefined on input lin
e 4477.


LaTeX Warning: Reference `due:eq:ext-model' on page 1 undefined on input line 4
478.


LaTeX Warning: Reference `due:eq:rec-tableau-modes' on page 1 undefined on inpu
t line 4482.


LaTeX Warning: Reference `due:prop:rec-diagnostics' on page 1 undefined on inpu
t line 4490.


LaTeX Warning: Reference `due:ex:rec-sixteenth' on page 1 undefined on input li
ne 4497.

[45]

LaTeX Warning: Reference `due:eq:ext-model' on page 1 undefined on input line 4
540.


LaTeX Warning: Reference `due:lem:ext-qbinomial' on page 1 undefined on input l
ine 4544.


LaTeX Warning: Reference `due:thm:ext-extraction' on page 1 undefined on input 
line 4547.


LaTeX Warning: Reference `due:eq:rec-recurrence-int' on page 1 undefined on inp
ut line 4563.


LaTeX Warning: Reference `due:eq:ext-model' on page 1 undefined on input line 4
572.


LaTeX Warning: Reference `due:thm:rec-inverse' on page 1 undefined on input lin
e 4574.


LaTeX Warning: Reference `due:thm:ext-extraction' on page 1 undefined on input 
line 4574.


LaTeX Warning: Reference `due:eq:rec-residual' on page 1 undefined on input lin
e 4594.


LaTeX Warning: Reference `due:it:diag-onset' on page 46 undefined on input line
 4609.


LaTeX Warning: Reference `due:thm:rec-recurrence' on page 1 undefined on input 
line 4609.


LaTeX Warning: Reference `due:eq:ext-model' on page 1 undefined on input line 4
618.


LaTeX Warning: Reference `due:lem:rec-det' on page 1 undefined on input line 46
20.


LaTeX Warning: Reference `due:eq:ext-model' on page 1 undefined on input line 4
621.


LaTeX Warning: Reference `due:thm:rec-inverse' on page 1 undefined on input lin
e 4622.


LaTeX Warning: Reference `due:thm:ext-extraction' on page 1 undefined on input 
line 4622.


LaTeX Warning: Reference `due:thm:rec-recurrence' on page 1 undefined on input 
line 4624.


LaTeX Warning: Reference `due:it:diag-order' on page 46 undefined on input line
 4626.

[46]

LaTeX Warning: Reference `due:it:diag-exact' on page 47 undefined on input line
 4633.


LaTeX Warning: Reference `due:thm:rec-recurrence' on page 1 undefined on input 
line 4633.


LaTeX Warning: Reference `due:cor:ext-overorder' on page 1 undefined on input l
ine 4634.


LaTeX Warning: Reference `due:it:diag-float' on page 47 undefined on input line
 4636.


LaTeX Warning: Reference `due:lem:ext-qbinomial' on page 1 undefined on input l
ine 4643.


LaTeX Warning: Reference `due:eq:ext-model' on page 1 undefined on input line 4
654.


LaTeX Warning: Reference `due:prop:mech-odd-onset' on page 1 undefined on input
 line 4660.


LaTeX Warning: Reference `due:eq:ext-model' on page 1 undefined on input line 4
661.


LaTeX Warning: Reference `due:eq:rec-residual' on page 1 undefined on input lin
e 4664.


LaTeX Warning: Reference `due:thm:sharp-knot-defect' on page 1 undefined on inp
ut line 4667.


LaTeX Warning: Reference `due:prop:rec-diagnostics' on page 1 undefined on inpu
t line 4669.


LaTeX Warning: Reference `due:it:diag-onset' on page 47 undefined on input line
 4670.


LaTeX Warning: Reference `due:thm:ext-extraction' on page 1 undefined on input 
line 4672.


LaTeX Warning: Reference `due:thm:rec-inverse' on page 1 undefined on input lin
e 4680.


LaTeX Warning: Reference `due:cor:rec-jet' on page 1 undefined on input line 46
82.


LaTeX Warning: Reference `due:prop:rec-minimal' on page 1 undefined on input li
ne 4684.


LaTeX Warning: Reference `due:thm:rec-tableau' on page 1 undefined on input lin
e 4687.


LaTeX Warning: Reference `due:prop:rec-diagnostics' on page 1 undefined on inpu
t line 4691.


LaTeX Warning: Reference `due:thm:rec-recurrence' on page 1 undefined on input 
line 4691.


LaTeX Warning: Reference `due:eq:ext-extraction' on page 1 undefined on input l
ine 4726.

[47]

LaTeX Warning: Reference `due:eq:ext-weights' on page 1 undefined on input line
 4745.


LaTeX Warning: Reference `due:lem:ext-qbinomial' on page 1 undefined on input l
ine 4755.


LaTeX Warning: Citation `proveit-exponents' on page 48 undefined on input line 
4771.


LaTeX Warning: Citation `proveit-exponents' on page 48 undefined on input line 
4771.


LaTeX Warning: Reference `due:eq:ext-model' on page 1 undefined on input line 4
797.


LaTeX Warning: Reference `due:eq:ext-base4' on page 1 undefined on input line 4
819.

[48]

LaTeX Warning: Reference `due:eq:ext-extraction' on page 1 undefined on input l
ine 4832.


LaTeX Warning: Reference `due:prop:stab-lebesgue' on page 1 undefined on input 
line 4835.


LaTeX Warning: Reference `due:cor:ext-explicit' on page 1 undefined on input li
ne 4843.


LaTeX Warning: Reference `due:thm:ext-extraction' on page 1 undefined on input 
line 4854.


LaTeX Warning: Reference `due:prop:stab-denominator' on page 1 undefined on inp
ut line 4856.


LaTeX Warning: Reference `due:thm:rec-inverse' on page 1 undefined on input lin
e 4872.


Overfull \hbox (7.73004pt too wide) in paragraph at lines 4871--4876
[]\T1/LibertinusSerif-TLF/b/n/10.95 (-20) Proposition 10.4 \T1/LibertinusSerif-
TLF/m/n/10.95 (-20) (Norms of the ge-o-met-ric Van-der-monde in-verse)\T1/Liber
tinusSerif-TLF/b/n/10.95 (-20) . []\T1/LibertinusSerif-TLF/m/it/10.95 (-20) Let
 $\OML/cmm/m/it/10.95 V \OT1/cmr/m/n/10.95 = (\OML/cmm/m/it/10.95 Q[]\OT1/cmr/m
/n/10.95 )[]$ \T1/LibertinusSerif-TLF/m/it/10.95 (-20) and $\OT1/cmr/m/n/10.95 
(\OML/cmm/m/it/10.95 V[]\OT1/cmr/m/n/10.95 )[] =
 []


LaTeX Warning: Reference `due:eq:rec-Dj' on page 1 undefined on input line 4913
.

[49]

LaTeX Warning: Reference `due:lem:ext-qbinomial' on page 1 undefined on input l
ine 4922.


LaTeX Warning: Reference `due:tab:stab-lebesgue' on page 1 undefined on input l
ine 4950.


LaTeX Warning: Reference `due:eq:stab-lastrow' on page 1 undefined on input lin
e 4950.


LaTeX Warning: Reference `due:tab:stab-lebesgue' on page 1 undefined on input l
ine 4950.


LaTeX Warning: Reference `due:eq:stab-lastrow' on page 1 undefined on input lin
e 4950.


LaTeX Warning: Reference `due:eq:rec-modes' on page 1 undefined on input line 4
975.


LaTeX Warning: Reference `due:ex:rec-sixteenth' on page 1 undefined on input li
ne 4976.


LaTeX Warning: Reference `due:eq:rec-vandermonde' on page 1 undefined on input 
line 4979.


LaTeX Warning: Reference `due:prop:stab-lebesgue' on page 1 undefined on input 
line 4987.


LaTeX Warning: Reference `due:prop:stab-denominator' on page 1 undefined on inp
ut line 4989.


LaTeX Warning: Reference `due:rmk:stab-float' on page 1 undefined on input line
 4991.


LaTeX Warning: Reference `due:prop:stab-vandermonde' on page 1 undefined on inp
ut line 4994.


LaTeX Warning: Reference `due:sec:recovery' on page 1 undefined on input line 4
995.


Underfull \hbox (badness 3281) in paragraph at lines 4984--4996
[]\T1/LibertinusSerif-TLF/m/n/10.95 (+20) The quarter-base row has Lebesgue fac
-tor $\OT1/cmr/m/n/10.95 ^^C[](1\OML/cmm/m/it/10.95 =\OT1/cmr/m/n/10.95 4) = []
[] \OML/cmm/m/it/10.95 = [][] <
 []


LaTeX Warning: Reference `due:cor:mech-tiling' on page 1 undefined on input lin
e 5013.


LaTeX Warning: Reference `due:sec:repairs' on page 1 undefined on input line 50
17.

[50]

LaTeX Warning: Reference `due:thm:ext-weights' on page 1 undefined on input lin
e 5027.


LaTeX Warning: Reference `due:lem:ext-moments' on page 1 undefined on input lin
e 5044.


LaTeX Warning: Reference `due:eq:ext-integer-product' on page 1 undefined on in
put line 5047.


LaTeX Warning: Reference `due:sec:extraction' on page 1 undefined on input line
 5049.


LaTeX Warning: Reference `due:eq:sharp-finite-fde' on page 1 undefined on input
 line 5071.


LaTeX Warning: Reference `due:lem:set-depth-representation' on page 1 undefined
 on input line 5078.


LaTeX Warning: Reference `due:eq:exr-reflection' on page 1 undefined on input l
ine 5079.


LaTeX Warning: Reference `due:eq:set-main-law' on page 1 undefined on input lin
e 5080.


LaTeX Warning: Reference `due:ex:set-quarter' on page 1 undefined on input line
 5096.


LaTeX Warning: Reference `due:thm:sharp-knot-defect' on page 1 undefined on inp
ut line 5108.

[51]

LaTeX Warning: Reference `due:thm:mech-jet-termination' on page 1 undefined on 
input line 5130.


LaTeX Warning: Reference `due:eq:mech-top-derivative' on page 1 undefined on in
put line 5131.


LaTeX Warning: Reference `due:prop:mech-odd-onset' on page 1 undefined on input
 line 5133.


Overfull \hbox (41.2593pt too wide) in paragraph at lines 5126--5139
\T1/LibertinusSerif-TLF/m/n/10.95 (-20) The full jets $\OT1/cmr/m/n/10.95 ([]\O
ML/cmm/m/it/10.95 ; [][]; [][]; [][]\OT1/cmr/m/n/10.95 )$ \T1/LibertinusSerif-T
LF/m/n/10.95 (-20) are: at $[]$, $\OT1/cmr/m/n/10.95 ([]\OML/cmm/m/it/10.95 ; \
OMS/cmsy/m/n/10.95 ^^@[]\OML/cmm/m/it/10.95 ; \OMS/cmsy/m/n/10.95 ^^@\OT1/cmr/m
/n/10.95 4\OML/cmm/m/it/10.95 ; \OMS/cmsy/m/n/10.95 ^^@\OT1/cmr/m/n/10.95 64)$\
T1/LibertinusSerif-TLF/m/n/10.95 (-20) ; at $[]$, $\OT1/cmr/m/n/10.95 ([]\OML/c
mm/m/it/10.95 ; \OMS/cmsy/m/n/10.95 ^^@[]\OML/cmm/m/it/10.95 ; \OMS/cmsy/m/n/10
.95 ^^@\OT1/cmr/m/n/10.95 4\OML/cmm/m/it/10.95 ; \OT1/cmr/m/n/10.95 64)$\T1/Lib
ertinusSerif-TLF/m/n/10.95 (-20) ; at $[]$, $\OT1/cmr/m/n/10.95 ([]\OML/cmm/m/i
t/10.95 ; \OMS/cmsy/m/n/10.95 ^^@[]\OML/cmm/m/it/10.95 ; \OT1/cmr/m/n/10.95 4\O
ML/cmm/m/it/10.95 ; \OMS/cmsy/m/n/10.95 ^^@\OT1/cmr/m/n/10.95 64)$\T1/Libertinu
sSerif-TLF/m/n/10.95 (-20) ;
 []


LaTeX Warning: Reference `due:thm:sharp-knot-defect' on page 1 undefined on inp
ut line 5174.


LaTeX Warning: Reference `due:eq:sharp-top-mode' on page 1 undefined on input l
ine 5201.


LaTeX Warning: Reference `due:eq:sharp-top-mode' on page 1 undefined on input l
ine 5229.

[52]
Overfull \hbox (12.15472pt too wide) detected at line 5250
[]\OT1/cmr/m/n/10.95 ([]) = []\OML/cmm/m/it/10.95 ;  C[]  [] \OT1/cmr/m/n/10.95
 = []\OML/cmm/m/it/10.95 ;  C[]  [] \OT1/cmr/m/n/10.95 = \OMS/cmsy/m/n/10.95 ^^
@[]\OML/cmm/m/it/10.95 ;  C[]  [] \OT1/cmr/m/n/10.95 = []\OML/cmm/m/it/10.95 ;
 []


LaTeX Warning: Reference `due:eq:mech-subtop-derivative' on page 1 undefined on
 input line 5283.


Package longtable Warning: Column widths have changed
(longtable)                in table 5 on input line 5334.


ignored: Infinite glue shrinkage found in box being split [53]

LaTeX Warning: Reference `due:eq:sharp-top-mode' on page 1 undefined on input l
ine 5339.


LaTeX Warning: Reference `due:prop:exr-symmetry' on page 1 undefined on input l
ine 5340.


LaTeX Warning: Reference `due:prop:stab-denominator' on page 1 undefined on inp
ut line 5344.


LaTeX Warning: Reference `due:ex:exr-one-twenty-eighth' on page 1 undefined on 
input line 5352.


LaTeX Warning: Reference `due:ex:exr-thirty-second' on page 1 undefined on inpu
t line 5352.


LaTeX Warning: Reference `due:ex:exr-eighth' on page 1 undefined on input line 
5352.


LaTeX Warning: Reference `due:thm:sharp-knot-defect' on page 1 undefined on inp
ut line 5354.


LaTeX Warning: Reference `due:ex:exr-sixty-fourth' on page 1 undefined on input
 line 5355.


LaTeX Warning: Reference `due:ex:exr-five-sixteenths' on page 1 undefined on in
put line 5355.


LaTeX Warning: Reference `due:ex:exr-sixteenth' on page 1 undefined on input li
ne 5355.


LaTeX Warning: Reference `due:ex:exr-quarter' on page 1 undefined on input line
 5355.


LaTeX Warning: Reference `due:prop:exr-symmetry' on page 1 undefined on input l
ine 5357.


LaTeX Warning: Reference `due:lem:set-depth-representation' on page 1 undefined
 on input line 5385.


LaTeX Warning: Reference `due:ex:set-low-depth' on page 1 undefined on input li
ne 5387.


LaTeX Warning: Reference `due:prop:mech-odd-onset' on page 1 undefined on input
 line 5390.


LaTeX Warning: Reference `due:eq:set-scaled-cell' on page 1 undefined on input 
line 5394.


LaTeX Warning: Reference `due:cor:set-scaled-cell' on page 1 undefined on input
 line 5401.

[54]

LaTeX Warning: Reference `due:eq:ext-integer-product' on page 1 undefined on in
put line 5404.


LaTeX Warning: Reference `due:eq:ext-extraction' on page 1 undefined on input l
ine 5407.


LaTeX Warning: Reference `due:thm:ext-weights' on page 1 undefined on input lin
e 5408.


LaTeX Warning: Reference `due:thm:ext-extraction' on page 1 undefined on input 
line 5411.


LaTeX Warning: Reference `due:thm:rec-tableau' on page 1 undefined on input lin
e 5412.


LaTeX Warning: Reference `due:eq:rec-modes' on page 1 undefined on input line 5
417.


LaTeX Warning: Reference `due:eq:rec-vandermonde' on page 1 undefined on input 
line 5418.


LaTeX Warning: Reference `due:cor:rec-jet' on page 1 undefined on input line 54
19.


LaTeX Warning: Reference `due:eq:mech-recurrence' on page 1 undefined on input 
line 5420.


LaTeX Warning: Reference `due:it:alg-value' on page 55 undefined on input line 
5423.


LaTeX Warning: Reference `due:eq:rec-recurrence-int' on page 1 undefined on inp
ut line 5425.


LaTeX Warning: Reference `due:prop:rec-diagnostics' on page 1 undefined on inpu
t line 5427.


LaTeX Warning: Reference `due:it:diag-exact' on page 55 undefined on input line
 5427.


LaTeX Warning: Reference `due:thm:sharp-modes' on page 1 undefined on input lin
e 5435.


LaTeX Warning: Reference `due:it:alg-depth' on page 55 undefined on input line 
5439.


LaTeX Warning: Reference `due:it:alg-level' on page 55 undefined on input line 
5439.


LaTeX Warning: Reference `due:prop:mech-odd-onset' on page 1 undefined on input
 line 5440.


LaTeX Warning: Reference `due:thm:set-main' on page 1 undefined on input line 5
440.


LaTeX Warning: Reference `due:lem:set-depth-representation' on page 1 undefined
 on input line 5440.


LaTeX Warning: Reference `due:it:alg-samples' on page 55 undefined on input lin
e 5441.


LaTeX Warning: Reference `due:cor:set-scaled-cell' on page 1 undefined on input
 line 5441.


LaTeX Warning: Reference `due:it:alg-weights' on page 55 undefined on input lin
e 5442.


LaTeX Warning: Reference `due:it:alg-value' on page 55 undefined on input line 
5442.


LaTeX Warning: Reference `due:thm:rec-tableau' on page 1 undefined on input lin
e 5443.


LaTeX Warning: Reference `due:thm:ext-extraction' on page 1 undefined on input 
line 5443.


LaTeX Warning: Reference `due:thm:ext-weights' on page 1 undefined on input lin
e 5443.


LaTeX Warning: Reference `due:it:alg-modes' on page 55 undefined on input line 
5444.


LaTeX Warning: Reference `due:cor:rec-jet' on page 1 undefined on input line 54
44.


LaTeX Warning: Reference `due:thm:rec-inverse' on page 1 undefined on input lin
e 5444.


LaTeX Warning: Reference `due:it:alg-certify' on page 55 undefined on input lin
e 5445.


LaTeX Warning: Reference `due:prop:rec-diagnostics' on page 1 undefined on inpu
t line 5445.

Package hyperref Info: bookmark level for unknown lstlisting defaults to 0 on i
nput line 5450.

LaTeX Warning: Reference `due:alg:exr-extraction' on page 1 undefined on input 
line 5450.


LaTeX Warning: Reference `due:alg:exr-extraction' on page 1 undefined on input 
line 5450.

LaTeX Font Info:    Font shape `T1/LibertinusMono-TLF/m/n' will be
(Font)              scaled to size 8.50006pt on input line 5450.
Package microtype Info: Character `guilsinglleft ' is missing
(microtype)             in font `T1/LibertinusMono-TLF/m/n/10'.
(microtype)             Ignoring protrusion settings for this character.
Package microtype Info: Character `guilsinglright ' is missing
(microtype)             in font `T1/LibertinusMono-TLF/m/n/10'.
(microtype)             Ignoring protrusion settings for this character.

LaTeX Warning: Citation `arias2018' on page 55 undefined on input line 5472.


LaTeX Warning: Citation `proveit-primary' on page 55 undefined on input line 54
73.


LaTeX Warning: Reference `due:rmk:stab-float' on page 1 undefined on input line
 5477.


LaTeX Warning: Reference `due:prop:stab-lebesgue' on page 1 undefined on input 
line 5479.


LaTeX Warning: Reference `due:prop:stab-denominator' on page 1 undefined on inp
ut line 5480.

[55]

LaTeX Warning: Reference `due:thm:mech-am-rational-positive' on page 1 undefine
d on input line 5534.


LaTeX Warning: Reference `due:thm:sharp-modes' on page 1 undefined on input lin
e 5536.


LaTeX Warning: Reference `due:eq:ext-reversed' on page 1 undefined on input lin
e 5537.


LaTeX Warning: Reference `due:prop:mech-odd-onset' on page 1 undefined on input
 line 5539.


LaTeX Warning: Reference `due:thm:sharp-knot-defect' on page 1 undefined on inp
ut line 5541.


LaTeX Warning: Reference `due:prop:stab-lebesgue' on page 1 undefined on input 
line 5546.


LaTeX Warning: Reference `due:alg:exr-extraction' on page 1 undefined on input 
line 5556.

[56]

LaTeX Warning: Reference `due:thm:set-main' on page 1 undefined on input line 5
572.


LaTeX Warning: Reference `due:eq:cons-principle' on page 1 undefined on input l
ine 5626.


LaTeX Warning: Reference `due:lem:ext-moments' on page 1 undefined on input lin
e 5628.


LaTeX Warning: Reference `due:thm:ext-weights' on page 1 undefined on input lin
e 5628.


LaTeX Warning: Reference `due:sec:jet' on page 1 undefined on input line 5639.


LaTeX Warning: Reference `due:eq:ext-extraction' on page 1 undefined on input l
ine 5654.

[57]

LaTeX Warning: Reference `due:thm:set-main' on page 1 undefined on input line 5
658.


LaTeX Warning: Reference `due:eq:cons-levels' on page 1 undefined on input line
 5660.


LaTeX Warning: Reference `due:eq:mech-local-deconvolution' on page 1 undefined 
on input line 5671.


LaTeX Warning: Reference `due:cor:main-derivative' on page 1 undefined on input
 line 5672.


LaTeX Warning: Reference `due:eq:sharp-finite-fde' on page 1 undefined on input
 line 5704.


LaTeX Warning: Reference `due:lem:set-depth-representation' on page 1 undefined
 on input line 5707.


LaTeX Warning: Reference `due:thm:set-main' on page 1 undefined on input line 5
708.


LaTeX Warning: Reference `due:cor:sharp-onset' on page 1 undefined on input lin
e 5709.


LaTeX Warning: Reference `due:eq:cons-cdf-transport' on page 1 undefined on inp
ut line 5710.


LaTeX Warning: Reference `due:thm:sharp-modes' on page 1 undefined on input lin
e 5711.


LaTeX Warning: Reference `due:prop:sharp-cdf' on page 1 undefined on input line
 5714.


LaTeX Warning: Reference `due:sec:register' on page 1 undefined on input line 5
717.


LaTeX Warning: Reference `due:sec:set-bridge' on page 1 undefined on input line
 5719.


LaTeX Warning: Reference `due:rmk:sharp-nondyadic' on page 1 undefined on input
 line 5725.


LaTeX Warning: Reference `due:prop:main-generating' on page 1 undefined on inpu
t line 5734.


LaTeX Warning: Reference `due:eq:mech-local-deconvolution' on page 1 undefined 
on input line 5735.


LaTeX Warning: Reference `due:thm:sharp-knot-defect' on page 1 undefined on inp
ut line 5748.


LaTeX Warning: Reference `due:rmk:sharp-two-knots' on page 1 undefined on input
 line 5751.

[58]

LaTeX Warning: Reference `due:sec:register' on page 1 undefined on input line 5
757.


LaTeX Warning: Citation `arias2018' on page 59 undefined on input line 5763.


LaTeX Warning: Reference `due:prop:cons-principle' on page 1 undefined on input
 line 5766.


LaTeX Warning: Reference `due:prop:sharp-attained' on page 1 undefined on input
 line 5772.


LaTeX Warning: Reference `due:prop:cons-principle' on page 1 undefined on input
 line 5779.


LaTeX Warning: Reference `due:prop:cons-levels' on page 1 undefined on input li
ne 5782.


LaTeX Warning: Reference `due:prop:cons-cdf' on page 1 undefined on input line 
5784.


LaTeX Warning: Citation `proveit-exponents' on page 59 undefined on input line 
5796.


LaTeX Warning: Reference `due:eq:set-bridge-exponents' on page 1 undefined on i
nput line 5800.


LaTeX Warning: Reference `due:def:set-finite-spline' on page 1 undefined on inp
ut line 5811.


LaTeX Warning: Reference `due:thm:set-finite-spline' on page 1 undefined on inp
ut line 5811.


LaTeX Warning: Reference `due:prop:sharp-attained' on page 1 undefined on input
 line 5813.


LaTeX Warning: Reference `due:prop:sharp-cdf' on page 1 undefined on input line
 5815.


LaTeX Warning: Reference `due:thm:ext-weights' on page 1 undefined on input lin
e 5817.


LaTeX Warning: Reference `due:lem:ext-moments' on page 1 undefined on input lin
e 5817.


LaTeX Warning: Reference `due:cor:sharp-richardson' on page 1 undefined on inpu
t line 5819.


LaTeX Warning: Reference `due:prop:stab-lebesgue' on page 1 undefined on input 
line 5821.


LaTeX Warning: Reference `due:cor:sharp-onset' on page 1 undefined on input lin
e 5830.

[59]

LaTeX Warning: Reference `due:sec:notation' on page 1 undefined on input line 5
850.


LaTeX Warning: Citation `proveit-primary' on page 60 undefined on input line 58
56.

LaTeX Font Info:    Font shape `T1/LibertinusSerif-TLF/m/sc' will be
(Font)              scaled to size 10.95pt on input line 5858.

LaTeX Warning: Reference `due:sec:jet' on page 1 undefined on input line 5863.


LaTeX Warning: Reference `due:sec:coefficients' on page 1 undefined on input li
ne 5863.


LaTeX Warning: Reference `due:sec:set-bridge' on page 1 undefined on input line
 5863.


LaTeX Warning: Reference `due:rmk:ext-lean' on page 1 undefined on input line 5
864.


LaTeX Warning: Reference `due:def:set-finite-spline' on page 1 undefined on inp
ut line 5879.


LaTeX Warning: Reference `due:thm:set-finite-spline' on page 1 undefined on inp
ut line 5879.

LaTeX Font Info:    Font shape `T1/LibertinusSerif-TLF/m/it' will be
(Font)              scaled to size 10.0pt on input line 5880.

Overfull \hbox (11.47864pt too wide) in paragraph at lines 5880--5881
\T1/LibertinusMono-TLF/m/n/10 fabiusUniformSpline_eq_centeredPartialCDF 
 []

LaTeX Font Info:    Font shape `T1/LibertinusSerif-TLF/m/sc' will be
(Font)              scaled to size 10.0pt on input line 5881.

LaTeX Warning: Reference `due:sec:set-bridge' on page 1 undefined on input line
 5881.


LaTeX Warning: Reference `due:lem:set-box-transform' on page 1 undefined on inp
ut line 5882.


LaTeX Warning: Reference `due:prop:set-convolution-model' on page 1 undefined o
n input line 5882.


LaTeX Warning: Reference `due:prop:set-head-tail' on page 1 undefined on input 
line 5884.


LaTeX Warning: Reference `due:lem:set-knots' on page 1 undefined on input line 
5885.


LaTeX Warning: Reference `due:lem:set-midpoint' on page 1 undefined on input li
ne 5885.


LaTeX Warning: Reference `due:def:mech-am' on page 1 undefined on input line 58
87.


LaTeX Warning: Reference `due:thm:mech-am-rational-positive' on page 1 undefine
d on input line 5887.


LaTeX Warning: Reference `due:lem:mech-finite-inverse' on page 1 undefined on i
nput line 5890.


LaTeX Warning: Reference `due:thm:mech-local-deconvolution' on page 1 undefined
 on input line 5890.


LaTeX Warning: Reference `due:thm:mech-stencil' on page 1 undefined on input li
ne 5893.


LaTeX Warning: Reference `due:thm:mech-jet-termination' on page 1 undefined on 
input line 5896.


LaTeX Warning: Reference `due:cor:mech-even-jet' on page 1 undefined on input l
ine 5899.


LaTeX Warning: Reference `due:eq:mech-top-even' on page 1 undefined on input li
ne 5899.


LaTeX Warning: Reference `due:cor:main-derivative' on page 1 undefined on input
 line 5902.


LaTeX Warning: Reference `due:thm:set-main' on page 1 undefined on input line 5
905.


LaTeX Warning: Reference `due:thm:set-main' on page 1 undefined on input line 5
908.


LaTeX Warning: Reference `due:cor:mech-exact-modes' on page 1 undefined on inpu
t line 5908.


LaTeX Warning: Reference `due:thm:sharp-knot-defect' on page 1 undefined on inp
ut line 5910.


LaTeX Warning: Reference `due:lem:sharp-half-mgf' on page 1 undefined on input 
line 5910.


LaTeX Warning: Reference `due:cor:sharp-onset' on page 1 undefined on input lin
e 5910.


LaTeX Warning: Reference `due:def:ext-weights' on page 1 undefined on input lin
e 5912.


LaTeX Warning: Reference `due:thm:ext-weights' on page 1 undefined on input lin
e 5912.


LaTeX Warning: Reference `due:lem:ext-moments' on page 1 undefined on input lin
e 5915.


LaTeX Warning: Reference `due:eq:ext-uncancelled' on page 1 undefined on input 
line 5915.


LaTeX Warning: Reference `due:prop:ext-rowpoly' on page 1 undefined on input li
ne 5915.


LaTeX Warning: Reference `due:thm:ext-extraction' on page 1 undefined on input 
line 5918.


LaTeX Warning: Reference `due:cor:sharp-richardson' on page 1 undefined on inpu
t line 5921.


LaTeX Warning: Reference `due:thm:rec-inverse' on page 1 undefined on input lin
e 5924.


LaTeX Warning: Reference `due:thm:rec-recurrence' on page 1 undefined on input 
line 5924.


LaTeX Warning: Reference `due:prop:stab-lebesgue' on page 1 undefined on input 
line 5924.


ignored: Infinite glue shrinkage found in box being split [60{C:/Users/vresh/AppData/Loc
al/Programs/MiKTeX/fonts/enc/dvips/libertinus-type1/lbn1_cb34qf.enc}]
ignored: Infinite g
lue shrinkage found in box being split [61]

LaTeX Warning: Reference `due:thm:set-main' on page 1 undefined on input line 5
938.


LaTeX Warning: Reference `due:lem:set-midpoint' on page 1 undefined on input li
ne 5946.


Underfull \hbox (badness 10000) in paragraph at lines 5949--5953
[]\T1/LibertinusSerif-TLF/m/n/10.95 (+20) the head--tail fac-tor-iza-tion $[] \
OT1/cmr/m/n/10.95 = [][] []\OML/cmm/m/it/10.95 T[]$ \T1/LibertinusSerif-TLF/m/n
/10.95 (+20) as an iden-tity of mea-sures, from
 []


Underfull \hbox (badness 5403) in paragraph at lines 5949--5953
\T1/LibertinusMono-TLF/m/n/10.95 ProbabilityRepresentation.weightedSumDistribut
ion \T1/LibertinusSerif-TLF/m/n/10.95 (+20) by split-ting the weighted
 []


LaTeX Warning: Reference `due:thm:mech-local-deconvolution' on page 1 undefined
 on input line 5956.


LaTeX Warning: Reference `due:it:F-density' on page 62 undefined on input line 
5957.


LaTeX Warning: Reference `due:it:F-headtail' on page 62 undefined on input line
 5957.


Underfull \hbox (badness 10000) in paragraph at lines 5954--5958
[]\T1/LibertinusSerif-TLF/m/n/10.95 (+20) the fi-nite de-con-vo-lu-tion at scal
e $\OML/cmm/m/it/10.95 ^^N$ \T1/LibertinusSerif-TLF/m/n/10.95 (+20) on poly-no-
mi-als, by di-lat-ing
 []


Underfull \hbox (badness 1609) in paragraph at lines 5954--5958
\T1/LibertinusMono-TLF/m/n/10.95 rvachevDeconvolvedPolynomial\T1/LibertinusSeri
f-TLF/m/n/10.95 (+20) , and the cell iden-tity [] (a fi-nite com-pu-ta-tion onc
e
 []


LaTeX Warning: Reference `due:sec:main-proof' on page 1 undefined on input line
 5960.


LaTeX Warning: Reference `due:thm:ext-extraction' on page 1 undefined on input 
line 5961.


LaTeX Warning: Reference `due:thm:sharp-knot-defect' on page 1 undefined on inp
ut line 5964.


LaTeX Warning: Reference `due:lem:sharp-half-mgf' on page 1 undefined on input 
line 5965.


LaTeX Warning: Reference `due:it:F-deconv' on page 62 undefined on input line 5
967.


LaTeX Warning: Reference `due:it:F-density' on page 62 undefined on input line 
5970.


LaTeX Warning: Reference `due:it:F-headtail' on page 62 undefined on input line
 5970.


LaTeX Warning: Reference `due:it:F-deconv' on page 62 undefined on input line 5
971.


LaTeX Warning: Reference `due:it:F-assemble' on page 62 undefined on input line
 5971.


LaTeX Warning: Reference `due:it:open-bases' on page 1 undefined on input line 
5973.


LaTeX Warning: Reference `due:sec:reg-plan' on page 1 undefined on input line 5
983.

[62] [63]
LaTeX Font Info:    Font shape `T1/LibertinusSerif-TLF/m/n' will be
(Font)              scaled to size 20.74pt on input line 5988.
LaTeX Font Info:    Font shape `T1/LibertinusSerif-TLF/b/n' will be
(Font)              scaled to size 20.74pt on input line 5988.


LaTeX Warning: Reference `due:sec:setting' on page 1 undefined on input line 60
05.


Underfull \hbox (badness 2393) in paragraph at lines 5998--6007
\T1/LibertinusMono-TLF/m/n/10.95 full-moments\T1/LibertinusSerif-TLF/m/n/10.95 
(+20) , \T1/LibertinusMono-TLF/m/n/10.95 splines\T1/LibertinusSerif-TLF/m/n/10.
95 (+20) , \T1/LibertinusMono-TLF/m/n/10.95 thue-morse-block-sum \T1/Libertinus
Serif-TLF/m/n/10.95 (+20) and \T1/LibertinusMono-TLF/m/n/10.95 rvachev-appell-d
econvolution
 []


Underfull \hbox (badness 10000) in paragraph at lines 6030--6034
[]|\T1/LibertinusSerif-TLF/m/n/10.95 (+20) the fi-nite sinc-product spline $\OM
S/cmsy/m/n/10.95 F[]\OT1/cmr/m/n/10.95 [^^H[]]$\T1/LibertinusSerif-TLF/m/n/10.9
5 (+20) ; equals
 []


Underfull \hbox (badness 3872) in paragraph at lines 6030--6034
\OML/cmm/m/it/10.95 p[]$ \T1/LibertinusSerif-TLF/m/n/10.95 (+20) of the Ex-po-n
ents vol-ume and cor-re-sponds to
 []


LaTeX Warning: Reference `due:sec:extraction' on page 1 undefined on input line
 6054.


LaTeX Warning: Reference `due:sec:recovery' on page 1 undefined on input line 6
056.


LaTeX Warning: Reference `due:sec:sharpness' on page 1 undefined on input line 
6060.


LaTeX Warning: Reference `due:sec:coefficients' on page 1 undefined on input li
ne 6060.


LaTeX Warning: Reference `due:sec:sharpness' on page 1 undefined on input line 
6063.


Package longtable Warning: Column widths have changed
(longtable)                in table 7 on input line 6067.


ignored: Infinite glue shrinkage found in box being split [64

]

LaTeX Warning: Reference `due:tab:provenance' on page 1 undefined on input line
 6077.


LaTeX Warning: Reference `due:tab:provenance' on page 1 undefined on input line
 6077.


Package longtable Warning: Column widths have changed
(longtable)                in table 8 on input line 6097.


LaTeX Warning: Reference `due:sec:main' on page 1 undefined on input line 6106.



LaTeX Warning: Reference `due:sec:coefficients' on page 1 undefined on input li
ne 6110.


LaTeX Warning: Reference `due:sec:setting' on page 1 undefined on input line 61
25.


LaTeX Warning: Reference `due:tab:concordance' on page 1 undefined on input lin
e 6139.

[65]

LaTeX Warning: Reference `due:thm:set-extraction' on page 1 undefined on input 
line 6162.


LaTeX Warning: Reference `due:rmk:set-d-zero' on page 1 undefined on input line
 6163.


Underfull \hbox (badness 2781) in paragraph at lines 6164--6164
[]|\T1/LibertinusSerif-TLF/m/n/10.95 (+20) The re-sult in one
 []


Underfull \hbox (badness 10000) in paragraph at lines 6165--6165
[]|\T1/LibertinusSerif-TLF/m/n/10.95 (+20) Fourier nor-mal-iza-
 []


LaTeX Warning: Reference `due:rmk:set-prouhet' on page 1 undefined on input lin
e 6166.


Underfull \hbox (badness 10000) in paragraph at lines 6167--6167
[]|\T1/LibertinusSerif-TLF/m/n/10.95 (+20) Fourier nor-mal-iza-
 []


Underfull \hbox (badness 10000) in paragraph at lines 6168--6168
[]|\T1/LibertinusSerif-TLF/m/n/10.95 (+20) Fourier nor-mal-iza-
 []


LaTeX Warning: Reference `due:lem:set-knots' on page 1 undefined on input line 
6169.


Underfull \hbox (badness 4024) in paragraph at lines 6170--6170
[]|\T1/LibertinusSerif-TLF/m/n/10.95 (+20) Dyadic depth and
 []


LaTeX Warning: Reference `due:rmk:set-tail-scope' on page 1 undefined on input 
line 6171.


LaTeX Warning: Reference `due:rmk:mech-cumulants-probabilistic' on page 1 undef
ined on input line 6172.


LaTeX Warning: Reference `due:prop:mech-qpoch' on page 1 undefined on input lin
e 6173.


LaTeX Warning: Reference `due:rmk:mech-positivity-routes' on page 1 undefined o
n input line 6174.


LaTeX Warning: Reference `due:rmk:mech-six-forms' on page 1 undefined on input 
line 6175.


LaTeX Warning: Reference `due:prop:mech-odd-onset' on page 1 undefined on input
 line 6176.


LaTeX Warning: Reference `due:thm:mech-jet-termination' on page 1 undefined on 
input line 6177.


LaTeX Warning: Reference `due:cor:mech-even-jet' on page 1 undefined on input l
ine 6178.


LaTeX Warning: Reference `due:cor:mech-exact-modes' on page 1 undefined on inpu
t line 6179.


LaTeX Warning: Reference `due:rmk:main-ingredients' on page 1 undefined on inpu
t line 6181.


LaTeX Warning: Reference `due:rmk:main-derivative-parity' on page 1 undefined o
n input line 6182.


LaTeX Warning: Reference `due:rmk:sharp-modes-sources' on page 1 undefined on i
nput line 6183.


LaTeX Warning: Reference `due:lem:sharp-half-mgf' on page 1 undefined on input 
line 6184.


LaTeX Warning: Reference `due:rmk:sharp-depth-one' on page 1 undefined on input
 line 6185.


LaTeX Warning: Reference `due:rmk:sharp-two-knots' on page 1 undefined on input
 line 6186.


LaTeX Warning: Reference `due:rmk:sharp-half' on page 1 undefined on input line
 6187.


LaTeX Warning: Reference `due:def:ext-weights' on page 1 undefined on input lin
e 6188.


LaTeX Warning: Reference `due:lem:ext-qbinomial' on page 1 undefined on input l
ine 6189.


Underfull \hbox (badness 10000) in paragraph at lines 6190--6190
[]|\T1/LibertinusSerif-TLF/m/n/10.95 (+20) The quarter-base
 []


Underfull \hbox (badness 10000) in paragraph at lines 6190--6190
\T1/LibertinusSerif-TLF/m/n/10.95 (+20) Gaussian-binomial
 []


LaTeX Warning: Reference `due:ex:ext-hand' on page 1 undefined on input line 61
91.


Underfull \hbox (badness 10000) in paragraph at lines 6192--6192
[]|\T1/LibertinusSerif-TLF/m/n/10.95 (+20) Recovering ev-ery
 []


Underfull \hbox (badness 10000) in paragraph at lines 6192--6192
\T1/LibertinusSerif-TLF/m/n/10.95 (+20) mode and the
 []


LaTeX Warning: Reference `due:prop:rec-minimal' on page 1 undefined on input li
ne 6193.


LaTeX Warning: Reference `due:thm:rec-tableau' on page 1 undefined on input lin
e 6194.


LaTeX Warning: Reference `due:thm:rec-tableau' on page 1 undefined on input lin
e 6195.


LaTeX Warning: Reference `due:ex:rec-tableau' on page 1 undefined on input line
 6196.


LaTeX Warning: Reference `due:thm:rec-recurrence' on page 1 undefined on input 
line 6197.


LaTeX Warning: Reference `due:rmk:rec-below-onset' on page 1 undefined on input
 line 6198.


Underfull \hbox (badness 10000) in paragraph at lines 6199--6199
[]|\T1/LibertinusSerif-TLF/m/n/10.95 (+20) Recovering ev-ery
 []


Underfull \hbox (badness 10000) in paragraph at lines 6199--6199
\T1/LibertinusSerif-TLF/m/n/10.95 (+20) mode and the
 []


LaTeX Warning: Reference `due:prop:stab-vandermonde' on page 1 undefined on inp
ut line 6201.


LaTeX Warning: Reference `due:prop:exr-symmetry' on page 1 undefined on input l
ine 6203.


LaTeX Warning: Reference `due:ex:exr-quarter' on page 1 undefined on input line
 6204.


LaTeX Warning: Reference `due:prop:cons-principle' on page 1 undefined on input
 line 6207.


Underfull \hbox (badness 5847) in paragraph at lines 6208--6208
[]|\T1/LibertinusSerif-TLF/m/n/10.95 (+20) Consequences and
 []


Underfull \hbox (badness 1418) in paragraph at lines 6209--6209
\T1/LibertinusSerif-TLF/m/n/10.95 (+20) pus and for-mal-iza-
 []


ignored: Infinite glue shrinkage found in box being split [66]
ignored: Infinite glue shrinkage fo
und in box being split [67]
ignored: Infinite glue shrinkage found in box being split [68
]
Underfull \hbox (badness 10000) in paragraph at lines 6282--6282
[]|\T1/LibertinusMono-TLF/m/n/10 9ab6bd6d04f2725faf1b96a94c8b64d71e78c053665196
ad
 []


Underfull \hbox (badness 10000) in paragraph at lines 6282--6282
[]|\T1/LibertinusMono-TLF/m/n/10 80d2feedf09875a2278ad0310edac7e63c65d483ccace4
2a
 []


Underfull \hbox (badness 10000) in paragraph at lines 6282--6282
[]|\T1/LibertinusMono-TLF/m/n/10 8669456e7848e9a191daf358f716affffa02747895f456
54
 []


Underfull \hbox (badness 10000) in paragraph at lines 6282--6282
[]|\T1/LibertinusMono-TLF/m/n/10 9840d53814848874746e7f82f6a9dc2c3d0aedfb542d1f
1b8ac30
 []


Underfull \hbox (badness 10000) in paragraph at lines 6282--6282
[]|\T1/LibertinusMono-TLF/m/n/10 c692ae4d4b2db6bc18fa1e0be43b3e214dee0c6f193ab6
be
 []


Underfull \hbox (badness 10000) in paragraph at lines 6282--6282
[]|\T1/LibertinusMono-TLF/m/n/10 e100dec4adc34acdce1b71af1446e23696ef75efd6e982
51
 []


LaTeX Warning: Reference `due:sec:algorithm' on page 1 undefined on input line 
6288.


LaTeX Warning: Reference `due:sec:examples' on page 1 undefined on input line 6
289.

[69]

LaTeX Warning: Reference `due:sec:coefficients' on page 1 undefined on input li
ne 6304.

[70]

LaTeX Warning: Reference `due:thm:sharp-knot-defect' on page 1 undefined on inp
ut line 6340.


LaTeX Warning: Reference `due:lem:sharp-half-mgf' on page 1 undefined on input 
line 6344.


LaTeX Warning: Reference `due:cor:sharp-onset' on page 1 undefined on input lin
e 6346.


LaTeX Warning: Reference `due:prop:exr-symmetry' on page 1 undefined on input l
ine 6351.


LaTeX Warning: Reference `due:prop:sharp-cdf' on page 1 undefined on input line
 6352.


LaTeX Warning: Reference `due:prop:sharp-attained' on page 1 undefined on input
 line 6357.


LaTeX Warning: Reference `due:prop:sharp-cdf' on page 1 undefined on input line
 6357.


LaTeX Warning: Reference `due:cor:main-rational' on page 1 undefined on input l
ine 6359.


LaTeX Warning: Reference `due:prop:cons-principle' on page 1 undefined on input
 line 6361.


LaTeX Warning: Reference `due:sec:notation' on page 1 undefined on input line 6
369.


LaTeX Warning: Reference `due:sec:coefficients' on page 1 undefined on input li
ne 6375.


LaTeX Warning: Reference `due:sec:setting' on page 1 undefined on input line 63
78.


LaTeX Warning: Reference `due:sec:repairs' on page 1 undefined on input line 63
87.


LaTeX Warning: Reference `due:sec:register' on page 1 undefined on input line 6
400.

[71]
Underfull \hbox (badness 1259) in paragraph at lines 6420--6424
[]\T1/LibertinusSerif-TLF/m/n/10.95 (+20) J. Arias de Reyna, ``Arith-metic of t
he Fabius func-tion,'' \T1/LibertinusSerif-TLF/m/it/10.95 (+20) In-te-gers \T1/
LibertinusSerif-TLF/b/n/10.95 (+20) 18 \T1/LibertinusSerif-TLF/m/n/10.95 (+20) 
(2018), ar-ti-cle A51;
 []

[72

]

Package longtable Warning: Table widths have changed. Rerun LaTeX.

(C:\Temp\pv-xmp045_x\out\Dyadic_Up_Extraction.aux)
 ***********
LaTeX2e <2025-11-01>
L3 programming layer <2026-03-20>
 ***********


LaTeX Warning: There were undefined references.


LaTeX Warning: Label(s) may have changed. Rerun to get cross-references right.


Package rerunfilecheck Warning: File `Dyadic_Up_Extraction.out' has changed.
(rerunfilecheck)                Rerun to get outlines right
(rerunfilecheck)                or use package `bookmark'.

Package rerunfilecheck Info: Checksums for `Dyadic_Up_Extraction.out':
(rerunfilecheck)             Before: <no file>
(rerunfilecheck)             After:  42BA128AEFC9F244FAAC3BF43326AE18;18377.
 ) 
Here is how much of TeX's memory you used:
 36364 strings out of 467691
 737925 string characters out of 5414987
 1199831 words of memory out of 5000000
 63830 multiletter control sequences out of 15000+600000
 803012 words of font info for 470 fonts, out of 8000000 for 9000
 1141 hyphenation exceptions out of 8191
 98i,15n,108p,1019b,1207s stack positions out of 10000i,1000n,20000p,200000b,200000s
<C:/Users/vresh/AppData/Local/Programs/MiKTeX/fonts/type1/public/libertinus-t
ype1/LibertinusMono-Italic.pfb><C:/Users/vresh/AppData/Local/Programs/MiKTeX/fo
nts/type1/public/libertinus-type1/LibertinusMono-Regular.pfb><C:/Users/vresh/Ap
pData/Local/Programs/MiKTeX/fonts/type1/public/libertinus-type1/LibertinusSerif
-Bold.pfb><C:/Users/vresh/AppData/Local/Programs/MiKTeX/fonts/type1/public/libe
rtinus-type1/LibertinusSerif-Italic.pfb><C:/Users/vresh/AppData/Local/Programs/
MiKTeX/fonts/type1/public/libertinus-type1/LibertinusSerif-Regular.pfb><C:/User
s/vresh/AppData/Local/Programs/MiKTeX/fonts/type1/public/amsfonts/cm/cmbx10.pfb
><C:/Users/vresh/AppData/Local/Programs/MiKTeX/fonts/type1/public/amsfonts/cm/c
mex10.pfb><C:/Users/vresh/AppData/Local/Programs/MiKTeX/fonts/type1/public/amsf
onts/cmextra/cmex8.pfb><C:/Users/vresh/AppData/Local/Programs/MiKTeX/fonts/type
1/public/amsfonts/cm/cmmi10.pfb><C:/Users/vresh/AppData/Local/Programs/MiKTeX/f
onts/type1/public/amsfonts/cm/cmmi12.pfb><C:/Users/vresh/AppData/Local/Programs
/MiKTeX/fonts/type1/public/amsfonts/cm/cmmi5.pfb><C:/Users/vresh/AppData/Local/
Programs/MiKTeX/fonts/type1/public/amsfonts/cm/cmmi6.pfb><C:/Users/vresh/AppDat
a/Local/Programs/MiKTeX/fonts/type1/public/amsfonts/cm/cmmi7.pfb><C:/Users/vres
h/AppData/Local/Programs/MiKTeX/fonts/type1/public/amsfonts/cm/cmmi8.pfb><C:/Us
ers/vresh/AppData/Local/Programs/MiKTeX/fonts/type1/public/amsfonts/cm/cmmi9.pf
b><C:/Users/vresh/AppData/Local/Programs/MiKTeX/fonts/type1/public/amsfonts/cm/
cmr10.pfb><C:/Users/vresh/AppData/Local/Programs/MiKTeX/fonts/type1/public/amsf
onts/cm/cmr12.pfb><C:/Users/vresh/AppData/Local/Programs/MiKTeX/fonts/type1/pub
lic/amsfonts/cm/cmr5.pfb><C:/Users/vresh/AppData/Local/Programs/MiKTeX/fonts/ty
pe1/public/amsfonts/cm/cmr6.pfb><C:/Users/vresh/AppData/Local/Programs/MiKTeX/f
onts/type1/public/amsfonts/cm/cmr7.pfb><C:/Users/vresh/AppData/Local/Programs/M
iKTeX/fonts/type1/public/amsfonts/cm/cmr8.pfb><C:/Users/vresh/AppData/Local/Pro
grams/MiKTeX/fonts/type1/public/amsfonts/cm/cmr9.pfb><C:/Users/vresh/AppData/Lo
cal/Programs/MiKTeX/fonts/type1/public/amsfonts/cm/cmss10.pfb><C:/Users/vresh/A
ppData/Local/Programs/MiKTeX/fonts/type1/public/amsfonts/cm/cmss8.pfb><C:/Users
/vresh/AppData/Local/Programs/MiKTeX/fonts/type1/public/amsfonts/cm/cmsy10.pfb>
<C:/Users/vresh/AppData/Local/Programs/MiKTeX/fonts/type1/public/amsfonts/cm/cm
sy5.pfb><C:/Users/vresh/AppData/Local/Programs/MiKTeX/fonts/type1/public/amsfon
ts/cm/cmsy6.pfb><C:/Users/vresh/AppData/Local/Programs/MiKTeX/fonts/type1/publi
c/amsfonts/cm/cmsy7.pfb><C:/Users/vresh/AppData/Local/Programs/MiKTeX/fonts/typ
e1/public/amsfonts/cm/cmsy8.pfb><C:/Users/vresh/AppData/Local/Programs/MiKTeX/f
onts/type1/public/amsfonts/cm/cmsy9.pfb><C:/Users/vresh/AppData/Local/Programs/
MiKTeX/fonts/type1/public/amsfonts/cm/cmtt10.pfb><C:/Users/vresh/AppData/Local/
Programs/MiKTeX/fonts/type1/public/amsfonts/symbols/msbm10.pfb><C:/Users/vresh/
AppData/Local/Programs/MiKTeX/fonts/type1/public/rsfs/rsfs10.pfb>
Output written on C:\Temp\pv-xmp045_x\out\Dyadic_Up_Extraction.pdf (72 pages, 1
222969 bytes).
PDF statistics:
 1062 PDF objects out of 1200 (max. 8388607)
 501 named destinations out of 1000 (max. 500000)
 100509 words of extra memory for PDF output out of 106986 (max. 10000000)

