This is pdfTeX, Version 3.141592653-2.6-1.40.29 (MiKTeX 26.2) (preloaded format=pdflatex 2026.8.15)  9 SEP 2026 12:55
entering extended mode
 file:line:error style messages enabled.
 %&-line parsing enabled.
**./Combinatorial_Coefficient_Calculus.tex
(Combinatorial_Coefficient_Calculus.tex
LaTeX2e <2025-11-01>
L3 programming layer <2026-03-20>
(C:\Users\vresh\AppData\Local\Programs\MiKTeX\tex/latex/base\book.cls
Document Class: book 2025/01/22 v1.4n Standard LaTeX document class
(C:\Users\vresh\AppData\Local\Programs\MiKTeX\tex/latex/base\bk11.clo
File: bk11.clo 2025/01/22 v1.4n Standard LaTeX file (size option)
)
\c@part=\count275
\c@chapter=\count276
\c@section=\count277
\c@subsection=\count278
\c@subsubsection=\count279
\c@paragraph=\count280
\c@subparagraph=\count281
\c@figure=\count282
\c@table=\count283
\abovecaptionskip=\skip49
\belowcaptionskip=\skip50
\bibindent=\dimen150
)
(C:\Users\vresh\AppData\Local\Programs\MiKTeX\tex/latex/base\fontenc.sty
Package: fontenc 2025/07/18 v2.1d Standard LaTeX package
)
(C:\Users\vresh\AppData\Local\Programs\MiKTeX\tex/latex/base\inputenc.sty
Package: inputenc 2024/02/08 v1.3d Input encoding file
\inpenc@prehook=\toks17
\inpenc@posthook=\toks18
)
(C:\Users\vresh\AppData\Local\Programs\MiKTeX\tex/latex/libertinus\libertinus.s
ty
Package: libertinus 2020/05/06 v. 0.02 (Herbert Voss) Supports libertinus fonts
 for pdflatex/lualatex/xelatex
 (C:\Users\vresh\AppData\Local\Programs\MiKTeX\tex/generic/iftex\iftex.sty
Package: iftex 2024/12/12 v1.0g TeX engine tests
)
(C:\Users\vresh\AppData\Local\Programs\MiKTeX\tex/latex/xkeyval\xkeyval.sty
Package: xkeyval 2022/06/16 v2.9 package option processing (HA)

(C:\Users\vresh\AppData\Local\Programs\MiKTeX\tex/generic/xkeyval\xkeyval.tex
(C:\Users\vresh\AppData\Local\Programs\MiKTeX\tex/generic/xkeyval\xkvutils.tex
\XKV@toks=\toks19
\XKV@tempa@toks=\toks20

(C:\Users\vresh\AppData\Local\Programs\MiKTeX\tex/generic/xkeyval\keyval.tex))
\XKV@depth=\count284
File: xkeyval.tex 2014/12/03 v2.7a key=value parser (HA)
))
(C:\Users\vresh\AppData\Local\Programs\MiKTeX\tex/latex/libertinus-type1\libert
inus-type1.sty
Package: libertinus-type1 2025/11/17 (Bob Tennent) Supports libertinus fonts fo
r latex/pdflatex.

(C:\Users\vresh\AppData\Local\Programs\MiKTeX\tex/generic/iftex\ifxetex.sty
Package: ifxetex 2019/10/25 v0.7 ifxetex legacy package. Use iftex instead.
)
(C:\Users\vresh\AppData\Local\Programs\MiKTeX\tex/generic/iftex\ifluatex.sty
Package: ifluatex 2019/10/25 v1.5 ifluatex legacy package. Use iftex instead.
)
(C:\Users\vresh\AppData\Local\Programs\MiKTeX\tex/latex/base\textcomp.sty
Package: textcomp 2024/04/24 v2.1b Standard LaTeX package
)
(C:\Users\vresh\AppData\Local\Programs\MiKTeX\tex/latex/base\fontenc.sty
Package: fontenc 2025/07/18 v2.1d Standard LaTeX package
)
(C:\Users\vresh\AppData\Local\Programs\MiKTeX\tex/latex/fontaxes\fontaxes.sty
Package: fontaxes 2026-01-02 v2.0.2 Font selection axes (deprecated)
Applying: [2024-11-01] Use figureversions if present on input line 74.

(C:\Users\vresh\AppData\Local\Programs\MiKTeX\tex/latex/figureversions\figureve
rsions.sty
Package: figureversions 2025-04-29 v1.0.1 Figure versions
)
Already applied: [0000-00-00] Fall back to v1 on input line 76.
)))
(C:\Users\vresh\AppData\Local\Programs\MiKTeX\tex/latex/microtype\microtype.sty
Package: microtype 2026/03/01 v3.2d Micro-typographical refinements (RS)
(C:\Users\vresh\AppData\Local\Programs\MiKTeX\tex/latex/etoolbox\etoolbox.sty
Package: etoolbox 2025/10/02 v2.5m e-TeX tools for LaTeX (JAW)
\etb@tempcnta=\count285
)
\MT@toks=\toks21
\MT@tempbox=\box53
\MT@count=\count286
LaTeX Info: Redefining \noprotrusionifhmode on input line 1084.
LaTeX Info: Redefining \leftprotrusion on input line 1085.
\MT@prot@toks=\toks22
LaTeX Info: Redefining \rightprotrusion on input line 1104.
LaTeX Info: Redefining \textls on input line 1449.
\MT@outer@kern=\dimen151
LaTeX Info: Redefining \microtypecontext on input line 2053.
LaTeX Info: Redefining \textmicrotypecontext on input line 2070.
\MT@listname@count=\count287

(C:\Users\vresh\AppData\Local\Programs\MiKTeX\tex/latex/microtype\microtype-pdf
tex.def
File: microtype-pdftex.def 2026/03/01 v3.2d Definitions specific to pdftex (RS)

LaTeX Info: Redefining \lsstyle on input line 944.
LaTeX Info: Redefining \lslig on input line 944.
\MT@outer@space=\skip51
)
Package microtype Info: Loading configuration file microtype.cfg.

(C:\Users\vresh\AppData\Local\Programs\MiKTeX\tex/latex/microtype\microtype.cfg
File: microtype.cfg 2026/03/01 v3.2d microtype main configuration file (RS)
)
LaTeX Info: Redefining \microtypesetup on input line 3065.
)
(C:\Users\vresh\AppData\Local\Programs\MiKTeX\tex/latex/geometry\geometry.sty
Package: geometry 2026/03/07 v6.0 Page Geometry

(C:\Users\vresh\AppData\Local\Programs\MiKTeX\tex/generic/iftex\ifvtex.sty
Package: ifvtex 2019/10/25 v1.7 ifvtex legacy package. Use iftex instead.
)
\Gm@cnth=\count288
\Gm@cntv=\count289
\c@Gm@tempcnt=\count290
\Gm@bindingoffset=\dimen152
\Gm@wd@mp=\dimen153
\Gm@odd@mp=\dimen154
\Gm@even@mp=\dimen155
\Gm@layoutwidth=\dimen156
\Gm@layoutheight=\dimen157
\Gm@layouthoffset=\dimen158
\Gm@layoutvoffset=\dimen159
\Gm@dimlist=\toks23

(C:\Users\vresh\AppData\Local\Programs\MiKTeX\tex/latex/geometry\geometry.cfg))
(C:\Users\vresh\AppData\Local\Programs\MiKTeX\tex/latex/amsmath\amsmath.sty
Package: amsmath 2025/07/09 v2.17z AMS math features
\@mathmargin=\skip52

For additional information on amsmath, use the `?' option.
(C:\Users\vresh\AppData\Local\Programs\MiKTeX\tex/latex/amsmath\amstext.sty
Package: amstext 2024/11/17 v2.01 AMS text

(C:\Users\vresh\AppData\Local\Programs\MiKTeX\tex/latex/amsmath\amsgen.sty
File: amsgen.sty 1999/11/30 v2.0 generic functions
\@emptytoks=\toks24
\ex@=\dimen160
))
(C:\Users\vresh\AppData\Local\Programs\MiKTeX\tex/latex/amsmath\amsbsy.sty
Package: amsbsy 1999/11/29 v1.2d Bold Symbols
\pmbraise@=\dimen161
)
(C:\Users\vresh\AppData\Local\Programs\MiKTeX\tex/latex/amsmath\amsopn.sty
Package: amsopn 2022/04/08 v2.04 operator names
)
\inf@bad=\count291
LaTeX Info: Redefining \frac on input line 233.
\uproot@=\count292
\leftroot@=\count293
LaTeX Info: Redefining \overline on input line 398.
LaTeX Info: Redefining \colon on input line 409.
\classnum@=\count294
\DOTSCASE@=\count295
LaTeX Info: Redefining \ldots on input line 495.
LaTeX Info: Redefining \dots on input line 498.
LaTeX Info: Redefining \cdots on input line 619.
\Mathstrutbox@=\box54
\strutbox@=\box55
LaTeX Info: Redefining \big on input line 721.
LaTeX Info: Redefining \Big on input line 722.
LaTeX Info: Redefining \bigg on input line 723.
LaTeX Info: Redefining \Bigg on input line 724.
\big@size=\dimen162
LaTeX Font Info:    Redeclaring font encoding OML on input line 742.
LaTeX Font Info:    Redeclaring font encoding OMS on input line 743.
\macc@depth=\count296
LaTeX Info: Redefining \bmod on input line 904.
LaTeX Info: Redefining \pmod on input line 909.
LaTeX Info: Redefining \smash on input line 939.
LaTeX Info: Redefining \relbar on input line 969.
LaTeX Info: Redefining \Relbar on input line 970.
\c@MaxMatrixCols=\count297
\dotsspace@=\muskip17
\c@parentequation=\count298
\dspbrk@lvl=\count299
\tag@help=\toks25
\row@=\count300
\column@=\count301
\maxfields@=\count302
\andhelp@=\toks26
\eqnshift@=\dimen163
\alignsep@=\dimen164
\tagshift@=\dimen165
\tagwidth@=\dimen166
\totwidth@=\dimen167
\lineht@=\dimen168
\@envbody=\toks27
\multlinegap=\skip53
\multlinetaggap=\skip54
\mathdisplay@stack=\toks28
LaTeX Info: Redefining \[ on input line 2950.
LaTeX Info: Redefining \] on input line 2951.
)
(C:\Users\vresh\AppData\Local\Programs\MiKTeX\tex/latex/amsfonts\amssymb.sty
Package: amssymb 2013/01/14 v3.01 AMS font symbols

(C:\Users\vresh\AppData\Local\Programs\MiKTeX\tex/latex/amsfonts\amsfonts.sty
Package: amsfonts 2013/01/14 v3.01 Basic AMSFonts support
\symAMSa=\mathgroup4
\symAMSb=\mathgroup5
LaTeX Font Info:    Redeclaring math symbol \hbar on input line 98.
LaTeX Font Info:    Overwriting math alphabet `\mathfrak' in version `bold'
(Font)                  U/euf/m/n --> U/euf/b/n on input line 106.
)) (C:\Users\vresh\AppData\Local\Programs\MiKTeX\tex/latex/amscls\amsthm.sty
Package: amsthm 2020/05/29 v2.20.6
\thm@style=\toks29
\thm@bodyfont=\toks30
\thm@headfont=\toks31
\thm@notefont=\toks32
\thm@headpunct=\toks33
\thm@preskip=\skip55
\thm@postskip=\skip56
\thm@headsep=\skip57
\dth@everypar=\toks34
)
(C:\Users\vresh\AppData\Local\Programs\MiKTeX\tex/latex/mathtools\mathtools.sty
Package: mathtools 2024/10/04 v1.31 mathematical typesetting tools
(C:\Users\vresh\AppData\Local\Programs\MiKTeX\tex/latex/tools\calc.sty
Package: calc 2025/03/01 v4.3b Infix arithmetic (KKT,FJ)
\calc@Acount=\count303
\calc@Bcount=\count304
\calc@Adimen=\dimen169
\calc@Bdimen=\dimen170
\calc@Askip=\skip58
\calc@Bskip=\skip59
LaTeX Info: Redefining \setlength on input line 86.
LaTeX Info: Redefining \addtolength on input line 87.
\calc@Ccount=\count305
\calc@Cskip=\skip60
)
(C:\Users\vresh\AppData\Local\Programs\MiKTeX\tex/latex/mathtools\mhsetup.sty
Package: mhsetup 2021/03/18 v1.4 programming setup (MH)
)
\g_MT_multlinerow_int=\count306
\l_MT_multwidth_dim=\dimen171
\origjot=\skip61
\l_MT_shortvdotswithinadjustabove_dim=\dimen172
\l_MT_shortvdotswithinadjustbelow_dim=\dimen173
\l_MT_above_intertext_sep=\dimen174
\l_MT_below_intertext_sep=\dimen175
\l_MT_above_shortintertext_sep=\dimen176
\l_MT_below_shortintertext_sep=\dimen177
\xmathstrut@box=\box56
\xmathstrut@dim=\dimen178
) (C:\Users\vresh\AppData\Local\Programs\MiKTeX\tex/latex/tools\bm.sty
Package: bm 2025/10/21 v1.2g Bold Symbol Support (DPC/FMi)
\symboldoperators=\mathgroup6
\symboldletters=\mathgroup7
\symboldsymbols=\mathgroup8
Package bm Info: No bold for \OMX/cmex/m/n, using \pmb.
Package bm Info: No bold for \U/msa/m/n, using \pmb.
Package bm Info: No bold for \U/msb/m/n, using \pmb.
LaTeX Font Info:    Redeclaring math alphabet \mathbf on input line 149.
)
(C:\Users\vresh\AppData\Local\Programs\MiKTeX\tex/latex/jknappen\mathrsfs.sty
Package: mathrsfs 1996/01/01 Math RSFS package v1.0 (jk)
\symrsfs=\mathgroup9
)
(C:\Users\vresh\AppData\Local\Programs\MiKTeX\tex/latex/booktabs\booktabs.sty
Package: booktabs 2020/01/12 v1.61803398 Publication quality tables
\heavyrulewidth=\dimen179
\lightrulewidth=\dimen180
\cmidrulewidth=\dimen181
\belowrulesep=\dimen182
\belowbottomsep=\dimen183
\aboverulesep=\dimen184
\abovetopsep=\dimen185
\cmidrulesep=\dimen186
\cmidrulekern=\dimen187
\defaultaddspace=\dimen188
\@cmidla=\count307
\@cmidlb=\count308
\@aboverulesep=\dimen189
\@belowrulesep=\dimen190
\@thisruleclass=\count309
\@lastruleclass=\count310
\@thisrulewidth=\dimen191
)
(C:\Users\vresh\AppData\Local\Programs\MiKTeX\tex/latex/tools\longtable.sty
Package: longtable 2025-10-13 v4.24 Multi-page Table package (DPC)
\LTleft=\skip62
\LTright=\skip63
\LTpre=\skip64
\LTpost=\skip65
\LTchunksize=\count311
\LTcapwidth=\dimen192
\LT@head=\box57
\LT@firsthead=\box58
\LT@foot=\box59
\LT@lastfoot=\box60
\LT@gbox=\box61
\LT@cols=\count312
\LT@rows=\count313
\c@LT@tables=\count314
\c@LT@chunks=\count315
\LT@p@ftn=\toks35
)
(C:\Users\vresh\AppData\Local\Programs\MiKTeX\tex/latex/tools\array.sty
Package: array 2025/09/25 v2.6n Tabular extension package (FMi)
\col@sep=\dimen193
\ar@mcellbox=\box62
\extrarowheight=\dimen194
\NC@list=\toks36
\extratabsurround=\skip66
\backup@length=\skip67
\ar@cellbox=\box63
)
(C:\Users\vresh\AppData\Local\Programs\MiKTeX\tex/latex/tools\tabularx.sty
Package: tabularx 2023/12/11 v2.12a `tabularx' package (DPC)
\TX@col@width=\dimen195
\TX@old@table=\dimen196
\TX@old@col=\dimen197
\TX@target=\dimen198
\TX@delta=\dimen199
\TX@cols=\count316
\TX@ftn=\toks37
)
(C:\Users\vresh\AppData\Local\Programs\MiKTeX\tex/latex/enumitem\enumitem.sty
Package: enumitem 2025/02/06 v3.11 Customized lists
\enitkv@toks@=\toks38
\labelindent=\skip68
\enit@outerparindent=\dimen256
\enit@toks=\toks39
\enit@inbox=\box64
\enit@count@id=\count317
\enitdp@description=\count318
)
(C:\Users\vresh\AppData\Local\Programs\MiKTeX\tex/latex/xcolor\xcolor.sty
Package: xcolor 2024/09/29 v3.02 LaTeX color extensions (UK)

(C:\Users\vresh\AppData\Local\Programs\MiKTeX\tex/latex/graphics-cfg\color.cfg
File: color.cfg 2016/01/02 v1.6 sample color configuration
)
Package xcolor Info: Driver file: pdftex.def on input line 274.

(C:\Users\vresh\AppData\Local\Programs\MiKTeX\tex/latex/graphics-def\pdftex.def
File: pdftex.def 2025/09/29 v1.2d Graphics/color driver for pdftex
)
(C:\Users\vresh\AppData\Local\Programs\MiKTeX\tex/latex/graphics\mathcolor.ltx)
Package xcolor Info: Model `cmy' substituted by `cmy0' on input line 1349.
Package xcolor Info: Model `hsb' substituted by `rgb' on input line 1353.
Package xcolor Info: Model `RGB' extended on input line 1365.
Package xcolor Info: Model `HTML' substituted by `rgb' on input line 1367.
Package xcolor Info: Model `Hsb' substituted by `hsb' on input line 1368.
Package xcolor Info: Model `tHsb' substituted by `hsb' on input line 1369.
Package xcolor Info: Model `HSB' substituted by `hsb' on input line 1370.
Package xcolor Info: Model `Gray' substituted by `gray' on input line 1371.
Package xcolor Info: Model `wave' substituted by `hsb' on input line 1372.
)
(C:\Users\vresh\AppData\Local\Programs\MiKTeX\tex/latex/pgf/frontendlayer\tikz.
sty
(C:\Users\vresh\AppData\Local\Programs\MiKTeX\tex/latex/pgf/basiclayer\pgf.sty
(C:\Users\vresh\AppData\Local\Programs\MiKTeX\tex/latex/pgf/utilities\pgfrcs.st
y
(C:\Users\vresh\AppData\Local\Programs\MiKTeX\tex/generic/pgf/utilities\pgfutil
-common.tex
\pgfutil@everybye=\toks40
\pgfutil@tempdima=\dimen257
\pgfutil@tempdimb=\dimen258
)
(C:\Users\vresh\AppData\Local\Programs\MiKTeX\tex/generic/pgf/utilities\pgfutil
-latex.def
\pgfutil@abb=\box65
)
(C:\Users\vresh\AppData\Local\Programs\MiKTeX\tex/generic/pgf/utilities\pgfrcs.
code.tex
(C:\Users\vresh\AppData\Local\Programs\MiKTeX\tex/generic/pgf\pgf.revision.tex)
Package: pgfrcs 2025-08-29 v3.1.11a (3.1.11a)
))
Package: pgf 2025-08-29 v3.1.11a (3.1.11a)

(C:\Users\vresh\AppData\Local\Programs\MiKTeX\tex/latex/pgf/basiclayer\pgfcore.
sty
(C:\Users\vresh\AppData\Local\Programs\MiKTeX\tex/latex/graphics\graphicx.sty
Package: graphicx 2024/12/31 v1.2e Enhanced LaTeX Graphics (DPC,SPQR)

(C:\Users\vresh\AppData\Local\Programs\MiKTeX\tex/latex/graphics\graphics.sty
Package: graphics 2024/08/06 v1.4g Standard LaTeX Graphics (DPC,SPQR)

(C:\Users\vresh\AppData\Local\Programs\MiKTeX\tex/latex/graphics\trig.sty
Package: trig 2023/12/02 v1.11 sin cos tan (DPC)
)
(C:\Users\vresh\AppData\Local\Programs\MiKTeX\tex/latex/graphics-cfg\graphics.c
fg
File: graphics.cfg 2016/06/04 v1.11 sample graphics configuration
)
Package graphics Info: Driver file: pdftex.def on input line 106.
)
\Gin@req@height=\dimen259
\Gin@req@width=\dimen260
)
(C:\Users\vresh\AppData\Local\Programs\MiKTeX\tex/latex/pgf/systemlayer\pgfsys.
sty
(C:\Users\vresh\AppData\Local\Programs\MiKTeX\tex/generic/pgf/systemlayer\pgfsy
s.code.tex
Package: pgfsys 2025-08-29 v3.1.11a (3.1.11a)

(C:\Users\vresh\AppData\Local\Programs\MiKTeX\tex/generic/pgf/utilities\pgfkeys
.code.tex
\pgfkeys@pathtoks=\toks41
\pgfkeys@temptoks=\toks42

(C:\Users\vresh\AppData\Local\Programs\MiKTeX\tex/generic/pgf/utilities\pgfkeys
libraryfiltered.code.tex
\pgfkeys@tmptoks=\toks43
))
\pgf@x=\dimen261
\pgf@y=\dimen262
\pgf@xa=\dimen263
\pgf@ya=\dimen264
\pgf@xb=\dimen265
\pgf@yb=\dimen266
\pgf@xc=\dimen267
\pgf@yc=\dimen268
\pgf@xd=\dimen269
\pgf@yd=\dimen270
\w@pgf@writea=\write3
\r@pgf@reada=\read2
\c@pgf@counta=\count319
\c@pgf@countb=\count320
\c@pgf@countc=\count321
\c@pgf@countd=\count322
\t@pgf@toka=\toks44
\t@pgf@tokb=\toks45
\t@pgf@tokc=\toks46
\pgf@sys@id@count=\count323

(C:\Users\vresh\AppData\Local\Programs\MiKTeX\tex/generic/pgf/systemlayer\pgf.c
fg
File: pgf.cfg 2025-08-29 v3.1.11a (3.1.11a)
)
Driver file for pgf: pgfsys-pdftex.def

(C:\Users\vresh\AppData\Local\Programs\MiKTeX\tex/generic/pgf/systemlayer\pgfsy
s-pdftex.def
File: pgfsys-pdftex.def 2025-08-29 v3.1.11a (3.1.11a)

(C:\Users\vresh\AppData\Local\Programs\MiKTeX\tex/generic/pgf/systemlayer\pgfsy
s-common-pdf.def
File: pgfsys-common-pdf.def 2025-08-29 v3.1.11a (3.1.11a)
)))
(C:\Users\vresh\AppData\Local\Programs\MiKTeX\tex/generic/pgf/systemlayer\pgfsy
ssoftpath.code.tex
File: pgfsyssoftpath.code.tex 2025-08-29 v3.1.11a (3.1.11a)
\pgfsyssoftpath@smallbuffer@items=\count324
\pgfsyssoftpath@bigbuffer@items=\count325
)
(C:\Users\vresh\AppData\Local\Programs\MiKTeX\tex/generic/pgf/systemlayer\pgfsy
sprotocol.code.tex
File: pgfsysprotocol.code.tex 2025-08-29 v3.1.11a (3.1.11a)
))
(C:\Users\vresh\AppData\Local\Programs\MiKTeX\tex/generic/pgf/basiclayer\pgfcor
e.code.tex
Package: pgfcore 2025-08-29 v3.1.11a (3.1.11a)

(C:\Users\vresh\AppData\Local\Programs\MiKTeX\tex/generic/pgf/math\pgfmath.code
.tex
(C:\Users\vresh\AppData\Local\Programs\MiKTeX\tex/generic/pgf/math\pgfmathutil.
code.tex)
(C:\Users\vresh\AppData\Local\Programs\MiKTeX\tex/generic/pgf/math\pgfmathparse
r.code.tex
\pgfmath@dimen=\dimen271
\pgfmath@count=\count326
\pgfmath@box=\box66
\pgfmath@toks=\toks47
\pgfmath@stack@operand=\toks48
\pgfmath@stack@operation=\toks49
)
(C:\Users\vresh\AppData\Local\Programs\MiKTeX\tex/generic/pgf/math\pgfmathfunct
ions.code.tex)
(C:\Users\vresh\AppData\Local\Programs\MiKTeX\tex/generic/pgf/math\pgfmathfunct
ions.basic.code.tex)
(C:\Users\vresh\AppData\Local\Programs\MiKTeX\tex/generic/pgf/math\pgfmathfunct
ions.trigonometric.code.tex)
(C:\Users\vresh\AppData\Local\Programs\MiKTeX\tex/generic/pgf/math\pgfmathfunct
ions.random.code.tex)
(C:\Users\vresh\AppData\Local\Programs\MiKTeX\tex/generic/pgf/math\pgfmathfunct
ions.comparison.code.tex)
(C:\Users\vresh\AppData\Local\Programs\MiKTeX\tex/generic/pgf/math\pgfmathfunct
ions.base.code.tex)
(C:\Users\vresh\AppData\Local\Programs\MiKTeX\tex/generic/pgf/math\pgfmathfunct
ions.round.code.tex)
(C:\Users\vresh\AppData\Local\Programs\MiKTeX\tex/generic/pgf/math\pgfmathfunct
ions.misc.code.tex)
(C:\Users\vresh\AppData\Local\Programs\MiKTeX\tex/generic/pgf/math\pgfmathfunct
ions.integerarithmetics.code.tex)
(C:\Users\vresh\AppData\Local\Programs\MiKTeX\tex/generic/pgf/math\pgfmathcalc.
code.tex)
(C:\Users\vresh\AppData\Local\Programs\MiKTeX\tex/generic/pgf/math\pgfmathfloat
.code.tex
\c@pgfmathroundto@lastzeros=\count327
))
(C:\Users\vresh\AppData\Local\Programs\MiKTeX\tex/generic/pgf/math\pgfint.code.
tex)
(C:\Users\vresh\AppData\Local\Programs\MiKTeX\tex/generic/pgf/basiclayer\pgfcor
epoints.code.tex
File: pgfcorepoints.code.tex 2025-08-29 v3.1.11a (3.1.11a)
\pgf@picminx=\dimen272
\pgf@picmaxx=\dimen273
\pgf@picminy=\dimen274
\pgf@picmaxy=\dimen275
\pgf@pathminx=\dimen276
\pgf@pathmaxx=\dimen277
\pgf@pathminy=\dimen278
\pgf@pathmaxy=\dimen279
\pgf@xx=\dimen280
\pgf@xy=\dimen281
\pgf@yx=\dimen282
\pgf@yy=\dimen283
\pgf@zx=\dimen284
\pgf@zy=\dimen285
)
(C:\Users\vresh\AppData\Local\Programs\MiKTeX\tex/generic/pgf/basiclayer\pgfcor
epathconstruct.code.tex
File: pgfcorepathconstruct.code.tex 2025-08-29 v3.1.11a (3.1.11a)
\pgf@path@lastx=\dimen286
\pgf@path@lasty=\dimen287
)
(C:\Users\vresh\AppData\Local\Programs\MiKTeX\tex/generic/pgf/basiclayer\pgfcor
epathusage.code.tex
File: pgfcorepathusage.code.tex 2025-08-29 v3.1.11a (3.1.11a)
\pgf@shorten@end@additional=\dimen288
\pgf@shorten@start@additional=\dimen289
)
(C:\Users\vresh\AppData\Local\Programs\MiKTeX\tex/generic/pgf/basiclayer\pgfcor
escopes.code.tex
File: pgfcorescopes.code.tex 2025-08-29 v3.1.11a (3.1.11a)
\pgfpic=\box67
\pgf@hbox=\box68
\pgf@layerbox@main=\box69
\pgf@picture@serial@count=\count328
)
(C:\Users\vresh\AppData\Local\Programs\MiKTeX\tex/generic/pgf/basiclayer\pgfcor
egraphicstate.code.tex
File: pgfcoregraphicstate.code.tex 2025-08-29 v3.1.11a (3.1.11a)
\pgflinewidth=\dimen290
)
(C:\Users\vresh\AppData\Local\Programs\MiKTeX\tex/generic/pgf/basiclayer\pgfcor
etransformations.code.tex
File: pgfcoretransformations.code.tex 2025-08-29 v3.1.11a (3.1.11a)
\pgf@pt@x=\dimen291
\pgf@pt@y=\dimen292
\pgf@pt@temp=\dimen293
)
(C:\Users\vresh\AppData\Local\Programs\MiKTeX\tex/generic/pgf/basiclayer\pgfcor
equick.code.tex
File: pgfcorequick.code.tex 2025-08-29 v3.1.11a (3.1.11a)
)
(C:\Users\vresh\AppData\Local\Programs\MiKTeX\tex/generic/pgf/basiclayer\pgfcor
eobjects.code.tex
File: pgfcoreobjects.code.tex 2025-08-29 v3.1.11a (3.1.11a)
)
(C:\Users\vresh\AppData\Local\Programs\MiKTeX\tex/generic/pgf/basiclayer\pgfcor
epathprocessing.code.tex
File: pgfcorepathprocessing.code.tex 2025-08-29 v3.1.11a (3.1.11a)
)
(C:\Users\vresh\AppData\Local\Programs\MiKTeX\tex/generic/pgf/basiclayer\pgfcor
earrows.code.tex
File: pgfcorearrows.code.tex 2025-08-29 v3.1.11a (3.1.11a)
\pgfarrowsep=\dimen294
)
(C:\Users\vresh\AppData\Local\Programs\MiKTeX\tex/generic/pgf/basiclayer\pgfcor
eshade.code.tex
File: pgfcoreshade.code.tex 2025-08-29 v3.1.11a (3.1.11a)
\pgf@max=\dimen295
\pgf@sys@shading@range@num=\count329
\pgf@shadingcount=\count330
)
(C:\Users\vresh\AppData\Local\Programs\MiKTeX\tex/generic/pgf/basiclayer\pgfcor
eimage.code.tex
File: pgfcoreimage.code.tex 2025-08-29 v3.1.11a (3.1.11a)
)
(C:\Users\vresh\AppData\Local\Programs\MiKTeX\tex/generic/pgf/basiclayer\pgfcor
eexternal.code.tex
File: pgfcoreexternal.code.tex 2025-08-29 v3.1.11a (3.1.11a)
\pgfexternal@startupbox=\box70
)
(C:\Users\vresh\AppData\Local\Programs\MiKTeX\tex/generic/pgf/basiclayer\pgfcor
elayers.code.tex
File: pgfcorelayers.code.tex 2025-08-29 v3.1.11a (3.1.11a)
)
(C:\Users\vresh\AppData\Local\Programs\MiKTeX\tex/generic/pgf/basiclayer\pgfcor
etransparency.code.tex
File: pgfcoretransparency.code.tex 2025-08-29 v3.1.11a (3.1.11a)
)
(C:\Users\vresh\AppData\Local\Programs\MiKTeX\tex/generic/pgf/basiclayer\pgfcor
epatterns.code.tex
File: pgfcorepatterns.code.tex 2025-08-29 v3.1.11a (3.1.11a)
)
(C:\Users\vresh\AppData\Local\Programs\MiKTeX\tex/generic/pgf/basiclayer\pgfcor
erdf.code.tex
File: pgfcorerdf.code.tex 2025-08-29 v3.1.11a (3.1.11a)
)))
(C:\Users\vresh\AppData\Local\Programs\MiKTeX\tex/generic/pgf/modules\pgfmodule
shapes.code.tex
File: pgfmoduleshapes.code.tex 2025-08-29 v3.1.11a (3.1.11a)
\pgfnodeparttextbox=\box71
)
(C:\Users\vresh\AppData\Local\Programs\MiKTeX\tex/generic/pgf/modules\pgfmodule
plot.code.tex
File: pgfmoduleplot.code.tex 2025-08-29 v3.1.11a (3.1.11a)
)
(C:\Users\vresh\AppData\Local\Programs\MiKTeX\tex/latex/pgf/compatibility\pgfco
mp-version-0-65.sty
Package: pgfcomp-version-0-65 2025-08-29 v3.1.11a (3.1.11a)
\pgf@nodesepstart=\dimen296
\pgf@nodesepend=\dimen297
)
(C:\Users\vresh\AppData\Local\Programs\MiKTeX\tex/latex/pgf/compatibility\pgfco
mp-version-1-18.sty
Package: pgfcomp-version-1-18 2025-08-29 v3.1.11a (3.1.11a)
))
(C:\Users\vresh\AppData\Local\Programs\MiKTeX\tex/latex/pgf/utilities\pgffor.st
y
(C:\Users\vresh\AppData\Local\Programs\MiKTeX\tex/latex/pgf/utilities\pgfkeys.s
ty
(C:\Users\vresh\AppData\Local\Programs\MiKTeX\tex/generic/pgf/utilities\pgfkeys
.code.tex))
(C:\Users\vresh\AppData\Local\Programs\MiKTeX\tex/latex/pgf/math\pgfmath.sty
(C:\Users\vresh\AppData\Local\Programs\MiKTeX\tex/generic/pgf/math\pgfmath.code
.tex))
(C:\Users\vresh\AppData\Local\Programs\MiKTeX\tex/generic/pgf/utilities\pgffor.
code.tex
Package: pgffor 2025-08-29 v3.1.11a (3.1.11a)
\pgffor@iter=\dimen298
\pgffor@skip=\dimen299
\pgffor@stack=\toks50
\pgffor@toks=\toks51
))
(C:\Users\vresh\AppData\Local\Programs\MiKTeX\tex/generic/pgf/frontendlayer/tik
z\tikz.code.tex
Package: tikz 2025-08-29 v3.1.11a (3.1.11a)

(C:\Users\vresh\AppData\Local\Programs\MiKTeX\tex/generic/pgf/libraries\pgflibr
aryplothandlers.code.tex
File: pgflibraryplothandlers.code.tex 2025-08-29 v3.1.11a (3.1.11a)
\pgf@plot@mark@count=\count331
\pgfplotmarksize=\dimen300
)
\tikz@lastx=\dimen301
\tikz@lasty=\dimen302
\tikz@lastxsaved=\dimen303
\tikz@lastysaved=\dimen304
\tikz@lastmovetox=\dimen305
\tikz@lastmovetoy=\dimen306
\tikzleveldistance=\dimen307
\tikzsiblingdistance=\dimen308
\tikz@figbox=\box72
\tikz@figbox@bg=\box73
\tikz@tempbox=\box74
\tikz@tempbox@bg=\box75
\tikztreelevel=\count332
\tikznumberofchildren=\count333
\tikznumberofcurrentchild=\count334
\tikz@fig@count=\count335

(C:\Users\vresh\AppData\Local\Programs\MiKTeX\tex/generic/pgf/modules\pgfmodule
matrix.code.tex
File: pgfmodulematrix.code.tex 2025-08-29 v3.1.11a (3.1.11a)
\pgfmatrixcurrentrow=\count336
\pgfmatrixcurrentcolumn=\count337
\pgf@matrix@numberofcolumns=\count338
)
\tikz@expandcount=\count339

(C:\Users\vresh\AppData\Local\Programs\MiKTeX\tex/generic/pgf/frontendlayer/tik
z/libraries\tikzlibrarytopaths.code.tex
File: tikzlibrarytopaths.code.tex 2025-08-29 v3.1.11a (3.1.11a)
)))
(C:\Users\vresh\AppData\Local\Programs\MiKTeX\tex/generic/pgf/libraries\pgflibr
aryarrows.meta.code.tex
File: pgflibraryarrows.meta.code.tex 2025-08-29 v3.1.11a (3.1.11a)
\pgfarrowinset=\dimen309
\pgfarrowlength=\dimen310
\pgfarrowwidth=\dimen311
\pgfarrowlinewidth=\dimen312
)
(C:\Users\vresh\AppData\Local\Programs\MiKTeX\tex/generic/pgf/frontendlayer/tik
z/libraries\tikzlibrarypositioning.code.tex
File: tikzlibrarypositioning.code.tex 2025-08-29 v3.1.11a (3.1.11a)
)
(C:\Users\vresh\AppData\Local\Programs\MiKTeX\tex/generic/pgf/frontendlayer/tik
z/libraries\tikzlibrarycalc.code.tex
File: tikzlibrarycalc.code.tex 2025-08-29 v3.1.11a (3.1.11a)
)
(C:\Users\vresh\AppData\Local\Programs\MiKTeX\tex/latex/tcolorbox\tcolorbox.sty
Package: tcolorbox 2025/11/28 version 6.9.0 text color boxes
(C:\Users\vresh\AppData\Local\Programs\MiKTeX\tex/latex/tools\verbatim.sty
Package: verbatim 2024-01-22 v1.5x LaTeX2e package for verbatim enhancements
\every@verbatim=\toks52
\verbatim@line=\toks53
\verbatim@in@stream=\read3
)
(C:\Users\vresh\AppData\Local\Programs\MiKTeX\tex/latex/environ\environ.sty
Package: environ 2014/05/04 v0.3 A new way to define environments

(C:\Users\vresh\AppData\Local\Programs\MiKTeX\tex/latex/trimspaces\trimspaces.s
ty
Package: trimspaces 2009/09/17 v1.1 Trim spaces around a token list
))
\tcb@titlebox=\box76
\tcb@upperbox=\box77
\tcb@lowerbox=\box78
\tcb@phantombox=\box79
\c@tcbbreakpart=\count340
\c@tcblayer=\count341
\c@tcolorbox@number=\count342
\l__tcobox_tmpa_box=\box80
\l__tcobox_tmpa_dim=\dimen313
\tcb@temp=\box81
\tcb@temp=\box82
\tcb@temp=\box83
\tcb@temp=\box84

(C:\Users\vresh\AppData\Local\Programs\MiKTeX\tex/latex/tcolorbox\tcbraster.cod
e.tex
Library (tcolorbox): 'tcbraster.code.tex' version '6.9.0'
\c@tcbrastercolumn=\count343
\c@tcbrasterrow=\count344
\c@tcbrasternum=\count345
\c@tcbraster=\count346
)
(C:\Users\vresh\AppData\Local\Programs\MiKTeX\tex/latex/tcolorbox\tcbskins.code
.tex
Library (tcolorbox): 'tcbskins.code.tex' version '6.9.0'

(C:\Users\vresh\AppData\Local\Programs\MiKTeX\tex/latex/tikzfill\tikzfill.image
.sty
Package: tikzfill.image 2026/04/23 v1.2.0 Image filling library for TikZ

(C:\Users\vresh\AppData\Local\Programs\MiKTeX\tex/latex/tikzfill\tikzlibraryfil
l.image.code.tex
File: tikzlibraryfill.image.code.tex 2026/04/23 v1.2.0 Image filling library
\l__tikzfill_tmpa_dim=\dimen314
\l__tikzfill_tmpb_dim=\dimen315
\l__tikzfill_img_box=\box85
))
(C:\Users\vresh\AppData\Local\Programs\MiKTeX\tex/latex/tcolorbox\tcbskinsjigsa
w.code.tex
Library (tcolorbox): 'tcbskinsjigsaw.code.tex' version '6.9.0'
))
(C:\Users\vresh\AppData\Local\Programs\MiKTeX\tex/latex/tcolorbox\tcbbreakable.
code.tex
Library (tcolorbox): 'tcbbreakable.code.tex' version '6.9.0'
(C:\Users\vresh\AppData\Local\Programs\MiKTeX\tex/latex/pdfcol\pdfcol.sty
Package: pdfcol 2022-09-21 v1.7 Handle new color stacks for pdfTeX (HO)

(C:\Users\vresh\AppData\Local\Programs\MiKTeX\tex/generic/ltxcmds\ltxcmds.sty
Package: ltxcmds 2023-12-04 v1.26 LaTeX kernel commands for general use (HO)
)
(C:\Users\vresh\AppData\Local\Programs\MiKTeX\tex/generic/infwarerr\infwarerr.s
ty
Package: infwarerr 2019/12/03 v1.5 Providing info/warning/error messages (HO)
))
Package pdfcol Info: New color stack `tcb@breakable' = 1 on input line 23.
\tcb@testbox=\box86
\tcb@totalupperbox=\box87
\tcb@totallowerbox=\box88
)
(C:\Users\vresh\AppData\Local\Programs\MiKTeX\tex/latex/tcolorbox\tcbhooks.code
.tex
Library (tcolorbox): 'tcbhooks.code.tex' version '6.9.0'
)
(C:\Users\vresh\AppData\Local\Programs\MiKTeX\tex/latex/tcolorbox\tcbtheorems.c
ode.tex
Library (tcolorbox): 'tcbtheorems.code.tex' version '6.9.0'
)
(C:\Users\vresh\AppData\Local\Programs\MiKTeX\tex/latex/tcolorbox\tcbfitting.co
de.tex
Library (tcolorbox): 'tcbfitting.code.tex' version '6.9.0'
\tcbfitdim=\dimen316
\tcb@lowerfitdim=\dimen317
\tcb@upperfitdim=\dimen318
\tcb@cur@hbadness=\count347
)
(C:\Users\vresh\AppData\Local\Programs\MiKTeX\tex/latex/tcolorbox\tcblistingsut
f8.code.tex
Library (tcolorbox): 'tcblistingsutf8.code.tex' version '6.9.0'

(C:\Users\vresh\AppData\Local\Programs\MiKTeX\tex/latex/tcolorbox\tcblistings.c
ode.tex
Library (tcolorbox): 'tcblistings.code.tex' version '6.9.0'
(C:\Users\vresh\AppData\Local\Programs\MiKTeX\tex/latex/listings\listings.sty
\lst@mode=\count348
\lst@gtempboxa=\box89
\lst@token=\toks54
\lst@length=\count349
\lst@currlwidth=\dimen319
\lst@column=\count350
\lst@pos=\count351
\lst@lostspace=\dimen320
\lst@width=\dimen321
\lst@newlines=\count352
\lst@lineno=\count353
\lst@maxwidth=\dimen322

(C:\Users\vresh\AppData\Local\Programs\MiKTeX\tex/latex/listings\lstpatch.sty
File: lstpatch.sty 2025/11/14 1.11b (Carsten Heinz)
)
(C:\Users\vresh\AppData\Local\Programs\MiKTeX\tex/latex/listings\lstmisc.sty
File: lstmisc.sty 2025/11/14 1.11b (Carsten Heinz)
\c@lstnumber=\count354
\lst@skipnumbers=\count355
\lst@framebox=\box90
)
(C:\Users\vresh\AppData\Local\Programs\MiKTeX\tex/latex/listings\listings.cfg
File: listings.cfg 2025/11/14 1.11b listings configuration
))
Package: listings 2025/11/14 1.11b (Carsten Heinz)
==> First Aid for listings.sty no longer applied!
    Expected:
        2024/09/23 1.10c (Carsten Heinz)
    but found:
        2025/11/14 1.11b (Carsten Heinz)
    so I'm assuming it got fixed.

(C:\Users\vresh\AppData\Local\Programs\MiKTeX\tex/latex/tcolorbox\tcblistingsco
re.code.tex
Library (tcolorbox): 'tcblistingscore.code.tex' version '6.9.0'

(C:\Users\vresh\AppData\Local\Programs\MiKTeX\tex/latex/tcolorbox\tcbprocessing
.code.tex
Library (tcolorbox): 'tcbprocessing.code.tex' version '6.9.0'
)
\c@tcblisting=\count356
))
(C:\Users\vresh\AppData\Local\Programs\MiKTeX\tex/latex/listingsutf8\listingsut
f8.sty
Package: listingsutf8 2019-12-10 v1.5 Allow UTF-8 in listings input (HO)

(C:\Users\vresh\AppData\Local\Programs\MiKTeX\tex/generic/pdftexcmds\pdftexcmds
.sty
Package: pdftexcmds 2020-06-27 v0.33 Utility functions of pdfTeX for LuaTeX (HO
)
Package pdftexcmds Info: \pdf@primitive is available.
Package pdftexcmds Info: \pdf@ifprimitive is available.
Package pdftexcmds Info: \pdfdraftmode found.
)
(C:\Users\vresh\AppData\Local\Programs\MiKTeX\tex/generic/stringenc\stringenc.s
ty
Package: stringenc 2019/11/29 v1.12 Convert strings between diff. encodings (HO
)

(C:\Users\vresh\AppData\Local\Programs\MiKTeX\tex/generic/pdfescape\pdfescape.s
ty
Package: pdfescape 2019/12/09 v1.15 Implements pdfTeX's escape features (HO)
))))
(C:\Users\vresh\AppData\Local\Programs\MiKTeX\tex/latex/tcolorbox\tcbexternal.c
ode.tex
Library (tcolorbox): 'tcbexternal.code.tex' version '6.9.0'
)
(C:\Users\vresh\AppData\Local\Programs\MiKTeX\tex/latex/tcolorbox\tcbmagazine.c
ode.tex
Library (tcolorbox): 'tcbmagazine.code.tex' version '6.9.0'
)
(C:\Users\vresh\AppData\Local\Programs\MiKTeX\tex/latex/tcolorbox\tcbvignette.c
ode.tex
Library (tcolorbox): 'tcbvignette.code.tex' version '6.9.0'

(C:\Users\vresh\AppData\Local\Programs\MiKTeX\tex/generic/pgf/frontendlayer/tik
z/libraries\tikzlibraryfadings.code.tex
File: tikzlibraryfadings.code.tex 2025-08-29 v3.1.11a (3.1.11a)

(C:\Users\vresh\AppData\Local\Programs\MiKTeX\tex/generic/pgf/libraries\pgflibr
aryfadings.code.tex
File: pgflibraryfadings.code.tex 2025-08-29 v3.1.11a (3.1.11a)
)))
(C:\Users\vresh\AppData\Local\Programs\MiKTeX\tex/latex/tcolorbox\tcbposter.cod
e.tex
Library (tcolorbox): 'tcbposter.code.tex' version '6.9.0'
))
(C:\Users\vresh\AppData\Local\Programs\MiKTeX\tex/latex/fancyhdr\fancyhdr.sty
Package: fancyhdr 2025/02/07 v5.2 Extensive control of page headers and footers

\f@nch@headwidth=\skip69
\f@nch@offset@elh=\skip70
\f@nch@offset@erh=\skip71
\f@nch@offset@olh=\skip72
\f@nch@offset@orh=\skip73
\f@nch@offset@elf=\skip74
\f@nch@offset@erf=\skip75
\f@nch@offset@olf=\skip76
\f@nch@offset@orf=\skip77
\f@nch@height=\skip78
\f@nch@footalignment=\skip79
\f@nch@widthL=\skip80
\f@nch@widthC=\skip81
\f@nch@widthR=\skip82
\@temptokenb=\toks55
)
(C:\Users\vresh\AppData\Local\Programs\MiKTeX\tex/latex/xurl\xurl.sty
Package: xurl 2022/01/09 v 0.10 modify URL breaks

(C:\Users\vresh\AppData\Local\Programs\MiKTeX\tex/latex/url\url.sty
\Urlmuskip=\muskip18
Package: url 2013/09/16  ver 3.4  Verb mode for urls, etc.
))
(C:\Users\vresh\AppData\Local\Programs\MiKTeX\tex/latex/hyperref\hyperref.sty
Package: hyperref 2026-01-29 v7.01p Hypertext links for LaTeX

(C:\Users\vresh\AppData\Local\Programs\MiKTeX\tex/latex/kvsetkeys\kvsetkeys.sty
Package: kvsetkeys 2022-10-05 v1.19 Key value parser (HO)
)
(C:\Users\vresh\AppData\Local\Programs\MiKTeX\tex/generic/kvdefinekeys\kvdefine
keys.sty
Package: kvdefinekeys 2019-12-19 v1.6 Define keys (HO)
)
(C:\Users\vresh\AppData\Local\Programs\MiKTeX\tex/latex/hycolor\hycolor.sty
Package: hycolor 2020-01-27 v1.10 Color options for hyperref/bookmark (HO)
)
(C:\Users\vresh\AppData\Local\Programs\MiKTeX\tex/latex/hyperref\nameref.sty
Package: nameref 2026-01-29 v2.58 Cross-referencing by name of section

(C:\Users\vresh\AppData\Local\Programs\MiKTeX\tex/latex/refcount\refcount.sty
Package: refcount 2019/12/15 v3.6 Data extraction from label references (HO)
)
(C:\Users\vresh\AppData\Local\Programs\MiKTeX\tex/generic/gettitlestring\gettit
lestring.sty
Package: gettitlestring 2019/12/15 v1.6 Cleanup title references (HO)

(C:\Users\vresh\AppData\Local\Programs\MiKTeX\tex/latex/kvoptions\kvoptions.sty
Package: kvoptions 2022-06-15 v3.15 Key value format for package options (HO)
))
\c@section@level=\count357
)
\@linkdim=\dimen323
\Hy@linkcounter=\count358
\Hy@pagecounter=\count359
 (C:\Users\vresh\AppData\Local\Programs\MiKTeX\tex/latex/hyperref\pd1enc.def
File: pd1enc.def 2026-01-29 v7.01p Hyperref: PDFDocEncoding definition (HO)
Now handling font encoding PD1 ...
... no UTF-8 mapping file for font encoding PD1
) (C:\Users\vresh\AppData\Local\Programs\MiKTeX\tex/generic/intcalc\intcalc.sty
Package: intcalc 2019/12/15 v1.3 Expandable calculations with integers (HO)
)
\Hy@SavedSpaceFactor=\count360
 (C:\Users\vresh\AppData\Local\Programs\MiKTeX\tex/latex/hyperref\puenc.def
File: puenc.def 2026-01-29 v7.01p Hyperref: PDF Unicode definition (HO)
Now handling font encoding PU ...
... no UTF-8 mapping file for font encoding PU
)
Package hyperref Info: Hyper figures OFF on input line 4201.
Package hyperref Info: Link nesting OFF on input line 4206.
Package hyperref Info: Hyper index ON on input line 4209.
Package hyperref Info: Plain pages OFF on input line 4216.
Package hyperref Info: Backreferencing OFF on input line 4221.
Package hyperref Info: Implicit mode ON; LaTeX internals redefined.
Package hyperref Info: Bookmarks ON on input line 4468.
\c@Hy@tempcnt=\count361
LaTeX Info: Redefining \url on input line 4807.
\XeTeXLinkMargin=\dimen324

(C:\Users\vresh\AppData\Local\Programs\MiKTeX\tex/generic/bitset\bitset.sty
Package: bitset 2019/12/09 v1.3 Handle bit-vector datatype (HO)

(C:\Users\vresh\AppData\Local\Programs\MiKTeX\tex/generic/bigintcalc\bigintcalc
.sty
Package: bigintcalc 2019/12/15 v1.5 Expandable calculations on big integers (HO
)
))
\Fld@menulength=\count362
\Field@Width=\dimen325
\Fld@charsize=\dimen326
Package hyperref Info: Hyper figures OFF on input line 6084.
Package hyperref Info: Link nesting OFF on input line 6089.
Package hyperref Info: Hyper index ON on input line 6092.
Package hyperref Info: backreferencing OFF on input line 6099.
Package hyperref Info: Link coloring OFF on input line 6104.
Package hyperref Info: Link coloring with OCG OFF on input line 6109.
Package hyperref Info: PDF/A mode OFF on input line 6114.
\Hy@abspage=\count363
\c@Item=\count364
\c@Hfootnote=\count365
)
Package hyperref Info: Driver (autodetected): hpdftex.

(C:\Users\vresh\AppData\Local\Programs\MiKTeX\tex/latex/hyperref\hpdftex.def
File: hpdftex.def 2026-01-29 v7.01p Hyperref driver for pdfTeX
\Fld@listcount=\count366
\c@bookmark@seq@number=\count367

(C:\Users\vresh\AppData\Local\Programs\MiKTeX\tex/latex/rerunfilecheck\rerunfil
echeck.sty
Package: rerunfilecheck 2025-06-21 v1.11 Rerun checks for auxiliary files (HO)

(C:\Users\vresh\AppData\Local\Programs\MiKTeX\tex/generic/uniquecounter\uniquec
ounter.sty
Package: uniquecounter 2019/12/15 v1.4 Provide unlimited unique counter (HO)
)
Package uniquecounter Info: New unique counter `rerunfilecheck' on input line 2
84.
)
\Hy@SectionHShift=\skip83
)
(C:\Users\vresh\AppData\Local\Programs\MiKTeX\tex/latex/cleveref\cleveref.sty
Package: cleveref 2018/03/27 v0.21.4 Intelligent cross-referencing
Package cleveref Info: `hyperref' support loaded on input line 2370.
LaTeX Info: Redefining \cref on input line 2370.
LaTeX Info: Redefining \Cref on input line 2370.
LaTeX Info: Redefining \crefrange on input line 2370.
LaTeX Info: Redefining \Crefrange on input line 2370.
LaTeX Info: Redefining \cpageref on input line 2370.
LaTeX Info: Redefining \Cpageref on input line 2370.
LaTeX Info: Redefining \cpagerefrange on input line 2370.
LaTeX Info: Redefining \Cpagerefrange on input line 2370.
LaTeX Info: Redefining \labelcref on input line 2370.
LaTeX Info: Redefining \labelcpageref on input line 2370.
Package cleveref Info: `amsthm' support loaded on input line 3026.
Package cleveref Info: `listings' support loaded on input line 3131.
Package cleveref Info: always capitalise cross-reference names on input line 78
25.
Package cleveref Info: include cross-reference names in hyperlinks on input lin
e 7836.
Package cleveref Info: include cross-reference names in hyperlinks on input lin
e 7852.
Package cleveref Info: no abbreviation of names on input line 7852.
Package cleveref Info: always capitalise cross-reference names on input line 78
52.
)
==> First Aid for cleveref.sty applied!
(../../../../fabius-notation.tex)
(C:\Users\vresh\AppData\Local\Programs\MiKTeX\tex/latex/base\makeidx.sty
Package: makeidx 2021/10/04 v1.0m Standard LaTeX package
)
\@indexfile=\write4
\openout4 = `Combinatorial_Coefficient_Calculus.idx'.


Writing index file Combinatorial_Coefficient_Calculus.idx
Package hyperref Info: Option `colorlinks' set `true' on input line 40.
\c@theorem=\count368
LaTeX Font Info:    Trying to load font information for T1+LibertinusSerif-TLF 
on input line 100.

(C:\Users\vresh\AppData\Local\Programs\MiKTeX\tex/latex/libertinus-type1\t1libe
rtinusserif-tlf.fd
File: T1LibertinusSerif-TLF.fd 2024/09/22 (autoinst) Font definitions for T1/Li
bertinusSerif-TLF.
)
LaTeX Font Info:    Font shape `T1/LibertinusSerif-TLF/m/n' will be
(Font)              scaled to size 10.95pt on input line 100.

(C:\Users\vresh\AppData\Local\Programs\MiKTeX\tex/latex/l3backend\l3backend-pdf
tex.def
File: l3backend-pdftex.def 2026-02-18 L3 backend support: PDF output (pdfTeX)
\l__color_backend_stack_int=\count369
)
No file Combinatorial_Coefficient_Calculus.aux.
\openout1 = `Combinatorial_Coefficient_Calculus.aux'.

LaTeX Font Info:    Checking defaults for OML/cmm/m/it on input line 100.
LaTeX Font Info:    ... okay on input line 100.
LaTeX Font Info:    Checking defaults for OMS/cmsy/m/n on input line 100.
LaTeX Font Info:    ... okay on input line 100.
LaTeX Font Info:    Checking defaults for OT1/cmr/m/n on input line 100.
LaTeX Font Info:    ... okay on input line 100.
LaTeX Font Info:    Checking defaults for T1/cmr/m/n on input line 100.
LaTeX Font Info:    ... okay on input line 100.
LaTeX Font Info:    Checking defaults for TS1/cmr/m/n on input line 100.
LaTeX Font Info:    ... okay on input line 100.
LaTeX Font Info:    Checking defaults for OMX/cmex/m/n on input line 100.
LaTeX Font Info:    ... okay on input line 100.
LaTeX Font Info:    Checking defaults for U/cmr/m/n on input line 100.
LaTeX Font Info:    ... okay on input line 100.
LaTeX Font Info:    Checking defaults for PD1/pdf/m/n on input line 100.
LaTeX Font Info:    ... okay on input line 100.
LaTeX Font Info:    Checking defaults for PU/pdf/m/n on input line 100.
LaTeX Font Info:    ... okay on input line 100.
\c@mv@tabular=\count370
\c@mv@boldtabular=\count371
LaTeX Info: Redefining \microtypecontext on input line 100.
Package microtype Info: Applying patch `item' on input line 100.
Package microtype Info: Applying patch `toc' on input line 100.
Package microtype Info: Applying patch `eqnum' on input line 100.
Package microtype Info: Applying patch `footnote' on input line 100.
Package microtype Info: Applying patch `verbatim' on input line 100.
LaTeX Info: Redefining \microtypesetup on input line 100.
Package microtype Info: Generating PDF output.
Package microtype Info: Character protrusion enabled (level 2).
Package microtype Info: Using default protrusion set `alltext'.
Package microtype Info: Automatic font expansion enabled (level 2),
(microtype)             stretch: 20, shrink: 20, step: 1, non-selected.
Package microtype Info: Using default expansion set `alltext-nott'.
Package microtype Info: Patching command `\showhyphens'.
Package microtype Info: No adjustment of tracking.
Package microtype Info: No adjustment of interword spacing.
Package microtype Info: No adjustment of character kerning.
Package microtype Info: Loading generic protrusion settings for font family
(microtype)             `LibertinusSerif-TLF' (encoding: T1).
(microtype)             For optimal results, create family-specific settings.
(microtype)             See the microtype manual for details.
*geometry* driver: auto-detecting
*geometry* detected driver: pdftex
*geometry* verbose mode - [ preamble ] result:
* driver: pdftex
* paper: a4paper
* layout: <same size as paper>
* layoutoffset:(h,v)=(0.0pt,0.0pt)
* modes: 
* h-part:(L,W,R)=(76.82243pt, 443.863pt, 76.82243pt)
* v-part:(T,H,B)=(76.82243pt, 691.40198pt, 76.82243pt)
* \paperwidth=597.50787pt
* \paperheight=845.04684pt
* \textwidth=443.863pt
* \textheight=691.40198pt
* \oddsidemargin=4.55244pt
* \evensidemargin=4.55244pt
* \topmargin=-30.32135pt
* \headheight=15.0pt
* \headsep=19.8738pt
* \topskip=11.0pt
* \footskip=27.46295pt
* \marginparwidth=53.0pt
* \marginparsep=7.0pt
* \columnsep=10.0pt
* \skip\footins=10.0pt plus 4.0pt minus 2.0pt
* \hoffset=0.0pt
* \voffset=0.0pt
* \mag=1000
* \@twocolumnfalse
* \@twosidefalse
* \@mparswitchfalse
* \@reversemarginfalse
* (1in=72.27pt=25.4mm, 1cm=28.453pt)


(C:\Users\vresh\AppData\Local\Programs\MiKTeX\tex/context/base/mkii\supp-pdf.mk
ii
[Loading MPS to PDF converter (version 2006.09.02).]
\scratchcounter=\count372
\scratchdimen=\dimen327
\scratchbox=\box91
\nofMPsegments=\count373
\nofMParguments=\count374
\everyMPshowfont=\toks56
\MPscratchCnt=\count375
\MPscratchDim=\dimen328
\MPnumerator=\count376
\makeMPintoPDFobject=\count377
\everyMPtoPDFconversion=\toks57
)
(C:\Users\vresh\AppData\Local\Programs\MiKTeX\tex/latex/epstopdf-pkg\epstopdf-b
ase.sty
Package: epstopdf-base 2020-01-24 v2.11 Base part for package epstopdf


Package epstopdf Warning: Shell escape feature is not enabled.

Package epstopdf-base Info: Redefining graphics rule for `.eps' on input line 4
85.

(C:\Users\vresh\AppData\Local\Programs\MiKTeX\tex/latex/00miktex\epstopdf-sys.c
fg
File: epstopdf-sys.cfg 2021/03/18 v2.0 Configuration of epstopdf for MiKTeX
))
\c@lstlisting=\count378
Package hyperref Info: Link coloring ON on input line 100.
\@outlinefile=\write5
\openout5 = `Combinatorial_Coefficient_Calculus.out'.

Package hyperref Info: Option `pageanchor' set `false' on input line 102.
LaTeX Font Info:    Font shape `T1/LibertinusSerif-TLF/m/n' will be
(Font)              scaled to size 17.28pt on input line 104.
LaTeX Font Info:    Font shape `T1/LibertinusSerif-TLF/m/n' will be
(Font)              scaled to size 24.88pt on input line 104.
LaTeX Font Info:    Font shape `T1/LibertinusSerif-TLF/b/n' will be
(Font)              scaled to size 24.88pt on input line 104.
LaTeX Font Info:    Font shape `T1/LibertinusSerif-TLF/b/n' will be
(Font)              scaled to size 14.4pt on input line 104.
LaTeX Font Info:    Font shape `T1/LibertinusSerif-TLF/m/n' will be
(Font)              scaled to size 12.0pt on input line 104.

(C:\Users\vresh\AppData\Local\Programs\MiKTeX\tex/latex/microtype\mt-cmr.cfg
File: mt-cmr.cfg 2013/05/19 v2.2 microtype config. file: Computer Modern Roman 
(RS)
)
LaTeX Font Info:    Trying to load font information for U+msa on input line 104
.

(C:\Users\vresh\AppData\Local\Programs\MiKTeX\tex/latex/amsfonts\umsa.fd
File: umsa.fd 2013/01/14 v3.01 AMS symbols A
)
(C:\Users\vresh\AppData\Local\Programs\MiKTeX\tex/latex/microtype\mt-msa.cfg
File: mt-msa.cfg 2006/02/04 v1.1 microtype config. file: AMS symbols (a) (RS)
)
LaTeX Font Info:    Trying to load font information for U+msb on input line 104
.

(C:\Users\vresh\AppData\Local\Programs\MiKTeX\tex/latex/amsfonts\umsb.fd
File: umsb.fd 2013/01/14 v3.01 AMS symbols B
)
(C:\Users\vresh\AppData\Local\Programs\MiKTeX\tex/latex/microtype\mt-msb.cfg
File: mt-msb.cfg 2005/06/01 v1.0 microtype config. file: AMS symbols (b) (RS)
)
LaTeX Font Info:    Trying to load font information for U+rsfs on input line 10
4.

(C:\Users\vresh\AppData\Local\Programs\MiKTeX\tex/latex/jknappen\ursfs.fd
File: ursfs.fd 1998/03/24 rsfs font definition file (jk)
)
[1



{C:/Users/vresh/AppData/Local/MiKTeX/fonts/map/pdftex/pdftex.map}{C:/Users/vres
h/AppData/Local/Programs/MiKTeX/fonts/enc/dvips/libertinus-type1/lbn1_sfissr.en
c}{C:/Users/vresh/AppData/Local/Programs/MiKTeX/fonts/enc/dvips/libertinus-type
1/lbn1_75t36g.enc}]
Package hyperref Info: Option `pageanchor' set `true' on input line 104.
 [1

]
LaTeX Font Info:    Font shape `T1/LibertinusSerif-TLF/m/it' will be
(Font)              scaled to size 10.95pt on input line 159.
LaTeX Font Info:    Font shape `T1/LibertinusSerif-TLF/b/n' will be
(Font)              scaled to size 10.95pt on input line 168.
Package microtype Info: Loading generic protrusion settings for font family
(microtype)             `cmss' (encoding: OT1).
(microtype)             For optimal results, create family-specific settings.
(microtype)             See the microtype manual for details.
 [2

{C:/Users/vresh/AppData/Local/Programs/MiKTeX/fonts/enc/dvips/libertinus-type1/
lbn1_sncvby.enc}]
No file Combinatorial_Coefficient_Calculus.toc.
\tf@toc=\write6
\openout6 = `Combinatorial_Coefficient_Calculus.toc'.

[3

] [4

]
LaTeX Font Info:    Font shape `T1/LibertinusSerif-TLF/m/n' will be
(Font)              scaled to size 20.74pt on input line 213.
LaTeX Font Info:    Font shape `T1/LibertinusSerif-TLF/b/n' will be
(Font)              scaled to size 20.74pt on input line 213.
 [1


]
Chapter 1.
LaTeX Font Info:    Font shape `T1/LibertinusSerif-TLF/m/n' will be
(Font)              scaled to size 14.4pt on input line 218.
LaTeX Font Info:    Trying to load font information for T1+LibertinusMono-TLF o
n input line 247.

(C:\Users\vresh\AppData\Local\Programs\MiKTeX\tex/latex/libertinus-type1\t1libe
rtinusmono-tlf.fd
File: T1LibertinusMono-TLF.fd 2025/01/11 (autoinst) Font definitions for T1/Lib
ertinusMono-TLF.
)
LaTeX Font Info:    Font shape `T1/LibertinusMono-TLF/m/n' will be
(Font)              scaled to size 9.30756pt on input line 247.
Package microtype Info: Loading generic protrusion settings for font family
(microtype)             `LibertinusMono-TLF' (encoding: T1).
(microtype)             For optimal results, create family-specific settings.
(microtype)             See the microtype manual for details.
Package microtype Info: Character `guilsinglleft ' is missing
(microtype)             in font `T1/LibertinusMono-TLF/m/n/10.95'.
(microtype)             Ignoring protrusion settings for this character.
Package microtype Info: Character `guilsinglright ' is missing
(microtype)             in font `T1/LibertinusMono-TLF/m/n/10.95'.
(microtype)             Ignoring protrusion settings for this character.


LaTeX Warning: Reference `eq:cauchy' on page 1 undefined on input line 248.


LaTeX Warning: Reference `eq:der-coeff' on page 1 undefined on input line 249.


LaTeX Warning: Reference `eq:geom-conv' on page 1 undefined on input line 250.


LaTeX Warning: Reference `eq:cauchy-coeff' on page 1 undefined on input line 25
7.

[2

{C:/Users/vresh/AppData/Local/Programs/MiKTeX/fonts/enc/dvips/libertinus-type1/
lbn1_or3pzs.enc}]

LaTeX Warning: Reference `eq:formal-res-subst' on page 1 undefined on input lin
e 285.


LaTeX Warning: Reference `eq:res-coeff' on page 1 undefined on input line 285.


LaTeX Warning: Reference `eq:newton-expansion' on page 1 undefined on input lin
e 336.

LaTeX Font Info:    Font shape `T1/LibertinusSerif-TLF/m/n' will be
(Font)              scaled to size 10.0pt on input line 344.
[3]

LaTeX Warning: Reference `eq:partial-bell-egf' on page 1 undefined on input lin
e 383.


LaTeX Warning: Reference `eq:complete-bell-egf' on page 1 undefined on input li
ne 385.


LaTeX Warning: Reference `eq:bivariate-bell-egf' on page 1 undefined on input l
ine 386.


LaTeX Warning: Reference `thm:bell-poly-recurrences' on page 1 undefined on inp
ut line 390.

[4] [5

]
Chapter 2.

LaTeX Warning: Reference `eq:unsigned-first-def' on page 1 undefined on input l
ine 449.


LaTeX Warning: Reference `eq:first-row-sum' on page 1 undefined on input line 4
51.


LaTeX Warning: Reference `eq:unsigned-first-def' on page 1 undefined on input l
ine 452.

[6

]

LaTeX Warning: Reference `thm:stirling-basis' on page 1 undefined on input line
 499.


LaTeX Warning: Reference `thm:merged-binomial-inversion' on page 1 undefined on
 input line 502.

[7]

LaTeX Warning: Reference `eq:second-triangular-explicit' on page 8 undefined on
 input line 545.


LaTeX Warning: Reference `eq:second-reverse-row' on page 8 undefined on input l
ine 557.


LaTeX Warning: Reference `eq:second-reverse-row' on page 8 undefined on input l
ine 586.


LaTeX Warning: Reference `eq:second-reverse-column' on page 8 undefined on inpu
t line 593.

LaTeX Font Info:    Font shape `T1/LibertinusSerif-TLF/m/n' will be
(Font)              scaled to size 8.0pt on input line 597.
LaTeX Font Info:    Font shape `T1/LibertinusSerif-TLF/m/n' will be
(Font)              scaled to size 6.0pt on input line 597.

LaTeX Warning: Reference `eq:second-triangular-explicit' on page 1 undefined on
 input line 606.


LaTeX Warning: Reference `eq:second-reverse-row' on page 1 undefined on input l
ine 610.


LaTeX Warning: Reference `eq:second-reverse-column' on page 1 undefined on inpu
t line 623.

[8]

LaTeX Warning: Reference `eq:first-reverse-row' on page 9 undefined on input li
ne 689.

[9]

LaTeX Warning: Reference `eq:first-reverse-column' on page 10 undefined on inpu
t line 697.


LaTeX Warning: Reference `eq:first-reverse-row' on page 1 undefined on input li
ne 711.


LaTeX Warning: Reference `eq:first-reverse-column' on page 1 undefined on input
 line 720.

[10]
Chapter 3.

LaTeX Warning: Reference `eq:newton-expansion' on page 1 undefined on input lin
e 778.


LaTeX Warning: Reference `eq:second-explicit' on page 1 undefined on input line
 783.


LaTeX Warning: Reference `eq:power-to-fall' on page 1 undefined on input line 7
83.


LaTeX Warning: Reference `eq:power-to-rise' on page 1 undefined on input line 7
84.


LaTeX Warning: Reference `eq:rise-to-power' on page 1 undefined on input line 7
93.


LaTeX Warning: Reference `eq:fall-to-power' on page 1 undefined on input line 7
95.


LaTeX Warning: Reference `eq:power-to-fall' on page 1 undefined on input line 7
97.


LaTeX Warning: Reference `eq:power-to-rise' on page 1 undefined on input line 7
98.


LaTeX Warning: Reference `eq:binomial-basis' on page 1 undefined on input line 
803.

[11

]

LaTeX Warning: Reference `eq:power-to-fall' on page 12 undefined on input line 
826.


LaTeX Warning: Reference `eq:shifted-power-to-fall' on page 12 undefined on inp
ut line 828.


LaTeX Warning: Reference `eq:stirling-n-to-n' on page 12 undefined on input lin
e 829.


LaTeX Warning: Reference `eq:power-to-fall' on page 12 undefined on input line 
829.


LaTeX Warning: Reference `eq:shifted-power-to-fall' on page 1 undefined on inpu
t line 834.


LaTeX Warning: Reference `eq:stirling-n-to-n' on page 1 undefined on input line
 840.


LaTeX Warning: Reference `eq:stirling-inv2' on page 1 undefined on input line 8
63.


LaTeX Warning: Reference `eq:stirling-inv1' on page 1 undefined on input line 8
65.


LaTeX Warning: Reference `eq:finite-diff-falling' on page 1 undefined on input 
line 881.


LaTeX Warning: Reference `eq:power-to-fall' on page 1 undefined on input line 8
81.

[12]

LaTeX Warning: Reference `eq:power-sum-stirling' on page 1 undefined on input l
ine 893.


LaTeX Warning: Reference `eq:power-to-fall' on page 13 undefined on input line 
945.

[13]

LaTeX Warning: Reference `eq:lah-rise-fall' on page 1 undefined on input line 9
99.


LaTeX Warning: Reference `eq:lah-inv' on page 1 undefined on input line 1000.


LaTeX Warning: Reference `eq:lah-stirling-product' on page 1 undefined on input
 line 1002.


LaTeX Warning: Reference `eq:lah-def' on page 1 undefined on input line 1010.


LaTeX Warning: Reference `eq:lah-rise-fall' on page 1 undefined on input line 1
012.


LaTeX Warning: Reference `eq:lah-fall-rise' on page 1 undefined on input line 1
014.


LaTeX Warning: Reference `eq:lah-inv' on page 1 undefined on input line 1015.


LaTeX Warning: Reference `eq:lah-stirling-product' on page 1 undefined on input
 line 1016.


LaTeX Warning: Reference `eq:stirling-lah-ineq' on page 1 undefined on input li
ne 1025.

[14] [15]
Chapter 4.

LaTeX Warning: Reference `eq:unsigned-first-egf' on page 1 undefined on input l
ine 1066.


LaTeX Warning: Reference `eq:second-egf' on page 1 undefined on input line 1066
.


LaTeX Warning: Reference `eq:second-explicit' on page 1 undefined on input line
 1068.


LaTeX Warning: Reference `eq:second-double-egf' on page 1 undefined on input li
ne 1069.


LaTeX Warning: Reference `eq:second-egf' on page 1 undefined on input line 1078
.


LaTeX Warning: Reference `eq:unsigned-first-egf' on page 1 undefined on input l
ine 1081.


LaTeX Warning: Reference `eq:signed-first-egf' on page 1 undefined on input lin
e 1083.


LaTeX Warning: Reference `thm:second-explicit' on page 1 undefined on input lin
e 1088.


LaTeX Warning: Reference `eq:second-double-egf' on page 1 undefined on input li
ne 1094.


LaTeX Warning: Reference `eq:log-over-one-plus' on page 1 undefined on input li
ne 1095.

[16

]

LaTeX Warning: Reference `eq:signed-first-egf' on page 1 undefined on input lin
e 1098.


LaTeX Warning: Reference `eq:second-complete-symmetric' on page 1 undefined on 
input line 1133.


LaTeX Warning: Reference `eq:second-recurrence' on page 1 undefined on input li
ne 1142.

[17]

LaTeX Warning: Reference `cor:stirling-inverse' on page 1 undefined on input li
ne 1232.

[18]

LaTeX Warning: Reference `eq:stirling-transform-inverse' on page 1 undefined on
 input line 1242.


LaTeX Warning: Reference `eq:stirling-transform-egf' on page 1 undefined on inp
ut line 1248.


LaTeX Warning: Reference `eq:normal1' on page 1 undefined on input line 1265.


LaTeX Warning: Reference `eq:normal1' on page 1 undefined on input line 1275.


LaTeX Warning: Reference `eq:normal2' on page 1 undefined on input line 1280.


LaTeX Warning: Reference `eq:diff-from-der' on page 1 undefined on input line 1
284.


LaTeX Warning: Reference `eq:der-from-diff' on page 1 undefined on input line 1
284.

[19]
Chapter 5.

LaTeX Warning: Reference `eq:second-complete-symmetric' on page 1 undefined on 
input line 1312.


LaTeX Warning: Reference `eq:unsigned-first-def' on page 1 undefined on input l
ine 1337.

[20

]

LaTeX Warning: Reference `eq:first-diag3' on page 1 undefined on input line 138
2.


LaTeX Warning: Reference `eq:first-diag2' on page 1 undefined on input line 138
2.


LaTeX Warning: Reference `eq:complete-bell-egf' on page 1 undefined on input li
ne 1416.

[21]

LaTeX Warning: Reference `eq:first-two-sums' on page 1 undefined on input line 
1472.


LaTeX Warning: Reference `eq:first-recurrence' on page 1 undefined on input lin
e 1475.


LaTeX Warning: Reference `eq:second-two-sums' on page 1 undefined on input line
 1476.


LaTeX Warning: Reference `eq:first-convolution' on page 1 undefined on input li
ne 1479.


LaTeX Warning: Reference `eq:second-convolution' on page 1 undefined on input l
ine 1480.


LaTeX Warning: Reference `eq:first-two-sums' on page 1 undefined on input line 
1491.


LaTeX Warning: Reference `eq:first-reverse-row' on page 1 undefined on input li
ne 1494.


LaTeX Warning: Reference `eq:second-two-sums' on page 1 undefined on input line
 1499.


LaTeX Warning: Reference `eq:second-hockey' on page 1 undefined on input line 1
502.


LaTeX Warning: Reference `eq:first-hockey' on page 1 undefined on input line 15
02.


LaTeX Warning: Reference `eq:second-convolution' on page 1 undefined on input l
ine 1506.


LaTeX Warning: Reference `eq:first-convolution' on page 1 undefined on input li
ne 1506.


LaTeX Warning: Reference `thm:bell-partial-convolution' on page 1 undefined on 
input line 1510.

[22]

LaTeX Warning: Reference `eq:first-two-sums' on page 1 undefined on input line 
1514.


LaTeX Warning: Reference `eq:first-two-sums' on page 1 undefined on input line 
1522.


LaTeX Warning: Reference `eq:symmetric-cross1' on page 1 undefined on input lin
e 1543.


LaTeX Warning: Reference `eq:symmetric-cross2' on page 1 undefined on input lin
e 1544.


LaTeX Warning: Reference `eq:second-explicit' on page 1 undefined on input line
 1545.


LaTeX Warning: Reference `eq:symmetric-cross1' on page 23 undefined on input li
ne 1567.


LaTeX Warning: Reference `eq:second-explicit' on page 23 undefined on input lin
e 1568.

[23]

LaTeX Warning: Reference `eq:first-double-sum' on page 24 undefined on input li
ne 1579.


LaTeX Warning: Reference `eq:symmetric-cross1' on page 24 undefined on input li
ne 1589.

[24]

LaTeX Warning: Reference `eq:near-diagonal-bernoulli-power' on page 25 undefine
d on input line 1663.


LaTeX Warning: Reference `eq:signed-near-diagonal-partition' on page 25 undefin
ed on input line 1664.


LaTeX Warning: Reference `eq:first-diag3' on page 1 undefined on input line 166
9.


LaTeX Warning: Reference `eq:first-diag2' on page 1 undefined on input line 166
9.


LaTeX Warning: Reference `eq:first-diag1' on page 1 undefined on input line 166
9.

[25]
Chapter 6.

LaTeX Warning: Reference `eq:first-mod2' on page 1 undefined on input line 1703
.


LaTeX Warning: Reference `eq:first-mod2' on page 1 undefined on input line 1710
.

[26

]

LaTeX Warning: Reference `eq:mod-h-block-product' on page 1 undefined on input 
line 1737.


LaTeX Warning: Reference `eq:second-ogf' on page 1 undefined on input line 1795
.


LaTeX Warning: Reference `eq:second-parity-bit' on page 1 undefined on input li
ne 1806.

[27]

LaTeX Warning: Reference `eq:second-parity-binomial' on page 1 undefined on inp
ut line 1821.


LaTeX Warning: Reference `eq:second-ogf' on page 1 undefined on input line 1827
.


LaTeX Warning: Reference `eq:second-parity-bit' on page 1 undefined on input li
ne 1831.


LaTeX Warning: Reference `eq:negative-first-explicit' on page 1 undefined on in
put line 1873.


LaTeX Warning: Reference `eq:negative-first-explicit' on page 1 undefined on in
put line 1880.

[28] [29]
Chapter 7.

LaTeX Warning: Reference `eq:second-explicit' on page 1 undefined on input line
 1919.


LaTeX Warning: Reference `eq:second-complete-symmetric' on page 1 undefined on 
input line 1921.


LaTeX Warning: Reference `eq:first-elementary' on page 1 undefined on input lin
e 1921.


LaTeX Warning: Reference `eq:first-small-column-asymp' on page 1 undefined on i
nput line 1925.

[30

]

LaTeX Warning: Reference `eq:second-recurrence' on page 31 undefined on input l
ine 1968.


LaTeX Warning: Reference `eq:touchard-differential-recurrence-shape' on page 31
 undefined on input line 2001.


LaTeX Warning: Reference `eq:stirling-row-strict-log-concavity' on page 31 unde
fined on input line 2014.

[31]

LaTeX Warning: Reference `eq:stirling-maximum-log' on page 32 undefined on inpu
t line 2069.


LaTeX Warning: Reference `eq:stirling-mode-lower-log' on page 32 undefined on i
nput line 2070.


LaTeX Warning: Reference `eq:stirling-mode-lower-log' on page 32 undefined on i
nput line 2074.


LaTeX Warning: Reference `eq:stirling-mode-asymptotic' on page 32 undefined on 
input line 2083.

[32]

LaTeX Warning: Reference `eq:second-egf' on page 1 undefined on input line 2126
.


LaTeX Warning: Reference `eq:second-uniform-asymp' on page 1 undefined on input
 line 2172.

[33]

LaTeX Warning: Reference `eq:unsigned-first-egf' on page 1 undefined on input l
ine 2186.


LaTeX Warning: Reference `eq:unsigned-first-egf' on page 1 undefined on input l
ine 2198.


LaTeX Warning: Reference `eq:log-power-integral' on page 1 undefined on input l
ine 2217.


LaTeX Warning: Reference `eq:der-from-diff' on page 1 undefined on input line 2
228.

[34]

LaTeX Warning: Reference `eq:logarithmic-transfer' on page 35 undefined on inpu
t line 2277.

LaTeX Font Info:    Font shape `T1/LibertinusSerif-TLF/b/n' will be
(Font)              scaled to size 12.0pt on input line 2281.

LaTeX Warning: Reference `eq:binet-second' on page 35 undefined on input line 2
293.

[35]

LaTeX Warning: Reference `lem:logarithmic-transfer' on page 1 undefined on inpu
t line 2346.


LaTeX Warning: Reference `eq:logarithmic-binet-substitution' on page 36 undefin
ed on input line 2348.


LaTeX Warning: Reference `eq:binet-second' on page 36 undefined on input line 2
349.


LaTeX Warning: Reference `eq:arctan-log-stirling-expansion' on page 36 undefine
d on input line 2355.


LaTeX Warning: Reference `eq:gamma-stirling-series' on page 36 undefined on inp
ut line 2356.


LaTeX Warning: Reference `eq:digamma-stirling-series' on page 36 undefined on i
nput line 2359.


LaTeX Warning: Reference `eq:stieltjes-definition' on page 36 undefined on inpu
t line 2400.

[36]

LaTeX Warning: Reference `eq:logarithmic-binet-substitution' on page 37 undefin
ed on input line 2429.


LaTeX Warning: Reference `eq:jensen-franel-stieltjes' on page 37 undefined on i
nput line 2435.


LaTeX Warning: Reference `lem:logarithmic-transfer' on page 1 undefined on inpu
t line 2440.


LaTeX Warning: Reference `eq:stieltjes-odd-expansion' on page 37 undefined on i
nput line 2442.


LaTeX Warning: Reference `eq:stieltjes-stirling-series' on page 37 undefined on
 input line 2444.

[37]

LaTeX Warning: Reference `eq:first-harmonic-bell' on page 1 undefined on input 
line 2493.

[38]
Chapter 8.

LaTeX Warning: Reference `eq:r-stirling-recurrence' on page 1 undefined on inpu
t line 2542.


LaTeX Warning: Reference `eq:r-stirling-egf' on page 1 undefined on input line 
2553.


LaTeX Warning: Reference `eq:r-stirling-egf' on page 1 undefined on input line 
2558.

[39

]

LaTeX Warning: Reference `eq:associated-stirling-egf' on page 1 undefined on in
put line 2610.


LaTeX Warning: Reference `eq:associated-stirling-recurrence' on page 1 undefine
d on input line 2614.


LaTeX Warning: Reference `eq:associated-stirling-egf' on page 40 undefined on i
nput line 2624.

[40]

LaTeX Warning: Reference `eq:reduced-chromatic-falling' on page 41 undefined on
 input line 2662.


LaTeX Warning: Reference `eq:reduced-stirling' on page 41 undefined on input li
ne 2663.

[41] [42

]
Chapter 9.

LaTeX Warning: Reference `eq:ordered-bell-stirling' on page 43 undefined on inp
ut line 2748.

[43

]

LaTeX Warning: Reference `eq:ordered-bell-recurrence' on page 44 undefined on i
nput line 2759.


LaTeX Warning: Reference `eq:ordered-bell-stirling' on page 1 undefined on inpu
t line 2765.


LaTeX Warning: Reference `eq:ordered-bell-egf' on page 1 undefined on input lin
e 2765.


LaTeX Warning: Reference `eq:ordered-bell-recurrence' on page 1 undefined on in
put line 2772.

[44] [45]

LaTeX Warning: Reference `eq:bell-triangle-closed' on page 46 undefined on inpu
t line 2925.


LaTeX Warning: Reference `thm:bell-binomial-recurrence' on page 1 undefined on 
input line 2926.

[46]
Chapter 10.

LaTeX Warning: Reference `eq:second-explicit' on page 1 undefined on input line
 2953.


LaTeX Warning: Reference `thm:bell-binomial-recurrence' on page 1 undefined on 
input line 2962.


LaTeX Warning: Reference `eq:spivey' on page 1 undefined on input line 2992.

[47

]

LaTeX Warning: Reference `eq:bell-binomial-recurrence' on page 48 undefined on 
input line 3007.


LaTeX Warning: Reference `thm:dobinski' on page 1 undefined on input line 3021.



LaTeX Warning: Reference `eq:bell-inversion-one' on page 1 undefined on input l
ine 3034.


LaTeX Warning: Reference `eq:bell-inversion-two' on page 1 undefined on input l
ine 3039.


LaTeX Warning: Reference `eq:poisson-sbp' on page 1 undefined on input line 304
3.

[48]

LaTeX Warning: Reference `eq:weighted-bell-shift' on page 49 undefined on input
 line 3080.


LaTeX Warning: Reference `eq:weighted-bell-shift' on page 1 undefined on input 
line 3097.


LaTeX Warning: Reference `eq:weighted-bell-k1' on page 1 undefined on input lin
e 3098.


LaTeX Warning: Reference `eq:weighted-bell-special' on page 1 undefined on inpu
t line 3099.


LaTeX Warning: Reference `eq:bell-binomial-recurrence' on page 1 undefined on i
nput line 3104.


LaTeX Warning: Reference `eq:weighted-bell-shift' on page 1 undefined on input 
line 3110.


LaTeX Warning: Reference `eq:bell-binomial-recurrence' on page 49 undefined on 
input line 3129.

[49]

LaTeX Warning: Reference `eq:bell-egf' on page 50 undefined on input line 3153.



LaTeX Warning: Reference `thm:poisson-stirling-moments' on page 1 undefined on 
input line 3172.


Underfull \hbox (badness 1515) in paragraph at lines 3166--3179
\T1/LibertinusSerif-TLF/m/n/10.95 (+20) that the $\OML/cmm/m/it/10.95 k$\T1/Lib
ertinusSerif-TLF/m/n/10.95 (+20) -th falling-factorial mo-ment se-ries is the e
x-po-nen-tial se-ries shifted by $\OML/cmm/m/it/10.95 k$ \T1/LibertinusSerif-TL
F/m/n/10.95 (+20) places
 []

[50]
Chapter 11.

LaTeX Warning: Reference `eq:touchard-poly' on page 1 undefined on input line 3
227.


LaTeX Warning: Reference `eq:touchard' on page 1 undefined on input line 3230.


LaTeX Warning: Reference `thm:spivey' on page 1 undefined on input line 3232.


LaTeX Warning: Reference `thm:second-explicit' on page 1 undefined on input lin
e 3238.


LaTeX Warning: Reference `eq:touchard-prime-power-poly' on page 51 undefined on
 input line 3264.


LaTeX Warning: Reference `eq:bell-prime-power-shift' on page 51 undefined on in
put line 3266.

[51

]

LaTeX Warning: Reference `eq:bell-prime-power-shift' on page 1 undefined on inp
ut line 3272.


LaTeX Warning: Reference `eq:touchard-prime-power-poly' on page 1 undefined on 
input line 3274.


LaTeX Warning: Reference `eq:touchard' on page 52 undefined on input line 3334.


[52]

LaTeX Warning: Reference `eq:bell-log-shape' on page 53 undefined on input line
 3379.


LaTeX Warning: Reference `eq:bell-log-shape' on page 53 undefined on input line
 3385.


LaTeX Warning: Reference `eq:bell-ratio-upper' on page 53 undefined on input li
ne 3428.

[53]

LaTeX Warning: Reference `eq:bell-ratio-upper' on page 1 undefined on input lin
e 3454.


LaTeX Warning: Reference `eq:bell-eventual-upper' on page 1 undefined on input 
line 3455.


LaTeX Warning: Citation `BerendTassa2010' on page 54 undefined on input line 34
64.


LaTeX Warning: Reference `lem:bell-coeff-upper' on page 1 undefined on input li
ne 3466.


LaTeX Warning: Reference `eq:bell-majorant-split' on page 54 undefined on input
 line 3502.

[54]

LaTeX Warning: Reference `eq:bell-majorant-split' on page 55 undefined on input
 line 3519.


LaTeX Warning: Reference `eq:bell-numerical-bound' on page 55 undefined on inpu
t line 3534.


LaTeX Warning: Reference `eq:bell-majorant' on page 55 undefined on input line 
3537.


LaTeX Warning: Reference `eq:bell-ratio-upper' on page 1 undefined on input lin
e 3540.


LaTeX Warning: Reference `lem:bell-majorant-decreasing' on page 1 undefined on 
input line 3542.


LaTeX Warning: Reference `eq:bell-majorant' on page 55 undefined on input line 
3544.


LaTeX Warning: Reference `eq:bell-cert' on page 55 undefined on input line 3581
.


LaTeX Warning: Reference `thm:bell-binomial-recurrence' on page 1 undefined on 
input line 3582.


LaTeX Warning: Reference `eq:bell-cert' on page 55 undefined on input line 3598
.

[55]

LaTeX Warning: Reference `eq:bell-cert' on page 56 undefined on input line 3611
.


LaTeX Warning: Reference `eq:bell-numerical-bound' on page 56 undefined on inpu
t line 3617.


LaTeX Warning: Reference `eq:bell-cert' on page 56 undefined on input line 3621
.


LaTeX Warning: Reference `thm:bell-eventual-upper' on page 1 undefined on input
 line 3622.


LaTeX Warning: Reference `eq:bell-cauchy' on page 56 undefined on input line 36
41.


LaTeX Warning: Reference `eq:bell-saddle-leading' on page 56 undefined on input
 line 3654.


LaTeX Warning: Reference `eq:bell-W-asymptotic' on page 56 undefined on input l
ine 3655.


LaTeX Warning: Citation `MoserWyman1955' on page 56 undefined on input line 366
8.

[56]

LaTeX Warning: Reference `eq:bell-W-asymptotic' on page 57 undefined on input l
ine 3688.


LaTeX Warning: Reference `eq:bell-binomial-recurrence' on page 57 undefined on 
input line 3703.

[57] [58

]
Chapter 12.

LaTeX Warning: Reference `eq:ordinary-exponential-scaling' on page 59 undefined
 on input line 3746.


LaTeX Warning: Reference `eq:partial-bell-definition' on page 59 undefined on i
nput line 3753.


LaTeX Warning: Reference `eq:ordinary-exponential-scaling' on page 59 undefined
 on input line 3769.


LaTeX Warning: Reference `thm:bell-poly-partitions' on page 1 undefined on inpu
t line 3795.

[59

]

LaTeX Warning: Reference `eq:partial-bell-definition' on page 60 undefined on i
nput line 3815.


LaTeX Warning: Reference `cor:partition-type' on page 1 undefined on input line
 3838.


LaTeX Warning: Reference `eq:partial-bell-definition' on page 60 undefined on i
nput line 3839.

[60]

LaTeX Warning: Reference `eq:partial-bell-definition' on page 61 undefined on i
nput line 3884.


LaTeX Warning: Reference `eq:ordinary-exponential-scaling' on page 61 undefined
 on input line 3886.


LaTeX Warning: Reference `eq:ordinary-bell-ogf' on page 1 undefined on input li
ne 3898.


LaTeX Warning: Reference `eq:ordinary-bell-bivariate' on page 1 undefined on in
put line 3900.

[61]

LaTeX Warning: Reference `thm:bell-poly-egf' on page 1 undefined on input line 
3934.


LaTeX Warning: Reference `eq:merged-complete-bell-multiplicities' on page 1 und
efined on input line 3972.


LaTeX Warning: Reference `thm:bell-poly-partitions' on page 1 undefined on inpu
t line 3987.


LaTeX Warning: Reference `eq:partial-bell-egf' on page 62 undefined on input li
ne 3993.


LaTeX Warning: Reference `eq:complete-bell-egf' on page 62 undefined on input l
ine 3993.

[62]

LaTeX Warning: Reference `eq:partial-bell-definition' on page 63 undefined on i
nput line 4014.

[63]
Chapter 13.

LaTeX Warning: Reference `eq:partial-bell-egf' on page 64 undefined on input li
ne 4067.


LaTeX Warning: Reference `eq:partial-bell-definition' on page 64 undefined on i
nput line 4091.

[64

]

LaTeX Warning: Reference `thm:bell-poly-partitions' on page 1 undefined on inpu
t line 4120.


LaTeX Warning: Reference `eq:bell-near-diagonal' on page 65 undefined on input 
line 4133.


LaTeX Warning: Reference `eq:bell-edge-first' on page 65 undefined on input lin
e 4134.


LaTeX Warning: Reference `thm:bell-near-diagonal' on page 1 undefined on input 
line 4136.


LaTeX Warning: Reference `eq:bell-edge-first' on page 1 undefined on input line
 4149.


LaTeX Warning: Reference `thm:bell-poly-partitions' on page 1 undefined on inpu
t line 4152.


LaTeX Warning: Reference `thm:bell-near-diagonal' on page 1 undefined on input 
line 4153.

[65]

LaTeX Warning: Reference `eq:partial-bell-egf' on page 66 undefined on input li
ne 4182.


LaTeX Warning: Reference `eq:partial-bell-derivative' on page 66 undefined on i
nput line 4187.


LaTeX Warning: Reference `eq:complete-bell-derivative' on page 66 undefined on 
input line 4188.


LaTeX Warning: Reference `eq:bell-poly-chain' on page 66 undefined on input lin
e 4189.


LaTeX Warning: Reference `eq:partial-bell-derivative' on page 1 undefined on in
put line 4195.


LaTeX Warning: Reference `eq:complete-bell-derivative' on page 1 undefined on i
nput line 4196.


LaTeX Warning: Reference `eq:bell-poly-chain' on page 1 undefined on input line
 4207.


LaTeX Warning: Reference `eq:complete-bell-derivative' on page 66 undefined on 
input line 4230.

[66]
Chapter 14.

LaTeX Warning: Reference `eq:partial-bell-egf' on page 67 undefined on input li
ne 4267.


LaTeX Warning: Reference `eq:bell-factorial-complete' on page 67 undefined on i
nput line 4274.


LaTeX Warning: Reference `eq:bell-number-specialization' on page 67 undefined o
n input line 4275.


LaTeX Warning: Reference `thm:bell-poly-recurrences' on page 1 undefined on inp
ut line 4284.


LaTeX Warning: Reference `thm:bell-poly-egf' on page 1 undefined on input line 
4286.


LaTeX Warning: Reference `eq:bell-first-specialization' on page 1 undefined on 
input line 4290.


LaTeX Warning: Reference `eq:bell-lah-specialization' on page 1 undefined on in
put line 4291.


LaTeX Warning: Reference `eq:bell-second-specialization' on page 1 undefined on
 input line 4295.


LaTeX Warning: Reference `eq:bell-number-specialization' on page 1 undefined on
 input line 4297.


LaTeX Warning: Reference `eq:bell-factorial-complete' on page 1 undefined on in
put line 4303.


LaTeX Warning: Reference `eq:touchard-bell-specialization' on page 1 undefined 
on input line 4305.

[67

]

LaTeX Warning: Reference `eq:partial-bell-definition' on page 68 undefined on i
nput line 4322.


LaTeX Warning: Reference `eq:bell-bihomogeneous' on page 1 undefined on input l
ine 4335.


LaTeX Warning: Reference `eq:touchard-bell-specialization' on page 1 undefined 
on input line 4342.


LaTeX Warning: Reference `thm:bell-poly-specializations' on page 1 undefined on
 input line 4343.


LaTeX Warning: Reference `eq:bell-linear-arguments' on page 1 undefined on inpu
t line 4346.

LaTeX Font Info:    Font shape `T1/LibertinusSerif-TLF/m/it' will be
(Font)              scaled to size 8.0pt on input line 4371.
LaTeX Font Info:    Font shape `T1/LibertinusSerif-TLF/m/it' will be
(Font)              scaled to size 6.0pt on input line 4371.

LaTeX Warning: Reference `eq:partial-bell-egf' on page 68 undefined on input li
ne 4381.


LaTeX Warning: Reference `eq:bell-leading-zeros' on page 1 undefined on input l
ine 4387.


LaTeX Warning: Reference `eq:partial-bell-egf' on page 1 undefined on input lin
e 4393.

[68]

LaTeX Warning: Reference `eq:complete-bell-egf' on page 69 undefined on input l
ine 4412.


LaTeX Warning: Reference `eq:partial-bell-egf' on page 69 undefined on input li
ne 4416.


LaTeX Warning: Reference `eq:bell-transform-x' on page 1 undefined on input lin
e 4421.


LaTeX Warning: Reference `thm:exponential-composition' on page 1 undefined on i
nput line 4430.


LaTeX Warning: Reference `eq:general-bell-inverse' on page 1 undefined on input
 line 4433.


LaTeX Warning: Reference `eq:faa-bell' on page 1 undefined on input line 4446.

[69]

LaTeX Warning: Reference `eq:complete-bell-recurrence' on page 70 undefined on 
input line 4486.

[70]

LaTeX Warning: Reference `eq:partial-bell-egf' on page 71 undefined on input li
ne 4533.


LaTeX Warning: Reference `eq:diamond' on page 71 undefined on input line 4541.


LaTeX Warning: Reference `eq:diamond-bell' on page 71 undefined on input line 4
556.

[71]
Chapter 15.

LaTeX Warning: Reference `eq:complete-bell-egf' on page 72 undefined on input l
ine 4596.


LaTeX Warning: Reference `eq:elementary-via-bell' on page 72 undefined on input
 line 4596.


LaTeX Warning: Reference `eq:ordinary-exponential-scaling' on page 72 undefined
 on input line 4600.


LaTeX Warning: Reference `eq:elementary-via-bell' on page 1 undefined on input 
line 4608.


LaTeX Warning: Reference `eq:powersum-via-bell' on page 1 undefined on input li
ne 4612.


LaTeX Warning: Reference `eq:powersum-via-bell' on page 1 undefined on input li
ne 4631.

[72

]

LaTeX Warning: Reference `eq:elementary-via-bell' on page 73 undefined on input
 line 4644.


LaTeX Warning: Reference `eq:complete-bell-egf' on page 73 undefined on input l
ine 4675.


LaTeX Warning: Reference `eq:complete-bell-egf' on page 73 undefined on input l
ine 4707.


LaTeX Warning: Reference `thm:bell-transform-inverse' on page 1 undefined on in
put line 4708.

[73]

LaTeX Warning: Reference `eq:complete-bell-egf' on page 74 undefined on input l
ine 4716.


LaTeX Warning: Reference `eq:complete-bell-egf' on page 74 undefined on input l
ine 4745.


LaTeX Warning: Reference `eq:delta-operator' on page 74 undefined on input line
 4748.


LaTeX Warning: Reference `eq:binomial-type-bell' on page 1 undefined on input l
ine 4754.


LaTeX Warning: Reference `eq:binomial-type-egf' on page 1 undefined on input li
ne 4756.


LaTeX Warning: Reference `thm:exponential-formula' on page 1 undefined on input
 line 4758.


LaTeX Warning: Reference `eq:binomial-type-identity' on page 1 undefined on inp
ut line 4759.


LaTeX Warning: Reference `eq:delta-operator' on page 1 undefined on input line 
4764.

[74] [75

]
Chapter 16.

LaTeX Warning: Reference `eq:eulerian-recurrence' on page 76 undefined on input
 line 4810.


LaTeX Warning: Reference `eq:eulerian-poly-recurrence' on page 76 undefined on 
input line 4811.


LaTeX Warning: Reference `eq:eulerian-recurrence' on page 1 undefined on input 
line 4816.


LaTeX Warning: Reference `eq:eulerian-poly-recurrence' on page 1 undefined on i
nput line 4820.

[76

]

LaTeX Warning: Reference `eq:eulerian-poly-recurrence' on page 77 undefined on 
input line 4864.


LaTeX Warning: Reference `eq:eulerian-egf' on page 1 undefined on input line 48
79.


LaTeX Warning: Reference `eq:eulerian-binomial-recurrence' on page 1 undefined 
on input line 4886.


LaTeX Warning: Reference `thm:eulerian-binomial-recurrence' on page 1 undefined
 on input line 4888.


LaTeX Warning: Reference `eq:eulerian-egf' on page 77 undefined on input line 4
904.


LaTeX Warning: Reference `eq:eulerian-power-series' on page 77 undefined on inp
ut line 4908.


LaTeX Warning: Reference `eq:eulerian-explicit' on page 77 undefined on input l
ine 4910.


LaTeX Warning: Reference `eq:eulerian-k1' on page 77 undefined on input line 49
10.


LaTeX Warning: Reference `eq:eulerian-power-series' on page 1 undefined on inpu
t line 4916.


LaTeX Warning: Reference `thm:worpitzky' on page 1 undefined on input line 4920
.


LaTeX Warning: Reference `eq:eulerian-symmetry' on page 1 undefined on input li
ne 4924.


LaTeX Warning: Reference `eq:eulerian-explicit' on page 1 undefined on input li
ne 4926.


LaTeX Warning: Reference `eq:eulerian-k1' on page 1 undefined on input line 492
7.

[77]

LaTeX Warning: Reference `eq:eulerian-egf' on page 78 undefined on input line 4
942.


LaTeX Warning: Reference `eq:eulerian-binomial-recurrence' on page 1 undefined 
on input line 4949.


LaTeX Warning: Reference `eq:eulerian-power-series' on page 1 undefined on inpu
t line 4954.


LaTeX Warning: Reference `eq:eulerian-power-series' on page 78 undefined on inp
ut line 4973.


LaTeX Warning: Reference `eq:worpitzky' on page 78 undefined on input line 4974
.


LaTeX Warning: Reference `thm:eulerian-recurrence' on page 1 undefined on input
 line 4987.


LaTeX Warning: Reference `eq:eulerian-symmetry' on page 1 undefined on input li
ne 5000.


LaTeX Warning: Reference `cor:eulerian-power-sum' on page 1 undefined on input 
line 5002.


LaTeX Warning: Reference `eq:worpitzky' on page 78 undefined on input line 5014
.


LaTeX Warning: Reference `eq:eulerian-power-series' on page 78 undefined on inp
ut line 5021.

[78]

LaTeX Warning: Reference `eq:eulerian-symmetry' on page 79 undefined on input l
ine 5027.


LaTeX Warning: Reference `eq:eulerian-symmetry' on page 79 undefined on input l
ine 5043.


LaTeX Warning: Reference `eq:eulerian-stirling' on page 1 undefined on input li
ne 5051.


LaTeX Warning: Reference `eq:eulerian-power-series' on page 1 undefined on inpu
t line 5059.


LaTeX Warning: Reference `eq:eulerian-explicit' on page 79 undefined on input l
ine 5091.


LaTeX Warning: Reference `eq:eulerian-irwin-hall' on page 79 undefined on input
 line 5104.

[79]

LaTeX Warning: Reference `eq:eulerian-egf' on page 80 undefined on input line 5
126.


LaTeX Warning: Reference `eq:eulerian-alternating' on page 80 undefined on inpu
t line 5132.


LaTeX Warning: Reference `eq:eulerian-stirling' on page 80 undefined on input l
ine 5140.


LaTeX Warning: Reference `eq:eulerian-alternating' on page 1 undefined on input
 line 5157.


LaTeX Warning: Reference `thm:eulerian-egf' on page 1 undefined on input line 5
159.

[80]
Chapter 17.

LaTeX Warning: Reference `eq:eulerian-power-series' on page 81 undefined on inp
ut line 5178.


LaTeX Warning: Reference `eq:eulerian-power-series' on page 81 undefined on inp
ut line 5189.


LaTeX Warning: Reference `thm:eulerian-irwin-hall' on page 1 undefined on input
 line 5194.


LaTeX Warning: Reference `eq:eulerian-stirling' on page 1 undefined on input li
ne 5225.

[81

] [82]
Chapter 18.

LaTeX Warning: Reference `eq:typeB-explicit' on page 83 undefined on input line
 5258.


LaTeX Warning: Reference `thm:typeB-permutohedron-h-polynomial' on page 1 undef
ined on input line 5262.

[83

]

LaTeX Warning: Reference `eq:typeB-power-series' on page 84 undefined on input 
line 5298.


LaTeX Warning: Reference `eq:typeB-explicit' on page 84 undefined on input line
 5299.


LaTeX Warning: Reference `eq:typeB-recurrence' on page 1 undefined on input lin
e 5305.


LaTeX Warning: Reference `eq:typeB-power-series' on page 1 undefined on input l
ine 5311.


LaTeX Warning: Reference `eq:typeB-explicit' on page 1 undefined on input line 
5313.

[84]

LaTeX Warning: Reference `eq:second-eulerian-recurrence' on page 1 undefined on
 input line 5388.


LaTeX Warning: Reference `eq:second-eulerian-poly-recurrence' on page 1 undefin
ed on input line 5392.


LaTeX Warning: Reference `eq:second-eulerian-row-sum' on page 1 undefined on in
put line 5395.


LaTeX Warning: Reference `eq:second-eulerian-poly-recurrence' on page 85 undefi
ned on input line 5410.


LaTeX Warning: Reference `eq:second-eulerian-poly-recurrence' on page 85 undefi
ned on input line 5424.


LaTeX Warning: Reference `eq:second-eulerian-stirling-gf' on page 1 undefined o
n input line 5430.


LaTeX Warning: Reference `eq:second-eulerian-poly-recurrence' on page 1 undefin
ed on input line 5436.


LaTeX Warning: Reference `eq:second-eulerian-stirling-gf' on page 85 undefined 
on input line 5442.

[85]

LaTeX Warning: Reference `eq:second-eulerian-poly-recurrence' on page 86 undefi
ned on input line 5483.


LaTeX Warning: Reference `eq:first-diagonal-ogf-recurrence' on page 86 undefine
d on input line 5497.


LaTeX Warning: Reference `eq:second-eulerian-first-diagonal' on page 86 undefin
ed on input line 5510.

[86] [87

]
Chapter 19.

LaTeX Warning: Reference `eq:faa-partition' on page 88 undefined on input line 
5587.


LaTeX Warning: Reference `eq:faa-multiplicity' on page 88 undefined on input li
ne 5587.


LaTeX Warning: Reference `eq:partial-bell-definition' on page 88 undefined on i
nput line 5588.


LaTeX Warning: Reference `eq:faa-bell' on page 88 undefined on input line 5589.


[88

]

LaTeX Warning: Reference `eq:faa-bell' on page 89 undefined on input line 5605.



LaTeX Warning: Reference `thm:moment-cumulant' on page 1 undefined on input lin
e 5611.


LaTeX Warning: Reference `thm:faa-partition' on page 1 undefined on input line 
5626.


LaTeX Warning: Reference `eq:faa-multivariate' on page 89 undefined on input li
ne 5631.

[89]
Chapter 20.

LaTeX Warning: Reference `eq:ordinary-bell-definition' on page 90 undefined on 
input line 5681.


LaTeX Warning: Reference `eq:ordinary-composition-compositions' on page 1 undef
ined on input line 5701.


LaTeX Warning: Reference `eq:ordinary-composition-multiplicities' on page 1 und
efined on input line 5712.


LaTeX Warning: Reference `eq:reciprocal-ordinary-bell' on page 1 undefined on i
nput line 5722.

[90

]

LaTeX Warning: Reference `eq:partial-bell-egf' on page 91 undefined on input li
ne 5756.


LaTeX Warning: Reference `thm:bell-poly-partitions' on page 1 undefined on inpu
t line 5757.


LaTeX Warning: Reference `thm:bell-partial-convolution' on page 1 undefined on 
input line 5770.


LaTeX Warning: Reference `eq:exponential-composition' on page 91 undefined on i
nput line 5779.


LaTeX Warning: Reference `eq:faa-bell' on page 91 undefined on input line 5780.


[91]
Chapter 21.

LaTeX Warning: Reference `thm:res-subst' on page 1 undefined on input line 5821
.


LaTeX Warning: Reference `eq:lagrange-burmann' on page 92 undefined on input li
ne 5831.


LaTeX Warning: Reference `eq:lagrange-burmann-alt' on page 92 undefined on inpu
t line 5837.


LaTeX Warning: Reference `eq:lagrange-basic' on page 92 undefined on input line
 5838.

[92

]

LaTeX Warning: Reference `eq:lagrange-burmann' on page 1 undefined on input lin
e 5843.


LaTeX Warning: Reference `eq:lagrange-basic' on page 1 undefined on input line 
5845.


LaTeX Warning: Reference `eq:lagrange-functional' on page 1 undefined on input 
line 5852.


LaTeX Warning: Reference `thm:res-subst' on page 1 undefined on input line 5867
.


LaTeX Warning: Reference `eq:lagrange-burmann' on page 1 undefined on input lin
e 5895.


LaTeX Warning: Reference `eq:lagrange-burmann-alt' on page 1 undefined on input
 line 5897.


LaTeX Warning: Reference `thm:lagrange-burmann' on page 1 undefined on input li
ne 5909.

[93] [94]

LaTeX Warning: Reference `eq:lagrange-basic' on page 95 undefined on input line
 6009.


LaTeX Warning: Reference `eq:analytic-lagrange-coeff' on page 95 undefined on i
nput line 6010.


LaTeX Warning: Reference `eq:lagrange-basic' on page 95 undefined on input line
 6044.


LaTeX Warning: Reference `eq:partial-bell-egf' on page 95 undefined on input li
ne 6050.


LaTeX Warning: Reference `eq:inverse-bell-coeff' on page 95 undefined on input 
line 6054.


LaTeX Warning: Reference `eq:inverse-bell-coeff' on page 1 undefined on input l
ine 6068.

[95] [96]
Chapter 22.

LaTeX Warning: Reference `eq:lagrange-basic' on page 97 undefined on input line
 6149.


LaTeX Warning: Reference `eq:fuss-series' on page 1 undefined on input line 617
2.


LaTeX Warning: Reference `eq:lagrange-basic' on page 1 undefined on input line 
6177.


LaTeX Warning: Reference `eq:fuss-radius' on page 1 undefined on input line 618
3.

[97

]

LaTeX Warning: Reference `eq:analytic-lagrange-coeff' on page 98 undefined on i
nput line 6200.


LaTeX Warning: Reference `eq:lambert-W-zero' on page 1 undefined on input line 
6213.


LaTeX Warning: Reference `eq:lagrange-basic' on page 1 undefined on input line 
6216.


LaTeX Warning: Reference `eq:lambert-near-e-implicit' on page 98 undefined on i
nput line 6235.

[98]
Chapter 23.

LaTeX Warning: Reference `eq:lagrange-burmann' on page 99 undefined on input li
ne 6287.


LaTeX Warning: Reference `eq:shifted-lagrange-reversion' on page 99 undefined o
n input line 6318.


LaTeX Warning: Reference `eq:delta-root' on page 99 undefined on input line 632
0.

[99

] [100]
Chapter 24.

LaTeX Warning: Reference `eq:lagrange-burmann' on page 101 undefined on input l
ine 6389.

[101

]

LaTeX Warning: Reference `eq:laplace-cn' on page 102 undefined on input line 64
16.

[102] [103

]
Chapter 25.
[104

]

LaTeX Warning: Reference `eq:merged-weighted-translation-law' on page 1 undefin
ed on input line 6527.


LaTeX Warning: Reference `eq:merged-weighted-binomial-inversion' on page 1 unde
fined on input line 6529.


LaTeX Warning: Reference `eq:merged-weighted-convolution-law' on page 1 undefin
ed on input line 6530.


LaTeX Warning: Reference `eq:merged-weighted-convolution-law' on page 1 undefin
ed on input line 6540.


LaTeX Warning: Reference `eq:merged-weighted-translation-law' on page 1 undefin
ed on input line 6540.


LaTeX Warning: Reference `eq:merged-weighted-binomial-inversion' on page 1 unde
fined on input line 6569.


LaTeX Warning: Reference `eq:merged-binomial-forward' on page 105 undefined on 
input line 6575.


LaTeX Warning: Reference `eq:merged-binomial-egf' on page 105 undefined on inpu
t line 6576.


LaTeX Warning: Reference `eq:merged-binomial-backward' on page 105 undefined on
 input line 6577.


LaTeX Warning: Reference `eq:merged-binomial-forward' on page 1 undefined on in
put line 6589.


LaTeX Warning: Reference `eq:merged-binomial-backward' on page 1 undefined on i
nput line 6590.


LaTeX Warning: Reference `eq:merged-binomial-egf' on page 1 undefined on input 
line 6595.

[105] [106]

LaTeX Warning: Reference `eq:merged-partition-mobius-top' on page 107 undefined
 on input line 6687.


LaTeX Warning: Reference `eq:merged-partition-mobius' on page 107 undefined on 
input line 6691.


LaTeX Warning: Reference `eq:merged-moment-cumulant-backward' on page 1 undefin
ed on input line 6734.


LaTeX Warning: Reference `eq:merged-moment-cumulant-forward' on page 1 undefine
d on input line 6734.


LaTeX Warning: Reference `eq:merged-moment-cumulant-backward' on page 107 undef
ined on input line 6740.

[107]

LaTeX Warning: Reference `eq:merged-binomial-type-law' on page 108 undefined on
 input line 6815.


LaTeX Warning: Reference `eq:merged-binomial-type-functional' on page 108 undef
ined on input line 6827.


LaTeX Warning: Reference `eq:merged-binomial-type-egf' on page 108 undefined on
 input line 6838.

[108]

LaTeX Warning: Reference `thm:binomial-type-bell' on page 1 undefined on input 
line 6875.


LaTeX Warning: Reference `eq:merged-sheffer-addition' on page 1 undefined on in
put line 6877.


LaTeX Warning: Reference `eq:merged-sheffer-lowering' on page 1 undefined on in
put line 6881.


LaTeX Warning: Reference `eq:merged-formal-rescaling-derivative' on page 1 unde
fined on input line 6907.


LaTeX Warning: Reference `eq:merged-formal-rescaling-derivative' on page 1 unde
fined on input line 6924.

[109]

LaTeX Warning: Reference `eq:merged-formal-rescaling-derivative' on page 1 unde
fined on input line 6967.


LaTeX Warning: Reference `eq:merged-abel-egf' on page 1 undefined on input line
 6974.


LaTeX Warning: Reference `eq:merged-abel-binomial' on page 1 undefined on input
 line 6978.


LaTeX Warning: Reference `eq:merged-abel-binomial' on page 110 undefined on inp
ut line 6998.


LaTeX Warning: Reference `eq:merged-abel-egf' on page 110 undefined on input li
ne 7004.

[110]

LaTeX Warning: Reference `eq:merged-riordan-product' on page 1 undefined on inp
ut line 7051.


LaTeX Warning: Reference `eq:merged-riordan-inverse' on page 1 undefined on inp
ut line 7092.


LaTeX Warning: Reference `eq:merged-riordan-action' on page 1 undefined on inpu
t line 7099.


LaTeX Warning: Reference `eq:merged-riordan-product' on page 1 undefined on inp
ut line 7103.


LaTeX Warning: Reference `eq:merged-riordan-inverse' on page 1 undefined on inp
ut line 7104.

[111] [112]
Chapter 26.

LaTeX Warning: Reference `eq:merged-complementary-bell' on page 1 undefined on 
input line 7182.


LaTeX Warning: Reference `eq:merged-complementary-egf' on page 1 undefined on i
nput line 7185.


LaTeX Warning: Reference `eq:merged-complementary-recurrence' on page 1 undefin
ed on input line 7188.


LaTeX Warning: Reference `eq:merged-complementary-dobinski' on page 1 undefined
 on input line 7191.

[113

]

LaTeX Warning: Reference `eq:merged-complementary-bell' on page 114 undefined o
n input line 7219.

[114]
Chapter 27.

LaTeX Warning: Reference `eq:merged-frechet-bell' on page 115 undefined on inpu
t line 7269.


Overfull \hbox (213.1428pt too wide) in paragraph at lines 7260--7271
[]\T1/LibertinusSerif-TLF/m/it/10.95 (-20) Remark \T1/LibertinusSerif-TLF/m/n/1
0.95 (-20) 27.2 (For-mal cross-walk)\T1/LibertinusSerif-TLF/m/it/10.95 (-20) . 
[]\T1/LibertinusSerif-TLF/m/n/10.95 (-20) Math-lib's \T1/LibertinusMono-TLF/m/n
/10.95 HasFTaylorSeriesUpToOn.comp \T1/LibertinusSerif-TLF/m/n/10.95 (-20) in \
T1/LibertinusMono-TLF/m/n/10.95 Mathlib/Analysis/Calculus/ContDiff/FaaDiBruno.l
ean
 []


LaTeX Warning: Reference `eq:merged-frechet-faa' on page 115 undefined on input
 line 7285.

[115

]

LaTeX Warning: Reference `eq:merged-inverse-derivative' on page 116 undefined o
n input line 7334.


LaTeX Warning: Reference `eq:merged-inverse-derivative-operator' on page 116 un
defined on input line 7362.


LaTeX Warning: Reference `eq:merged-inverse-derivative-operator' on page 116 un
defined on input line 7363.

[116]

LaTeX Warning: Reference `eq:merged-inverse-derivative-operator' on page 117 un
defined on input line 7383.


LaTeX Warning: Reference `eq:merged-inverse-first-four' on page 117 undefined o
n input line 7384.


LaTeX Warning: Reference `thm:merged-frechet-faa' on page 117 undefined on inpu
t line 7398.

[117]
Chapter 28.

LaTeX Warning: Reference `eq:merged-multiresidue' on page 118 undefined on inpu
t line 7458.

[118

]

LaTeX Warning: Reference `thm:merged-good' on page 119 undefined on input line 
7531.


LaTeX Warning: Reference `eq:merged-bivariate-fuss' on page 119 undefined on in
put line 7551.


LaTeX Warning: Reference `eq:merged-bivariate-fuss-rational' on page 119 undefi
ned on input line 7553.

[119]

LaTeX Warning: Reference `eq:merged-good' on page 120 undefined on input line 7
581.


LaTeX Warning: Reference `thm:merged-good' on page 1 undefined on input line 75
89.


LaTeX Warning: Reference `eq:merged-coupled-coefficients' on page 120 undefined
 on input line 7599.


LaTeX Warning: Reference `eq:merged-good' on page 120 undefined on input line 7
615.


LaTeX Warning: Citation `BenderRichmond1998' on page 120 undefined on input lin
e 7625.

[120] [121

]
Chapter 29.

LaTeX Warning: Citation `NISTDLMF' on page 122 undefined on input line 7640.


LaTeX Warning: Reference `eq:merged-appell-derivative' on page 1 undefined on i
nput line 7677.


LaTeX Warning: Reference `eq:merged-appell-translation' on page 1 undefined on 
input line 7679.


LaTeX Warning: Reference `eq:merged-bernoulli-explicit' on page 1 undefined on 
input line 7686.

[122

]

LaTeX Warning: Reference `eq:merged-bernoulli-difference' on page 1 undefined o
n input line 7727.


LaTeX Warning: Reference `eq:merged-bernoulli-reflection' on page 1 undefined o
n input line 7729.


LaTeX Warning: Reference `eq:merged-euler-difference' on page 1 undefined on in
put line 7734.


LaTeX Warning: Reference `eq:merged-euler-reflection' on page 1 undefined on in
put line 7739.


LaTeX Warning: Reference `eq:merged-bernoulli-difference' on page 123 undefined
 on input line 7759.


LaTeX Warning: Reference `eq:merged-faulhaber' on page 1 undefined on input lin
e 7766.

[123]

LaTeX Warning: Reference `eq:merged-alternating-sums' on page 1 undefined on in
put line 7790.


LaTeX Warning: Reference `eq:merged-raabe' on page 1 undefined on input line 78
24.


LaTeX Warning: Reference `eq:merged-bernoulli-half' on page 1 undefined on inpu
t line 7835.


LaTeX Warning: Citation `Comtet1974' on page 124 undefined on input line 7849.


LaTeX Warning: Citation `Bell1934' on page 124 undefined on input line 7849.

[124]

LaTeX Warning: Reference `eq:merged-bernoulli-stirling' on page 125 undefined o
n input line 7888.


LaTeX Warning: Reference `thm:merged-bernoulli-difference' on page 1 undefined 
on input line 7888.


LaTeX Warning: Reference `eq:merged-bernoulli-touchard-integral' on page 125 un
defined on input line 7913.


LaTeX Warning: Reference `eq:merged-bernoulli-stirling' on page 1 undefined on 
input line 7921.

[125]

LaTeX Warning: Reference `eq:merged-bernoulli-stirling' on page 126 undefined o
n input line 7938.


LaTeX Warning: Reference `thm:merged-bernoulli-stirling-touchard' on page 1 und
efined on input line 7955.


LaTeX Warning: Reference `eq:merged-gregory-composition' on page 126 undefined 
on input line 7965.


LaTeX Warning: Reference `eq:merged-bernoulli-newton-basis' on page 126 undefin
ed on input line 7975.


LaTeX Warning: Reference `eq:merged-bernoulli-newton-basis' on page 1 undefined
 on input line 7981.


LaTeX Warning: Reference `eq:merged-gregory-composition' on page 1 undefined on
 input line 7988.


LaTeX Warning: Reference `eq:merged-bernoulli-newton-basis' on page 126 undefin
ed on input line 8000.


LaTeX Warning: Reference `eq:merged-bernoulli-stirling' on page 126 undefined o
n input line 8001.


LaTeX Warning: Reference `thm:merged-bernoulli-stirling-touchard' on page 1 und
efined on input line 8003.


LaTeX Warning: Reference `thm:second-explicit' on page 1 undefined on input lin
e 8008.


LaTeX Warning: Reference `eq:merged-bernoulli-newton-basis' on page 126 undefin
ed on input line 8015.

[126]

LaTeX Warning: Reference `eq:merged-bernoulli-stirling' on page 127 undefined o
n input line 8019.


LaTeX Warning: Citation `Norlund1924' on page 127 undefined on input line 8038.



LaTeX Warning: Reference `eq:merged-norlund-egf' on page 127 undefined on input
 line 8060.

[127]

LaTeX Warning: Reference `eq:merged-norlund-egf' on page 128 undefined on input
 line 8101.


LaTeX Warning: Reference `eq:merged-log-bernoulli-kernel' on page 1 undefined o
n input line 8121.


LaTeX Warning: Reference `lem:merged-log-base-change' on page 1 undefined on in
put line 8152.

[128]

LaTeX Warning: Reference `eq:merged-norlund-egf' on page 129 undefined on input
 line 8183.


LaTeX Warning: Reference `eq:merged-norlund-egf' on page 1 undefined on input l
ine 8212.


LaTeX Warning: Reference `eq:merged-norlund-appell' on page 1 undefined on inpu
t line 8216.


LaTeX Warning: Reference `eq:merged-norlund-convolution' on page 1 undefined on
 input line 8219.


LaTeX Warning: Reference `eq:merged-norlund-translation' on page 1 undefined on
 input line 8222.


LaTeX Warning: Reference `eq:merged-norlund-difference' on page 1 undefined on 
input line 8223.

[129]

LaTeX Warning: Reference `eq:merged-norlund-egf' on page 130 undefined on input
 line 8306.


LaTeX Warning: Reference `thm:bell-poly-egf' on page 1 undefined on input line 
8309.


LaTeX Warning: Reference `lem:merged-complete-bell-multiplicities' on page 1 un
defined on input line 8311.


LaTeX Warning: Reference `eq:merged-norlund-bell-explicit' on page 1 undefined 
on input line 8314.


LaTeX Warning: Reference `thm:res-subst' on page 1 undefined on input line 8328
.


LaTeX Warning: Reference `eq:merged-norlund-polynomial-diagonal' on page 1 unde
fined on input line 8336.


LaTeX Warning: Reference `eq:merged-norlund-number-diagonal' on page 1 undefine
d on input line 8339.


LaTeX Warning: Reference `eq:merged-norlund-diagonal' on page 1 undefined on in
put line 8341.


LaTeX Warning: Reference `eq:merged-log-bernoulli-kernel' on page 130 undefined
 on input line 8343.


LaTeX Warning: Reference `thm:res-subst' on page 1 undefined on input line 8351
.

[130]

LaTeX Warning: Reference `eq:merged-norlund-bell' on page 1 undefined on input 
line 8374.


LaTeX Warning: Reference `lem:merged-complete-bell-multiplicities' on page 1 un
defined on input line 8379.


LaTeX Warning: Reference `eq:merged-genocchi' on page 1 undefined on input line
 8416.


LaTeX Warning: Reference `eq:merged-genocchi-egf' on page 1 undefined on input 
line 8418.

[131]

LaTeX Warning: Citation `Norlund1924' on page 132 undefined on input line 8441.


[132]

LaTeX Warning: Reference `eq:merged-bernoulli-second-egf' on page 1 undefined o
n input line 8526.


LaTeX Warning: Reference `eq:merged-cauchy-derivative' on page 1 undefined on i
nput line 8542.


LaTeX Warning: Reference `eq:merged-cauchy-explicit' on page 1 undefined on inp
ut line 8549.


LaTeX Warning: Reference `eq:merged-cauchy-stirling-numbers' on page 1 undefine
d on input line 8550.


LaTeX Warning: Reference `eq:merged-cauchy-integral' on page 1 undefined on inp
ut line 8560.


LaTeX Warning: Reference `eq:merged-cauchy-reflection' on page 1 undefined on i
nput line 8563.


LaTeX Warning: Reference `thm:merged-cauchy-polynomials' on page 1 undefined on
 input line 8570.


LaTeX Warning: Reference `def:merged-cauchy-polynomials' on page 1 undefined on
 input line 8572.

[133] [134] [135]

LaTeX Warning: Reference `eq:merged-periodic-bernoulli-fourier-complex' on page
 1 undefined on input line 8770.


LaTeX Warning: Reference `eq:merged-periodic-bernoulli-fourier-odd' on page 1 u
ndefined on input line 8773.


LaTeX Warning: Reference `eq:merged-periodic-bernoulli-fourier-even' on page 1 
undefined on input line 8773.

[136]

LaTeX Warning: Reference `eq:merged-euler-maclaurin' on page 137 undefined on i
nput line 8823.


LaTeX Warning: Reference `eq:merged-euler-maclaurin-rem' on page 137 undefined 
on input line 8824.


LaTeX Warning: Reference `eq:merged-periodic-bernoulli-sup' on page 137 undefin
ed on input line 8826.


LaTeX Warning: Reference `eq:merged-euler-maclaurin-rem' on page 137 undefined 
on input line 8831.


LaTeX Warning: Reference `eq:merged-euler-maclaurin-bound' on page 137 undefine
d on input line 8832.


LaTeX Warning: Reference `eq:merged-euler-maclaurin' on page 137 undefined on i
nput line 8860.


LaTeX Warning: Reference `eq:merged-euler-maclaurin-constant' on page 137 undef
ined on input line 8867.


LaTeX Warning: Reference `eq:merged-periodic-bernoulli-sup' on page 137 undefin
ed on input line 8868.


Underfull \hbox (badness 1648) in paragraph at lines 8860--8869
\T1/LibertinusSerif-TLF/m/n/10.95 (+20) that in-volves only $\OML/cmm/m/it/10.9
5 a$ \T1/LibertinusSerif-TLF/m/n/10.95 (+20) --- namely $\OML/cmm/m/it/10.95 f\
OT1/cmr/m/n/10.95 (\OML/cmm/m/it/10.95 a\OT1/cmr/m/n/10.95 )\OML/cmm/m/it/10.95
 =\OT1/cmr/m/n/10.95 2$\T1/LibertinusSerif-TLF/m/n/10.95 (+20) , the bound-ary 
sum $\OMS/cmsy/m/n/10.95 ^^@ [][] \OML/cmm/m/it/10.95 ^^L[]f[]\OT1/cmr/m/n/10.9
5 (\OML/cmm/m/it/10.95 a\OT1/cmr/m/n/10.95 )\OML/cmm/m/it/10.95 =\OT1/cmr/m/n/1
0.95 (2\OML/cmm/m/it/10.95 r\OT1/cmr/m/n/10.95 )!$\T1/LibertinusSerif-TLF/m/n/1
0.95 (+20) , and
 []


LaTeX Warning: Reference `cor:merged-euler-maclaurin-constant' on page 1 undefi
ned on input line 8881.

[137]

LaTeX Warning: Reference `cor:merged-euler-maclaurin-constant' on page 1 undefi
ned on input line 8907.


LaTeX Warning: Reference `eq:merged-euler-maclaurin-constant-rem' on page 138 u
ndefined on input line 8916.


LaTeX Warning: Reference `eq:merged-harmonic-em' on page 138 undefined on input
 line 8922.


LaTeX Warning: Reference `eq:merged-harmonic-expansion' on page 138 undefined o
n input line 8927.


LaTeX Warning: Reference `eq:merged-harmonic-expansion' on page 1 undefined on 
input line 8935.


LaTeX Warning: Reference `thm:merged-euler-maclaurin' on page 1 undefined on in
put line 8936.

[138]
Chapter 30.

LaTeX Warning: Reference `eq:merged-pochhammer-split' on page 139 undefined on 
input line 8974.


LaTeX Warning: Reference `eq:merged-pochhammer-split' on page 1 undefined on in
put line 8981.


LaTeX Warning: Reference `eq:merged-pochhammer-gamma' on page 1 undefined on in
put line 8987.


LaTeX Warning: Reference `eq:merged-binomial-series' on page 1 undefined on inp
ut line 8993.

[139

]

LaTeX Warning: Reference `eq:merged-pochhammer-derivatives' on page 140 undefin
ed on input line 9072.


LaTeX Warning: Reference `eq:merged-pochhammer-derivatives' on page 140 undefin
ed on input line 9086.


LaTeX Warning: Reference `eq:merged-bell-sign-flip' on page 140 undefined on in
put line 9087.


LaTeX Warning: Reference `eq:merged-reciprocal-pochhammer' on page 1 undefined 
on input line 9093.


LaTeX Warning: Reference `thm:merged-pochhammer-derivatives' on page 1 undefine
d on input line 9095.

[140]

LaTeX Warning: Reference `prop:merged-beta-integral' on page 1 undefined on inp
ut line 9155.


LaTeX Warning: Reference `eq:merged-euler-gamma-limit' on page 141 undefined on
 input line 9174.


LaTeX Warning: Reference `eq:merged-euler-gamma-finite' on page 141 undefined o
n input line 9176.


LaTeX Warning: Reference `eq:merged-weierstrass-gamma' on page 141 undefined on
 input line 9189.

[141]

LaTeX Warning: Reference `eq:merged-euler-gamma-limit' on page 1 undefined on i
nput line 9196.


LaTeX Warning: Reference `eq:merged-weierstrass-gamma' on page 1 undefined on i
nput line 9201.


LaTeX Warning: Reference `eq:merged-weierstrass-gamma' on page 142 undefined on
 input line 9224.


LaTeX Warning: Reference `thm:merged-euler-gamma-limit' on page 1 undefined on 
input line 9225.


LaTeX Warning: Reference `eq:merged-digamma-series' on page 142 undefined on in
put line 9231.


LaTeX Warning: Reference `thm:merged-euler-gamma-limit' on page 1 undefined on 
input line 9232.


LaTeX Warning: Reference `eq:merged-polygamma-series' on page 142 undefined on 
input line 9234.


LaTeX Warning: Reference `eq:merged-polygamma-series' on page 142 undefined on 
input line 9262.


LaTeX Warning: Reference `thm:stirling-zeta' on page 1 undefined on input line 
9266.


LaTeX Warning: Reference `eq:merged-polygamma-hurwitz' on page 142 undefined on
 input line 9267.

[142]

LaTeX Warning: Reference `eq:merged-gauss-multiplication' on page 143 undefined
 on input line 9312.

[143]

LaTeX Warning: Reference `eq:merged-alexeiewsky' on page 144 undefined on input
 line 9376.


LaTeX Warning: Reference `eq:binet-second' on page 144 undefined on input line 
9422.

[144]

LaTeX Warning: Reference `eq:merged-even-zeta-bernoulli' on page 145 undefined 
on input line 9442.


LaTeX Warning: Reference `eq:merged-alexeiewsky' on page 145 undefined on input
 line 9459.


LaTeX Warning: Reference `eq:merged-stirling-integrable-rem' on page 145 undefi
ned on input line 9460.


LaTeX Warning: Reference `eq:merged-barnes-standard-asymptotic' on page 145 und
efined on input line 9479.


LaTeX Warning: Reference `eq:merged-glaisher' on page 145 undefined on input li
ne 9485.


LaTeX Warning: Reference `eq:merged-glaisher' on page 145 undefined on input li
ne 9497.


LaTeX Warning: Reference `eq:merged-barnes-asymptotic' on page 145 undefined on
 input line 9501.


LaTeX Warning: Reference `eq:merged-barnes-standard-asymptotic' on page 145 und
efined on input line 9503.

[145]

LaTeX Warning: Reference `eq:merged-barnes-standard-asymptotic' on page 146 und
efined on input line 9533.


LaTeX Warning: Citation `NISTDLMF' on page 146 undefined on input line 9542.


LaTeX Warning: Reference `eq:merged-barnes-asymptotic' on page 146 undefined on
 input line 9553.

[146] [147

]
Chapter 31.

LaTeX Warning: Reference `eq:merged-catalan-reflection' on page 1 undefined on 
input line 9599.

[148

]

LaTeX Warning: Reference `eq:merged-narayana' on page 1 undefined on input line
 9684.


LaTeX Warning: Reference `eq:merged-narayana-gf' on page 1 undefined on input l
ine 9695.

[149] [150]

LaTeX Warning: Reference `eq:merged-kirkman-cayley' on page 151 undefined on in
put line 9808.


LaTeX Warning: Reference `eq:merged-kirkman-cayley' on page 1 undefined on inpu
t line 9819.


LaTeX Warning: Reference `eq:merged-kirkman-cayley' on page 151 undefined on in
put line 9864.


LaTeX Warning: Reference `eq:merged-associahedron-f' on page 1 undefined on inp
ut line 9872.

[151]

LaTeX Warning: Reference `eq:merged-associahedron-f' on page 1 undefined on inp
ut line 9886.


LaTeX Warning: Reference `eq:merged-associahedron-f' on page 152 undefined on i
nput line 9900.


LaTeX Warning: Reference `thm:merged-narayana' on page 1 undefined on input lin
e 9901.


LaTeX Warning: Reference `thm:permutohedron-h-polynomial' on page 1 undefined o
n input line 9903.


LaTeX Warning: Reference `eq:merged-associahedron-f' on page 152 undefined on i
nput line 9919.


LaTeX Warning: Reference `eq:merged-associahedron-f' on page 152 undefined on i
nput line 9923.


LaTeX Warning: Reference `eq:merged-associahedron-f' on page 152 undefined on i
nput line 9924.


LaTeX Warning: Reference `eq:merged-associahedron-f-alt' on page 152 undefined 
on input line 9934.


LaTeX Warning: Reference `thm:permutohedron-h-polynomial' on page 1 undefined o
n input line 9938.

[152]

LaTeX Warning: Reference `eq:merged-alternating-vandermonde' on page 153 undefi
ned on input line 9962.


LaTeX Warning: Reference `eq:merged-narayana' on page 153 undefined on input li
ne 9971.


LaTeX Warning: Reference `thm:merged-narayana' on page 1 undefined on input lin
e 9974.


LaTeX Warning: Reference `eq:merged-alternating-vandermonde' on page 1 undefine
d on input line 10009.

[153]

LaTeX Warning: Reference `eq:merged-loday-hyperplane' on page 154 undefined on 
input line 10076.


LaTeX Warning: Reference `eq:merged-tamari-rotation' on page 154 undefined on i
nput line 10091.

[154]

LaTeX Warning: Reference `eq:merged-raney' on page 1 undefined on input line 10
167.


LaTeX Warning: Reference `eq:merged-raney' on page 1 undefined on input line 10
183.

[155] [156]
Chapter 32.

LaTeX Warning: Citation `FlajoletSedgewick2009' on page 157 undefined on input 
line 10200.

[157

]

LaTeX Warning: Reference `lem:merged-singular-binomial' on page 158 undefined o
n input line 10322.

[158]

LaTeX Warning: Reference `eq:merged-darboux-subtraction' on page 159 undefined 
on input line 10382.


LaTeX Warning: Reference `eq:merged-darboux-coefficient-remainder' on page 159 
undefined on input line 10385.


LaTeX Warning: Reference `lem:merged-singular-binomial' on page 159 undefined o
n input line 10404.


LaTeX Warning: Reference `eq:merged-darboux-subtraction' on page 159 undefined 
on input line 10407.


LaTeX Warning: Reference `eq:merged-darboux-boundary-remainder' on page 159 und
efined on input line 10425.


LaTeX Warning: Reference `eq:merged-darboux-subtraction-decomposition' on page 
159 undefined on input line 10432.

[159]

LaTeX Warning: Reference `thm:merged-darboux-transfer' on page 160 undefined on
 input line 10466.

[160] [161] [162

]
Chapter 33.

LaTeX Warning: Reference `eq:merged-multinomial-leibniz' on page 163 undefined 
on input line 10554.


LaTeX Warning: Reference `eq:merged-multinomial-leibniz' on page 1 undefined on
 input line 10567.


LaTeX Warning: Reference `eq:merged-reciprocal-derivative' on page 163 undefine
d on input line 10587.


LaTeX Warning: Reference `eq:merged-reciprocal-derivative' on page 163 undefine
d on input line 10593.


LaTeX Warning: Reference `eq:merged-higher-quotient' on page 163 undefined on i
nput line 10594.

[163

]

LaTeX Warning: Reference `eq:merged-artanh-series' on page 1 undefined on input
 line 10654.


LaTeX Warning: Reference `eq:merged-arsinh-series' on page 1 undefined on input
 line 10654.


LaTeX Warning: Reference `eq:merged-arctan-series' on page 1 undefined on input
 line 10654.


LaTeX Warning: Reference `eq:merged-arcsin-series' on page 1 undefined on input
 line 10654.

[164]

LaTeX Warning: Reference `eq:merged-cauchy-diagonal' on page 165 undefined on i
nput line 10683.


LaTeX Warning: Reference `eq:merged-norlund-diagonal' on page 165 undefined on 
input line 10685.


LaTeX Warning: Reference `thm:lagrange-burmann' on page 165 undefined on input 
line 10708.


LaTeX Warning: Reference `eq:merged-offset-lagrange' on page 165 undefined on i
nput line 10713.


LaTeX Warning: Reference `thm:analytic-lagrange' on page 165 undefined on input
 line 10715.


LaTeX Warning: Reference `eq:merged-square-root-inverse' on page 1 undefined on
 input line 10749.


LaTeX Warning: Reference `eq:merged-square-root-leading' on page 1 undefined on
 input line 10751.

[165]

LaTeX Warning: Reference `thm:merged-darboux-transfer' on page 1 undefined on i
nput line 10772.


LaTeX Warning: Reference `eq:merged-square-root-coefficients' on page 1 undefin
ed on input line 10775.

[166]
Chapter 34.

LaTeX Warning: Reference `eq:merged-kepler' on page 167 undefined on input line
 10800.


LaTeX Warning: Reference `eq:merged-kepler-reversion' on page 167 undefined on 
input line 10818.


LaTeX Warning: Reference `eq:shifted-lagrange-v' on page 167 undefined on input
 line 10819.

[167

]

LaTeX Warning: Reference `eq:merged-bessel-integral' on page 168 undefined on i
nput line 10853.


LaTeX Warning: Reference `eq:merged-kepler-bessel' on page 168 undefined on inp
ut line 10856.

[168] [169

]
Chapter 35.

LaTeX Warning: Reference `eq:merged-bell-normalization' on page 170 undefined o
n input line 10910.


LaTeX Warning: Reference `eq:ordinary-exponential-scaling' on page 170 undefine
d on input line 10911.


LaTeX Warning: Reference `eq:merged-bell-normalization' on page 170 undefined o
n input line 10918.

[170

] [171]

LaTeX Warning: Reference `eq:merged-alg-power' on page 172 undefined on input l
ine 11013.


LaTeX Warning: Reference `eq:merged-alg-log' on page 172 undefined on input lin
e 11030.


LaTeX Warning: Reference `eq:merged-alg-exp' on page 172 undefined on input lin
e 11035.

[172]

LaTeX Warning: Reference `alg:merged-lagrange-reversion' on page 1 undefined on
 input line 11110.


LaTeX Warning: Reference `thm:inverse-bell-coeff' on page 1 undefined on input 
line 11111.


LaTeX Warning: Reference `thm:merged-inverse-derivative' on page 1 undefined on
 input line 11112.


LaTeX Warning: Reference `eq:merged-low-order-reversion' on page 173 undefined 
on input line 11152.

[173] [174] [175]

LaTeX Warning: Reference `thm:bell-eventual-upper' on page 1 undefined on input
 line 11390.

[176] [177

]
Chapter 36.

ignored: Infinite glue shrinkage found in box being split [178

]
LaTeX Font Info:    Trying to load font information for TS1+LibertinusSerif-TLF
 on input line 11490.

(C:\Users\vresh\AppData\Local\Programs\MiKTeX\tex/latex/libertinus-type1\ts1lib
ertinusserif-tlf.fd
File: TS1LibertinusSerif-TLF.fd 2024/09/22 (autoinst) Font definitions for TS1/
LibertinusSerif-TLF.
)
LaTeX Font Info:    Font shape `TS1/LibertinusSerif-TLF/m/n' will be
(Font)              scaled to size 10.95pt on input line 11490.
Package microtype Info: Loading generic protrusion settings for font family
(microtype)             `LibertinusSerif-TLF' (encoding: TS1).
(microtype)             For optimal results, create family-specific settings.
(microtype)             See the microtype manual for details.


LaTeX Warning: Reference `thm:bell-numerical-bound' on page 1 undefined on inpu
t line 11493.


LaTeX Warning: Reference `lem:bell-majorant-decreasing' on page 1 undefined on 
input line 11494.


LaTeX Warning: Reference `eq:bell-cert' on page 179 undefined on input line 114
95.


LaTeX Warning: Citation `BerendTassa2010' on page 179 undefined on input line 1
1496.


LaTeX Warning: Reference `thm:merged-euler-gamma-limit' on page 1 undefined on 
input line 11498.


LaTeX Warning: Reference `prop:merged-beta-integral' on page 1 undefined on inp
ut line 11499.


LaTeX Warning: Reference `cor:merged-harmonic-expansion' on page 1 undefined on
 input line 11502.


LaTeX Warning: Reference `cor:merged-reciprocal-pochhammer' on page 1 undefined
 on input line 11504.


LaTeX Warning: Reference `eq:merged-pochhammer-split' on page 179 undefined on 
input line 11505.


LaTeX Warning: Reference `cor:merged-polygamma-hurwitz' on page 1 undefined on 
input line 11506.


LaTeX Warning: Reference `thm:merged-associahedron-h' on page 1 undefined on in
put line 11508.


LaTeX Warning: Reference `prop:merged-loday-hyperplane' on page 1 undefined on 
input line 11509.


LaTeX Warning: Reference `thm:merged-binomial-type-characterization' on page 1 
undefined on input line 11512.


LaTeX Warning: Reference `thm:merged-bernoulli-difference' on page 1 undefined 
on input line 11515.


LaTeX Warning: Reference `ex:merged-coupled-pair' on page 1 undefined on input 
line 11516.


LaTeX Warning: Reference `thm:merged-inverse-derivative-operator' on page 1 und
efined on input line 11518.


LaTeX Warning: Reference `prop:merged-low-order-reversion' on page 1 undefined 
on input line 11519.


LaTeX Warning: Reference `ex:merged-first-cumulants' on page 1 undefined on inp
ut line 11520.


LaTeX Warning: Reference `thm:faa-multivariate' on page 1 undefined on input li
ne 11525.


LaTeX Warning: Reference `thm:newton-expansion' on page 1 undefined on input li
ne 11527.


LaTeX Warning: Reference `eq:merged-norlund-diagonal' on page 179 undefined on 
input line 11529.

[179{C:/Users/vresh/AppData/Local/Programs/MiKTeX/fonts/enc/dvips/libertinus-ty
pe1/lbn1_rlktsf.enc}] [180]
Chapter 37.
[181

]
Chapter 38.
[182

]

LaTeX Warning: Reference `ch:merged-algorithms' on page 183 undefined on input 
line 11638.


LaTeX Warning: Citation `NISTDLMF' on page 183 undefined on input line 11655.


LaTeX Warning: Citation `BenderRichmond1998' on page 183 undefined on input lin
e 11656.


LaTeX Warning: Citation `Gessel2016' on page 183 undefined on input line 11657.


[183]
LaTeX Font Info:    Font shape `T1/LibertinusSerif-TLF/m/n' will be
(Font)              scaled to size 9.0pt on input line 11692.
LaTeX Font Info:    Font shape `T1/LibertinusSerif-TLF/b/n' will be
(Font)              scaled to size 9.0pt on input line 11704.


LaTeX Warning: Reference `lem:coeff-rules' on page 1 undefined on input line 11
704.

LaTeX Font Info:    Font shape `T1/LibertinusMono-TLF/m/n' will be
(Font)              scaled to size 7.65005pt on input line 11704.
Package microtype Info: Character `guilsinglleft ' is missing
(microtype)             in font `T1/LibertinusMono-TLF/m/n/9'.
(microtype)             Ignoring protrusion settings for this character.
Package microtype Info: Character `guilsinglright ' is missing
(microtype)             in font `T1/LibertinusMono-TLF/m/n/9'.
(microtype)             Ignoring protrusion settings for this character.

LaTeX Warning: Reference `eq:cauchy' on page 1 undefined on input line 11704.


LaTeX Warning: Reference `eq:der-coeff' on page 1 undefined on input line 11704
.


LaTeX Warning: Reference `eq:geom-conv' on page 1 undefined on input line 11704
.


LaTeX Warning: Reference `eq:cauchy-coeff' on page 1 undefined on input line 11
704.


LaTeX Warning: Reference `thm:res-subst' on page 1 undefined on input line 1170
5.


LaTeX Warning: Reference `thm:newton-expansion' on page 1 undefined on input li
ne 11706.


LaTeX Warning: Reference `thm:exponential-formula' on page 1 undefined on input
 line 11707.


LaTeX Warning: Reference `eq:partial-bell-egf' on page 1 undefined on input lin
e 11707.


LaTeX Warning: Reference `eq:bivariate-bell-egf' on page 1 undefined on input l
ine 11707.


LaTeX Warning: Reference `eq:complete-bell-egf' on page 1 undefined on input li
ne 11707.


LaTeX Warning: Reference `cor:partition-type' on page 1 undefined on input line
 11708.


LaTeX Warning: Reference `thm:first-cycle' on page 1 undefined on input line 11
709.


LaTeX Warning: Reference `thm:second-recurrence' on page 1 undefined on input l
ine 11710.


LaTeX Warning: Reference `thm:second-explicit' on page 1 undefined on input lin
e 11711.


LaTeX Warning: Reference `thm:second-reverse-recurrences' on page 1 undefined o
n input line 11712.


LaTeX Warning: Reference `eq:second-triangular-explicit' on page 1 undefined on
 input line 11712.


LaTeX Warning: Reference `eq:second-reverse-row' on page 1 undefined on input l
ine 11712.


LaTeX Warning: Reference `eq:second-reverse-column' on page 1 undefined on inpu
t line 11712.


LaTeX Warning: Reference `thm:first-reverse-recurrences' on page 1 undefined on
 input line 11713.


LaTeX Warning: Reference `eq:first-reverse-row' on page 1 undefined on input li
ne 11713.


LaTeX Warning: Reference `eq:first-reverse-column' on page 1 undefined on input
 line 11713.


LaTeX Warning: Reference `thm:stirling-basis' on page 1 undefined on input line
 11714.


LaTeX Warning: Reference `cor:shifted-stirling-evaluations' on page 1 undefined
 on input line 11715.


Underfull \hbox (badness 10000) in paragraph at lines 11715--11715
[]|\T1/LibertinusSerif-TLF/m/n/9 (+20) Shifted fac-to-rial eval-u-a-
 []


LaTeX Warning: Reference `eq:shifted-power-to-fall' on page 1 undefined on inpu
t line 11715.


LaTeX Warning: Reference `eq:stirling-n-to-n' on page 1 undefined on input line
 11715.


LaTeX Warning: Reference `cor:stirling-inverse' on page 1 undefined on input li
ne 11716.


LaTeX Warning: Reference `thm:poisson-stirling-moments' on page 1 undefined on 
input line 11717.


Underfull \hbox (badness 10000) in paragraph at lines 11717--11718
[]|\T1/LibertinusSerif-TLF/m/n/9 (+20) the mo-ment se-ries $[][] \OML/cmm/m/it/
9 m[]^^U[]=m\OT1/cmr/m/n/9 ! =
 []


Underfull \hbox (badness 1460) in paragraph at lines 11717--11718
\OML/cmm/m/it/9 e[] [][] S\OT1/cmr/m/n/9 (\OML/cmm/m/it/9 n; k\OT1/cmr/m/n/9 )\
OML/cmm/m/it/9 ^^U[]$ \T1/LibertinusSerif-TLF/m/n/9 (+20) is $\T1/LibertinusMon
o-TLF/m/n/9 F a b i u s . t s u m _ p o w _
 []


LaTeX Warning: Reference `thm:fixed-point-stirling-moments' on page 1 undefined
 on input line 11718.


LaTeX Warning: Reference `thm:lah-conv' on page 1 undefined on input line 11719
.


LaTeX Warning: Reference `thm:stirling-egfs' on page 1 undefined on input line 
11720.


LaTeX Warning: Reference `eq:second-double-egf' on page 1 undefined on input li
ne 11720.


LaTeX Warning: Reference `thm:second-ogf' on page 1 undefined on input line 117
21.


LaTeX Warning: Reference `thm:stirling-transform' on page 1 undefined on input 
line 11722.


LaTeX Warning: Reference `thm:normal-order' on page 1 undefined on input line 1
1723.


Underfull \hbox (badness 10000) in paragraph at lines 11723--11723
[]|\T1/LibertinusSerif-TLF/m/n/9 (+20) Stirling normal-ordering
 []


LaTeX Warning: Reference `eq:normal1' on page 1 undefined on input line 11723.


LaTeX Warning: Reference `eq:normal2' on page 1 undefined on input line 11723.


LaTeX Warning: Reference `eq:diff-from-der' on page 1 undefined on input line 1
1723.


LaTeX Warning: Reference `eq:der-from-diff' on page 1 undefined on input line 1
1723.


LaTeX Warning: Reference `thm:stirling-symmetric-semirings' on page 1 undefined
 on input line 11724.


Underfull \hbox (badness 10000) in paragraph at lines 11724--11724
[]|\T1/LibertinusSerif-TLF/m/n/9 (+20) Symmetric de-scrip-tions
 []


Underfull \hbox (badness 10000) in paragraph at lines 11724--11724
\T1/LibertinusSerif-TLF/m/n/9 (+20) over a com-mu-ta-tive
 []


LaTeX Warning: Reference `cor:stirling-symmetric-scaling' on page 1 undefined o
n input line 11725.


LaTeX Warning: Reference `thm:paired-sums' on page 1 undefined on input line 11
726.


LaTeX Warning: Reference `eq:first-two-sums' on page 1 undefined on input line 
11726.


LaTeX Warning: Reference `eq:second-two-sums' on page 1 undefined on input line
 11726.


LaTeX Warning: Reference `eq:second-hockey' on page 1 undefined on input line 1
1726.


LaTeX Warning: Reference `eq:first-hockey' on page 1 undefined on input line 11
726.


LaTeX Warning: Reference `eq:second-convolution' on page 1 undefined on input l
ine 11726.


LaTeX Warning: Reference `eq:first-convolution' on page 1 undefined on input li
ne 11726.


LaTeX Warning: Reference `thm:first-double-sum' on page 1 undefined on input li
ne 11727.


LaTeX Warning: Reference `eq:symmetric-cross1' on page 184 undefined on input l
ine 11727.


LaTeX Warning: Reference `thm:signed-near-diagonal-partition' on page 1 undefin
ed on input line 11728.


Underfull \hbox (badness 10000) in paragraph at lines 11728--11728
[]|\T1/LibertinusSerif-TLF/m/n/9 (+20) Near-diagonal par-ti-tion
 []


LaTeX Warning: Reference `thm:mod-h-structure' on page 1 undefined on input lin
e 11729.


LaTeX Warning: Reference `eq:mod-h-block-product' on page 1 undefined on input 
line 11729.


LaTeX Warning: Reference `thm:second-parity' on page 1 undefined on input line 
11730.


LaTeX Warning: Reference `eq:second-parity-binomial' on page 1 undefined on inp
ut line 11730.


LaTeX Warning: Reference `eq:second-parity-bit' on page 1 undefined on input li
ne 11730.


LaTeX Warning: Reference `thm:stirling-simple-asymp' on page 1 undefined on inp
ut line 11731.


LaTeX Warning: Reference `thm:stirling-row-log-concavity' on page 1 undefined o
n input line 11732.


LaTeX Warning: Reference `thm:stirling-mode-asymptotic' on page 1 undefined on 
input line 11733.


LaTeX Warning: Reference `thm:stirling-uniform-saddle' on page 1 undefined on i
nput line 11734.


LaTeX Warning: Reference `thm:stirling-zeta' on page 1 undefined on input line 
11735.


LaTeX Warning: Reference `lem:logarithmic-transfer' on page 1 undefined on inpu
t line 11736.


LaTeX Warning: Reference `thm:gamma-stirling-series' on page 1 undefined on inp
ut line 11737.


LaTeX Warning: Reference `thm:stieltjes-stirling-series' on page 1 undefined on
 input line 11738.


LaTeX Warning: Reference `thm:r-stirling-recurrence' on page 1 undefined on inp
ut line 11739.


LaTeX Warning: Reference `eq:r-stirling-recurrence' on page 1 undefined on inpu
t line 11739.


LaTeX Warning: Reference `eq:r-stirling-egf' on page 1 undefined on input line 
11739.


LaTeX Warning: Reference `thm:associated-stirling-recurrence' on page 1 undefin
ed on input line 11740.


LaTeX Warning: Reference `eq:associated-stirling-recurrence' on page 1 undefine
d on input line 11740.


LaTeX Warning: Reference `eq:associated-stirling-egf' on page 1 undefined on in
put line 11740.


LaTeX Warning: Reference `thm:reduced-stirling' on page 1 undefined on input li
ne 11741.


Underfull \hbox (badness 7451) in paragraph at lines 11742--11742
[]|\T1/LibertinusSerif-TLF/m/n/9 (+20) proposition (un-la-
 []


LaTeX Warning: Reference `thm:ordered-bell' on page 1 undefined on input line 1
1743.


LaTeX Warning: Reference `eq:ordered-bell-stirling' on page 1 undefined on inpu
t line 11743.


LaTeX Warning: Reference `eq:ordered-bell-egf' on page 1 undefined on input lin
e 11743.


LaTeX Warning: Reference `eq:ordered-bell-recurrence' on page 1 undefined on in
put line 11743.


Underfull \hbox (badness 7451) in paragraph at lines 11744--11744
[]|\T1/LibertinusSerif-TLF/m/n/9 (+20) proposition (un-la-
 []


Underfull \hbox (badness 7451) in paragraph at lines 11745--11745
[]|\T1/LibertinusSerif-TLF/m/n/9 (+20) proposition (un-la-
 []


Underfull \hbox (badness 10000) in paragraph at lines 11746--11746
[]|\T1/LibertinusSerif-TLF/m/n/9 (+20) theorem (un-la-
 []


Underfull \hbox (badness 10000) in paragraph at lines 11747--11747
[]|\T1/LibertinusSerif-TLF/m/n/9 (+20) theorem (un-la-
 []


Underfull \hbox (badness 10000) in paragraph at lines 11748--11748
[]|\T1/LibertinusSerif-TLF/m/n/9 (+20) theorem (un-la-
 []


LaTeX Warning: Reference `thm:bell-binomial-recurrence' on page 1 undefined on 
input line 11749.


LaTeX Warning: Reference `thm:bell-stirling-sum' on page 1 undefined on input l
ine 11750.


LaTeX Warning: Reference `thm:spivey' on page 1 undefined on input line 11751.


LaTeX Warning: Reference `thm:bell-inversions' on page 1 undefined on input lin
e 11752.


LaTeX Warning: Reference `eq:bell-inversion-one' on page 1 undefined on input l
ine 11752.


LaTeX Warning: Reference `eq:bell-inversion-two' on page 1 undefined on input l
ine 11752.


LaTeX Warning: Reference `thm:weighted-bell-shift' on page 1 undefined on input
 line 11753.


LaTeX Warning: Reference `eq:weighted-bell-shift' on page 1 undefined on input 
line 11753.


LaTeX Warning: Reference `eq:weighted-bell-k1' on page 1 undefined on input lin
e 11753.


LaTeX Warning: Reference `eq:weighted-bell-special' on page 1 undefined on inpu
t line 11753.


LaTeX Warning: Reference `thm:bell-egf' on page 1 undefined on input line 11754
.


LaTeX Warning: Reference `thm:dobinski' on page 1 undefined on input line 11755
.


Underfull \hbox (badness 10000) in paragraph at lines 11756--11756
[]|\T1/LibertinusSerif-TLF/m/n/9 (+20) corollary (un-la-
 []


LaTeX Warning: Reference `thm:touchard-poly' on page 1 undefined on input line 
11757.


LaTeX Warning: Reference `eq:touchard-poly' on page 1 undefined on input line 1
1757.


LaTeX Warning: Reference `eq:touchard' on page 1 undefined on input line 11757.



LaTeX Warning: Reference `thm:bell-prime-power-shift' on page 1 undefined on in
put line 11758.


LaTeX Warning: Reference `eq:bell-prime-power-shift' on page 1 undefined on inp
ut line 11758.


LaTeX Warning: Reference `eq:touchard-prime-power-poly' on page 1 undefined on 
input line 11758.


LaTeX Warning: Reference `thm:bell-period-bound' on page 1 undefined on input l
ine 11759.


LaTeX Warning: Reference `thm:bell-log-shape' on page 1 undefined on input line
 11760.


LaTeX Warning: Reference `lem:bell-coeff-upper' on page 1 undefined on input li
ne 11761.


LaTeX Warning: Reference `thm:bell-eventual-upper' on page 1 undefined on input
 line 11762.


LaTeX Warning: Reference `lem:bell-majorant-decreasing' on page 1 undefined on 
input line 11763.


LaTeX Warning: Reference `thm:bell-numerical-bound' on page 1 undefined on inpu
t line 11764.


Underfull \hbox (badness 7451) in paragraph at lines 11764--11764
[]|\T1/LibertinusSerif-TLF/m/n/9 (+20) Uniform nu-mer-i-cal Bell
 []


LaTeX Warning: Reference `thm:bell-leading-asymptotic' on page 1 undefined on i
nput line 11765.


LaTeX Warning: Reference `cor:bell-debruijn' on page 1 undefined on input line 
11766.


LaTeX Warning: Reference `thm:bell-poly-partitions' on page 1 undefined on inpu
t line 11767.


Underfull \hbox (badness 5331) in paragraph at lines 11767--11767
[]|\T1/LibertinusSerif-TLF/m/n/9 (+20) Weighted-partition in-ter-
 []


LaTeX Warning: Reference `cor:partition-type' on page 1 undefined on input line
 11767.


LaTeX Warning: Reference `thm:bell-poly-egf' on page 1 undefined on input line 
11768.


Underfull \hbox (badness 10000) in paragraph at lines 11768--11768
[]|\T1/LibertinusSerif-TLF/m/n/9 (+20) Bell-polynomial gen-er-at-
 []


LaTeX Warning: Reference `eq:ordinary-bell-ogf' on page 1 undefined on input li
ne 11768.


LaTeX Warning: Reference `eq:ordinary-bell-bivariate' on page 1 undefined on in
put line 11768.


LaTeX Warning: Reference `eq:ordinary-exponential-scaling' on page 1 undefined 
on input line 11768.


LaTeX Warning: Reference `lem:merged-complete-bell-multiplicities' on page 1 un
defined on input line 11769.


LaTeX Warning: Reference `thm:bell-poly-recurrences' on page 1 undefined on inp
ut line 11770.


LaTeX Warning: Reference `eq:partial-bell-recurrence' on page 1 undefined on in
put line 11770.


LaTeX Warning: Reference `eq:complete-bell-recurrence' on page 1 undefined on i
nput line 11770.


LaTeX Warning: Reference `eq:partial-bell-definition' on page 1 undefined on in
put line 11770.


LaTeX Warning: Reference `thm:bell-partial-convolution' on page 1 undefined on 
input line 11771.


Underfull \hbox (badness 2469) in paragraph at lines 11771--11772
[]|$\T1/LibertinusMono-TLF/m/n/9 F a b i u s . f a c t o r i a l _ m u l _ p a 
r t i a l
 []


Underfull \hbox (badness 1127) in paragraph at lines 11771--11772
\T1/LibertinusMono-TLF/m/n/9 B e l l _ a dd$ \T1/LibertinusSerif-TLF/m/n/9 (+20
) ($\T1/LibertinusMono-TLF/m/n/9 B e l l C o m p o s i t i o n$\T1/LibertinusSe
rif-TLF/m/n/9 (+20) ), in the
 []


Underfull \hbox (badness 3009) in paragraph at lines 11771--11772
\T1/LibertinusSerif-TLF/m/n/9 (+20) division-free form $\OT1/cmr/m/n/9 (\OML/cm
m/m/it/9 k[] \OT1/cmr/m/n/9 + \OML/cmm/m/it/9 k[]\OT1/cmr/m/n/9 )! \OML/cmm/m/i
t/9 B[] \OT1/cmr/m/n/9 =
 []


LaTeX Warning: Reference `thm:bell-near-diagonal' on page 1 undefined on input 
line 11772.


LaTeX Warning: Reference `eq:bell-near-diagonal' on page 1 undefined on input l
ine 11772.


LaTeX Warning: Reference `thm:bell-poly-derivatives' on page 1 undefined on inp
ut line 11773.


LaTeX Warning: Reference `eq:partial-bell-derivative' on page 1 undefined on in
put line 11773.


LaTeX Warning: Reference `eq:complete-bell-derivative' on page 1 undefined on i
nput line 11773.


LaTeX Warning: Reference `eq:bell-poly-chain' on page 1 undefined on input line
 11773.


LaTeX Warning: Reference `thm:bell-quadratic-differential' on page 1 undefined 
on input line 11774.


LaTeX Warning: Reference `thm:bell-poly-specializations' on page 1 undefined on
 input line 11775.


LaTeX Warning: Reference `eq:bell-first-specialization' on page 1 undefined on 
input line 11775.


LaTeX Warning: Reference `eq:bell-factorial-complete' on page 1 undefined on in
put line 11775.


LaTeX Warning: Reference `eq:bell-second-specialization' on page 1 undefined on
 input line 11775.


LaTeX Warning: Reference `eq:bell-number-specialization' on page 1 undefined on
 input line 11775.


LaTeX Warning: Reference `eq:bell-lah-specialization' on page 1 undefined on in
put line 11775.


LaTeX Warning: Reference `eq:touchard-bell-specialization' on page 1 undefined 
on input line 11775.


LaTeX Warning: Reference `thm:bell-bihomogeneous' on page 1 undefined on input 
line 11776.


LaTeX Warning: Reference `eq:bell-bihomogeneous' on page 1 undefined on input l
ine 11776.


LaTeX Warning: Reference `eq:bell-linear-arguments' on page 1 undefined on inpu
t line 11776.


LaTeX Warning: Reference `thm:complete-bell-addition' on page 1 undefined on in
put line 11777.


LaTeX Warning: Reference `thm:bell-leading-zeros' on page 1 undefined on input 
line 11778.


LaTeX Warning: Reference `thm:bell-transform-inverse' on page 1 undefined on in
put line 11779.


LaTeX Warning: Reference `eq:bell-transform-x' on page 1 undefined on input lin
e 11779.


LaTeX Warning: Reference `eq:general-bell-inverse' on page 1 undefined on input
 line 11779.


LaTeX Warning: Reference `thm:bell-determinants' on page 1 undefined on input l
ine 11780.


LaTeX Warning: Reference `thm:diamond-bell' on page 1 undefined on input line 1
1781.


LaTeX Warning: Reference `thm:bell-symmetric-functions' on page 1 undefined on 
input line 11782.


LaTeX Warning: Reference `eq:elementary-via-bell' on page 1 undefined on input 
line 11782.


LaTeX Warning: Reference `eq:powersum-via-bell' on page 1 undefined on input li
ne 11782.


LaTeX Warning: Reference `eq:powersum-via-bell' on page 1 undefined on input li
ne 11782.


LaTeX Warning: Reference `cor:det-traces-bell' on page 1 undefined on input lin
e 11783.

Combinatorial_Coefficient_Calculus.tex:11783: Missing $ inserted.
<inserted text> 
                $
l.11783 ...), assuming an eigenvalue family; tr(A^
                                                  k) as a power sum of eigen...
I've inserted a begin-math/end-math symbol since I think
you left one out. Proceed, with fingers crossed.

 
Here is how much of TeX's memory you used:
 36799 strings out of 467691
 750518 string characters out of 5414987
 1300941 words of memory out of 5000000
 63430 multiletter control sequences out of 15000+600000
 807657 words of font info for 525 fonts, out of 8000000 for 9000
 1141 hyphenation exceptions out of 8191
 102i,15n,107p,1278b,927s stack positions out of 10000i,1000n,20000p,200000b,200000s
Combinatorial_Coefficient_Calculus.tex:11783:  ==> Fatal error occurred, no out
put PDF file produced!
