This is pdfTeX, Version 3.141592653-2.6-1.40.29 (MiKTeX 26.2) (preloaded format=pdflatex 2026.8.15)  9 SEP 2026 13:40
entering extended mode
 file:line:error style messages enabled.
 %&-line parsing enabled.
**./Thue_Morse_Atlas_and_Frontiers.tex
(Thue_Morse_Atlas_and_Frontiers.tex
LaTeX2e <2025-11-01>
L3 programming layer <2026-03-20>
(C:\Users\vresh\AppData\Local\Programs\MiKTeX\tex/latex/base\article.cls
Document Class: article 2025/01/22 v1.4n Standard LaTeX document class
(C:\Users\vresh\AppData\Local\Programs\MiKTeX\tex/latex/base\size11.clo
File: size11.clo 2025/01/22 v1.4n Standard LaTeX file (size option)
)
\c@part=\count275
\c@section=\count276
\c@subsection=\count277
\c@subsubsection=\count278
\c@paragraph=\count279
\c@subparagraph=\count280
\c@figure=\count281
\c@table=\count282
\abovecaptionskip=\skip49
\belowcaptionskip=\skip50
\bibindent=\dimen150
)
(C:\Users\vresh\AppData\Local\Programs\MiKTeX\tex/latex/geometry\geometry.sty
Package: geometry 2026/03/07 v6.0 Page Geometry

(C:\Users\vresh\AppData\Local\Programs\MiKTeX\tex/latex/graphics\keyval.sty
Package: keyval 2022/05/29 v1.15 key=value parser (DPC)
\KV@toks@=\toks17
)
(C:\Users\vresh\AppData\Local\Programs\MiKTeX\tex/generic/iftex\ifvtex.sty
Package: ifvtex 2019/10/25 v1.7 ifvtex legacy package. Use iftex instead.

(C:\Users\vresh\AppData\Local\Programs\MiKTeX\tex/generic/iftex\iftex.sty
Package: iftex 2024/12/12 v1.0g TeX engine tests
))
\Gm@cnth=\count283
\Gm@cntv=\count284
\c@Gm@tempcnt=\count285
\Gm@bindingoffset=\dimen151
\Gm@wd@mp=\dimen152
\Gm@odd@mp=\dimen153
\Gm@even@mp=\dimen154
\Gm@layoutwidth=\dimen155
\Gm@layoutheight=\dimen156
\Gm@layouthoffset=\dimen157
\Gm@layoutvoffset=\dimen158
\Gm@dimlist=\toks18

(C:\Users\vresh\AppData\Local\Programs\MiKTeX\tex/latex/geometry\geometry.cfg))
(C:\Users\vresh\AppData\Local\Programs\MiKTeX\tex/latex/base\fontenc.sty
Package: fontenc 2025/07/18 v2.1d Standard LaTeX package
)
(C:\Users\vresh\AppData\Local\Programs\MiKTeX\tex/latex/base\inputenc.sty
Package: inputenc 2024/02/08 v1.3d Input encoding file
\inpenc@prehook=\toks19
\inpenc@posthook=\toks20
)
(C:\Users\vresh\AppData\Local\Programs\MiKTeX\tex/latex/libertinus\libertinus.s
ty
Package: libertinus 2020/05/06 v. 0.02 (Herbert Voss) Supports libertinus fonts
 for pdflatex/lualatex/xelatex
 (C:\Users\vresh\AppData\Local\Programs\MiKTeX\tex/latex/xkeyval\xkeyval.sty
Package: xkeyval 2022/06/16 v2.9 package option processing (HA)

(C:\Users\vresh\AppData\Local\Programs\MiKTeX\tex/generic/xkeyval\xkeyval.tex
(C:\Users\vresh\AppData\Local\Programs\MiKTeX\tex/generic/xkeyval\xkvutils.tex
\XKV@toks=\toks21
\XKV@tempa@toks=\toks22
)
\XKV@depth=\count286
File: xkeyval.tex 2014/12/03 v2.7a key=value parser (HA)
))
(C:\Users\vresh\AppData\Local\Programs\MiKTeX\tex/latex/libertinus-type1\libert
inus-type1.sty
Package: libertinus-type1 2025/11/17 (Bob Tennent) Supports libertinus fonts fo
r latex/pdflatex.

(C:\Users\vresh\AppData\Local\Programs\MiKTeX\tex/generic/iftex\ifxetex.sty
Package: ifxetex 2019/10/25 v0.7 ifxetex legacy package. Use iftex instead.
)
(C:\Users\vresh\AppData\Local\Programs\MiKTeX\tex/generic/iftex\ifluatex.sty
Package: ifluatex 2019/10/25 v1.5 ifluatex legacy package. Use iftex instead.
)
(C:\Users\vresh\AppData\Local\Programs\MiKTeX\tex/latex/base\textcomp.sty
Package: textcomp 2024/04/24 v2.1b Standard LaTeX package
)
(C:\Users\vresh\AppData\Local\Programs\MiKTeX\tex/latex/base\fontenc.sty
Package: fontenc 2025/07/18 v2.1d Standard LaTeX package
)
(C:\Users\vresh\AppData\Local\Programs\MiKTeX\tex/latex/fontaxes\fontaxes.sty
Package: fontaxes 2026-01-02 v2.0.2 Font selection axes (deprecated)
Applying: [2024-11-01] Use figureversions if present on input line 74.

(C:\Users\vresh\AppData\Local\Programs\MiKTeX\tex/latex/figureversions\figureve
rsions.sty
Package: figureversions 2025-04-29 v1.0.1 Figure versions
)
Already applied: [0000-00-00] Fall back to v1 on input line 76.
)))
(C:\Users\vresh\AppData\Local\Programs\MiKTeX\tex/latex/microtype\microtype.sty
Package: microtype 2026/03/01 v3.2d Micro-typographical refinements (RS)
(C:\Users\vresh\AppData\Local\Programs\MiKTeX\tex/latex/etoolbox\etoolbox.sty
Package: etoolbox 2025/10/02 v2.5m e-TeX tools for LaTeX (JAW)
\etb@tempcnta=\count287
)
\MT@toks=\toks23
\MT@tempbox=\box53
\MT@count=\count288
LaTeX Info: Redefining \noprotrusionifhmode on input line 1084.
LaTeX Info: Redefining \leftprotrusion on input line 1085.
\MT@prot@toks=\toks24
LaTeX Info: Redefining \rightprotrusion on input line 1104.
LaTeX Info: Redefining \textls on input line 1449.
\MT@outer@kern=\dimen159
LaTeX Info: Redefining \microtypecontext on input line 2053.
LaTeX Info: Redefining \textmicrotypecontext on input line 2070.
\MT@listname@count=\count289

(C:\Users\vresh\AppData\Local\Programs\MiKTeX\tex/latex/microtype\microtype-pdf
tex.def
File: microtype-pdftex.def 2026/03/01 v3.2d Definitions specific to pdftex (RS)

LaTeX Info: Redefining \lsstyle on input line 944.
LaTeX Info: Redefining \lslig on input line 944.
\MT@outer@space=\skip51
)
Package microtype Info: Loading configuration file microtype.cfg.

(C:\Users\vresh\AppData\Local\Programs\MiKTeX\tex/latex/microtype\microtype.cfg
File: microtype.cfg 2026/03/01 v3.2d microtype main configuration file (RS)
)
LaTeX Info: Redefining \microtypesetup on input line 3065.
) (C:\Users\vresh\AppData\Local\Programs\MiKTeX\tex/latex/amsmath\amsmath.sty
Package: amsmath 2025/07/09 v2.17z AMS math features
\@mathmargin=\skip52

For additional information on amsmath, use the `?' option.
(C:\Users\vresh\AppData\Local\Programs\MiKTeX\tex/latex/amsmath\amstext.sty
Package: amstext 2024/11/17 v2.01 AMS text

(C:\Users\vresh\AppData\Local\Programs\MiKTeX\tex/latex/amsmath\amsgen.sty
File: amsgen.sty 1999/11/30 v2.0 generic functions
\@emptytoks=\toks25
\ex@=\dimen160
))
(C:\Users\vresh\AppData\Local\Programs\MiKTeX\tex/latex/amsmath\amsbsy.sty
Package: amsbsy 1999/11/29 v1.2d Bold Symbols
\pmbraise@=\dimen161
)
(C:\Users\vresh\AppData\Local\Programs\MiKTeX\tex/latex/amsmath\amsopn.sty
Package: amsopn 2022/04/08 v2.04 operator names
)
\inf@bad=\count290
LaTeX Info: Redefining \frac on input line 233.
\uproot@=\count291
\leftroot@=\count292
LaTeX Info: Redefining \overline on input line 398.
LaTeX Info: Redefining \colon on input line 409.
\classnum@=\count293
\DOTSCASE@=\count294
LaTeX Info: Redefining \ldots on input line 495.
LaTeX Info: Redefining \dots on input line 498.
LaTeX Info: Redefining \cdots on input line 619.
\Mathstrutbox@=\box54
\strutbox@=\box55
LaTeX Info: Redefining \big on input line 721.
LaTeX Info: Redefining \Big on input line 722.
LaTeX Info: Redefining \bigg on input line 723.
LaTeX Info: Redefining \Bigg on input line 724.
\big@size=\dimen162
LaTeX Font Info:    Redeclaring font encoding OML on input line 742.
LaTeX Font Info:    Redeclaring font encoding OMS on input line 743.
\macc@depth=\count295
LaTeX Info: Redefining \bmod on input line 904.
LaTeX Info: Redefining \pmod on input line 909.
LaTeX Info: Redefining \smash on input line 939.
LaTeX Info: Redefining \relbar on input line 969.
LaTeX Info: Redefining \Relbar on input line 970.
\c@MaxMatrixCols=\count296
\dotsspace@=\muskip17
\c@parentequation=\count297
\dspbrk@lvl=\count298
\tag@help=\toks26
\row@=\count299
\column@=\count300
\maxfields@=\count301
\andhelp@=\toks27
\eqnshift@=\dimen163
\alignsep@=\dimen164
\tagshift@=\dimen165
\tagwidth@=\dimen166
\totwidth@=\dimen167
\lineht@=\dimen168
\@envbody=\toks28
\multlinegap=\skip53
\multlinetaggap=\skip54
\mathdisplay@stack=\toks29
LaTeX Info: Redefining \[ on input line 2950.
LaTeX Info: Redefining \] on input line 2951.
)
(C:\Users\vresh\AppData\Local\Programs\MiKTeX\tex/latex/amsfonts\amssymb.sty
Package: amssymb 2013/01/14 v3.01 AMS font symbols

(C:\Users\vresh\AppData\Local\Programs\MiKTeX\tex/latex/amsfonts\amsfonts.sty
Package: amsfonts 2013/01/14 v3.01 Basic AMSFonts support
\symAMSa=\mathgroup4
\symAMSb=\mathgroup5
LaTeX Font Info:    Redeclaring math symbol \hbar on input line 98.
LaTeX Font Info:    Overwriting math alphabet `\mathfrak' in version `bold'
(Font)                  U/euf/m/n --> U/euf/b/n on input line 106.
)) (C:\Users\vresh\AppData\Local\Programs\MiKTeX\tex/latex/amscls\amsthm.sty
Package: amsthm 2020/05/29 v2.20.6
\thm@style=\toks30
\thm@bodyfont=\toks31
\thm@headfont=\toks32
\thm@notefont=\toks33
\thm@headpunct=\toks34
\thm@preskip=\skip55
\thm@postskip=\skip56
\thm@headsep=\skip57
\dth@everypar=\toks35
)
(C:\Users\vresh\AppData\Local\Programs\MiKTeX\tex/latex/mathtools\mathtools.sty
Package: mathtools 2024/10/04 v1.31 mathematical typesetting tools
(C:\Users\vresh\AppData\Local\Programs\MiKTeX\tex/latex/tools\calc.sty
Package: calc 2025/03/01 v4.3b Infix arithmetic (KKT,FJ)
\calc@Acount=\count302
\calc@Bcount=\count303
\calc@Adimen=\dimen169
\calc@Bdimen=\dimen170
\calc@Askip=\skip58
\calc@Bskip=\skip59
LaTeX Info: Redefining \setlength on input line 86.
LaTeX Info: Redefining \addtolength on input line 87.
\calc@Ccount=\count304
\calc@Cskip=\skip60
)
(C:\Users\vresh\AppData\Local\Programs\MiKTeX\tex/latex/mathtools\mhsetup.sty
Package: mhsetup 2021/03/18 v1.4 programming setup (MH)
)
\g_MT_multlinerow_int=\count305
\l_MT_multwidth_dim=\dimen171
\origjot=\skip61
\l_MT_shortvdotswithinadjustabove_dim=\dimen172
\l_MT_shortvdotswithinadjustbelow_dim=\dimen173
\l_MT_above_intertext_sep=\dimen174
\l_MT_below_intertext_sep=\dimen175
\l_MT_above_shortintertext_sep=\dimen176
\l_MT_below_shortintertext_sep=\dimen177
\xmathstrut@box=\box56
\xmathstrut@dim=\dimen178
) (C:\Users\vresh\AppData\Local\Programs\MiKTeX\tex/latex/jknappen\mathrsfs.sty
Package: mathrsfs 1996/01/01 Math RSFS package v1.0 (jk)
\symrsfs=\mathgroup6
) (../../../../fabius-notation.tex)
(C:\Users\vresh\AppData\Local\Programs\MiKTeX\tex/latex/tools\bm.sty
Package: bm 2025/10/21 v1.2g Bold Symbol Support (DPC/FMi)
\symboldoperators=\mathgroup7
\symboldletters=\mathgroup8
\symboldsymbols=\mathgroup9
Package bm Info: No bold for \OMX/cmex/m/n, using \pmb.
Package bm Info: No bold for \U/msa/m/n, using \pmb.
Package bm Info: No bold for \U/msb/m/n, using \pmb.
Package bm Info: No bold for \U/rsfs/m/n, using \pmb.
LaTeX Font Info:    Redeclaring math alphabet \mathbf on input line 149.
)
(C:\Users\vresh\AppData\Local\Programs\MiKTeX\tex/latex/booktabs\booktabs.sty
Package: booktabs 2020/01/12 v1.61803398 Publication quality tables
\heavyrulewidth=\dimen179
\lightrulewidth=\dimen180
\cmidrulewidth=\dimen181
\belowrulesep=\dimen182
\belowbottomsep=\dimen183
\aboverulesep=\dimen184
\abovetopsep=\dimen185
\cmidrulesep=\dimen186
\cmidrulekern=\dimen187
\defaultaddspace=\dimen188
\@cmidla=\count306
\@cmidlb=\count307
\@aboverulesep=\dimen189
\@belowrulesep=\dimen190
\@thisruleclass=\count308
\@lastruleclass=\count309
\@thisrulewidth=\dimen191
)
(C:\Users\vresh\AppData\Local\Programs\MiKTeX\tex/latex/tools\longtable.sty
Package: longtable 2025-10-13 v4.24 Multi-page Table package (DPC)
\LTleft=\skip62
\LTright=\skip63
\LTpre=\skip64
\LTpost=\skip65
\LTchunksize=\count310
\LTcapwidth=\dimen192
\LT@head=\box57
\LT@firsthead=\box58
\LT@foot=\box59
\LT@lastfoot=\box60
\LT@gbox=\box61
\LT@cols=\count311
\LT@rows=\count312
\c@LT@tables=\count313
\c@LT@chunks=\count314
\LT@p@ftn=\toks36
)
(C:\Users\vresh\AppData\Local\Programs\MiKTeX\tex/latex/tools\array.sty
Package: array 2025/09/25 v2.6n Tabular extension package (FMi)
\col@sep=\dimen193
\ar@mcellbox=\box62
\extrarowheight=\dimen194
\NC@list=\toks37
\extratabsurround=\skip66
\backup@length=\skip67
\ar@cellbox=\box63
)
(C:\Users\vresh\AppData\Local\Programs\MiKTeX\tex/latex/tools\tabularx.sty
Package: tabularx 2023/12/11 v2.12a `tabularx' package (DPC)
\TX@col@width=\dimen195
\TX@old@table=\dimen196
\TX@old@col=\dimen197
\TX@target=\dimen198
\TX@delta=\dimen199
\TX@cols=\count315
\TX@ftn=\toks38
)
(C:\Users\vresh\AppData\Local\Programs\MiKTeX\tex/latex/graphics\graphicx.sty
Package: graphicx 2024/12/31 v1.2e Enhanced LaTeX Graphics (DPC,SPQR)

(C:\Users\vresh\AppData\Local\Programs\MiKTeX\tex/latex/graphics\graphics.sty
Package: graphics 2024/08/06 v1.4g Standard LaTeX Graphics (DPC,SPQR)

(C:\Users\vresh\AppData\Local\Programs\MiKTeX\tex/latex/graphics\trig.sty
Package: trig 2023/12/02 v1.11 sin cos tan (DPC)
)
(C:\Users\vresh\AppData\Local\Programs\MiKTeX\tex/latex/graphics-cfg\graphics.c
fg
File: graphics.cfg 2016/06/04 v1.11 sample graphics configuration
)
Package graphics Info: Driver file: pdftex.def on input line 106.

(C:\Users\vresh\AppData\Local\Programs\MiKTeX\tex/latex/graphics-def\pdftex.def
File: pdftex.def 2025/09/29 v1.2d Graphics/color driver for pdftex
))
\Gin@req@height=\dimen256
\Gin@req@width=\dimen257
)
(C:\Users\vresh\AppData\Local\Programs\MiKTeX\tex/latex/pgfplots\pgfplots.sty
(C:\Users\vresh\AppData\Local\Programs\MiKTeX\tex/generic/pgfplots\pgfplots.rev
ision.tex)
Package: pgfplots 2021/05/15 v1.18.1 Data Visualization (1.18.1)

(C:\Users\vresh\AppData\Local\Programs\MiKTeX\tex/latex/pgf/frontendlayer\tikz.
sty
(C:\Users\vresh\AppData\Local\Programs\MiKTeX\tex/latex/pgf/basiclayer\pgf.sty
(C:\Users\vresh\AppData\Local\Programs\MiKTeX\tex/latex/pgf/utilities\pgfrcs.st
y
(C:\Users\vresh\AppData\Local\Programs\MiKTeX\tex/generic/pgf/utilities\pgfutil
-common.tex
\pgfutil@everybye=\toks39
\pgfutil@tempdima=\dimen258
\pgfutil@tempdimb=\dimen259
)
(C:\Users\vresh\AppData\Local\Programs\MiKTeX\tex/generic/pgf/utilities\pgfutil
-latex.def
\pgfutil@abb=\box64
)
(C:\Users\vresh\AppData\Local\Programs\MiKTeX\tex/generic/pgf/utilities\pgfrcs.
code.tex
(C:\Users\vresh\AppData\Local\Programs\MiKTeX\tex/generic/pgf\pgf.revision.tex)
Package: pgfrcs 2025-08-29 v3.1.11a (3.1.11a)
))
Package: pgf 2025-08-29 v3.1.11a (3.1.11a)

(C:\Users\vresh\AppData\Local\Programs\MiKTeX\tex/latex/pgf/basiclayer\pgfcore.
sty
(C:\Users\vresh\AppData\Local\Programs\MiKTeX\tex/latex/pgf/systemlayer\pgfsys.
sty
(C:\Users\vresh\AppData\Local\Programs\MiKTeX\tex/generic/pgf/systemlayer\pgfsy
s.code.tex
Package: pgfsys 2025-08-29 v3.1.11a (3.1.11a)

(C:\Users\vresh\AppData\Local\Programs\MiKTeX\tex/generic/pgf/utilities\pgfkeys
.code.tex
\pgfkeys@pathtoks=\toks40
\pgfkeys@temptoks=\toks41

(C:\Users\vresh\AppData\Local\Programs\MiKTeX\tex/generic/pgf/utilities\pgfkeys
libraryfiltered.code.tex
\pgfkeys@tmptoks=\toks42
))
\pgf@x=\dimen260
\pgf@y=\dimen261
\pgf@xa=\dimen262
\pgf@ya=\dimen263
\pgf@xb=\dimen264
\pgf@yb=\dimen265
\pgf@xc=\dimen266
\pgf@yc=\dimen267
\pgf@xd=\dimen268
\pgf@yd=\dimen269
\w@pgf@writea=\write3
\r@pgf@reada=\read2
\c@pgf@counta=\count316
\c@pgf@countb=\count317
\c@pgf@countc=\count318
\c@pgf@countd=\count319
\t@pgf@toka=\toks43
\t@pgf@tokb=\toks44
\t@pgf@tokc=\toks45
\pgf@sys@id@count=\count320

(C:\Users\vresh\AppData\Local\Programs\MiKTeX\tex/generic/pgf/systemlayer\pgf.c
fg
File: pgf.cfg 2025-08-29 v3.1.11a (3.1.11a)
)
Driver file for pgf: pgfsys-pdftex.def

(C:\Users\vresh\AppData\Local\Programs\MiKTeX\tex/generic/pgf/systemlayer\pgfsy
s-pdftex.def
File: pgfsys-pdftex.def 2025-08-29 v3.1.11a (3.1.11a)

(C:\Users\vresh\AppData\Local\Programs\MiKTeX\tex/generic/pgf/systemlayer\pgfsy
s-common-pdf.def
File: pgfsys-common-pdf.def 2025-08-29 v3.1.11a (3.1.11a)
)))
(C:\Users\vresh\AppData\Local\Programs\MiKTeX\tex/generic/pgf/systemlayer\pgfsy
ssoftpath.code.tex
File: pgfsyssoftpath.code.tex 2025-08-29 v3.1.11a (3.1.11a)
\pgfsyssoftpath@smallbuffer@items=\count321
\pgfsyssoftpath@bigbuffer@items=\count322
)
(C:\Users\vresh\AppData\Local\Programs\MiKTeX\tex/generic/pgf/systemlayer\pgfsy
sprotocol.code.tex
File: pgfsysprotocol.code.tex 2025-08-29 v3.1.11a (3.1.11a)
))
(C:\Users\vresh\AppData\Local\Programs\MiKTeX\tex/latex/xcolor\xcolor.sty
Package: xcolor 2024/09/29 v3.02 LaTeX color extensions (UK)

(C:\Users\vresh\AppData\Local\Programs\MiKTeX\tex/latex/graphics-cfg\color.cfg
File: color.cfg 2016/01/02 v1.6 sample color configuration
)
Package xcolor Info: Driver file: pdftex.def on input line 274.
(C:\Users\vresh\AppData\Local\Programs\MiKTeX\tex/latex/graphics\mathcolor.ltx)
Package xcolor Info: Model `cmy' substituted by `cmy0' on input line 1349.
Package xcolor Info: Model `hsb' substituted by `rgb' on input line 1353.
Package xcolor Info: Model `RGB' extended on input line 1365.
Package xcolor Info: Model `HTML' substituted by `rgb' on input line 1367.
Package xcolor Info: Model `Hsb' substituted by `hsb' on input line 1368.
Package xcolor Info: Model `tHsb' substituted by `hsb' on input line 1369.
Package xcolor Info: Model `HSB' substituted by `hsb' on input line 1370.
Package xcolor Info: Model `Gray' substituted by `gray' on input line 1371.
Package xcolor Info: Model `wave' substituted by `hsb' on input line 1372.
)
(C:\Users\vresh\AppData\Local\Programs\MiKTeX\tex/generic/pgf/basiclayer\pgfcor
e.code.tex
Package: pgfcore 2025-08-29 v3.1.11a (3.1.11a)

(C:\Users\vresh\AppData\Local\Programs\MiKTeX\tex/generic/pgf/math\pgfmath.code
.tex
(C:\Users\vresh\AppData\Local\Programs\MiKTeX\tex/generic/pgf/math\pgfmathutil.
code.tex)
(C:\Users\vresh\AppData\Local\Programs\MiKTeX\tex/generic/pgf/math\pgfmathparse
r.code.tex
\pgfmath@dimen=\dimen270
\pgfmath@count=\count323
\pgfmath@box=\box65
\pgfmath@toks=\toks46
\pgfmath@stack@operand=\toks47
\pgfmath@stack@operation=\toks48
)
(C:\Users\vresh\AppData\Local\Programs\MiKTeX\tex/generic/pgf/math\pgfmathfunct
ions.code.tex)
(C:\Users\vresh\AppData\Local\Programs\MiKTeX\tex/generic/pgf/math\pgfmathfunct
ions.basic.code.tex)
(C:\Users\vresh\AppData\Local\Programs\MiKTeX\tex/generic/pgf/math\pgfmathfunct
ions.trigonometric.code.tex)
(C:\Users\vresh\AppData\Local\Programs\MiKTeX\tex/generic/pgf/math\pgfmathfunct
ions.random.code.tex)
(C:\Users\vresh\AppData\Local\Programs\MiKTeX\tex/generic/pgf/math\pgfmathfunct
ions.comparison.code.tex)
(C:\Users\vresh\AppData\Local\Programs\MiKTeX\tex/generic/pgf/math\pgfmathfunct
ions.base.code.tex)
(C:\Users\vresh\AppData\Local\Programs\MiKTeX\tex/generic/pgf/math\pgfmathfunct
ions.round.code.tex)
(C:\Users\vresh\AppData\Local\Programs\MiKTeX\tex/generic/pgf/math\pgfmathfunct
ions.misc.code.tex)
(C:\Users\vresh\AppData\Local\Programs\MiKTeX\tex/generic/pgf/math\pgfmathfunct
ions.integerarithmetics.code.tex)
(C:\Users\vresh\AppData\Local\Programs\MiKTeX\tex/generic/pgf/math\pgfmathcalc.
code.tex)
(C:\Users\vresh\AppData\Local\Programs\MiKTeX\tex/generic/pgf/math\pgfmathfloat
.code.tex
\c@pgfmathroundto@lastzeros=\count324
))
(C:\Users\vresh\AppData\Local\Programs\MiKTeX\tex/generic/pgf/math\pgfint.code.
tex)
(C:\Users\vresh\AppData\Local\Programs\MiKTeX\tex/generic/pgf/basiclayer\pgfcor
epoints.code.tex
File: pgfcorepoints.code.tex 2025-08-29 v3.1.11a (3.1.11a)
\pgf@picminx=\dimen271
\pgf@picmaxx=\dimen272
\pgf@picminy=\dimen273
\pgf@picmaxy=\dimen274
\pgf@pathminx=\dimen275
\pgf@pathmaxx=\dimen276
\pgf@pathminy=\dimen277
\pgf@pathmaxy=\dimen278
\pgf@xx=\dimen279
\pgf@xy=\dimen280
\pgf@yx=\dimen281
\pgf@yy=\dimen282
\pgf@zx=\dimen283
\pgf@zy=\dimen284
)
(C:\Users\vresh\AppData\Local\Programs\MiKTeX\tex/generic/pgf/basiclayer\pgfcor
epathconstruct.code.tex
File: pgfcorepathconstruct.code.tex 2025-08-29 v3.1.11a (3.1.11a)
\pgf@path@lastx=\dimen285
\pgf@path@lasty=\dimen286
)
(C:\Users\vresh\AppData\Local\Programs\MiKTeX\tex/generic/pgf/basiclayer\pgfcor
epathusage.code.tex
File: pgfcorepathusage.code.tex 2025-08-29 v3.1.11a (3.1.11a)
\pgf@shorten@end@additional=\dimen287
\pgf@shorten@start@additional=\dimen288
)
(C:\Users\vresh\AppData\Local\Programs\MiKTeX\tex/generic/pgf/basiclayer\pgfcor
escopes.code.tex
File: pgfcorescopes.code.tex 2025-08-29 v3.1.11a (3.1.11a)
\pgfpic=\box66
\pgf@hbox=\box67
\pgf@layerbox@main=\box68
\pgf@picture@serial@count=\count325
)
(C:\Users\vresh\AppData\Local\Programs\MiKTeX\tex/generic/pgf/basiclayer\pgfcor
egraphicstate.code.tex
File: pgfcoregraphicstate.code.tex 2025-08-29 v3.1.11a (3.1.11a)
\pgflinewidth=\dimen289
)
(C:\Users\vresh\AppData\Local\Programs\MiKTeX\tex/generic/pgf/basiclayer\pgfcor
etransformations.code.tex
File: pgfcoretransformations.code.tex 2025-08-29 v3.1.11a (3.1.11a)
\pgf@pt@x=\dimen290
\pgf@pt@y=\dimen291
\pgf@pt@temp=\dimen292
)
(C:\Users\vresh\AppData\Local\Programs\MiKTeX\tex/generic/pgf/basiclayer\pgfcor
equick.code.tex
File: pgfcorequick.code.tex 2025-08-29 v3.1.11a (3.1.11a)
)
(C:\Users\vresh\AppData\Local\Programs\MiKTeX\tex/generic/pgf/basiclayer\pgfcor
eobjects.code.tex
File: pgfcoreobjects.code.tex 2025-08-29 v3.1.11a (3.1.11a)
)
(C:\Users\vresh\AppData\Local\Programs\MiKTeX\tex/generic/pgf/basiclayer\pgfcor
epathprocessing.code.tex
File: pgfcorepathprocessing.code.tex 2025-08-29 v3.1.11a (3.1.11a)
)
(C:\Users\vresh\AppData\Local\Programs\MiKTeX\tex/generic/pgf/basiclayer\pgfcor
earrows.code.tex
File: pgfcorearrows.code.tex 2025-08-29 v3.1.11a (3.1.11a)
\pgfarrowsep=\dimen293
)
(C:\Users\vresh\AppData\Local\Programs\MiKTeX\tex/generic/pgf/basiclayer\pgfcor
eshade.code.tex
File: pgfcoreshade.code.tex 2025-08-29 v3.1.11a (3.1.11a)
\pgf@max=\dimen294
\pgf@sys@shading@range@num=\count326
\pgf@shadingcount=\count327
)
(C:\Users\vresh\AppData\Local\Programs\MiKTeX\tex/generic/pgf/basiclayer\pgfcor
eimage.code.tex
File: pgfcoreimage.code.tex 2025-08-29 v3.1.11a (3.1.11a)
)
(C:\Users\vresh\AppData\Local\Programs\MiKTeX\tex/generic/pgf/basiclayer\pgfcor
eexternal.code.tex
File: pgfcoreexternal.code.tex 2025-08-29 v3.1.11a (3.1.11a)
\pgfexternal@startupbox=\box69
)
(C:\Users\vresh\AppData\Local\Programs\MiKTeX\tex/generic/pgf/basiclayer\pgfcor
elayers.code.tex
File: pgfcorelayers.code.tex 2025-08-29 v3.1.11a (3.1.11a)
)
(C:\Users\vresh\AppData\Local\Programs\MiKTeX\tex/generic/pgf/basiclayer\pgfcor
etransparency.code.tex
File: pgfcoretransparency.code.tex 2025-08-29 v3.1.11a (3.1.11a)
)
(C:\Users\vresh\AppData\Local\Programs\MiKTeX\tex/generic/pgf/basiclayer\pgfcor
epatterns.code.tex
File: pgfcorepatterns.code.tex 2025-08-29 v3.1.11a (3.1.11a)
)
(C:\Users\vresh\AppData\Local\Programs\MiKTeX\tex/generic/pgf/basiclayer\pgfcor
erdf.code.tex
File: pgfcorerdf.code.tex 2025-08-29 v3.1.11a (3.1.11a)
)))
(C:\Users\vresh\AppData\Local\Programs\MiKTeX\tex/generic/pgf/modules\pgfmodule
shapes.code.tex
File: pgfmoduleshapes.code.tex 2025-08-29 v3.1.11a (3.1.11a)
\pgfnodeparttextbox=\box70
)
(C:\Users\vresh\AppData\Local\Programs\MiKTeX\tex/generic/pgf/modules\pgfmodule
plot.code.tex
File: pgfmoduleplot.code.tex 2025-08-29 v3.1.11a (3.1.11a)
)
(C:\Users\vresh\AppData\Local\Programs\MiKTeX\tex/latex/pgf/compatibility\pgfco
mp-version-0-65.sty
Package: pgfcomp-version-0-65 2025-08-29 v3.1.11a (3.1.11a)
\pgf@nodesepstart=\dimen295
\pgf@nodesepend=\dimen296
)
(C:\Users\vresh\AppData\Local\Programs\MiKTeX\tex/latex/pgf/compatibility\pgfco
mp-version-1-18.sty
Package: pgfcomp-version-1-18 2025-08-29 v3.1.11a (3.1.11a)
))
(C:\Users\vresh\AppData\Local\Programs\MiKTeX\tex/latex/pgf/utilities\pgffor.st
y
(C:\Users\vresh\AppData\Local\Programs\MiKTeX\tex/latex/pgf/utilities\pgfkeys.s
ty
(C:\Users\vresh\AppData\Local\Programs\MiKTeX\tex/generic/pgf/utilities\pgfkeys
.code.tex))
(C:\Users\vresh\AppData\Local\Programs\MiKTeX\tex/latex/pgf/math\pgfmath.sty
(C:\Users\vresh\AppData\Local\Programs\MiKTeX\tex/generic/pgf/math\pgfmath.code
.tex))
(C:\Users\vresh\AppData\Local\Programs\MiKTeX\tex/generic/pgf/utilities\pgffor.
code.tex
Package: pgffor 2025-08-29 v3.1.11a (3.1.11a)
\pgffor@iter=\dimen297
\pgffor@skip=\dimen298
\pgffor@stack=\toks49
\pgffor@toks=\toks50
))
(C:\Users\vresh\AppData\Local\Programs\MiKTeX\tex/generic/pgf/frontendlayer/tik
z\tikz.code.tex
Package: tikz 2025-08-29 v3.1.11a (3.1.11a)

(C:\Users\vresh\AppData\Local\Programs\MiKTeX\tex/generic/pgf/libraries\pgflibr
aryplothandlers.code.tex
File: pgflibraryplothandlers.code.tex 2025-08-29 v3.1.11a (3.1.11a)
\pgf@plot@mark@count=\count328
\pgfplotmarksize=\dimen299
)
\tikz@lastx=\dimen300
\tikz@lasty=\dimen301
\tikz@lastxsaved=\dimen302
\tikz@lastysaved=\dimen303
\tikz@lastmovetox=\dimen304
\tikz@lastmovetoy=\dimen305
\tikzleveldistance=\dimen306
\tikzsiblingdistance=\dimen307
\tikz@figbox=\box71
\tikz@figbox@bg=\box72
\tikz@tempbox=\box73
\tikz@tempbox@bg=\box74
\tikztreelevel=\count329
\tikznumberofchildren=\count330
\tikznumberofcurrentchild=\count331
\tikz@fig@count=\count332

(C:\Users\vresh\AppData\Local\Programs\MiKTeX\tex/generic/pgf/modules\pgfmodule
matrix.code.tex
File: pgfmodulematrix.code.tex 2025-08-29 v3.1.11a (3.1.11a)
\pgfmatrixcurrentrow=\count333
\pgfmatrixcurrentcolumn=\count334
\pgf@matrix@numberofcolumns=\count335
)
\tikz@expandcount=\count336

(C:\Users\vresh\AppData\Local\Programs\MiKTeX\tex/generic/pgf/frontendlayer/tik
z/libraries\tikzlibrarytopaths.code.tex
File: tikzlibrarytopaths.code.tex 2025-08-29 v3.1.11a (3.1.11a)
)))
(C:\Users\vresh\AppData\Local\Programs\MiKTeX\tex/generic/pgfplots\pgfplots.cod
e.tex
(C:\Users\vresh\AppData\Local\Programs\MiKTeX\tex/generic/pgfplots\pgfplotscore
.code.tex
\t@pgfplots@toka=\toks51
\t@pgfplots@tokb=\toks52
\t@pgfplots@tokc=\toks53
\pgfplots@tmpa=\dimen308
\c@pgfplots@coordindex=\count337
\c@pgfplots@scanlineindex=\count338

(C:\Users\vresh\AppData\Local\Programs\MiKTeX\tex/generic/pgfplots/sys\pgfplots
sysgeneric.code.tex))
(C:\Users\vresh\AppData\Local\Programs\MiKTeX\tex/generic/pgfplots/libs\pgfplot
slibrary.code.tex)
(C:\Users\vresh\AppData\Local\Programs\MiKTeX\tex/generic/pgfplots/oldpgfcompat
ib\pgfplotsoldpgfsupp_loader.code.tex
(C:\Users\vresh\AppData\Local\Programs\MiKTeX\tex/generic/pgf/libraries\pgflibr
aryfpu.code.tex)
Package pgfplots: loading complementary utilities for your pgf version...
\t@pgf@toka=\toks54
\t@pgf@tokb=\toks55
\t@pgf@tokc=\toks56

(C:\Users\vresh\AppData\Local\Programs\MiKTeX\tex/generic/pgfplots/oldpgfcompat
ib\pgfplotsoldpgfsupp_pgfutil-common-lists.tex))
(C:\Users\vresh\AppData\Local\Programs\MiKTeX\tex/generic/pgfplots/util\pgfplot
sutil.code.tex
(C:\Users\vresh\AppData\Local\Programs\MiKTeX\tex/generic/pgfplots/liststructur
e\pgfplotsliststructure.code.tex)
(C:\Users\vresh\AppData\Local\Programs\MiKTeX\tex/generic/pgfplots/liststructur
e\pgfplotsliststructureext.code.tex)
(C:\Users\vresh\AppData\Local\Programs\MiKTeX\tex/generic/pgfplots/liststructur
e\pgfplotsarray.code.tex
\c@pgfplotsarray@tmp=\count339
)
(C:\Users\vresh\AppData\Local\Programs\MiKTeX\tex/generic/pgfplots/liststructur
e\pgfplotsmatrix.code.tex)
(C:\Users\vresh\AppData\Local\Programs\MiKTeX\tex/generic/pgfplots/numtable\pgf
plotstableshared.code.tex
\c@pgfplotstable@counta=\count340
\t@pgfplotstable@a=\toks57
)
(C:\Users\vresh\AppData\Local\Programs\MiKTeX\tex/generic/pgfplots/liststructur
e\pgfplotsdeque.code.tex)
(C:\Users\vresh\AppData\Local\Programs\MiKTeX\tex/generic/pgfplots/util\pgfplot
sbinary.code.tex
(C:\Users\vresh\AppData\Local\Programs\MiKTeX\tex/generic/pgfplots/util\pgfplot
sbinary.data.code.tex))
(C:\Users\vresh\AppData\Local\Programs\MiKTeX\tex/generic/pgfplots/util\pgfplot
sutil.verb.code.tex)
(C:\Users\vresh\AppData\Local\Programs\MiKTeX\tex/generic/pgfplots/libs\pgflibr
arypgfplots.surfshading.code.tex
\c@pgfplotslibrarysurf@no=\count341

(C:\Users\vresh\AppData\Local\Programs\MiKTeX\tex/generic/pgfplots/sys\pgflibra
rypgfplots.surfshading.pgfsys-pdftex.def)))
(C:\Users\vresh\AppData\Local\Programs\MiKTeX\tex/generic/pgfplots/util\pgfplot
scolormap.code.tex
(C:\Users\vresh\AppData\Local\Programs\MiKTeX\tex/generic/pgfplots/util\pgfplot
scolor.code.tex))
(C:\Users\vresh\AppData\Local\Programs\MiKTeX\tex/generic/pgfplots\pgfplotsstac
kedplots.code.tex)
(C:\Users\vresh\AppData\Local\Programs\MiKTeX\tex/generic/pgfplots\pgfplotsplot
handlers.code.tex
(C:\Users\vresh\AppData\Local\Programs\MiKTeX\tex/generic/pgfplots\pgfplotsmesh
plothandler.code.tex
(C:\Users\vresh\AppData\Local\Programs\MiKTeX\tex/generic/pgfplots\pgfplotsmesh
plotimage.code.tex)))
(C:\Users\vresh\AppData\Local\Programs\MiKTeX\tex/generic/pgfplots\pgfplots.sca
ling.code.tex)
(C:\Users\vresh\AppData\Local\Programs\MiKTeX\tex/generic/pgfplots\pgfplotscoor
dprocessing.code.tex)
(C:\Users\vresh\AppData\Local\Programs\MiKTeX\tex/generic/pgfplots\pgfplots.err
orbars.code.tex)
(C:\Users\vresh\AppData\Local\Programs\MiKTeX\tex/generic/pgfplots\pgfplots.mar
kers.code.tex)
(C:\Users\vresh\AppData\Local\Programs\MiKTeX\tex/generic/pgfplots\pgfplotstick
s.code.tex)
(C:\Users\vresh\AppData\Local\Programs\MiKTeX\tex/generic/pgfplots\pgfplots.pat
hs.code.tex)
(C:\Users\vresh\AppData\Local\Programs\MiKTeX\tex/generic/pgf/frontendlayer/tik
z/libraries\tikzlibrarydecorations.code.tex
(C:\Users\vresh\AppData\Local\Programs\MiKTeX\tex/generic/pgf/modules\pgfmodule
decorations.code.tex
\pgfdecoratedcompleteddistance=\dimen309
\pgfdecoratedremainingdistance=\dimen310
\pgfdecoratedinputsegmentcompleteddistance=\dimen311
\pgfdecoratedinputsegmentremainingdistance=\dimen312
\pgf@decorate@distancetomove=\dimen313
\pgf@decorate@repeatstate=\count342
\pgfdecorationsegmentamplitude=\dimen314
\pgfdecorationsegmentlength=\dimen315
)
\tikz@lib@dec@box=\box75
)
(C:\Users\vresh\AppData\Local\Programs\MiKTeX\tex/generic/pgf/frontendlayer/tik
z/libraries\tikzlibrarydecorations.pathmorphing.code.tex
(C:\Users\vresh\AppData\Local\Programs\MiKTeX\tex/generic/pgf/libraries/decorat
ions\pgflibrarydecorations.pathmorphing.code.tex))
(C:\Users\vresh\AppData\Local\Programs\MiKTeX\tex/generic/pgf/frontendlayer/tik
z/libraries\tikzlibrarydecorations.pathreplacing.code.tex
(C:\Users\vresh\AppData\Local\Programs\MiKTeX\tex/generic/pgf/libraries/decorat
ions\pgflibrarydecorations.pathreplacing.code.tex))
(C:\Users\vresh\AppData\Local\Programs\MiKTeX\tex/generic/pgfplots/libs\tikzlib
rarypgfplots.contourlua.code.tex)
\pgfplots@numplots=\count343
\pgfplots@xmin@reg=\dimen316
\pgfplots@xmax@reg=\dimen317
\pgfplots@ymin@reg=\dimen318
\pgfplots@ymax@reg=\dimen319
\pgfplots@zmin@reg=\dimen320
\pgfplots@zmax@reg=\dimen321
)
(C:\Users\vresh\AppData\Local\Programs\MiKTeX\tex/generic/pgf/frontendlayer/tik
z/libraries\tikzlibraryplotmarks.code.tex
File: tikzlibraryplotmarks.code.tex 2025-08-29 v3.1.11a (3.1.11a)

(C:\Users\vresh\AppData\Local\Programs\MiKTeX\tex/generic/pgf/libraries\pgflibr
aryplotmarks.code.tex
File: pgflibraryplotmarks.code.tex 2025-08-29 v3.1.11a (3.1.11a)
)))
(C:\Users\vresh\AppData\Local\Programs\MiKTeX\tex/latex/enumitem\enumitem.sty
Package: enumitem 2025/02/06 v3.11 Customized lists
\labelindent=\skip68
\enit@outerparindent=\dimen322
\enit@toks=\toks58
\enit@inbox=\box76
\enit@count@id=\count344
\enitdp@description=\count345
)
(C:\Users\vresh\AppData\Local\Programs\MiKTeX\tex/latex/fancyhdr\fancyhdr.sty
Package: fancyhdr 2025/02/07 v5.2 Extensive control of page headers and footers

\f@nch@headwidth=\skip69
\f@nch@offset@elh=\skip70
\f@nch@offset@erh=\skip71
\f@nch@offset@olh=\skip72
\f@nch@offset@orh=\skip73
\f@nch@offset@elf=\skip74
\f@nch@offset@erf=\skip75
\f@nch@offset@olf=\skip76
\f@nch@offset@orf=\skip77
\f@nch@height=\skip78
\f@nch@footalignment=\skip79
\f@nch@widthL=\skip80
\f@nch@widthC=\skip81
\f@nch@widthR=\skip82
\@temptokenb=\toks59
)
(C:\Users\vresh\AppData\Local\Programs\MiKTeX\tex/latex/titlesec\titlesec.sty
Package: titlesec 2025/01/04 v2.17 Sectioning titles
\ttl@box=\box77
\beforetitleunit=\skip83
\aftertitleunit=\skip84
\ttl@plus=\dimen323
\ttl@minus=\dimen324
\ttl@toksa=\toks60
\titlewidth=\dimen325
\titlewidthlast=\dimen326
\titlewidthfirst=\dimen327
)
(C:\Users\vresh\AppData\Local\Programs\MiKTeX\tex/latex/listings\listings.sty
\lst@mode=\count346
\lst@gtempboxa=\box78
\lst@token=\toks61
\lst@length=\count347
\lst@currlwidth=\dimen328
\lst@column=\count348
\lst@pos=\count349
\lst@lostspace=\dimen329
\lst@width=\dimen330
\lst@newlines=\count350
\lst@lineno=\count351
\lst@maxwidth=\dimen331

(C:\Users\vresh\AppData\Local\Programs\MiKTeX\tex/latex/listings\lstpatch.sty
File: lstpatch.sty 2025/11/14 1.11b (Carsten Heinz)
)
(C:\Users\vresh\AppData\Local\Programs\MiKTeX\tex/latex/listings\lstmisc.sty
File: lstmisc.sty 2025/11/14 1.11b (Carsten Heinz)
\c@lstnumber=\count352
\lst@skipnumbers=\count353
\lst@framebox=\box79
)
(C:\Users\vresh\AppData\Local\Programs\MiKTeX\tex/latex/listings\listings.cfg
File: listings.cfg 2025/11/14 1.11b listings configuration
))
Package: listings 2025/11/14 1.11b (Carsten Heinz)
==> First Aid for listings.sty no longer applied!
    Expected:
        2024/09/23 1.10c (Carsten Heinz)
    but found:
        2025/11/14 1.11b (Carsten Heinz)
    so I'm assuming it got fixed.
(C:\Users\vresh\AppData\Local\Programs\MiKTeX\tex/latex/xurl\xurl.sty
Package: xurl 2022/01/09 v 0.10 modify URL breaks

(C:\Users\vresh\AppData\Local\Programs\MiKTeX\tex/latex/url\url.sty
\Urlmuskip=\muskip18
Package: url 2013/09/16  ver 3.4  Verb mode for urls, etc.
))
(C:\Users\vresh\AppData\Local\Programs\MiKTeX\tex/latex/hyperref\hyperref.sty
Package: hyperref 2026-01-29 v7.01p Hypertext links for LaTeX

(C:\Users\vresh\AppData\Local\Programs\MiKTeX\tex/latex/kvsetkeys\kvsetkeys.sty
Package: kvsetkeys 2022-10-05 v1.19 Key value parser (HO)
)
(C:\Users\vresh\AppData\Local\Programs\MiKTeX\tex/generic/kvdefinekeys\kvdefine
keys.sty
Package: kvdefinekeys 2019-12-19 v1.6 Define keys (HO)
)
(C:\Users\vresh\AppData\Local\Programs\MiKTeX\tex/generic/pdfescape\pdfescape.s
ty
Package: pdfescape 2019/12/09 v1.15 Implements pdfTeX's escape features (HO)

(C:\Users\vresh\AppData\Local\Programs\MiKTeX\tex/generic/ltxcmds\ltxcmds.sty
Package: ltxcmds 2023-12-04 v1.26 LaTeX kernel commands for general use (HO)
)
(C:\Users\vresh\AppData\Local\Programs\MiKTeX\tex/generic/pdftexcmds\pdftexcmds
.sty
Package: pdftexcmds 2020-06-27 v0.33 Utility functions of pdfTeX for LuaTeX (HO
)

(C:\Users\vresh\AppData\Local\Programs\MiKTeX\tex/generic/infwarerr\infwarerr.s
ty
Package: infwarerr 2019/12/03 v1.5 Providing info/warning/error messages (HO)
)
Package pdftexcmds Info: \pdf@primitive is available.
Package pdftexcmds Info: \pdf@ifprimitive is available.
Package pdftexcmds Info: \pdfdraftmode found.
))
(C:\Users\vresh\AppData\Local\Programs\MiKTeX\tex/latex/hycolor\hycolor.sty
Package: hycolor 2020-01-27 v1.10 Color options for hyperref/bookmark (HO)
)
(C:\Users\vresh\AppData\Local\Programs\MiKTeX\tex/latex/hyperref\nameref.sty
Package: nameref 2026-01-29 v2.58 Cross-referencing by name of section

(C:\Users\vresh\AppData\Local\Programs\MiKTeX\tex/latex/refcount\refcount.sty
Package: refcount 2019/12/15 v3.6 Data extraction from label references (HO)
)
(C:\Users\vresh\AppData\Local\Programs\MiKTeX\tex/generic/gettitlestring\gettit
lestring.sty
Package: gettitlestring 2019/12/15 v1.6 Cleanup title references (HO)

(C:\Users\vresh\AppData\Local\Programs\MiKTeX\tex/latex/kvoptions\kvoptions.sty
Package: kvoptions 2022-06-15 v3.15 Key value format for package options (HO)
))
\c@section@level=\count354
)
(C:\Users\vresh\AppData\Local\Programs\MiKTeX\tex/generic/stringenc\stringenc.s
ty
Package: stringenc 2019/11/29 v1.12 Convert strings between diff. encodings (HO
)
)
\@linkdim=\dimen332
\Hy@linkcounter=\count355
\Hy@pagecounter=\count356
 (C:\Users\vresh\AppData\Local\Programs\MiKTeX\tex/latex/hyperref\pd1enc.def
File: pd1enc.def 2026-01-29 v7.01p Hyperref: PDFDocEncoding definition (HO)
Now handling font encoding PD1 ...
... no UTF-8 mapping file for font encoding PD1
) (C:\Users\vresh\AppData\Local\Programs\MiKTeX\tex/generic/intcalc\intcalc.sty
Package: intcalc 2019/12/15 v1.3 Expandable calculations with integers (HO)
)
\Hy@SavedSpaceFactor=\count357
 (C:\Users\vresh\AppData\Local\Programs\MiKTeX\tex/latex/hyperref\puenc.def
File: puenc.def 2026-01-29 v7.01p Hyperref: PDF Unicode definition (HO)
Now handling font encoding PU ...
... no UTF-8 mapping file for font encoding PU
)
Package hyperref Info: Option `hypertexnames' set `false' on input line 4072.
Package hyperref Info: Hyper figures OFF on input line 4201.
Package hyperref Info: Link nesting OFF on input line 4206.
Package hyperref Info: Hyper index ON on input line 4209.
Package hyperref Info: Plain pages OFF on input line 4216.
Package hyperref Info: Backreferencing OFF on input line 4221.
Package hyperref Info: Implicit mode ON; LaTeX internals redefined.
Package hyperref Info: Bookmarks ON on input line 4468.
\c@Hy@tempcnt=\count358
LaTeX Info: Redefining \url on input line 4807.
\XeTeXLinkMargin=\dimen333

(C:\Users\vresh\AppData\Local\Programs\MiKTeX\tex/generic/bitset\bitset.sty
Package: bitset 2019/12/09 v1.3 Handle bit-vector datatype (HO)

(C:\Users\vresh\AppData\Local\Programs\MiKTeX\tex/generic/bigintcalc\bigintcalc
.sty
Package: bigintcalc 2019/12/15 v1.5 Expandable calculations on big integers (HO
)
))
\Fld@menulength=\count359
\Field@Width=\dimen334
\Fld@charsize=\dimen335
Package hyperref Info: Hyper figures OFF on input line 6084.
Package hyperref Info: Link nesting OFF on input line 6089.
Package hyperref Info: Hyper index ON on input line 6092.
Package hyperref Info: backreferencing OFF on input line 6099.
Package hyperref Info: Link coloring OFF on input line 6104.
Package hyperref Info: Link coloring with OCG OFF on input line 6109.
Package hyperref Info: PDF/A mode OFF on input line 6114.
\Hy@abspage=\count360
\c@Item=\count361
\c@Hfootnote=\count362
)
Package hyperref Info: Driver (autodetected): hpdftex.

(C:\Users\vresh\AppData\Local\Programs\MiKTeX\tex/latex/hyperref\hpdftex.def
File: hpdftex.def 2026-01-29 v7.01p Hyperref driver for pdfTeX
\Fld@listcount=\count363
\c@bookmark@seq@number=\count364

(C:\Users\vresh\AppData\Local\Programs\MiKTeX\tex/latex/rerunfilecheck\rerunfil
echeck.sty
Package: rerunfilecheck 2025-06-21 v1.11 Rerun checks for auxiliary files (HO)

(C:\Users\vresh\AppData\Local\Programs\MiKTeX\tex/generic/uniquecounter\uniquec
ounter.sty
Package: uniquecounter 2019/12/15 v1.4 Provide unlimited unique counter (HO)
)
Package uniquecounter Info: New unique counter `rerunfilecheck' on input line 2
84.
)
\Hy@SectionHShift=\skip85
)
(C:\Users\vresh\AppData\Local\Programs\MiKTeX\tex/latex/cleveref\cleveref.sty
Package: cleveref 2018/03/27 v0.21.4 Intelligent cross-referencing
Package cleveref Info: `hyperref' support loaded on input line 2370.
LaTeX Info: Redefining \cref on input line 2370.
LaTeX Info: Redefining \Cref on input line 2370.
LaTeX Info: Redefining \crefrange on input line 2370.
LaTeX Info: Redefining \Crefrange on input line 2370.
LaTeX Info: Redefining \cpageref on input line 2370.
LaTeX Info: Redefining \Cpageref on input line 2370.
LaTeX Info: Redefining \cpagerefrange on input line 2370.
LaTeX Info: Redefining \Cpagerefrange on input line 2370.
LaTeX Info: Redefining \labelcref on input line 2370.
LaTeX Info: Redefining \labelcpageref on input line 2370.
Package cleveref Info: `amsthm' support loaded on input line 3026.
Package cleveref Info: `listings' support loaded on input line 3131.
Package cleveref Info: include cross-reference names in hyperlinks on input lin
e 7836.
Package cleveref Info: include cross-reference names in hyperlinks on input lin
e 7852.
Package cleveref Info: no abbreviation of names on input line 7852.
)
==> First Aid for cleveref.sty applied!
Package hyperref Info: Option `colorlinks' set `true' on input line 36.
(C:\Users\vresh\AppData\Local\Programs\MiKTeX\tex/latex/aliascnt\aliascnt.sty
Package: aliascnt 2026-03-08 v1.7 Alias counters (HO)
)
\c@theorem=\count365

(C:\Users\vresh\AppData\Local\Programs\MiKTeX\tex/latex/multirow\multirow.sty
Package: multirow 2024/11/12 v2.9 Span multiple rows of a table
\multirow@colwidth=\skip86
\multirow@cntb=\count366
\multirow@dima=\skip87
\bigstrutjot=\dimen336
)
LaTeX Font Info:    Trying to load font information for T1+LibertinusSerif-TLF 
on input line 129.

(C:\Users\vresh\AppData\Local\Programs\MiKTeX\tex/latex/libertinus-type1\t1libe
rtinusserif-tlf.fd
File: T1LibertinusSerif-TLF.fd 2024/09/22 (autoinst) Font definitions for T1/Li
bertinusSerif-TLF.
)
LaTeX Font Info:    Font shape `T1/LibertinusSerif-TLF/m/n' will be
(Font)              scaled to size 10.95pt on input line 129.

(C:\Users\vresh\AppData\Local\Programs\MiKTeX\tex/latex/l3backend\l3backend-pdf
tex.def
File: l3backend-pdftex.def 2026-02-18 L3 backend support: PDF output (pdfTeX)
\l__color_backend_stack_int=\count367
)
No file Thue_Morse_Atlas_and_Frontiers.aux.
\openout1 = `Thue_Morse_Atlas_and_Frontiers.aux'.

LaTeX Font Info:    Checking defaults for OML/cmm/m/it on input line 129.
LaTeX Font Info:    ... okay on input line 129.
LaTeX Font Info:    Checking defaults for OMS/cmsy/m/n on input line 129.
LaTeX Font Info:    ... okay on input line 129.
LaTeX Font Info:    Checking defaults for OT1/cmr/m/n on input line 129.
LaTeX Font Info:    ... okay on input line 129.
LaTeX Font Info:    Checking defaults for T1/cmr/m/n on input line 129.
LaTeX Font Info:    ... okay on input line 129.
LaTeX Font Info:    Checking defaults for TS1/cmr/m/n on input line 129.
LaTeX Font Info:    ... okay on input line 129.
LaTeX Font Info:    Checking defaults for OMX/cmex/m/n on input line 129.
LaTeX Font Info:    ... okay on input line 129.
LaTeX Font Info:    Checking defaults for U/cmr/m/n on input line 129.
LaTeX Font Info:    ... okay on input line 129.
LaTeX Font Info:    Checking defaults for PD1/pdf/m/n on input line 129.
LaTeX Font Info:    ... okay on input line 129.
LaTeX Font Info:    Checking defaults for PU/pdf/m/n on input line 129.
LaTeX Font Info:    ... okay on input line 129.
*geometry* driver: auto-detecting
*geometry* detected driver: pdftex
*geometry* verbose mode - [ preamble ] result:
* driver: pdftex
* paper: a4paper
* layout: <same size as paper>
* layoutoffset:(h,v)=(0.0pt,0.0pt)
* modes: 
* h-part:(L,W,R)=(76.82243pt, 443.863pt, 76.82243pt)
* v-part:(T,H,B)=(76.82243pt, 691.40198pt, 76.82243pt)
* \paperwidth=597.50787pt
* \paperheight=845.04684pt
* \textwidth=443.863pt
* \textheight=691.40198pt
* \oddsidemargin=4.55244pt
* \evensidemargin=4.55244pt
* \topmargin=-35.44756pt
* \headheight=15.0pt
* \headsep=25.0pt
* \topskip=11.0pt
* \footskip=30.0pt
* \marginparwidth=59.0pt
* \marginparsep=10.0pt
* \columnsep=10.0pt
* \skip\footins=10.0pt plus 4.0pt minus 2.0pt
* \hoffset=0.0pt
* \voffset=0.0pt
* \mag=1000
* \@twocolumnfalse
* \@twosidefalse
* \@mparswitchfalse
* \@reversemarginfalse
* (1in=72.27pt=25.4mm, 1cm=28.453pt)

\c@mv@tabular=\count368
\c@mv@boldtabular=\count369
LaTeX Info: Redefining \microtypecontext on input line 129.
Package microtype Info: Applying patch `item' on input line 129.
Package microtype Info: Applying patch `toc' on input line 129.
Package microtype Info: Applying patch `eqnum' on input line 129.
Package microtype Info: Applying patch `footnote' on input line 129.
Package microtype Info: Applying patch `verbatim' on input line 129.
LaTeX Info: Redefining \microtypesetup on input line 129.
Package microtype Info: Generating PDF output.
Package microtype Info: Character protrusion enabled (level 2).
Package microtype Info: Using default protrusion set `alltext'.
Package microtype Info: Automatic font expansion enabled (level 2),
(microtype)             stretch: 20, shrink: 20, step: 1, non-selected.
Package microtype Info: Using default expansion set `alltext-nott'.
Package microtype Info: Patching command `\showhyphens'.
Package microtype Info: No adjustment of tracking.
Package microtype Info: No adjustment of interword spacing.
Package microtype Info: No adjustment of character kerning.
Package microtype Info: Loading generic protrusion settings for font family
(microtype)             `LibertinusSerif-TLF' (encoding: T1).
(microtype)             For optimal results, create family-specific settings.
(microtype)             See the microtype manual for details.

(C:\Users\vresh\AppData\Local\Programs\MiKTeX\tex/context/base/mkii\supp-pdf.mk
ii
[Loading MPS to PDF converter (version 2006.09.02).]
\scratchcounter=\count370
\scratchdimen=\dimen337
\scratchbox=\box80
\nofMPsegments=\count371
\nofMParguments=\count372
\everyMPshowfont=\toks62
\MPscratchCnt=\count373
\MPscratchDim=\dimen338
\MPnumerator=\count374
\makeMPintoPDFobject=\count375
\everyMPtoPDFconversion=\toks63
)
(C:\Users\vresh\AppData\Local\Programs\MiKTeX\tex/latex/epstopdf-pkg\epstopdf-b
ase.sty
Package: epstopdf-base 2020-01-24 v2.11 Base part for package epstopdf


Package epstopdf Warning: Shell escape feature is not enabled.

Package epstopdf-base Info: Redefining graphics rule for `.eps' on input line 4
85.

(C:\Users\vresh\AppData\Local\Programs\MiKTeX\tex/latex/00miktex\epstopdf-sys.c
fg
File: epstopdf-sys.cfg 2021/03/18 v2.0 Configuration of epstopdf for MiKTeX
))
Package pgfplots notification 'compat/show suggested version=true': document ha
s been generated with the most recent feature set (\pgfplotsset{compat=1.18}).

\c@lstlisting=\count376
Package hyperref Info: Link coloring ON on input line 129.
\@outlinefile=\write4
\openout4 = `Thue_Morse_Atlas_and_Frontiers.out'.

LaTeX Font Info:    Font shape `T1/LibertinusSerif-TLF/m/n' will be
(Font)              scaled to size 17.28pt on input line 131.
LaTeX Font Info:    Font shape `T1/LibertinusSerif-TLF/b/n' will be
(Font)              scaled to size 17.28pt on input line 131.
LaTeX Font Info:    Font shape `T1/LibertinusSerif-TLF/m/n' will be
(Font)              scaled to size 12.0pt on input line 131.
(C:\Users\vresh\AppData\Local\Programs\MiKTeX\tex/latex/microtype\mt-cmr.cfg
File: mt-cmr.cfg 2013/05/19 v2.2 microtype config. file: Computer Modern Roman 
(RS)
)
LaTeX Font Info:    Trying to load font information for U+msa on input line 131
.

(C:\Users\vresh\AppData\Local\Programs\MiKTeX\tex/latex/amsfonts\umsa.fd
File: umsa.fd 2013/01/14 v3.01 AMS symbols A
)
(C:\Users\vresh\AppData\Local\Programs\MiKTeX\tex/latex/microtype\mt-msa.cfg
File: mt-msa.cfg 2006/02/04 v1.1 microtype config. file: AMS symbols (a) (RS)
)
LaTeX Font Info:    Trying to load font information for U+msb on input line 131
.

(C:\Users\vresh\AppData\Local\Programs\MiKTeX\tex/latex/amsfonts\umsb.fd
File: umsb.fd 2013/01/14 v3.01 AMS symbols B
)
(C:\Users\vresh\AppData\Local\Programs\MiKTeX\tex/latex/microtype\mt-msb.cfg
File: mt-msb.cfg 2005/06/01 v1.0 microtype config. file: AMS symbols (b) (RS)
)
LaTeX Font Info:    Trying to load font information for U+rsfs on input line 13
1.

(C:\Users\vresh\AppData\Local\Programs\MiKTeX\tex/latex/jknappen\ursfs.fd
File: ursfs.fd 1998/03/24 rsfs font definition file (jk)
)
LaTeX Font Info:    Font shape `T1/LibertinusSerif-TLF/m/n' will be
(Font)              scaled to size 10.0pt on input line 131.
LaTeX Font Info:    Trying to load font information for T1+LibertinusMono-TLF o
n input line 131.

(C:\Users\vresh\AppData\Local\Programs\MiKTeX\tex/latex/libertinus-type1\t1libe
rtinusmono-tlf.fd
File: T1LibertinusMono-TLF.fd 2025/01/11 (autoinst) Font definitions for T1/Lib
ertinusMono-TLF.
)
LaTeX Font Info:    Font shape `T1/LibertinusMono-TLF/m/n' will be
(Font)              scaled to size 8.50006pt on input line 131.
Package microtype Info: Loading generic protrusion settings for font family
(microtype)             `LibertinusMono-TLF' (encoding: T1).
(microtype)             For optimal results, create family-specific settings.
(microtype)             See the microtype manual for details.
Package microtype Info: Character `guilsinglleft ' is missing
(microtype)             in font `T1/LibertinusMono-TLF/m/n/10'.
(microtype)             Ignoring protrusion settings for this character.
Package microtype Info: Character `guilsinglright ' is missing
(microtype)             in font `T1/LibertinusMono-TLF/m/n/10'.
(microtype)             Ignoring protrusion settings for this character.
LaTeX Font Info:    Font shape `T1/LibertinusSerif-TLF/m/n' will be
(Font)              scaled to size 14.4pt on input line 131.
LaTeX Font Info:    Font shape `T1/LibertinusSerif-TLF/b/n' will be
(Font)              scaled to size 14.4pt on input line 131.

No file Thue_Morse_Atlas_and_Frontiers.toc.
\tf@toc=\write5
\openout5 = `Thue_Morse_Atlas_and_Frontiers.toc'.

[1

{C:/Users/vresh/AppData/Local/MiKTeX/fonts/map/pdftex/pdftex.map}{C:/Users/vres
h/AppData/Local/Programs/MiKTeX/fonts/enc/dvips/libertinus-type1/lbn1_sfissr.en
c}{C:/Users/vresh/AppData/Local/Programs/MiKTeX/fonts/enc/dvips/libertinus-type
1/lbn1_75t36g.enc}{C:/Users/vresh/AppData/Local/Programs/MiKTeX/fonts/enc/dvips
/libertinus-type1/lbn1_or3pzs.enc}]
LaTeX Font Info:    Trying to load font information for TS1+LibertinusSerif-TLF
 on input line 140.

(C:\Users\vresh\AppData\Local\Programs\MiKTeX\tex/latex/libertinus-type1\ts1lib
ertinusserif-tlf.fd
File: TS1LibertinusSerif-TLF.fd 2024/09/22 (autoinst) Font definitions for TS1/
LibertinusSerif-TLF.
)
LaTeX Font Info:    Font shape `TS1/LibertinusSerif-TLF/m/n' will be
(Font)              scaled to size 10.95pt on input line 140.
Package microtype Info: Loading generic protrusion settings for font family
(microtype)             `LibertinusSerif-TLF' (encoding: TS1).
(microtype)             For optimal results, create family-specific settings.
(microtype)             See the microtype manual for details.
LaTeX Font Info:    Font shape `T1/LibertinusMono-TLF/m/n' will be
(Font)              scaled to size 9.30756pt on input line 140.
Package microtype Info: Character `guilsinglleft ' is missing
(microtype)             in font `T1/LibertinusMono-TLF/m/n/10.95'.
(microtype)             Ignoring protrusion settings for this character.
Package microtype Info: Character `guilsinglright ' is missing
(microtype)             in font `T1/LibertinusMono-TLF/m/n/10.95'.
(microtype)             Ignoring protrusion settings for this character.
LaTeX Font Info:    Font shape `T1/LibertinusSerif-TLF/m/n' will be
(Font)              scaled to size 9.0pt on input line 140.
LaTeX Font Info:    Font shape `T1/LibertinusMono-TLF/m/n' will be
(Font)              scaled to size 7.65005pt on input line 140.
Package microtype Info: Character `guilsinglleft ' is missing
(microtype)             in font `T1/LibertinusMono-TLF/m/n/9'.
(microtype)             Ignoring protrusion settings for this character.
Package microtype Info: Character `guilsinglright ' is missing
(microtype)             in font `T1/LibertinusMono-TLF/m/n/9'.
(microtype)             Ignoring protrusion settings for this character.
 [2

{C:/Users/vresh/AppData/Local/Programs/MiKTeX/fonts/enc/dvips/libertinus-type1/
lbn1_rlktsf.enc}]
LaTeX Font Info:    Font shape `T1/LibertinusSerif-TLF/b/n' will be
(Font)              scaled to size 20.74pt on input line 148.
LaTeX Font Info:    Font shape `T1/LibertinusSerif-TLF/b/n' will be
(Font)              scaled to size 10.0pt on input line 154.
 [3

]
LaTeX Font Info:    Font shape `T1/LibertinusSerif-TLF/b/n' will be
(Font)              scaled to size 12.0pt on input line 225.
 [4]
LaTeX Font Info:    Font shape `T1/LibertinusSerif-TLF/b/n' will be
(Font)              scaled to size 10.95pt on input line 307.


LaTeX Warning: Reference `p1:app:draft-concordance' on page 1 undefined on inpu
t line 307.


LaTeX Warning: Reference `p1:sec:formalized-modules' on page 1 undefined on inp
ut line 316.


LaTeX Warning: Reference `p1:sec:formalization' on page 1 undefined on input li
ne 320.

LaTeX Font Info:    Font shape `T1/LibertinusSerif-TLF/m/n' will be
(Font)              scaled to size 8.0pt on input line 349.
LaTeX Font Info:    Font shape `T1/LibertinusSerif-TLF/m/n' will be
(Font)              scaled to size 6.0pt on input line 349.
LaTeX Font Info:    Font shape `T1/LibertinusSerif-TLF/m/it' will be
(Font)              scaled to size 10.95pt on input line 379.

ignored: Infinite glue shrinkage found in box being split [5] [6{C:/Users/vresh/AppData/
Local/Programs/MiKTeX/fonts/enc/dvips/libertinus-type1/lbn1_sncvby.enc}]

LaTeX Warning: Reference `p1:eq:eps-recursion' on page 7 undefined on input lin
e 434.


LaTeX Warning: Reference `p1:eq:tau-recursion' on page 7 undefined on input lin
e 438.


LaTeX Warning: Reference `p1:eq:word-recursion' on page 7 undefined on input li
ne 441.


LaTeX Warning: Reference `p1:eq:block-reflection' on page 7 undefined on input 
line 489.

[7]
Package microtype Info: Loading generic protrusion settings for font family
(microtype)             `cmss' (encoding: OT1).
(microtype)             For optimal results, create family-specific settings.
(microtype)             See the microtype manual for details.
 [8]

LaTeX Warning: Reference `p1:alg:xor-fold' on page 9 undefined on input line 60
2.


LaTeX Warning: Reference `p1:eq:tau-recursion' on page 9 undefined on input lin
e 612.


LaTeX Warning: Reference `p1:thm:primitive-recursive' on page 1 undefined on in
put line 662.


LaTeX Warning: Reference `p1:eq:descent-recursion' on page 9 undefined on input
 line 670.


LaTeX Warning: Reference `p1:lem:descent-recursion' on page 9 undefined on inpu
t line 673.


LaTeX Warning: Reference `p1:eq:normalizations' on page 9 undefined on input li
ne 676.


LaTeX Warning: Reference `p1:eq:weight-halving' on page 9 undefined on input li
ne 682.


LaTeX Warning: Reference `p1:eq:tau-recursion' on page 9 undefined on input lin
e 683.


LaTeX Warning: Reference `p1:sec:base-q' on page 1 undefined on input line 691.


[9]

LaTeX Warning: Reference `p1:thm:primitive-recursive' on page 1 undefined on in
put line 694.


LaTeX Warning: Reference `p1:lem:descent-recursion' on page 10 undefined on inp
ut line 695.


LaTeX Warning: Reference `p1:eq:weight-halving' on page 10 undefined on input l
ine 701.


LaTeX Warning: Reference `p1:eq:weight-distribution' on page 10 undefined on in
put line 757.


LaTeX Warning: Reference `p1:thm:finite-product' on page 1 undefined on input l
ine 762.

[10]

LaTeX Warning: Reference `p1:eq:evil-odious' on page 11 undefined on input line
 822.


LaTeX Warning: Reference `p1:eq:normalization-bridge' on page 11 undefined on i
nput line 888.


LaTeX Warning: Reference `p1:eq:boolean-polynomial' on page 11 undefined on inp
ut line 889.

[11]

LaTeX Warning: Reference `p1:eq:bit-floor' on page 12 undefined on input line 8
92.


LaTeX Warning: Reference `p1:eq:bit-floor' on page 12 undefined on input line 9
04.


LaTeX Warning: Reference `p1:eq:floor-sum-all' on page 12 undefined on input li
ne 963.


LaTeX Warning: Reference `p1:eq:floor-formulas' on page 12 undefined on input l
ine 973.


LaTeX Warning: Reference `p1:eq:digit-product' on page 12 undefined on input li
ne 979.

[12]

LaTeX Warning: Reference `p1:eq:floor-sum' on page 13 undefined on input line 1
010.


LaTeX Warning: Reference `p1:eq:fractional-weight' on page 13 undefined on inpu
t line 1018.


LaTeX Warning: Reference `p1:eq:weight-total-bracket' on page 13 undefined on i
nput line 1053.

[13]

LaTeX Warning: Reference `p1:eq:sine-sign' on page 14 undefined on input line 1
088.


LaTeX Warning: Reference `p1:eq:square-wave' on page 14 undefined on input line
 1104.


LaTeX Warning: Reference `p1:eq:bit-floor' on page 14 undefined on input line 1
105.

[14]

LaTeX Warning: Reference `p1:thm:floor-formulas' on page 1 undefined on input l
ine 1166.


LaTeX Warning: Reference `p1:eq:sinc-product' on page 15 undefined on input lin
e 1169.


LaTeX Warning: Reference `p1:eq:sinc-interval-sign' on page 15 undefined on inp
ut line 1171.

[15]

LaTeX Warning: Reference `p1:eq:gelfond-upper' on page 16 undefined on input li
ne 1289.


LaTeX Warning: Reference `p1:eq:sinc-shell-factorization' on page 16 undefined 
on input line 1292.

[16]

LaTeX Warning: Reference `p1:eq:sinc-shell-factorization-cross' on page 17 unde
fined on input line 1310.


LaTeX Warning: Reference `p1:eq:logistic-product-bound' on page 17 undefined on
 input line 1352.

[17]

LaTeX Warning: Reference `p1:eq:ruler-adjacent' on page 18 undefined on input l
ine 1395.


LaTeX Warning: Reference `p1:eq:eps-successor' on page 18 undefined on input li
ne 1397.


LaTeX Warning: Reference `p1:eq:ruler-product' on page 18 undefined on input li
ne 1398.


LaTeX Warning: Reference `p1:lem:floor-sum' on page 1 undefined on input line 1
407.


LaTeX Warning: Reference `p1:lem:floor-sum' on page 1 undefined on input line 1
430.


LaTeX Warning: Reference `p1:eq:ruler-product' on page 18 undefined on input li
ne 1434.


LaTeX Warning: Reference `p1:eq:legendre-two' on page 18 undefined on input lin
e 1437.


LaTeX Warning: Reference `p1:eq:floor-sum' on page 18 undefined on input line 1
440.


LaTeX Warning: Reference `p1:eq:floor-sum-all' on page 18 undefined on input li
ne 1442.

[18]

LaTeX Warning: Reference `p1:eq:legendre-two' on page 19 undefined on input lin
e 1475.


LaTeX Warning: Reference `p1:eq:central-thue-morse' on page 19 undefined on inp
ut line 1501.


LaTeX Warning: Reference `p1:thm:central-binomial' on page 1 undefined on input
 line 1530.


LaTeX Warning: Reference `p1:eq:weight-successor' on page 19 undefined on input
 line 1532.

[19]

LaTeX Warning: Reference `p1:eq:kummer-digit-sum' on page 20 undefined on input
 line 1574.


LaTeX Warning: Reference `p1:thm:block-concatenation' on page 1 undefined on in
put line 1580.


LaTeX Warning: Reference `p1:eq:kummer-digit-sum' on page 20 undefined on input
 line 1602.


LaTeX Warning: Reference `p1:eq:carry-sign' on page 20 undefined on input line 
1606.


LaTeX Warning: Reference `p1:eq:multinomial-v2' on page 20 undefined on input l
ine 1609.


LaTeX Warning: Reference `p1:eq:multinomial-carry-sign' on page 20 undefined on
 input line 1612.


LaTeX Warning: Reference `p1:eq:carry-sign' on page 20 undefined on input line 
1633.


LaTeX Warning: Reference `p1:eq:borrow-sign' on page 20 undefined on input line
 1634.

[20]

LaTeX Warning: Reference `p1:eq:row-support-factorization' on page 21 undefined
 on input line 1703.


LaTeX Warning: Reference `p1:thm:lucas-submask' on page 1 undefined on input li
ne 1707.


LaTeX Warning: Reference `p1:eq:glaisher-count' on page 21 undefined on input l
ine 1718.

[21]

LaTeX Warning: Reference `p1:eq:source-power' on page 22 undefined on input lin
e 1730.


LaTeX Warning: Reference `p1:eq:glaisher-count' on page 22 undefined on input l
ine 1753.


LaTeX Warning: Reference `p1:eq:odd-count-mod3' on page 22 undefined on input l
ine 1757.


LaTeX Warning: Reference `p1:eq:S-pascal-exact' on page 22 undefined on input l
ine 1799.


LaTeX Warning: Reference `p1:eq:S-pascal-exact' on page 22 undefined on input l
ine 1807.


LaTeX Warning: Reference `p1:eq:pascal-mod3' on page 22 undefined on input line
 1811.


LaTeX Warning: Reference `p1:eq:pascal-sine' on page 22 undefined on input line
 1813.

[22]

LaTeX Warning: Reference `p1:eq:pascal-bit-probe' on page 23 undefined on input
 line 1871.


LaTeX Warning: Reference `p1:eq:pascal-bit-probe' on page 23 undefined on input
 line 1875.


LaTeX Warning: Reference `p1:eq:sparse-pascal-sign' on page 23 undefined on inp
ut line 1882.


LaTeX Warning: Reference `p1:eq:sparse-pascal-bit' on page 23 undefined on inpu
t line 1882.

[23]

LaTeX Warning: Reference `p1:thm:multinomial-support' on page 1 undefined on in
put line 1960.


LaTeX Warning: Reference `p1:thm:multinomial-support' on page 1 undefined on in
put line 1964.


LaTeX Warning: Reference `p1:eq:multinomial-log' on page 24 undefined on input 
line 1973.


LaTeX Warning: Reference `p1:eq:rnomial-exact' on page 24 undefined on input li
ne 1975.

[24]

LaTeX Warning: Reference `p1:eq:submask-enumerator' on page 25 undefined on inp
ut line 2048.


LaTeX Warning: Reference `p1:eq:submask-bivariate' on page 25 undefined on inpu
t line 2049.


LaTeX Warning: Reference `p1:eq:submask-inversion-polynomial' on page 25 undefi
ned on input line 2052.


LaTeX Warning: Reference `p1:eq:submask-reconstruction' on page 25 undefined on
 input line 2053.


LaTeX Warning: Reference `p1:eq:submask-count' on page 25 undefined on input li
ne 2056.


LaTeX Warning: Reference `p1:eq:submask-cancellation' on page 25 undefined on i
nput line 2057.


LaTeX Warning: Reference `p1:eq:pascal-parity-inverse' on page 25 undefined on 
input line 2071.

[25]

LaTeX Warning: Reference `p1:eq:submask-reconstruction' on page 26 undefined on
 input line 2089.


LaTeX Warning: Reference `p1:eq:odd-indicator' on page 26 undefined on input li
ne 2107.


LaTeX Warning: Reference `p1:thm:central-binomial' on page 1 undefined on input
 line 2108.


LaTeX Warning: Reference `p1:eq:submask-reconstruction' on page 26 undefined on
 input line 2109.


LaTeX Warning: Reference `p1:eq:nested-binomial' on page 26 undefined on input 
line 2112.


LaTeX Warning: Reference `p1:eq:boolean-mother' on page 26 undefined on input l
ine 2147.


LaTeX Warning: Reference `p1:eq:weight-enumerator' on page 26 undefined on inpu
t line 2166.

[26]

LaTeX Warning: Reference `p1:thm:boolean-mother' on page 1 undefined on input l
ine 2189.


LaTeX Warning: Reference `p1:eq:finite-product' on page 27 undefined on input l
ine 2197.

[27]

LaTeX Warning: Reference `p1:thm:block-concatenation' on page 1 undefined on in
put line 2309.

[28]

LaTeX Warning: Reference `p1:eq:block-reflection' on page 29 undefined on input
 line 2347.


LaTeX Warning: Reference `p1:eq:Pm-reciprocity' on page 29 undefined on input l
ine 2370.


LaTeX Warning: Reference `p1:eq:Pm-reciprocity' on page 29 undefined on input l
ine 2375.


LaTeX Warning: Reference `p1:eq:Pm-difference-squares' on page 29 undefined on 
input line 2382.


LaTeX Warning: Reference `p1:eq:Pm-cyclotomic' on page 29 undefined on input li
ne 2389.

[29]

LaTeX Warning: Reference `p1:thm:finite-product' on page 1 undefined on input l
ine 2424.


LaTeX Warning: Reference `p1:eq:infinite-product' on page 30 undefined on input
 line 2446.


LaTeX Warning: Reference `p1:eq:T-from-E' on page 30 undefined on input line 24
46.


LaTeX Warning: Reference `p1:eq:tau-recursion' on page 30 undefined on input li
ne 2447.


LaTeX Warning: Reference `p1:eq:E-Mahler' on page 30 undefined on input line 24
51.


LaTeX Warning: Reference `p1:eq:E-dissection' on page 30 undefined on input lin
e 2454.


LaTeX Warning: Reference `p1:eq:T-from-E' on page 30 undefined on input line 24
58.


LaTeX Warning: Reference `p1:thm:infinite-product' on page 1 undefined on input
 line 2462.


LaTeX Warning: Reference `p1:eq:finite-product' on page 30 undefined on input l
ine 2486.


LaTeX Warning: Reference `p1:eq:T-Mahler' on page 30 undefined on input line 25
00.


LaTeX Warning: Reference `p1:eq:T-Mahler' on page 30 undefined on input line 25
05.


LaTeX Warning: Reference `p1:thm:lacunary-quotient' on page 1 undefined on inpu
t line 2508.

[30]

LaTeX Warning: Reference `p1:eq:T-Mahler' on page 31 undefined on input line 25
34.


LaTeX Warning: Reference `p1:eq:Fu-mahler' on page 31 undefined on input line 2
574.


LaTeX Warning: Reference `p1:eq:Fu-definition' on page 31 undefined on input li
ne 2579.

[31]

LaTeX Warning: Reference `p1:eq:digit-sum-ogf' on page 32 undefined on input li
ne 2589.


LaTeX Warning: Reference `p1:eq:Y-explicit' on page 32 undefined on input line 
2590.


LaTeX Warning: Reference `p1:eq:Fu-special' on page 32 undefined on input line 
2596.


LaTeX Warning: Reference `p1:eq:T-from-E' on page 32 undefined on input line 26
28.


LaTeX Warning: Reference `p1:eq:infinite-product' on page 32 undefined on input
 line 2629.


LaTeX Warning: Reference `p1:eq:signed-base-b' on page 32 undefined on input li
ne 2633.


LaTeX Warning: Reference `p1:eq:base-b-product' on page 32 undefined on input l
ine 2635.


LaTeX Warning: Citation `p1:mahler1929' on page 32 undefined on input line 2644
.


LaTeX Warning: Citation `p1:alloucheShallit2003' on page 32 undefined on input 
line 2644.


LaTeX Warning: Reference `p1:eq:infinite-product' on page 32 undefined on input
 line 2651.

[32]

LaTeX Warning: Reference `p1:thm:log-E' on page 1 undefined on input line 2681.



LaTeX Warning: Reference `p1:eq:log-E' on page 33 undefined on input line 2683.



LaTeX Warning: Reference `p1:thm:ruler-convolution' on page 1 undefined on inpu
t line 2692.


LaTeX Warning: Reference `p1:eq:log-E' on page 33 undefined on input line 2715.



LaTeX Warning: Reference `p1:thm:ruler-convolution' on page 1 undefined on inpu
t line 2728.

[33]

LaTeX Warning: Reference `p1:thm:ruler-convolution' on page 1 undefined on inpu
t line 2750.


LaTeX Warning: Reference `p1:rem:ruler-convolution-combinatorial' on page 1 und
efined on input line 2751.


LaTeX Warning: Reference `p1:eq:log-E' on page 34 undefined on input line 2762.



LaTeX Warning: Reference `p1:eq:log-E' on page 34 undefined on input line 2767.



LaTeX Warning: Reference `p1:eq:Bell-definition' on page 34 undefined on input 
line 2809.


LaTeX Warning: Reference `p1:thm:partition-formula' on page 1 undefined on inpu
t line 2816.


LaTeX Warning: Reference `p1:cor:Bell-coefficient' on page 1 undefined on input
 line 2818.

[34]

LaTeX Warning: Reference `p1:thm:ruler-convolution' on page 1 undefined on inpu
t line 2857.


LaTeX Warning: Reference `p1:eq:Hessenberg-recurrence' on page 35 undefined on 
input line 2903.


LaTeX Warning: Reference `p1:thm:ruler-convolution' on page 1 undefined on inpu
t line 2908.


LaTeX Warning: Reference `p1:eq:Hessenberg-recurrence' on page 35 undefined on 
input line 2915.

[35] [36]

LaTeX Warning: Citation `p1:christol1980' on page 37 undefined on input line 30
15.


LaTeX Warning: Reference `p1:eq:Theta-functional' on page 37 undefined on input
 line 3018.


LaTeX Warning: Reference `p1:eq:Theta-quadratic' on page 37 undefined on input 
line 3022.


LaTeX Warning: Reference `p1:eq:Y-Artin-Schreier' on page 37 undefined on input
 line 3024.


LaTeX Warning: Reference `p1:eq:Y-explicit' on page 37 undefined on input line 
3032.


LaTeX Warning: Reference `p1:eq:Y-Artin-Schreier' on page 37 undefined on input
 line 3054.


LaTeX Warning: Reference `p1:eq:integer-lift-recurrence' on page 37 undefined o
n input line 3094.


LaTeX Warning: Reference `p1:eq:integer-lift-closed' on page 37 undefined on in
put line 3096.


LaTeX Warning: Reference `p1:eq:integer-lift-algebraic' on page 37 undefined on
 input line 3097.


LaTeX Warning: Reference `p1:eq:integer-lift-algebraic' on page 37 undefined on
 input line 3101.


LaTeX Warning: Reference `p1:eq:integer-lift-algebraic' on page 37 undefined on
 input line 3104.


LaTeX Warning: Reference `p1:eq:Theta-quadratic' on page 37 undefined on input 
line 3105.

[37]

LaTeX Warning: Reference `p1:eq:integer-lift-closed' on page 38 undefined on in
put line 3118.


LaTeX Warning: Reference `p1:eq:integer-lift-closed-coefficients' on page 38 un
defined on input line 3130.


LaTeX Warning: Reference `p1:eq:Artin-Schreier-solution-set' on page 38 undefin
ed on input line 3141.


LaTeX Warning: Reference `p1:eq:integer-lift-parity' on page 38 undefined on in
put line 3146.


LaTeX Warning: Reference `p1:eq:integer-lift-algebraic' on page 38 undefined on
 input line 3149.


LaTeX Warning: Reference `p1:eq:integer-lift-closed-coefficients' on page 38 un
defined on input line 3153.


LaTeX Warning: Reference `p1:rem:integer-lift-closed-form' on page 1 undefined 
on input line 3156.


LaTeX Warning: Reference `p1:eq:integer-lift-algebraic' on page 38 undefined on
 input line 3164.


LaTeX Warning: Reference `p1:eq:integer-lift-recurrence' on page 38 undefined o
n input line 3179.


LaTeX Warning: Reference `p1:thm:integer-lift' on page 1 undefined on input lin
e 3187.

[38]

LaTeX Warning: Reference `p1:eq:infinite-product' on page 39 undefined on input
 line 3215.


LaTeX Warning: Reference `p1:eq:T-from-E' on page 39 undefined on input line 32
29.


LaTeX Warning: Reference `p1:thm:natural-boundary' on page 1 undefined on input
 line 3233.


LaTeX Warning: Citation `p1:carlson1921' on page 39 undefined on input line 326
0.


LaTeX Warning: Reference `p1:sec:words-dynamics' on page 1 undefined on input l
ine 3264.


LaTeX Warning: Citation `p1:bellCoonsRowland2013' on page 39 undefined on input
 line 3265.


LaTeX Warning: Reference `p1:sec:F2-series' on page 1 undefined on input line 3
269.

[39]

LaTeX Warning: Reference `p1:thm:Hessenberg-determinant' on page 1 undefined on
 input line 3297.


LaTeX Warning: Reference `p1:eq:hankel-first-values' on page 40 undefined on in
put line 3314.


LaTeX Warning: Citation `p1:apww1998' on page 40 undefined on input line 3352.


LaTeX Warning: Citation `p1:han2014' on page 40 undefined on input line 3353.


LaTeX Warning: Citation `p1:bugeaudHan2014' on page 40 undefined on input line 
3354.


LaTeX Warning: Reference `p1:thm:hankel-nonzero' on page 1 undefined on input l
ine 3369.


LaTeX Warning: Reference `p1:eq:hankel-nonzero' on page 40 undefined on input l
ine 3386.

[40]

LaTeX Warning: Reference `p1:eq:E-Mahler' on page 41 undefined on input line 33
93.


LaTeX Warning: Citation `p1:mahler1929' on page 41 undefined on input line 3402
.


LaTeX Warning: Reference `p1:eq:base-b-constant-definition' on page 41 undefine
d on input line 3406.


LaTeX Warning: Citation `p1:bugeaud2011' on page 41 undefined on input line 342
5.


LaTeX Warning: Citation `p1:bugeaudQueffelec2013' on page 41 undefined on input
 line 3431.


LaTeX Warning: Citation `p1:bugeaudHanWenYao2015' on page 41 undefined on input
 line 3431.


LaTeX Warning: Reference `p1:thm:hankel-nonzero' on page 1 undefined on input l
ine 3432.


LaTeX Warning: Reference `p1:eq:E-Mahler' on page 41 undefined on input line 34
40.


LaTeX Warning: Reference `p1:thm:hankel-nonzero' on page 1 undefined on input l
ine 3443.

[41]

LaTeX Warning: Reference `p1:thm:finite-difference-master' on page 1 undefined 
on input line 3491.


LaTeX Warning: Reference `p1:eq:operator-product' on page 42 undefined on input
 line 3496.

[42]

LaTeX Warning: Reference `p1:eq:integral-cubature' on page 43 undefined on inpu
t line 3610.


LaTeX Warning: Reference `p1:eq:finite-difference-bound' on page 43 undefined o
n input line 3622.


LaTeX Warning: Reference `p1:eq:unit-cube-cubature' on page 43 undefined on inp
ut line 3627.

[43]

LaTeX Warning: Reference `p1:eq:complete-monotone-sign' on page 44 undefined on
 input line 3668.


LaTeX Warning: Reference `p1:eq:reciprocal-power-positive' on page 44 undefined
 on input line 3679.


LaTeX Warning: Reference `p1:eq:log-product-sign' on page 44 undefined on input
 line 3680.

[44]

LaTeX Warning: Reference `p1:eq:arbitrary-weight-sharp' on page 45 undefined on
 input line 3715.


LaTeX Warning: Reference `p1:eq:arbitrary-weight-cancel' on page 45 undefined o
n input line 3724.


LaTeX Warning: Reference `p1:eq:arbitrary-weight-sharp' on page 45 undefined on
 input line 3740.


LaTeX Warning: Reference `p1:eq:arbitrary-weight-cancel' on page 45 undefined o
n input line 3746.

[45]

LaTeX Warning: Reference `p1:eq:unit-cube-cubature' on page 46 undefined on inp
ut line 3793.


LaTeX Warning: Reference `p1:eq:arbitrary-weight-cancel' on page 46 undefined o
n input line 3824.


LaTeX Warning: Reference `p1:eq:arbitrary-weight-sharp' on page 46 undefined on
 input line 3825.


LaTeX Warning: Reference `p1:eq:prouhet-block-extraction' on page 46 undefined 
on input line 3831.


LaTeX Warning: Reference `p1:eq:prouhet-block-cancellation' on page 46 undefine
d on input line 3834.


LaTeX Warning: Reference `p1:eq:prouhet-partition' on page 46 undefined on inpu
t line 3863.


LaTeX Warning: Reference `p1:eq:prouhet-sets' on page 46 undefined on input lin
e 3868.


LaTeX Warning: Citation `p1:prouhet1851' on page 46 undefined on input line 387
1.


LaTeX Warning: Citation `p1:borweinIngalls1994' on page 46 undefined on input l
ine 3871.


LaTeX Warning: Citation `p1:wikipediaPTE' on page 46 undefined on input line 38
71.


LaTeX Warning: Reference `p1:sec:sparse-prouhet' on page 1 undefined on input l
ine 3873.

[46]

LaTeX Warning: Reference `p1:eq:complex-weighted-block' on page 47 undefined on
 input line 3910.


LaTeX Warning: Reference `p1:eq:complex-weighted-block-affine' on page 47 undef
ined on input line 3914.


LaTeX Warning: Reference `p1:eq:complex-signed-block' on page 47 undefined on i
nput line 3916.


LaTeX Warning: Reference `p1:eq:complex-signed-block-affine' on page 47 undefin
ed on input line 3917.


LaTeX Warning: Reference `p1:eq:complex-signed-block' on page 47 undefined on i
nput line 3930.


LaTeX Warning: Reference `p1:eq:first-surviving-moment' on page 47 undefined on
 input line 3948.


LaTeX Warning: Reference `p1:eq:moment-egf' on page 47 undefined on input line 
3955.

[47]

LaTeX Warning: Reference `p1:eq:moment-egf' on page 48 undefined on input line 
4015.


LaTeX Warning: Reference `p1:thm:moment-composition' on page 1 undefined on inp
ut line 4030.


LaTeX Warning: Reference `p1:eq:moment-composition' on page 48 undefined on inp
ut line 4041.


LaTeX Warning: Reference `p1:eq:moment-positive-compositions' on page 48 undefi
ned on input line 4042.

[48]

LaTeX Warning: Reference `p1:eq:Bell-definition' on page 49 undefined on input 
line 4105.


LaTeX Warning: Reference `p1:thm:Bell-moments' on page 1 undefined on input lin
e 4109.


LaTeX Warning: Reference `p1:eq:kappa-one' on page 49 undefined on input line 4
115.


LaTeX Warning: Reference `p1:eq:kappa-odd' on page 49 undefined on input line 4
115.


LaTeX Warning: Reference `p1:eq:log-expm1' on page 49 undefined on input line 4
119.


LaTeX Warning: Reference `p1:eq:moment-Bell-factor' on page 49 undefined on inp
ut line 4123.


LaTeX Warning: Reference `p1:eq:moment-layer0' on page 49 undefined on input li
ne 4128.

[49]

LaTeX Warning: Reference `p1:eq:moment-egf' on page 50 undefined on input line 
4182.


LaTeX Warning: Reference `p1:eq:centered-parity-zero' on page 50 undefined on i
nput line 4191.


LaTeX Warning: Reference `p1:eq:block-reflection' on page 50 undefined on input
 line 4194.


LaTeX Warning: Reference `p1:eq:centered-sinh' on page 50 undefined on input li
ne 4216.


LaTeX Warning: Reference `p1:eq:centered-parity-zero' on page 50 undefined on i
nput line 4226.


LaTeX Warning: Reference `p1:rem:reflection-parity' on page 1 undefined on inpu
t line 4228.


LaTeX Warning: Reference `p1:eq:centered-sinh' on page 50 undefined on input li
ne 4229.


LaTeX Warning: Reference `p1:eq:centered-first' on page 50 undefined on input l
ine 4232.

[50]

LaTeX Warning: Reference `p1:eq:binomial-moment-product' on page 51 undefined o
n input line 4291.


LaTeX Warning: Reference `p1:eq:binomial-moment-composition' on page 51 undefin
ed on input line 4297.


LaTeX Warning: Reference `p1:eq:first-binomial-moment' on page 51 undefined on 
input line 4298.


LaTeX Warning: Reference `p1:eq:moment-composition' on page 51 undefined on inp
ut line 4300.


LaTeX Warning: Reference `p1:eq:binomial-moment-product' on page 51 undefined o
n input line 4305.


LaTeX Warning: Reference `p1:eq:first-binomial-moment' on page 51 undefined on 
input line 4309.


LaTeX Warning: Reference `p1:eq:binomial-moment-composition' on page 51 undefin
ed on input line 4312.

[51]
LaTeX Font Info:    Font shape `T1/LibertinusSerif-TLF/m/it' will be
(Font)              scaled to size 8.0pt on input line 4351.
LaTeX Font Info:    Font shape `T1/LibertinusSerif-TLF/m/it' will be
(Font)              scaled to size 6.0pt on input line 4351.


LaTeX Warning: Reference `p1:eq:signed-Pascal-support' on page 52 undefined on 
input line 4374.


LaTeX Warning: Reference `p1:cor:glaisher-count' on page 1 undefined on input l
ine 4375.


LaTeX Warning: Reference `p1:eq:signed-Pascal-support' on page 52 undefined on 
input line 4397.


LaTeX Warning: Reference `p1:thm:prouhet' on page 1 undefined on input line 440
2.


LaTeX Warning: Reference `p1:thm:arbitrary-weights' on page 1 undefined on inpu
t line 4421.


LaTeX Warning: Reference `p1:eq:signed-Pascal-support' on page 52 undefined on 
input line 4423.


LaTeX Warning: Reference `p1:cor:Pascal-support-balance' on page 1 undefined on
 input line 4432.

[52]

LaTeX Warning: Reference `p1:eq:signed-Pascal-support' on page 53 undefined on 
input line 4474.


LaTeX Warning: Reference `p1:thm:moment-composition' on page 1 undefined on inp
ut line 4476.


LaTeX Warning: Reference `p1:cor:all-sparse-moments' on page 1 undefined on inp
ut line 4480.


LaTeX Warning: Reference `p1:thm:moment-composition' on page 1 undefined on inp
ut line 4486.


LaTeX Warning: Reference `p1:thm:moment-composition' on page 1 undefined on inp
ut line 4489.

[53]

LaTeX Warning: Reference `p1:eq:normalization-bridge' on page 54 undefined on i
nput line 4587.


LaTeX Warning: Reference `p1:eq:exact-prefix' on page 54 undefined on input lin
e 4592.


LaTeX Warning: Reference `p1:eq:inclusive-prefix' on page 54 undefined on input
 line 4595.


LaTeX Warning: Reference `p1:eq:ones-prefix-cases' on page 54 undefined on inpu
t line 4597.


LaTeX Warning: Reference `p1:cor:interval-discrepancy' on page 1 undefined on i
nput line 4602.


LaTeX Warning: Reference `p1:eq:interval-exact' on page 54 undefined on input l
ine 4603.


LaTeX Warning: Reference `p1:eq:interval-signed-bound' on page 54 undefined on 
input line 4605.


LaTeX Warning: Reference `p1:eq:interval-bit-bound' on page 54 undefined on inp
ut line 4610.

[54]

LaTeX Warning: Reference `p1:eq:block-sign' on page 55 undefined on input line 
4629.


LaTeX Warning: Reference `p1:thm:exact-prefix' on page 1 undefined on input lin
e 4630.


LaTeX Warning: Reference `p1:eq:partial-block-prefix' on page 55 undefined on i
nput line 4633.


LaTeX Warning: Reference `p1:eq:aligned-block-zero' on page 55 undefined on inp
ut line 4634.


LaTeX Warning: Reference `p1:eq:prefix-generating-first' on page 55 undefined o
n input line 4650.


LaTeX Warning: Reference `p1:eq:inclusive-prefix' on page 55 undefined on input
 line 4666.


LaTeX Warning: Reference `p1:eq:iterated-prefix-convolution' on page 55 undefin
ed on input line 4701.


LaTeX Warning: Reference `p1:eq:iterated-prefix-generating' on page 55 undefine
d on input line 4703.

[55]

LaTeX Warning: Reference `p1:thm:terminal-zero-run' on page 1 undefined on inpu
t line 4748.


LaTeX Warning: Reference `p1:eq:finite-prefix-polynomial' on page 56 undefined 
on input line 4756.


LaTeX Warning: Reference `p1:eq:finite-prefix-polynomial' on page 56 undefined 
on input line 4784.


LaTeX Warning: Reference `p1:eq:iterated-prefix-reverse-window' on page 56 unde
fined on input line 4790.


LaTeX Warning: Reference `p1:eq:iterated-prefix-reverse-window-zero-iff' on pag
e 56 undefined on input line 4793.


LaTeX Warning: Reference `p1:thm:terminal-zero-run' on page 1 undefined on inpu
t line 4815.

[56]

LaTeX Warning: Reference `p1:eq:finite-product' on page 57 undefined on input l
ine 4824.


LaTeX Warning: Reference `p1:eq:finite-product' on page 57 undefined on input l
ine 4833.


LaTeX Warning: Reference `p1:eq:finite-Fourier-product-raw' on page 57 undefine
d on input line 4856.


LaTeX Warning: Reference `p1:eq:finite-Fourier-sine' on page 57 undefined on in
put line 4867.


LaTeX Warning: Reference `p1:eq:finite-Fourier-magnitude' on page 57 undefined 
on input line 4872.

[57]

LaTeX Warning: Reference `p1:eq:affine-real-sine-form' on page 58 undefined on 
input line 4896.


LaTeX Warning: Reference `p1:eq:formal-lacunary-sine-product' on page 58 undefi
ned on input line 4938.


LaTeX Warning: Reference `p1:eq:finite-Fourier-sine' on page 58 undefined on in
put line 4964.


LaTeX Warning: Reference `p1:eq:affine-real-sine-form' on page 58 undefined on 
input line 4984.


LaTeX Warning: Reference `p1:eq:formal-lacunary-sine-product' on page 58 undefi
ned on input line 4985.


LaTeX Warning: Reference `p1:eq:cosine-product-to-sum' on page 58 undefined on 
input line 4986.

[58]

LaTeX Warning: Reference `p1:eq:finite-product' on page 59 undefined on input l
ine 5032.


LaTeX Warning: Reference `p1:eq:DFT-product' on page 59 undefined on input line
 5038.


LaTeX Warning: Reference `p1:eq:DFT-odd' on page 59 undefined on input line 504
0.


LaTeX Warning: Reference `p1:eq:DFT-inversion' on page 59 undefined on input li
ne 5046.

[59]

LaTeX Warning: Reference `p1:eq:Walsh-character' on page 60 undefined on input 
line 5105.


LaTeX Warning: Reference `p1:eq:Walsh-transform' on page 60 undefined on input 
line 5108.


LaTeX Warning: Reference `p1:eq:finite-product' on page 60 undefined on input l
ine 5163.


LaTeX Warning: Reference `p1:eq:Riesz-product' on page 60 undefined on input li
ne 5170.


LaTeX Warning: Reference `p1:eq:Riesz-mass' on page 60 undefined on input line 
5175.

[60]

LaTeX Warning: Reference `p1:eq:Riesz-mass' on page 61 undefined on input line 
5181.


LaTeX Warning: Reference `p1:eq:Riesz-mass' on page 61 undefined on input line 
5213.


LaTeX Warning: Citation `p1:queffelec2010' on page 61 undefined on input line 5
245.


LaTeX Warning: Citation `p1:baakeGrimm2008' on page 61 undefined on input line 
5245.

[61]

LaTeX Warning: Reference `p1:eq:eta-finite-even' on page 62 undefined on input 
line 5275.


LaTeX Warning: Reference `p1:eq:eta-finite-odd' on page 62 undefined on input l
ine 5275.


LaTeX Warning: Reference `p1:thm:limiting-autocorrelation' on page 1 undefined 
on input line 5314.


LaTeX Warning: Reference `p1:eq:eta-finite-odd' on page 62 undefined on input l
ine 5348.


LaTeX Warning: Reference `p1:thm:limiting-autocorrelation' on page 1 undefined 
on input line 5358.


LaTeX Warning: Reference `p1:eq:eta-zero' on page 62 undefined on input line 53
66.


LaTeX Warning: Reference `p1:eq:eta-odd' on page 62 undefined on input line 536
6.


LaTeX Warning: Reference `p1:eq:eta-limit-definition' on page 62 undefined on i
nput line 5370.


LaTeX Warning: Reference `p1:eq:eta-samples' on page 62 undefined on input line
 5372.

[62]

LaTeX Warning: Reference `p1:thm:limiting-autocorrelation' on page 1 undefined 
on input line 5390.


LaTeX Warning: Reference `p1:eq:eta-even' on page 63 undefined on input line 54
05.


LaTeX Warning: Reference `p1:eq:eta-odd' on page 63 undefined on input line 540
5.


LaTeX Warning: Reference `p1:eq:autocorrelation-mahler' on page 63 undefined on
 input line 5420.


LaTeX Warning: Reference `p1:eq:autocorrelation-mahler' on page 63 undefined on
 input line 5430.


LaTeX Warning: Reference `p1:prop:finite-autocorrelation' on page 1 undefined o
n input line 5432.


LaTeX Warning: Reference `p1:eq:autocorrelation-mahler' on page 63 undefined on
 input line 5435.

[63]

LaTeX Warning: Reference `p1:eq:thue-morphism' on page 64 undefined on input li
ne 5450.


LaTeX Warning: Reference `p1:eq:word-recursion' on page 64 undefined on input l
ine 5455.


LaTeX Warning: Citation `p1:queffelec2010' on page 64 undefined on input line 5
478.


LaTeX Warning: Reference `p1:eq:ones-prefix-cases' on page 64 undefined on inpu
t line 5481.


LaTeX Warning: Reference `p1:cor:interval-discrepancy' on page 1 undefined on i
nput line 5482.


LaTeX Warning: Reference `p1:prop:uniform-recurrence' on page 1 undefined on in
put line 5485.


LaTeX Warning: Reference `p1:eq:block-sign' on page 64 undefined on input line 
5510.


LaTeX Warning: Reference `p1:eq:block-reflection' on page 64 undefined on input
 line 5514.


LaTeX Warning: Reference `p1:prop:aperiodicity' on page 1 undefined on input li
ne 5523.


LaTeX Warning: Reference `p1:thm:overlap-free' on page 1 undefined on input lin
e 5527.


LaTeX Warning: Reference `p1:prop:aperiodicity' on page 1 undefined on input li
ne 5538.

[64]

LaTeX Warning: Citation `p1:thue1906' on page 65 undefined on input line 5574.


LaTeX Warning: Citation `p1:alloucheShallit2003' on page 65 undefined on input 
line 5577.


LaTeX Warning: Reference `p1:prop:aperiodicity' on page 1 undefined on input li
ne 5599.


LaTeX Warning: Reference `p1:eq:block-reflection' on page 65 undefined on input
 line 5611.


LaTeX Warning: Reference `p1:prop:reciprocity' on page 1 undefined on input lin
e 5614.


LaTeX Warning: Reference `p1:thm:exact-prefix' on page 1 undefined on input lin
e 5617.


LaTeX Warning: Reference `p1:eq:block-reflection' on page 65 undefined on input
 line 5624.

[65]

LaTeX Warning: Citation `p1:morseHedlund1938' on page 66 undefined on input lin
e 5647.


LaTeX Warning: Reference `p1:prop:aperiodicity' on page 1 undefined on input li
ne 5649.


LaTeX Warning: Reference `p1:eq:complexity-level' on page 66 undefined on input
 line 5683.


LaTeX Warning: Reference `p1:eq:complexity-sharp' on page 66 undefined on input
 line 5688.


LaTeX Warning: Reference `p1:eq:complexity-bound' on page 66 undefined on input
 line 5689.


LaTeX Warning: Reference `p1:eq:complexity-bound' on page 66 undefined on input
 line 5689.


LaTeX Warning: Reference `p1:prop:complexity-bound' on page 1 undefined on inpu
t line 5695.


LaTeX Warning: Reference `p1:prop:complexity-sharp' on page 1 undefined on inpu
t line 5696.


LaTeX Warning: Reference `p1:prop:complexity-sharp' on page 1 undefined on inpu
t line 5706.


LaTeX Warning: Reference `p1:eq:complexity-level' on page 66 undefined on input
 line 5710.


LaTeX Warning: Reference `p1:eq:complexity-sharp' on page 66 undefined on input
 line 5712.


LaTeX Warning: Reference `p1:eq:complexity-bound' on page 66 undefined on input
 line 5721.


LaTeX Warning: Reference `p1:eq:complexity-bound' on page 66 undefined on input
 line 5737.


LaTeX Warning: Reference `p1:eq:complexity-sharp' on page 66 undefined on input
 line 5738.

[66]

LaTeX Warning: Reference `p1:eq:complexity-bound' on page 67 undefined on input
 line 5749.


LaTeX Warning: Citation `p1:alloucheShallit2003' on page 67 undefined on input 
line 5751.


LaTeX Warning: Reference `p1:sec:rarefied-newman' on page 1 undefined on input 
line 5752.


LaTeX Warning: Reference `p1:thm:exact-prefix' on page 1 undefined on input lin
e 5759.


LaTeX Warning: Reference `p1:eq:finite-product' on page 67 undefined on input l
ine 5777.


LaTeX Warning: Reference `p1:eq:exact-prefix' on page 67 undefined on input lin
e 5792.


LaTeX Warning: Reference `p1:eq:rarefied-filter' on page 67 undefined on input 
line 5794.


LaTeX Warning: Reference `p1:eq:rarefied-filter' on page 67 undefined on input 
line 5796.

[67]

LaTeX Warning: Reference `p1:eq:omega-pair-product' on page 68 undefined on inp
ut line 5846.


LaTeX Warning: Reference `p1:eq:rarefied-filter' on page 68 undefined on input 
line 5851.


LaTeX Warning: Reference `p1:eq:mod3-even-level' on page 68 undefined on input 
line 5856.


LaTeX Warning: Reference `p1:eq:mod3-odd-level' on page 68 undefined on input l
ine 5856.


LaTeX Warning: Reference `p1:eq:finite-Fourier-magnitude' on page 68 undefined 
on input line 5893.


LaTeX Warning: Reference `p1:eq:omega-pair-product' on page 68 undefined on inp
ut line 5894.

[68]

LaTeX Warning: Citation `p1:gelfond1968' on page 69 undefined on input line 590
7.


LaTeX Warning: Reference `p1:eq:gelfond-upper' on page 69 undefined on input li
ne 5917.


LaTeX Warning: Reference `p1:eq:gelfond-key' on page 69 undefined on input line
 5932.


LaTeX Warning: Reference `p1:eq:gelfond-upper' on page 69 undefined on input li
ne 5944.


LaTeX Warning: Reference `p1:eq:gelfond-lower' on page 69 undefined on input li
ne 5945.


LaTeX Warning: Reference `p1:eq:gelfond-upper' on page 69 undefined on input li
ne 5948.


LaTeX Warning: Reference `p1:eq:gelfond-key' on page 69 undefined on input line
 5950.


LaTeX Warning: Reference `p1:eq:gelfond-upper' on page 69 undefined on input li
ne 5963.


LaTeX Warning: Citation `p1:gelfond1968' on page 69 undefined on input line 597
1.


LaTeX Warning: Citation `p1:queffelec2018' on page 69 undefined on input line 5
971.


LaTeX Warning: Reference `p1:eq:gelfond-general' on page 69 undefined on input 
line 5975.


LaTeX Warning: Reference `p1:thm:mod3-rarefaction' on page 1 undefined on input
 line 5995.

[69]

LaTeX Warning: Reference `p1:eq:rarefied-definition' on page 70 undefined on in
put line 6002.


LaTeX Warning: Reference `p1:eq:rarefied-filter' on page 70 undefined on input 
line 6017.


LaTeX Warning: Reference `p1:thm:mod3-rarefaction' on page 1 undefined on input
 line 6019.


LaTeX Warning: Reference `p1:eq:rarefied-matrix-recursion' on page 70 undefined
 on input line 6022.


LaTeX Warning: Reference `p1:thm:mod3-rarefaction' on page 70 undefined on inpu
t line 6032.

[70]

LaTeX Warning: Citation `p1:newman1969' on page 71 undefined on input line 6085
.


LaTeX Warning: Citation `p1:coquet1983' on page 71 undefined on input line 6088
.


LaTeX Warning: Reference `p1:eq:newman-positivity' on page 71 undefined on inpu
t line 6091.


LaTeX Warning: Citation `p1:drmotaSkalba2000' on page 71 undefined on input lin
e 6130.


LaTeX Warning: Citation `p1:drmotaStoll2008' on page 71 undefined on input line
 6131.


LaTeX Warning: Citation `p1:shallit2023' on page 71 undefined on input line 613
2.


LaTeX Warning: Citation `p1:mauduitRivat2010' on page 71 undefined on input lin
e 6138.


LaTeX Warning: Citation `p1:drmotaMauduitRivat2019' on page 71 undefined on inp
ut line 6142.


LaTeX Warning: Reference `p1:prop:complexity-bound' on page 1 undefined on inpu
t line 6143.


LaTeX Warning: Citation `p1:spiegelhofer2020' on page 71 undefined on input lin
e 6145.


LaTeX Warning: Citation `p1:spiegelhofer2023' on page 71 undefined on input lin
e 6146.

[71]

LaTeX Warning: Reference `p1:eq:small-factor-sum' on page 72 undefined on input
 line 6219.


LaTeX Warning: Reference `p1:eq:boundary-log-asymptotic' on page 72 undefined o
n input line 6220.


LaTeX Warning: Reference `p1:eq:superpolynomial-flatness' on page 72 undefined 
on input line 6222.


LaTeX Warning: Reference `p1:thm:boundary-flatness' on page 1 undefined on inpu
t line 6231.

[72]

LaTeX Warning: Reference `p1:eq:boundary-log-asymptotic' on page 73 undefined o
n input line 6250.


LaTeX Warning: Reference `p1:eq:superpolynomial-flatness' on page 73 undefined 
on input line 6252.


LaTeX Warning: Reference `p1:eq:Dirichlet-definition' on page 73 undefined on i
nput line 6269.


LaTeX Warning: Reference `p1:prop:Dirichlet-convergence' on page 1 undefined on
 input line 6288.


LaTeX Warning: Reference `p1:thm:Dirichlet-dyadic' on page 1 undefined on input
 line 6295.

[73]

LaTeX Warning: Reference `p1:thm:Dirichlet-dyadic' on page 1 undefined on input
 line 6352.


LaTeX Warning: Reference `p1:thm:Mellin-integral' on page 1 undefined on input 
line 6354.


LaTeX Warning: Reference `p1:eq:Dirichlet-dyadic-entire' on page 74 undefined o
n input line 6367.


LaTeX Warning: Reference `p1:eq:Dirichlet-dyadic-entire' on page 74 undefined o
n input line 6376.


LaTeX Warning: Reference `p1:eq:Dirichlet-dyadic' on page 74 undefined on input
 line 6377.


LaTeX Warning: Reference `p1:prop:Dirichlet-convergence' on page 1 undefined on
 input line 6381.


LaTeX Warning: Reference `p1:eq:Mellin-integral' on page 74 undefined on input 
line 6396.


LaTeX Warning: Reference `p1:thm:boundary-flatness' on page 1 undefined on inpu
t line 6410.


LaTeX Warning: Reference `p1:prop:Dirichlet-convergence' on page 1 undefined on
 input line 6414.

[74]

LaTeX Warning: Reference `p1:eq:Mellin-integral' on page 75 undefined on input 
line 6428.


LaTeX Warning: Reference `p1:cor:Dirichlet-trivial-zeros' on page 1 undefined o
n input line 6436.


LaTeX Warning: Reference `p1:eq:Mellin-integral' on page 75 undefined on input 
line 6478.


LaTeX Warning: Reference `p1:eq:H-dyadic' on page 75 undefined on input line 64
79.


LaTeX Warning: Reference `p1:eq:Dirichlet-dyadic' on page 75 undefined on input
 line 6480.


LaTeX Warning: Reference `p1:eq:H-definition' on page 75 undefined on input lin
e 6483.


LaTeX Warning: Reference `p1:eq:H-dyadic' on page 75 undefined on input line 64
87.


LaTeX Warning: Reference `p1:eq:H-integral' on page 75 undefined on input line 
6489.


LaTeX Warning: Reference `p1:eq:Mellin-integral' on page 75 undefined on input 
line 6491.

[75]

LaTeX Warning: Reference `p1:thm:G-functional' on page 1 undefined on input lin
e 6553.

[76]

LaTeX Warning: Reference `p1:eq:G-integral' on page 77 undefined on input line 
6627.


LaTeX Warning: Reference `p1:cor:G-Dirichlet' on page 1 undefined on input line
 6630.


LaTeX Warning: Reference `p1:rem:G-Dirichlet-route' on page 1 undefined on inpu
t line 6631.


LaTeX Warning: Reference `p1:eq:G-integral' on page 77 undefined on input line 
6639.


LaTeX Warning: Reference `p1:eq:G-Dirichlet' on page 77 undefined on input line
 6646.


LaTeX Warning: Reference `p1:thm:Woods-Robbins' on page 1 undefined on input li
ne 6688.

[77]

LaTeX Warning: Citation `p1:alloucheRiasatShallit2019' on page 78 undefined on 
input line 6721.


LaTeX Warning: Reference `p1:eq:quarter-product' on page 78 undefined on input 
line 6724.


LaTeX Warning: Reference `p1:eq:A-B-products' on page 78 undefined on input lin
e 6725.


LaTeX Warning: Reference `p1:thm:Woods-Robbins' on page 1 undefined on input li
ne 6737.


LaTeX Warning: Reference `p1:eq:quarter-product' on page 78 undefined on input 
line 6744.


LaTeX Warning: Reference `p1:eq:block-product-one' on page 78 undefined on inpu
t line 6793.


LaTeX Warning: Reference `p1:eq:block-product-alternating' on page 78 undefined
 on input line 6797.


LaTeX Warning: Reference `p1:eq:block-product-half' on page 78 undefined on inp
ut line 6801.


LaTeX Warning: Reference `p1:eq:quarter-product' on page 78 undefined on input 
line 6804.


LaTeX Warning: Reference `p1:eq:quarter-product' on page 78 undefined on input 
line 6809.


LaTeX Warning: Reference `p1:eq:Woods-Robbins' on page 78 undefined on input li
ne 6810.

[78]

LaTeX Warning: Reference `p1:eq:block-product-even' on page 79 undefined on inp
ut line 6836.


LaTeX Warning: Reference `p1:eq:block-product-one' on page 79 undefined on inpu
t line 6837.


LaTeX Warning: Reference `p1:eq:block-product-half' on page 79 undefined on inp
ut line 6838.


LaTeX Warning: Reference `p1:eq:block-product-alternating' on page 79 undefined
 on input line 6842.


LaTeX Warning: Reference `p1:eq:block-log-shift' on page 79 undefined on input 
line 6849.


LaTeX Warning: Reference `p1:thm:Woods-Robbins' on page 1 undefined on input li
ne 6859.


LaTeX Warning: Reference `p1:eq:block-product-even' on page 79 undefined on inp
ut line 6863.

[79]

LaTeX Warning: Reference `p1:thm:base-q-product' on page 1 undefined on input l
ine 6899.


LaTeX Warning: Reference `p1:eq:base-q-recursion' on page 80 undefined on input
 line 6901.


LaTeX Warning: Reference `p1:eq:base-q-product' on page 80 undefined on input l
ine 6904.


LaTeX Warning: Reference `p1:eq:base-q-product' on page 80 undefined on input l
ine 6941.


LaTeX Warning: Reference `p1:eq:base-q-Prouhet' on page 80 undefined on input l
ine 6956.


LaTeX Warning: Reference `p1:eq:base-q-sharp-moment' on page 80 undefined on in
put line 6960.

[80]

LaTeX Warning: Reference `p1:eq:root-unity-derivative' on page 81 undefined on 
input line 6981.


LaTeX Warning: Reference `p1:eq:base-q-sharp-moment' on page 81 undefined on in
put line 6989.


LaTeX Warning: Reference `p1:eq:first-surviving-moment' on page 81 undefined on
 input line 6991.


LaTeX Warning: Reference `p1:sec:formalization-order' on page 1 undefined on in
put line 7009.


LaTeX Warning: Reference `p1:thm:arbitrary-weights' on page 1 undefined on inpu
t line 7051.


LaTeX Warning: Reference `p1:thm:prouhet-block-extraction' on page 1 undefined 
on input line 7051.


LaTeX Warning: Reference `p1:cor:binomial-moment-composition' on page 1 undefin
ed on input line 7055.


LaTeX Warning: Reference `p1:cor:all-sparse-moments' on page 1 undefined on inp
ut line 7060.

LaTeX Font Info:    Font shape `T1/LibertinusSerif-TLF/m/it' will be
(Font)              scaled to size 10.0pt on input line 7064.

LaTeX Warning: Reference `p1:eq:sinc-log-variance' on page 81 undefined on inpu
t line 7119.


ignored: Infinite glue shrinkage found in box being split [81]
ignored: Infinite glue shrinkage fo
und in box being split [82]
ignored: Infinite glue shrinkage found in box being split [83
]
ignored: Infinite glue shrinkage found in box being split [84]
ignored: Infinite glue shrinkage f
ound in box being split [85]
ignored: Infinite glue shrinkage found in box being split [8
6]
ignored: Infinite glue shrinkage found in box being split [87]
ignored: Infinite glue shrinkage 
found in box being split [88]
ignored: Infinite glue shrinkage found in box being split [
89]

LaTeX Warning: Reference `p1:eq:block-sign' on page 90 undefined on input line 
7158.


LaTeX Warning: Reference `p1:eq:xor-character' on page 90 undefined on input li
ne 7159.


LaTeX Warning: Reference `p1:eq:carry-sign' on page 90 undefined on input line 
7160.


LaTeX Warning: Reference `p1:eq:central-thue-morse' on page 90 undefined on inp
ut line 7161.


LaTeX Warning: Reference `p1:eq:multinomial-support' on page 90 undefined on in
put line 7163.


LaTeX Warning: Reference `p1:eq:signed-Pascal-support' on page 90 undefined on 
input line 7168.


LaTeX Warning: Reference `p1:eq:Mellin-integral' on page 90 undefined on input 
line 7171.


ignored: Infinite glue shrinkage found in box being split [90] [91]

LaTeX Warning: Reference `p1:sec:formalized-modules' on page 1 undefined on inp
ut line 7242.

[92] [93] [94]

LaTeX Warning: Reference `p1:eq:moment-positive-compositions' on page 95 undefi
ned on input line 7382.

[95]

LaTeX Warning: Reference `p1:thm:mod3-rarefaction' on page 1 undefined on input
 line 7438.


LaTeX Warning: Reference `p1:eq:kummer-digit-sum' on page 96 undefined on input
 line 7450.


LaTeX Warning: Reference `p1:eq:carry-sign' on page 96 undefined on input line 
7455.

[96]

Package longtable Warning: Column widths have changed
(longtable)                in table 5 on input line 7540.


LaTeX Warning: Reference `p1:eq:block-sign' on page 97 undefined on input line 
7544.

[97]
Underfull \hbox (badness 10000) in paragraph at lines 7603--7603
[]|\T1/LibertinusSerif-TLF/m/n/10.95 (+20) Second-pass ad-di-
 []


LaTeX Warning: Reference `p1:eq:digit-sum-ogf' on page 98 undefined on input li
ne 7603.

[98] [99] [100] [101

]

LaTeX Warning: Citation `p2:proveit-primary' on page 102 undefined on input lin
e 7936.


LaTeX Warning: Citation `p2:proveit-frontiers' on page 102 undefined on input l
ine 7936.


LaTeX Warning: Citation `p2:proveit-atlas' on page 102 undefined on input line 
7936.


LaTeX Warning: Citation `p2:proveit-fourier' on page 102 undefined on input lin
e 7936.


LaTeX Warning: Citation `p2:proveit-archive' on page 102 undefined on input lin
e 7936.


LaTeX Warning: Reference `p2:app:ledger' on page 1 undefined on input line 7949
.


Underfull \hbox (badness 4531) in paragraph at lines 7980--7980
[]|$\OML/cmm/m/it/10 "[] \OT1/cmr/m/n/10 = (\OMS/cmsy/m/n/10 ^^@\OT1/cmr/m/n/10
 1)[]$\T1/LibertinusSerif-TLF/m/n/10 (+20) , block prod-ucts,
 []


Underfull \hbox (badness 5133) in paragraph at lines 7980--7980
[]|\T1/LibertinusSerif-TLF/m/n/10 (+20) exact val-ues at dyadic ra-tio-nals, $\
OML/cmm/m/it/10 q$\T1/LibertinusSerif-TLF/m/n/10 (+20) -
 []

[102

]

LaTeX Warning: Citation `p2:arias1982' on page 103 undefined on input line 8006
.


LaTeX Warning: Citation `p2:arias2017arith' on page 103 undefined on input line
 8006.


LaTeX Warning: Citation `p2:aistleitner2015' on page 103 undefined on input lin
e 8006.


LaTeX Warning: Citation `p2:toth2022' on page 103 undefined on input line 8006.



LaTeX Warning: Citation `p2:corless1996' on page 103 undefined on input line 80
06.


LaTeX Warning: Citation `p2:allouche2003' on page 103 undefined on input line 8
006.


LaTeX Warning: Reference `p2:eq:Pm' on page 103 undefined on input line 8025.


LaTeX Warning: Reference `p2:thm:finite-sinc' on page 1 undefined on input line
 8037.


LaTeX Warning: Reference `p2:thm:finite-Laplace' on page 1 undefined on input l
ine 8038.

[103]

LaTeX Warning: Citation `p2:proveit-primary' on page 104 undefined on input lin
e 8074.


LaTeX Warning: Citation `p2:arias1982' on page 104 undefined on input line 8074
.


LaTeX Warning: Reference `p2:eq:upFourier' on page 104 undefined on input line 
8080.


LaTeX Warning: Reference `p2:eq:upFourier' on page 104 undefined on input line 
8083.


LaTeX Warning: Reference `p2:eq:Gdef' on page 104 undefined on input line 8083.



LaTeX Warning: Reference `p2:eq:Gdef' on page 104 undefined on input line 8086.



LaTeX Warning: Reference `p2:eq:s0' on page 104 undefined on input line 8104.

[104]
LaTeX Font Info:    Font shape `T1/LibertinusSerif-TLF/b/it' will be
(Font)              scaled to size 10.95pt on input line 8131.


LaTeX Warning: Reference `p2:eq:finite-sinc' on page 105 undefined on input lin
e 8155.


LaTeX Warning: Reference `p2:eq:Pm' on page 105 undefined on input line 8155.


LaTeX Warning: Reference `p2:eq:finite-sinc' on page 105 undefined on input lin
e 8159.


LaTeX Warning: Reference `p2:eq:normalized-TM-Fourier' on page 105 undefined on
 input line 8167.


LaTeX Warning: Reference `p2:eq:normalized-TM-Fourier' on page 105 undefined on
 input line 8174.

[105{C:/Users/vresh/AppData/Local/Programs/MiKTeX/fonts/enc/dvips/libertinus-ty
pe1/lbn1_opzo24.enc}]

LaTeX Warning: Reference `p2:eq:finite-Laplace' on page 106 undefined on input 
line 8211.


LaTeX Warning: Reference `p2:eq:finite-Laplace' on page 106 undefined on input 
line 8219.


LaTeX Warning: Reference `p2:eq:GmQm' on page 106 undefined on input line 8223.



LaTeX Warning: Reference `p2:eq:Q-tail-self' on page 106 undefined on input lin
e 8264.


LaTeX Warning: Reference `p2:eq:upFourier' on page 106 undefined on input line 
8266.


LaTeX Warning: Reference `p2:eq:G-tail-self' on page 106 undefined on input lin
e 8267.

[106]

LaTeX Warning: Reference `p2:eq:full-G-TM' on page 107 undefined on input line 
8287.


LaTeX Warning: Reference `p2:eq:full-Q-TM' on page 107 undefined on input line 
8298.


LaTeX Warning: Reference `p2:eq:logsinc' on page 107 undefined on input line 83
31.

[107]

LaTeX Warning: Reference `p2:eq:Q-domain' on page 108 undefined on input line 8
363.


LaTeX Warning: Reference `p2:prop:tail-self' on page 1 undefined on input line 
8369.


LaTeX Warning: Reference `p2:lem:logsinc' on page 1 undefined on input line 837
0.


LaTeX Warning: Reference `p2:eq:Q-all-orders' on page 108 undefined on input li
ne 8391.

[108]

LaTeX Warning: Reference `p2:eq:Q-all-orders' on page 109 undefined on input li
ne 8435.


LaTeX Warning: Reference `p2:eq:Q-remainder-bound' on page 109 undefined on inp
ut line 8457.


LaTeX Warning: Reference `p2:eq:normalized-TM-Fourier' on page 109 undefined on
 input line 8488.


LaTeX Warning: Reference `p2:eq:Q-domain' on page 109 undefined on input line 8
494.


LaTeX Warning: Reference `p2:eq:Q-remainder-bound' on page 109 undefined on inp
ut line 8496.


LaTeX Warning: Reference `p2:cor:full-TM-factor' on page 1 undefined on input l
ine 8505.


LaTeX Warning: Reference `p2:eq:Qcorrected' on page 109 undefined on input line
 8506.

[109]

LaTeX Warning: Reference `p2:cor:up-Fourier-block' on page 1 undefined on input
 line 8530.


LaTeX Warning: Reference `p2:cor:full-TM-factor' on page 1 undefined on input l
ine 8531.


LaTeX Warning: Reference `p2:eq:Q-all-orders' on page 110 undefined on input li
ne 8539.


LaTeX Warning: Reference `p2:thm:all-orders-Q' on page 1 undefined on input lin
e 8579.


LaTeX Warning: Reference `p2:thm:base-b' on page 1 undefined on input line 8583
.


LaTeX Warning: Reference `p2:eq:base-b' on page 110 undefined on input line 859
2.


LaTeX Warning: Reference `p2:thm:all-orders-Q' on page 1 undefined on input lin
e 8604.

[110]

LaTeX Warning: Reference `p2:eq:GQ' on page 111 undefined on input line 8637.


LaTeX Warning: Reference `p2:eq:Gdef' on page 111 undefined on input line 8640.



LaTeX Warning: Reference `p2:eq:upFourier' on page 111 undefined on input line 
8645.


LaTeX Warning: Reference `p2:eq:GQ' on page 111 undefined on input line 8646.


LaTeX Warning: Reference `p2:eq:GmQm' on page 111 undefined on input line 8646.


[111]

LaTeX Warning: Reference `p2:lem:GQ' on page 1 undefined on input line 8690.


LaTeX Warning: Reference `p2:thm:all-orders-Q' on page 1 undefined on input lin
e 8690.


LaTeX Warning: Reference `p2:thm:G-all-orders' on page 1 undefined on input lin
e 8704.


LaTeX Warning: Reference `p2:thm:all-orders-Q' on page 1 undefined on input lin
e 8715.


LaTeX Warning: Reference `p2:eq:G-all-orders' on page 112 undefined on input li
ne 8719.


LaTeX Warning: Reference `p2:thm:Q-remainder' on page 1 undefined on input line
 8730.


LaTeX Warning: Reference `p2:thm:Q-remainder' on page 1 undefined on input line
 8734.


LaTeX Warning: Reference `p2:eq:G-all-orders' on page 112 undefined on input li
ne 8739.


LaTeX Warning: Reference `p2:eq:G-rem' on page 112 undefined on input line 8761
.


LaTeX Warning: Reference `p2:eq:full-G-TM' on page 112 undefined on input line 
8766.


LaTeX Warning: Reference `p2:thm:G-all-orders' on page 1 undefined on input lin
e 8767.


LaTeX Warning: Reference `p2:thm:G-TM-all' on page 1 undefined on input line 87
70.

[112]

LaTeX Warning: Reference `p2:eq:G-TM-all' on page 113 undefined on input line 8
778.


Package hyperref Warning: Token not allowed in a PDF string (Unicode):
(hyperref)                removing `math shift' on input line 8784.


Package hyperref Warning: Token not allowed in a PDF string (Unicode):
(hyperref)                removing `math shift' on input line 8784.


Package hyperref Warning: Token not allowed in a PDF string (Unicode):
(hyperref)                removing `math shift' on input line 8787.


Package hyperref Warning: Token not allowed in a PDF string (Unicode):
(hyperref)                removing `superscript' on input line 8787.


Package hyperref Warning: Token not allowed in a PDF string (Unicode):
(hyperref)                removing `math shift' on input line 8787.


LaTeX Warning: Reference `p2:eq:Q-tail-self' on page 113 undefined on input lin
e 8789.


LaTeX Warning: Reference `p2:eq:weights' on page 113 undefined on input line 88
27.


LaTeX Warning: Reference `p2:eq:weights-Lagrange' on page 113 undefined on inpu
t line 8850.


LaTeX Warning: Reference `p2:eq:weights' on page 113 undefined on input line 88
51.


LaTeX Warning: Reference `p2:eq:first-uncancelled' on page 113 undefined on inp
ut line 8855.


LaTeX Warning: Reference `p2:eq:weights-Lagrange' on page 113 undefined on inpu
t line 8862.


LaTeX Warning: Reference `p2:eq:moment-cancel' on page 113 undefined on input l
ine 8867.


LaTeX Warning: Reference `p2:eq:first-uncancelled' on page 113 undefined on inp
ut line 8869.


LaTeX Warning: Reference `p2:eq:weights' on page 113 undefined on input line 88
71.

[113]

LaTeX Warning: Reference `p2:eq:weights' on page 114 undefined on input line 88
90.


Underfull \hbox (badness 1033) in paragraph at lines 8888--8903
\T1/LibertinusSerif-TLF/m/n/10.95 (+20) o-rem. The the-o-rem \T1/LibertinusMono
-TLF/m/n/10.95 reversed_finite_qBinomial_theorem \T1/LibertinusSerif-TLF/m/n/10
.95 (+20) proves the denominator-free
 []


LaTeX Warning: Reference `p2:thm:qRichardson' on page 1 undefined on input line
 8940.

[114]

LaTeX Warning: Reference `p2:eq:normalized-TM-Fourier' on page 115 undefined on
 input line 8966.


LaTeX Warning: Reference `p2:eq:Rmp' on page 115 undefined on input line 8966.


LaTeX Warning: Reference `p2:eq:Hseries' on page 115 undefined on input line 89
72.


LaTeX Warning: Reference `p2:eq:Rmp' on page 115 undefined on input line 8972.


LaTeX Warning: Reference `p2:eq:first-uncancelled' on page 115 undefined on inp
ut line 8980.


LaTeX Warning: Reference `p2:thm:qRichardson' on page 1 undefined on input line
 9002.


LaTeX Warning: Reference `p2:cor:Richardson-bound' on page 1 undefined on input
 line 9002.

[115]

LaTeX Warning: Reference `p2:eq:Qcorrected' on page 116 undefined on input line
 9022.


LaTeX Warning: Reference `p2:eq:Rmp' on page 116 undefined on input line 9023.


LaTeX Warning: Reference `p2:eq:density-deconv' on page 116 undefined on input 
line 9067.


LaTeX Warning: Reference `p2:eq:density-deconv' on page 116 undefined on input 
line 9070.


LaTeX Warning: Reference `p2:eq:random-tail' on page 116 undefined on input lin
e 9104.


LaTeX Warning: Reference `p2:eq:random-tail' on page 116 undefined on input lin
e 9109.

[116]

LaTeX Warning: Reference `p2:eq:Q-all-orders' on page 117 undefined on input li
ne 9143.


LaTeX Warning: Reference `p2:eq:cumulants' on page 117 undefined on input line 
9147.


LaTeX Warning: Reference `p2:eq:cumulants-first' on page 117 undefined on input
 line 9163.

[117]

LaTeX Warning: Reference `p2:eq:random-tail' on page 118 undefined on input lin
e 9203.


LaTeX Warning: Reference `p2:thm:weak-expansion' on page 1 undefined on input l
ine 9209.


LaTeX Warning: Reference `p2:cor:distributional' on page 1 undefined on input l
ine 9250.


LaTeX Warning: Reference `p2:thm:weak-expansion' on page 1 undefined on input l
ine 9251.

[118]

LaTeX Warning: Reference `p2:eq:distributional' on page 119 undefined on input 
line 9261.


Package hyperref Warning: Token not allowed in a PDF string (Unicode):
(hyperref)                removing `math shift' on input line 9265.


Package hyperref Warning: Token not allowed in a PDF string (Unicode):
(hyperref)                removing `math shift' on input line 9265.


LaTeX Warning: Reference `p2:eq:lambda' on page 119 undefined on input line 927
1.


LaTeX Warning: Reference `p2:eq:s0' on page 119 undefined on input line 9271.


LaTeX Warning: Reference `p2:eq:tail-orders' on page 119 undefined on input lin
e 9324.


LaTeX Warning: Reference `p2:eq:G-all-orders' on page 119 undefined on input li
ne 9324.


LaTeX Warning: Reference `p2:eq:u-window' on page 119 undefined on input line 9
333.


LaTeX Warning: Reference `p2:eq:mraw' on page 119 undefined on input line 9335.



LaTeX Warning: Reference `p2:eq:mctr' on page 119 undefined on input line 9335.



LaTeX Warning: Reference `p2:thm:depth-law' on page 1 undefined on input line 9
338.


LaTeX Warning: Reference `p2:lem:GQ' on page 1 undefined on input line 9343.


LaTeX Warning: Reference `p2:eq:u-window' on page 119 undefined on input line 9
345.

[119]

LaTeX Warning: Reference `p2:lem:GQ' on page 1 undefined on input line 9352.


LaTeX Warning: Reference `p2:eq:G-rem' on page 120 undefined on input line 9366
.


LaTeX Warning: Reference `p2:eq:G-TM-all' on page 120 undefined on input line 9
372.

[120]

LaTeX Warning: Citation `p2:proveit-atlas' on page 121 undefined on input line 
9415.


LaTeX Warning: Citation `p2:toth2022' on page 121 undefined on input line 9415.



LaTeX Warning: Reference `p2:eq:D-Mellin' on page 121 undefined on input line 9
419.


LaTeX Warning: Reference `p2:eq:D-dyadic' on page 121 undefined on input line 9
426.


LaTeX Warning: Reference `p2:eq:Dzeros' on page 121 undefined on input line 943
0.


LaTeX Warning: Reference `p2:eq:gammaTM' on page 121 undefined on input line 94
49.


LaTeX Warning: Reference `p2:eq:D-Mellin' on page 121 undefined on input line 9
480.


LaTeX Warning: Reference `p2:eq:gamma-Mellin' on page 121 undefined on input li
ne 9481.


LaTeX Warning: Reference `p2:eq:D-dyadic' on page 121 undefined on input line 9
483.


LaTeX Warning: Reference `p2:eq:Dzeros' on page 121 undefined on input line 948
5.


LaTeX Warning: Reference `p2:eq:gamma-dyadic' on page 121 undefined on input li
ne 9493.

[121]

LaTeX Warning: Reference `p2:eq:Dzeros' on page 122 undefined on input line 950
4.


LaTeX Warning: Reference `p2:eq:gamma-differential' on page 122 undefined on in
put line 9505.


LaTeX Warning: Reference `p2:eq:gamma-iterated' on page 122 undefined on input 
line 9506.


LaTeX Warning: Reference `p2:thm:gamma-tower' on page 1 undefined on input line
 9530.


LaTeX Warning: Reference `p2:eq:gamma-Mellin' on page 122 undefined on input li
ne 9571.


LaTeX Warning: Reference `p2:eq:WR-gamma' on page 122 undefined on input line 9
578.

[122]

LaTeX Warning: Reference `p2:eq:gamma-iterated' on page 123 undefined on input 
line 9591.


LaTeX Warning: Reference `p2:thm:gamma-tower' on page 1 undefined on input line
 9592.


LaTeX Warning: Reference `p2:eq:gamma-differential' on page 123 undefined on in
put line 9600.


LaTeX Warning: Reference `p2:eq:finite-sinc' on page 123 undefined on input lin
e 9621.


LaTeX Warning: Reference `p2:eq:finite-sinc' on page 123 undefined on input lin
e 9622.


LaTeX Warning: Reference `p2:eq:finite-sinc' on page 123 undefined on input lin
e 9623.


LaTeX Warning: Reference `p2:eq:finite-sinc' on page 123 undefined on input lin
e 9624.


LaTeX Warning: Reference `p2:eq:finite-Laplace' on page 123 undefined on input 
line 9625.


LaTeX Warning: Reference `p2:eq:finite-Laplace' on page 123 undefined on input 
line 9626.


LaTeX Warning: Reference `p2:eq:finite-Laplace' on page 123 undefined on input 
line 9627.

<assets/Fabius_Rvachev_Thue_Morse_Frontier_Results/figures/spectral_convergence
.png, id=1368, 592.2855pt x 375.804pt>
File: assets/Fabius_Rvachev_Thue_Morse_Frontier_Results/figures/spectral_conver
gence.png Graphic file (type png)
<use assets/Fabius_Rvachev_Thue_Morse_Frontier_Results/figures/spectral_converg
ence.png>
Package pdftex.def Info: assets/Fabius_Rvachev_Thue_Morse_Frontier_Results/figu
res/spectral_convergence.png  used on input line 9637.
(pdftex.def)             Requested size: 430.54765pt x 273.18204pt.

LaTeX Warning: Reference `p2:thm:qRichardson' on page 1 undefined on input line
 9640.


LaTeX Warning: Reference `p2:cor:arbitrary-Q' on page 1 undefined on input line
 9640.


LaTeX Warning: Reference `p2:thm:qRichardson' on page 1 undefined on input line
 9640.


LaTeX Warning: Reference `p2:cor:arbitrary-Q' on page 1 undefined on input line
 9640.

[123]

LaTeX Warning: Reference `p2:thm:weak-expansion' on page 1 undefined on input l
ine 9665.

[124 <./assets/Fabius_Rvachev_Thue_Morse_Frontier_Results/figures/spectral_conv
ergence.png>]

LaTeX Warning: Reference `p2:eq:G-rem' on page 125 undefined on input line 9701
.

<assets/Fabius_Rvachev_Thue_Morse_Frontier_Results/figures/lambert_truncation.p
ng, id=1386, 592.2855pt x 368.577pt>
File: assets/Fabius_Rvachev_Thue_Morse_Frontier_Results/figures/lambert_truncat
ion.png Graphic file (type png)
<use assets/Fabius_Rvachev_Thue_Morse_Frontier_Results/figures/lambert_truncati
on.png>
Package pdftex.def Info: assets/Fabius_Rvachev_Thue_Morse_Frontier_Results/figu
res/lambert_truncation.png  used on input line 9713.
(pdftex.def)             Requested size: 430.54765pt x 267.92853pt.

LaTeX Warning: Reference `p2:thm:depth-law' on page 1 undefined on input line 9
716.


LaTeX Warning: Reference `p2:thm:depth-law' on page 1 undefined on input line 9
716.

[125 <./assets/Fabius_Rvachev_Thue_Morse_Frontier_Results/figures/lambert_trunc
ation.png>]

LaTeX Warning: Reference `p2:thm:finite-sinc' on page 126 undefined on input li
ne 9731.


Package hyperref Warning: Token not allowed in a PDF string (Unicode):
(hyperref)                removing `math shift' on input line 9754.


Package hyperref Warning: Token not allowed in a PDF string (Unicode):
(hyperref)                removing `math shift' on input line 9754.


Package hyperref Warning: Token not allowed in a PDF string (Unicode):
(hyperref)                removing `math shift' on input line 9769.


Package hyperref Warning: Token not allowed in a PDF string (Unicode):
(hyperref)                removing `\new@ifnextchar' on input line 9769.


Package hyperref Warning: Token not allowed in a PDF string (Unicode):
(hyperref)                removing `math shift' on input line 9769.


LaTeX Warning: Reference `p2:eq:weak-expansion' on page 126 undefined on input 
line 9776.


LaTeX Warning: Reference `p2:eq:G-TM-all' on page 126 undefined on input line 9
785.


LaTeX Warning: Reference `p2:eq:mctr' on page 126 undefined on input line 9789.


[126

]

LaTeX Warning: Reference `p2:sec:gamma-tower' on page 1 undefined on input line
 9805.


LaTeX Warning: Reference `p2:sec:richardson' on page 1 undefined on input line 
9805.


LaTeX Warning: Reference `p2:sec:zeta-tail' on page 1 undefined on input line 9
805.


LaTeX Warning: Reference `p2:sec:bridges' on page 1 undefined on input line 980
5.


LaTeX Warning: Reference `p2:sec:objects' on page 1 undefined on input line 980
5.


LaTeX Warning: Reference `p2:thm:qRichardson' on page 1 undefined on input line
 9822.


LaTeX Warning: Reference `p2:eq:Pm' on page 127 undefined on input line 9835.


LaTeX Warning: Reference `p2:eq:finite-sinc' on page 127 undefined on input lin
e 9838.


LaTeX Warning: Reference `p2:eq:finite-Laplace' on page 127 undefined on input 
line 9838.


LaTeX Warning: Reference `p2:eq:Q-tail-self' on page 127 undefined on input lin
e 9844.


LaTeX Warning: Reference `p2:eq:G-tail-self' on page 127 undefined on input lin
e 9844.


LaTeX Warning: Reference `p2:eq:weights-Lagrange' on page 127 undefined on inpu
t line 9848.


LaTeX Warning: Reference `p2:eq:moment-cancel' on page 127 undefined on input l
ine 9849.


LaTeX Warning: Reference `p2:eq:first-uncancelled' on page 127 undefined on inp
ut line 9849.


LaTeX Warning: Reference `p2:eq:weights' on page 127 undefined on input line 98
50.

[127]
Underfull \hbox (badness 10000) in alignment at lines 9877--9881
[] [] []
 []


Underfull \hbox (badness 10000) in alignment at lines 9881--9885
[] [] []
 []


LaTeX Warning: Reference `p2:eq:Pm' on page 128 undefined on input line 9887.


Underfull \hbox (badness 10000) in paragraph at lines 9886--9887
[]|\T1/LibertinusSerif-TLF/m/n/10 (+20) Finite Thue--Morse
 []


LaTeX Warning: Reference `p2:eq:finite-sinc' on page 128 undefined on input lin
e 9891.


LaTeX Warning: Reference `p2:eq:finite-Laplace' on page 128 undefined on input 
line 9900.


LaTeX Warning: Reference `p2:eq:Q-tail-self' on page 128 undefined on input lin
e 9908.


LaTeX Warning: Reference `p2:eq:G-tail-self' on page 128 undefined on input lin
e 9908.


Underfull \hbox (badness 10000) in paragraph at lines 9907--9908
[]|\T1/LibertinusSerif-TLF/m/n/10 (+20) Exact tail self-
 []


Underfull \hbox (badness 7722) in paragraph at lines 9908--9909
[]|\T1/LibertinusSerif-TLF/m/n/10 (+20) convergence of in-fi-nite
 []


LaTeX Warning: Reference `p2:eq:logsinc' on page 128 undefined on input line 99
12.


Underfull \hbox (badness 1910) in paragraph at lines 9912--9912
[]|\T1/LibertinusSerif-TLF/m/n/10 (+20) local an-a-lytic log-a-rithm,
 []


LaTeX Warning: Reference `p2:eq:Q-all-orders' on page 128 undefined on input li
ne 9915.


LaTeX Warning: Reference `p2:eq:Q-remainder-bound' on page 128 undefined on inp
ut line 9917.


LaTeX Warning: Reference `p2:eq:weights' on page 128 undefined on input line 99
21.


LaTeX Warning: Reference `p2:eq:first-uncancelled' on page 128 undefined on inp
ut line 9921.


LaTeX Warning: Reference `p2:eq:random-tail' on page 128 undefined on input lin
e 9936.


LaTeX Warning: Reference `p2:eq:weak-expansion' on page 128 undefined on input 
line 9941.


Underfull \hbox (badness 1478) in paragraph at lines 9941--9941
\T1/LibertinusSerif-TLF/m/n/10 (+20) main-der, ex-pec-ta-tion in-
 []


LaTeX Warning: Reference `p2:eq:mraw' on page 128 undefined on input line 9944.



LaTeX Warning: Reference `p2:eq:mctr' on page 128 undefined on input line 9944.



Underfull \hbox (badness 7685) in paragraph at lines 9943--9944
[]|\T1/LibertinusSerif-TLF/m/n/10 (+20) Lambert depth law
 []


LaTeX Warning: Reference `p2:eq:gamma-Mellin' on page 128 undefined on input li
ne 9948.


LaTeX Warning: Reference `p2:eq:gamma-iterated' on page 128 undefined on input 
line 9948.


Underfull \hbox (badness 10000) in paragraph at lines 9948--9949
[]|\T1/LibertinusSerif-TLF/m/n/10 (+20) reciprocal-Gamma first
 []


Underfull \hbox (badness 10000) in paragraph at lines 9948--9949
\T1/LibertinusSerif-TLF/m/n/10 (+20) jets, At-las Dirich-let
 []


Underfull \hbox (badness 5893) in paragraph at lines 9948--9949
\T1/LibertinusSerif-TLF/m/n/10 (+20) con-tin-u-a-tion, pa-ram-e-ter
 []


LaTeX Warning: Reference `p2:eq:gamma-differential' on page 128 undefined on in
put line 9956.


LaTeX Warning: Reference `p2:eq:gamma-iterated' on page 128 undefined on input 
line 9956.


Underfull \hbox (badness 10000) in alignment at lines 9885--9959
[] [] []
 []


ignored: Infinite glue shrinkage found in box being split [128] [129]

LaTeX Warning: Reference `p2:eq:G-tail-self' on page 130 undefined on input lin
e 10033.


LaTeX Warning: Reference `p2:eq:density-deconv' on page 130 undefined on input 
line 10045.


LaTeX Warning: Reference `p2:eq:random-tail' on page 130 undefined on input lin
e 10047.


LaTeX Warning: Reference `p2:sec:probability' on page 1 undefined on input line
 10048.


LaTeX Warning: Reference `p2:eq:cumulant-operator' on page 130 undefined on inp
ut line 10070.


LaTeX Warning: Reference `p2:eq:cumulant-operator' on page 130 undefined on inp
ut line 10081.

[130]

LaTeX Warning: Reference `p2:thm:depth-law' on page 1 undefined on input line 1
0105.


LaTeX Warning: Reference `p2:eq:G-rem' on page 131 undefined on input line 1012
2.


LaTeX Warning: Reference `p2:eq:distributional' on page 131 undefined on input 
line 10130.

[131]

LaTeX Warning: Reference `p2:eq:gamma-dyadic' on page 132 undefined on input li
ne 10155.


LaTeX Warning: Reference `p2:eq:gamma-differential' on page 132 undefined on in
put line 10156.


LaTeX Warning: Reference `p2:eq:base-b' on page 132 undefined on input line 101
67.

[132] [133]

LaTeX Warning: Reference `p2:eq:Richardson-leading' on page 134 undefined on in
put line 10289.

[134

]
(C:\Users\vresh\AppData\Local\Programs\MiKTeX\tex/latex/listings\lstlang1.sty
File: lstlang1.sty 2025/11/14 1.11b listings language file
)
Package hyperref Info: bookmark level for unknown lstlisting defaults to 0 on i
nput line 10319.
LaTeX Font Info:    Font shape `T1/LibertinusMono-TLF/b/n' will be
(Font)              scaled to size 8.50006pt on input line 10322.
Package microtype Info: Character `guilsinglleft ' is missing
(microtype)             in font `T1/LibertinusMono-TLF/b/n/10'.
(microtype)             Ignoring protrusion settings for this character.
Package microtype Info: Character `guilsinglright ' is missing
(microtype)             in font `T1/LibertinusMono-TLF/b/n/10'.
(microtype)             Ignoring protrusion settings for this character.
LaTeX Font Info:    Font shape `T1/LibertinusMono-TLF/m/it' will be
(Font)              scaled to size 8.50006pt on input line 10334.
Package microtype Info: Character `guilsinglleft ' is missing
(microtype)             in font `T1/LibertinusMono-TLF/m/it/10'.
(microtype)             Ignoring protrusion settings for this character.
Package microtype Info: Character `guilsinglright ' is missing
(microtype)             in font `T1/LibertinusMono-TLF/m/it/10'.
(microtype)             Ignoring protrusion settings for this character.

[135]
Underfull \hbox (badness 6236) in paragraph at lines 10388--10390
[]|\T1/LibertinusSerif-TLF/m/n/10.95 (+20) Primary syn-the-sis: nor-mal-iza-tio
n, prob-a-bil-ity,
 []


ignored: Infinite glue shrinkage found in box being split [136]
Underfull \hbox (badness 10000) in paragraph at lines 10469--10470
[]|\T1/LibertinusSerif-TLF/m/n/10.95 (+20) Primary sup-ple-
 []


ignored: Infinite glue shrinkage found in box being split [137] [138] [139] [140

]

LaTeX Warning: Reference `p1:sec:prefix-fabius' on page 1 undefined on input li
ne 10731.


LaTeX Warning: Reference `p3:a:eq:main-diagonal' on page 141 undefined on input
 line 10780.

[141]

LaTeX Warning: Reference `p3:ch:riordan' on page 1 undefined on input line 1081
1.


LaTeX Warning: Reference `p3:ch:sheffer' on page 1 undefined on input line 1082
4.


LaTeX Warning: Reference `p3:ch:arithmetic' on page 1 undefined on input line 1
0829.


LaTeX Warning: Reference `p3:ch:roots' on page 1 undefined on input line 10841.



LaTeX Warning: Reference `p3:ch:rows' on page 1 undefined on input line 10849.


LaTeX Warning: Reference `p3:ch:blocks' on page 1 undefined on input line 10849
.


LaTeX Warning: Reference `p3:ch:fabius' on page 1 undefined on input line 10851
.


LaTeX Warning: Reference `p3:ch:algorithms' on page 1 undefined on input line 1
0855.


LaTeX Warning: Reference `p1:eq:normalizations' on page 142 undefined on input 
line 10868.


LaTeX Warning: Reference `p1:eq:eps-recursion' on page 142 undefined on input l
ine 10870.


LaTeX Warning: Reference `p1:eq:E-T-definitions' on page 142 undefined on input
 line 10872.

[142]

LaTeX Warning: Reference `p1:thm:infinite-product' on page 1 undefined on input
 line 10878.


LaTeX Warning: Reference `p3:eq:E-product' on page 143 undefined on input line 
10879.


LaTeX Warning: Reference `p1:cor:mahler-equations' on page 1 undefined on input
 line 10886.


LaTeX Warning: Citation `p3:allouche-shallit-book' on page 143 undefined on inp
ut line 10887.


LaTeX Warning: Reference `p1:eq:prefix-definitions' on page 143 undefined on in
put line 10892.


LaTeX Warning: Reference `p1:thm:exact-prefix' on page 1 undefined on input lin
e 10893.


LaTeX Warning: Reference `p1:eq:prefix-generating-first' on page 143 undefined 
on input line 10900.


LaTeX Warning: Reference `p1:eq:iterated-prefix-definition' on page 143 undefin
ed on input line 10910.


LaTeX Warning: Reference `p1:thm:iterated-prefix-convolution' on page 1 undefin
ed on input line 10917.


LaTeX Warning: Reference `p1:thm:terminal-zero-run' on page 1 undefined on inpu
t line 10929.


LaTeX Warning: Reference `p1:cor:iterated-prefix-reverse-window' on page 1 unde
fined on input line 10931.


LaTeX Warning: Reference `p3:ch:blocks' on page 1 undefined on input line 10932
.


LaTeX Warning: Citation `p3:bertazzon' on page 143 undefined on input line 1093
5.


LaTeX Warning: Reference `p3:a:eq:weighted-recurrence' on page 143 undefined on
 input line 10946.


LaTeX Warning: Reference `p3:a:eq:weighted-recurrence' on page 143 undefined on
 input line 10951.

[143]

LaTeX Warning: Reference `p3:eq:prefix-gf' on page 144 undefined on input line 
10968.


LaTeX Warning: Reference `p3:a:eq:kernel-gf' on page 144 undefined on input lin
e 10969.


LaTeX Warning: Reference `p3:eq:Mahler' on page 144 undefined on input line 109
71.


LaTeX Warning: Reference `p3:a:eq:row-gf' on page 144 undefined on input line 1
0993.


LaTeX Warning: Reference `p3:eq:inclusive-prefix-convolution' on page 144 undef
ined on input line 10995.


LaTeX Warning: Reference `p3:ch:rows' on page 1 undefined on input line 11008.


LaTeX Warning: Reference `p3:b:eq:row-ratio' on page 144 undefined on input lin
e 11051.


LaTeX Warning: Reference `p3:b:eq:local-pde' on page 144 undefined on input lin
e 11055.


LaTeX Warning: Reference `p3:a:eq:weighted-recurrence' on page 144 undefined on
 input line 11057.


LaTeX Warning: Reference `p3:a:eq:row-gf' on page 144 undefined on input line 1
1061.

[144]

LaTeX Warning: Reference `p3:a:eq:bivariate-diagonal' on page 145 undefined on 
input line 11089.


LaTeX Warning: Reference `p3:a:eq:general-order-polynomial' on page 145 undefin
ed on input line 11141.

[145]

LaTeX Warning: Reference `p3:a:eq:general-deflation-hypothesis' on page 146 und
efined on input line 11163.


LaTeX Warning: Reference `p3:a:eq:general-U' on page 146 undefined on input lin
e 11164.


LaTeX Warning: Reference `p3:eq:Mahler' on page 146 undefined on input line 111
72.


LaTeX Warning: Reference `p3:a:eq:main-diagonal' on page 146 undefined on input
 line 11180.


LaTeX Warning: Reference `p3:a:eq:main-table-answer' on page 146 undefined on i
nput line 11181.


LaTeX Warning: Reference `p3:a:eq:row-prefix-identification' on page 146 undefi
ned on input line 11193.


LaTeX Warning: Reference `p3:a:eq:row-gf' on page 146 undefined on input line 1
1208.


LaTeX Warning: Citation `p3:shapiro' on page 146 undefined on input line 11221.



LaTeX Warning: Citation `p3:sprugnoli' on page 146 undefined on input line 1122
1.

[146]

LaTeX Warning: Reference `p3:b:eq:general-subdiagonal' on page 147 undefined on
 input line 11300.

[147]

LaTeX Warning: Citation `p3:roman' on page 148 undefined on input line 11343.


LaTeX Warning: Reference `p3:b:eq:riordan-pair' on page 148 undefined on input 
line 11348.


LaTeX Warning: Reference `p3:b:eq:general-subdiagonal' on page 148 undefined on
 input line 11364.


LaTeX Warning: Reference `p3:a:eq:main-diagonal' on page 148 undefined on input
 line 11365.


LaTeX Warning: Reference `p3:a:eq:Sheffer-egf' on page 148 undefined on input l
ine 11366.


LaTeX Warning: Reference `p3:b:thm:general-riordan-diagonal' on page 1 undefine
d on input line 11366.


LaTeX Warning: Reference `p3:a:eq:leading-coefficient' on page 148 undefined on
 input line 11368.


LaTeX Warning: Reference `p3:b:eq:riordan-inverse' on page 148 undefined on inp
ut line 11369.


LaTeX Warning: Reference `p3:a:eq:bivariate-diagonal' on page 148 undefined on 
input line 11372.


LaTeX Warning: Reference `p3:b:eq:general-cumulants' on page 148 undefined on i
nput line 11374.


LaTeX Warning: Reference `p3:ch:sheffer' on page 1 undefined on input line 1137
5.


LaTeX Warning: Reference `p3:b:eq:general-lowering' on page 148 undefined on in
put line 11376.


LaTeX Warning: Reference `p3:a:eq:main-diagonal' on page 148 undefined on input
 line 11383.

[148]

LaTeX Warning: Reference `p3:a:eq:main-diagonal' on page 149 undefined on input
 line 11447.

[149]

LaTeX Warning: Reference `p3:a:eq:stirling-rising' on page 150 undefined on inp
ut line 11486.


LaTeX Warning: Reference `p3:a:eq:main-diagonal' on page 150 undefined on input
 line 11487.


LaTeX Warning: Reference `p3:a:eq:top-three-layers' on page 150 undefined on in
put line 11504.


LaTeX Warning: Reference `p3:a:eq:top-three-layers' on page 1 undefined on inpu
t line 11537.


LaTeX Warning: Reference `p3:a:eq:top-three-layers' on page 1 undefined on inpu
t line 11537.


LaTeX Warning: Reference `p3:a:eq:leading-coefficient' on page 1 undefined on i
nput line 11537.


LaTeX Warning: Reference `p3:a:eq:all-monomial-coefficients' on page 1 undefine
d on input line 11555.

[150]

LaTeX Warning: Reference `p3:a:eq:subset-diagonal' on page 151 undefined on inp
ut line 11580.


LaTeX Warning: Reference `p3:a:eq:main-diagonal' on page 151 undefined on input
 line 11580.

[151]

LaTeX Warning: Citation `p3:roman' on page 152 undefined on input line 11649.


LaTeX Warning: Reference `p3:a:eq:Sheffer-egf' on page 152 undefined on input l
ine 11650.

[152]

LaTeX Warning: Reference `p3:a:eq:ruler-logarithm' on page 153 undefined on inp
ut line 11759.


LaTeX Warning: Reference `p3:a:eq:ruler-logarithm' on page 153 undefined on inp
ut line 11795.


LaTeX Warning: Citation `p3:comtet' on page 153 undefined on input line 11808.


LaTeX Warning: Reference `p3:a:eq:ruler-recurrence' on page 153 undefined on in
put line 11809.


LaTeX Warning: Reference `p3:a:eq:Bell-form' on page 153 undefined on input lin
e 11809.


LaTeX Warning: Reference `p3:a:eq:Bell-form' on page 153 undefined on input lin
e 11813.


LaTeX Warning: Reference `p3:a:eq:ruler-logarithm' on page 153 undefined on inp
ut line 11815.

[153]

LaTeX Warning: Reference `p3:a:eq:Bell-form' on page 154 undefined on input lin
e 11846.


LaTeX Warning: Reference `p3:b:eq:newton-determinant' on page 154 undefined on 
input line 11846.


LaTeX Warning: Reference `p3:a:eq:iterated-half-step' on page 154 undefined on 
input line 11851.


LaTeX Warning: Reference `p3:b:eq:local-pde' on page 154 undefined on input lin
e 11878.

[154]

LaTeX Warning: Reference `p3:c:eq:diag-mahler' on page 1 undefined on input lin
e 11914.


LaTeX Warning: Reference `p3:c:eq:binary-diag-rec' on page 1 undefined on input
 line 11916.


LaTeX Warning: Reference `p3:a:eq:main-diagonal' on page 155 undefined on input
 line 11954.

[155]

LaTeX Warning: Reference `p3:a:eq:leading-coefficient' on page 156 undefined on
 input line 11984.


LaTeX Warning: Reference `p3:b:thm:primitive' on page 1 undefined on input line
 12014.


LaTeX Warning: Reference `p3:b:eq:denominator' on page 156 undefined on input l
ine 12018.


LaTeX Warning: Reference `p3:b:eq:Q-leading' on page 156 undefined on input lin
e 12060.

[156]

LaTeX Warning: Reference `p3:a:eq:Sheffer-egf' on page 1 undefined on input lin
e 12120.


LaTeX Warning: Reference `p3:eq:Mahler' on page 1 undefined on input line 12120
.

[157]

LaTeX Warning: Reference `p3:a:eq:polynomial-interpolation-interpretation' on p
age 158 undefined on input line 12167.


LaTeX Warning: Reference `p3:a:eq:half-root-criterion' on page 158 undefined on
 input line 12193.


LaTeX Warning: Reference `p3:a:eq:D7' on page 158 undefined on input line 12213
.


LaTeX Warning: Reference `p3:a:eq:Qh-definition-preview' on page 158 undefined 
on input line 12233.


LaTeX Warning: Reference `p3:ch:blocks' on page 1 undefined on input line 12236
.


LaTeX Warning: Reference `p3:b:thm:rational-root-half' on page 1 undefined on i
nput line 12237.

[158]

LaTeX Warning: Reference `p3:a:eq:general-support' on page 1 undefined on input
 line 12244.


LaTeX Warning: Reference `p3:c:eq:transposition' on page 1 undefined on input l
ine 12244.


LaTeX Warning: Reference `p3:a:thm:half-root' on page 1 undefined on input line
 12244.


LaTeX Warning: Reference `p3:b:thm:rational-root-half' on page 1 undefined on i
nput line 12248.


LaTeX Warning: Reference `p3:c:eq:root-count' on page 1 undefined on input line
 12303.


LaTeX Warning: Reference `p3:c:eq:mersenne-roots' on page 1 undefined on input 
line 12307.


LaTeX Warning: Reference `p3:c:eq:near-mersenne-chain' on page 1 undefined on i
nput line 12315.


LaTeX Warning: Reference `p3:b:thm:rational-root-half' on page 1 undefined on i
nput line 12326.

[159]

LaTeX Warning: Reference `p3:a:eq:negative-half-formula' on page 160 undefined 
on input line 12379.


LaTeX Warning: Reference `p3:a:eq:x-minus-two-root' on page 160 undefined on in
put line 12393.


LaTeX Warning: Reference `p3:a:eq:negative-half-formula' on page 160 undefined 
on input line 12396.


LaTeX Warning: Reference `p3:a:cor:valuation-roots' on page 1 undefined on inpu
t line 12415.

[160]

LaTeX Warning: Reference `p3:b:eq:negative-half-value' on page 161 undefined on
 input line 12444.


LaTeX Warning: Reference `p3:c:eq:mersenne-factor' on page 1 undefined on input
 line 12467.


LaTeX Warning: Reference `p3:eq:Mahler' on page 1 undefined on input line 12478
.

[161]

LaTeX Warning: Reference `p1:eq:eps-recursion' on page 1 undefined on input lin
e 12501.


LaTeX Warning: Reference `p3:c:eq:negative-coeff' on page 1 undefined on input 
line 12502.


LaTeX Warning: Reference `p3:c:eq:negative-paired' on page 1 undefined on input
 line 12513.


LaTeX Warning: Reference `p3:c:thm:negative-family' on page 1 undefined on inpu
t line 12519.


LaTeX Warning: Reference `p3:ch:future' on page 1 undefined on input line 12521
.

[162]

LaTeX Warning: Reference `p3:eq:inclusive-prefix-convolution' on page 163 undef
ined on input line 12622.


LaTeX Warning: Reference `p3:a:eq:Qh-definition' on page 163 undefined on input
 line 12622.


LaTeX Warning: Reference `p3:a:eq:Qh-definition' on page 163 undefined on input
 line 12630.

[163]

LaTeX Warning: Reference `p3:a:eq:general-distinct' on page 164 undefined on in
put line 12668.


LaTeX Warning: Reference `p3:a:eq:general-complement' on page 164 undefined on 
input line 12673.


LaTeX Warning: Citation `p3:reshetnikov-mse' on page 164 undefined on input lin
e 12679.


LaTeX Warning: Reference `p3:a:eq:block-factorization' on page 164 undefined on
 input line 12680.


LaTeX Warning: Reference `p3:a:eq:Qh-definition' on page 164 undefined on input
 line 12700.


LaTeX Warning: Reference `p3:ch:fabius' on page 1 undefined on input line 12707
.

[164]

LaTeX Warning: Reference `p3:a:eq:row-gf' on page 165 undefined on input line 1
2722.


LaTeX Warning: Reference `p3:a:eq:row-block-factorization' on page 165 undefine
d on input line 12755.

[165]

LaTeX Warning: Reference `p3:a:eq:row-complement' on page 166 undefined on inpu
t line 12846.


LaTeX Warning: Reference `p3:a:eq:general-complement' on page 166 undefined on 
input line 12852.


LaTeX Warning: Reference `p3:a:eq:row-mirror' on page 166 undefined on input li
ne 12856.


LaTeX Warning: Reference `p3:a:eq:row-complement' on page 166 undefined on inpu
t line 12857.


LaTeX Warning: Reference `p3:a:eq:quarter-value' on page 166 undefined on input
 line 12861.


LaTeX Warning: Reference `p3:a:fig:row-profiles' on page 166 undefined on input
 line 12889.


LaTeX Warning: Citation `p3:bertazzon' on page 166 undefined on input line 1290
0.

[166]
<assets/diagonal-laws/figures/a_row_profiles.pdf, id=1949, 569.33902pt x 335.17
708pt>
File: assets/diagonal-laws/figures/a_row_profiles.pdf Graphic file (type pdf)
<use assets/diagonal-laws/figures/a_row_profiles.pdf>
Package pdftex.def Info: assets/diagonal-laws/figures/a_row_profiles.pdf  used 
on input line 12906.
(pdftex.def)             Requested size: 417.2323pt x 245.63873pt.
 [167 <./assets/diagonal-laws/figures/a_row_profiles.pdf>]

LaTeX Warning: Reference `p3:a:eq:Mn-definition' on page 168 undefined on input
 line 13000.


LaTeX Warning: Reference `p3:a:eq:row-complement' on page 168 undefined on inpu
t line 13001.


LaTeX Warning: Reference `p3:a:eq:row-plateau' on page 168 undefined on input l
ine 13002.


LaTeX Warning: Reference `p3:c:eq:diag-asymp' on page 168 undefined on input li
ne 13004.


LaTeX Warning: Reference `p3:a:eq:Qh-definition' on page 168 undefined on input
 line 13033.

[168]

LaTeX Warning: Citation `p3:fabius' on page 169 undefined on input line 13049.


LaTeX Warning: Citation `p3:rvachev1971' on page 169 undefined on input line 13
049.


LaTeX Warning: Citation `p3:arias2018' on page 169 undefined on input line 1304
9.


LaTeX Warning: Citation `p3:proveit' on page 169 undefined on input line 13049.



LaTeX Warning: Reference `p3:a:eq:Qh-definition' on page 1 undefined on input l
ine 13056.


LaTeX Warning: Reference `p3:a:eq:row-prefix-identification' on page 1 undefine
d on input line 13067.


LaTeX Warning: Reference `p3:a:eq:general-signed-block' on page 1 undefined on 
input line 13087.


LaTeX Warning: Reference `p3:a:eq:row-prefix-identification' on page 1 undefine
d on input line 13088.


LaTeX Warning: Reference `p3:c:eq:row-center' on page 1 undefined on input line
 13094.


LaTeX Warning: Reference `p3:a:eq:row-prefix-identification' on page 1 undefine
d on input line 13116.

[169]

LaTeX Warning: Citation `p3:proveit' on page 170 undefined on input line 13124.



LaTeX Warning: Reference `p3:c:eq:F-up' on page 1 undefined on input line 13125
.


LaTeX Warning: Reference `p3:c:eq:Rn-limit' on page 170 undefined on input line
 13134.


LaTeX Warning: Reference `p3:c:eq:Fn-limit' on page 170 undefined on input line
 13136.


LaTeX Warning: Reference `p3:a:eq:row-prefix-identification' on page 1 undefine
d on input line 13142.


LaTeX Warning: Reference `p3:c:eq:diag-asymp' on page 1 undefined on input line
 13152.

(C:\Users\vresh\AppData\Local\Programs\MiKTeX\tex/latex/listings\lstlang1.sty
File: lstlang1.sty 2025/11/14 1.11b listings language file
)
(C:\Users\vresh\AppData\Local\Programs\MiKTeX\tex/latex/listings\lstlang1.sty
File: lstlang1.sty 2025/11/14 1.11b listings language file
)
(C:\Users\vresh\AppData\Local\Programs\MiKTeX\tex/latex/listings\lstlang1.sty
File: lstlang1.sty 2025/11/14 1.11b listings language file
)
(C:\Users\vresh\AppData\Local\Programs\MiKTeX\tex/latex/listings\lstlang1.sty
File: lstlang1.sty 2025/11/14 1.11b listings language file
)
[170]

LaTeX Warning: Reference `p3:a:eq:ruler-recurrence' on page 171 undefined on in
put line 13201.

LaTeX Font Info:    Font shape `T1/LibertinusMono-TLF/b/n' will be
(Font)              scaled to size 7.65005pt on input line 13205.
Package microtype Info: Character `guilsinglleft ' is missing
(microtype)             in font `T1/LibertinusMono-TLF/b/n/9'.
(microtype)             Ignoring protrusion settings for this character.
Package microtype Info: Character `guilsinglright ' is missing
(microtype)             in font `T1/LibertinusMono-TLF/b/n/9'.
(microtype)             Ignoring protrusion settings for this character.

LaTeX Warning: Reference `p3:a:eq:main-diagonal' on page 171 undefined on input
 line 13219.

[171]

LaTeX Warning: Reference `p3:a:eq:row-complement' on page 172 undefined on inpu
t line 13272.


LaTeX Warning: Reference `p3:a:eq:main-diagonal' on page 172 undefined on input
 line 13284.


LaTeX Warning: Reference `p3:ch:rows' on page 1 undefined on input line 13286.


LaTeX Warning: Reference `p3:a:eq:row-signed-block' on page 172 undefined on in
put line 13291.

[172]

LaTeX Warning: Reference `p3:b:eq:moment-even' on page 173 undefined on input l
ine 13333.


LaTeX Warning: Reference `p1:eq:eps-recursion' on page 173 undefined on input l
ine 13338.


LaTeX Warning: Reference `p3:b:eq:moment-odd' on page 173 undefined on input li
ne 13348.


LaTeX Warning: Reference `p3:b:eq:kernel-polynomial' on page 173 undefined on i
nput line 13352.


LaTeX Warning: Reference `p3:b:eq:prefix-moment' on page 173 undefined on input
 line 13352.


LaTeX Warning: Reference `p3:b:eq:moment-even' on page 173 undefined on input l
ine 13361.


LaTeX Warning: Reference `p3:b:eq:moment-evaluator' on page 173 undefined on in
put line 13377.

[173]

LaTeX Warning: Reference `p3:b:eq:moment-complexity' on page 174 undefined on i
nput line 13425.


LaTeX Warning: Reference `p3:b:eq:local-pde' on page 174 undefined on input lin
e 13431.


LaTeX Warning: Reference `p3:ch:roots' on page 1 undefined on input line 13438.



LaTeX Warning: Reference `p3:ch:arithmetic' on page 1 undefined on input line 1
3438.

[174]

LaTeX Warning: Reference `p3:a:eq:weighted-recurrence' on page 1 undefined on i
nput line 13510.


LaTeX Warning: Reference `p3:a:fig:row-profiles' on page 175 undefined on input
 line 13518.

[175]

LaTeX Warning: Reference `p3:a:eq:main-diagonal' on page 176 undefined on input
 line 13527.


LaTeX Warning: Reference `p3:a:eq:x-minus-one-root' on page 176 undefined on in
put line 13546.


LaTeX Warning: Reference `p3:a:eq:x-minus-two-root' on page 176 undefined on in
put line 13546.


LaTeX Warning: Reference `p3:ch:algorithms' on page 1 undefined on input line 1
3571.


LaTeX Warning: Reference `p3:b:conj:no-negative-strict-half' on page 1 undefine
d on input line 13574.


LaTeX Warning: Reference `p3:ch:algorithms' on page 1 undefined on input line 1
3585.

[176]

LaTeX Warning: Reference `p3:a:thm:half-root' on page 1 undefined on input line
 13629.


LaTeX Warning: Reference `p3:a:thm:half-root' on page 1 undefined on input line
 13637.


Package longtable Warning: Column widths have changed
(longtable)                in table 10 on input line 13667.


ignored: Infinite glue shrinkage found in box being split [177]

LaTeX Warning: Reference `p3:c:tab:factorizations' on page 1 undefined on input
 line 13669.


LaTeX Warning: Reference `p3:a:eq:general-deflation' on page 178 undefined on i
nput line 13697.


LaTeX Warning: Reference `p3:c:eq:diag-asymp' on page 178 undefined on input li
ne 13713.


LaTeX Warning: Reference `p3:a:eq:bounded-composition' on page 178 undefined on
 input line 13718.

[178]

LaTeX Warning: Reference `p3:b:eq:negative-half-value' on page 179 undefined on
 input line 13732.


LaTeX Warning: Reference `p3:b:conj:no-negative-strict-half' on page 1 undefine
d on input line 13738.


LaTeX Warning: Reference `p3:a:eq:ruler-logarithm' on page 179 undefined on inp
ut line 13749.


LaTeX Warning: Reference `p3:b:eq:coefficient-v2-bound' on page 179 undefined o
n input line 13756.


LaTeX Warning: Reference `p3:a:eq:half-root-criterion' on page 1 undefined on i
nput line 13767.


LaTeX Warning: Reference `p3:a:eq:negative-half-formula' on page 1 undefined on
 input line 13768.


LaTeX Warning: Reference `p3:c:thm:negative-family' on page 1 undefined on inpu
t line 13777.


LaTeX Warning: Reference `p3:c:eq:negative-zero-set' on page 1 undefined on inp
ut line 13780.


LaTeX Warning: Reference `p3:a:thm:negative-half' on page 1 undefined on input 
line 13788.


LaTeX Warning: Reference `p3:a:thm:half-root' on page 1 undefined on input line
 13788.

[179]

LaTeX Warning: Reference `p3:c:eq:root-square-sum' on page 1 undefined on input
 line 13804.


LaTeX Warning: Reference `p3:c:eq:root-sum' on page 1 undefined on input line 1
3804.


LaTeX Warning: Reference `p3:c:eq:diag-asymp' on page 1 undefined on input line
 13809.


LaTeX Warning: Reference `p3:c:thm:table-fabius-limit' on page 1 undefined on i
nput line 13810.


LaTeX Warning: Citation `p3:proveit-prefix' on page 180 undefined on input line
 13849.


LaTeX Warning: Citation `p3:proveit-approx' on page 180 undefined on input line
 13849.


LaTeX Warning: Reference `p3:a:eq:row-prefix-identification' on page 180 undefi
ned on input line 13855.


LaTeX Warning: Reference `p3:b:eq:local-pde' on page 180 undefined on input lin
e 13856.


LaTeX Warning: Reference `p3:a:eq:Sheffer-egf' on page 180 undefined on input l
ine 13858.


LaTeX Warning: Reference `p3:a:eq:main-diagonal' on page 180 undefined on input
 line 13858.

[180]

LaTeX Warning: Reference `p3:c:eq:diag-mahler' on page 181 undefined on input l
ine 13861.


LaTeX Warning: Reference `p3:a:eq:block-factorization' on page 181 undefined on
 input line 13862.


LaTeX Warning: Reference `p3:c:eq:transposition' on page 181 undefined on input
 line 13865.


LaTeX Warning: Reference `p3:c:eq:negative-family' on page 181 undefined on inp
ut line 13869.


LaTeX Warning: Reference `p3:c:eq:row-histogram' on page 181 undefined on input
 line 13872.


LaTeX Warning: Reference `p3:a:eq:Phi-factor' on page 181 undefined on input li
ne 13914.

[181]

Package longtable Warning: Column widths have changed
(longtable)                in table 11 on input line 13947.

[182] [183] [184]
Underfull \hbox (badness 2269) in paragraph at lines 14143--14146
[]\T1/LibertinusSerif-TLF/m/n/10.95 (+20) J.-F. Bertaz-zon, ``Res-o-lu-tion of 
an in-te-gral equa-tion with the Thue--Morse se-quence,''
 []

[185]

Package longtable Warning: Table widths have changed. Rerun LaTeX.

(C:\Temp\pv-urpkb8jp\out\Thue_Morse_Atlas_and_Frontiers.aux)
 ***********
LaTeX2e <2025-11-01>
L3 programming layer <2026-03-20>
 ***********


LaTeX Warning: There were undefined references.


LaTeX Warning: Label(s) may have changed. Rerun to get cross-references right.


Package rerunfilecheck Warning: File `Thue_Morse_Atlas_and_Frontiers.out' has c
hanged.
(rerunfilecheck)                Rerun to get outlines right
(rerunfilecheck)                or use package `bookmark'.

Package rerunfilecheck Info: Checksums for `Thue_Morse_Atlas_and_Frontiers.out'
:
(rerunfilecheck)             Before: <no file>
(rerunfilecheck)             After:  99A83B3B0457290B2D4A97A109743438;64318.
 ) 
Here is how much of TeX's memory you used:
 51300 strings out of 467691
 1127207 string characters out of 5414987
 3160163 words of memory out of 5000000
 77454 multiletter control sequences out of 15000+600000
 818103 words of font info for 569 fonts, out of 8000000 for 9000
 1141 hyphenation exceptions out of 8191
 99i,15n,144p,1029b,8847s stack positions out of 10000i,1000n,20000p,200000b,200000s
<C:/Users/vresh/AppData/Local/Programs/MiKTeX/fonts/type1/public/libertinus-t
ype1/LibertinusMono-Bold.pfb><C:/Users/vresh/AppData/Local/Programs/MiKTeX/font
s/type1/public/libertinus-type1/LibertinusMono-Italic.pfb><C:/Users/vresh/AppDa
ta/Local/Programs/MiKTeX/fonts/type1/public/libertinus-type1/LibertinusMono-Reg
ular.pfb><C:/Users/vresh/AppData/Local/Programs/MiKTeX/fonts/type1/public/liber
tinus-type1/LibertinusSerif-Bold.pfb><C:/Users/vresh/AppData/Local/Programs/MiK
TeX/fonts/type1/public/libertinus-type1/LibertinusSerif-BoldItalic.pfb><C:/User
s/vresh/AppData/Local/Programs/MiKTeX/fonts/type1/public/libertinus-type1/Liber
tinusSerif-Italic.pfb><C:/Users/vresh/AppData/Local/Programs/MiKTeX/fonts/type1
/public/libertinus-type1/LibertinusSerif-Regular.pfb><C:/Users/vresh/AppData/Lo
cal/Programs/MiKTeX/fonts/type1/public/amsfonts/cm/cmbsy10.pfb><C:/Users/vresh/
AppData/Local/Programs/MiKTeX/fonts/type1/public/amsfonts/cm/cmbx10.pfb><C:/Use
rs/vresh/AppData/Local/Programs/MiKTeX/fonts/type1/public/amsfonts/cm/cmbx8.pfb
><C:/Users/vresh/AppData/Local/Programs/MiKTeX/fonts/type1/public/amsfonts/cm/c
mex10.pfb><C:/Users/vresh/AppData/Local/Programs/MiKTeX/fonts/type1/public/amsf
onts/cmextra/cmex8.pfb><C:/Users/vresh/AppData/Local/Programs/MiKTeX/fonts/type
1/public/amsfonts/cm/cmmi10.pfb><C:/Users/vresh/AppData/Local/Programs/MiKTeX/f
onts/type1/public/amsfonts/cm/cmmi12.pfb><C:/Users/vresh/AppData/Local/Programs
/MiKTeX/fonts/type1/public/amsfonts/cm/cmmi5.pfb><C:/Users/vresh/AppData/Local/
Programs/MiKTeX/fonts/type1/public/amsfonts/cm/cmmi6.pfb><C:/Users/vresh/AppDat
a/Local/Programs/MiKTeX/fonts/type1/public/amsfonts/cm/cmmi7.pfb><C:/Users/vres
h/AppData/Local/Programs/MiKTeX/fonts/type1/public/amsfonts/cm/cmmi8.pfb><C:/Us
ers/vresh/AppData/Local/Programs/MiKTeX/fonts/type1/public/amsfonts/cm/cmmi9.pf
b><C:/Users/vresh/AppData/Local/Programs/MiKTeX/fonts/type1/public/amsfonts/cm/
cmmib10.pfb><C:/Users/vresh/AppData/Local/Programs/MiKTeX/fonts/type1/public/am
sfonts/cmextra/cmmib8.pfb><C:/Users/vresh/AppData/Local/Programs/MiKTeX/fonts/t
ype1/public/amsfonts/cm/cmr10.pfb><C:/Users/vresh/AppData/Local/Programs/MiKTeX
/fonts/type1/public/amsfonts/cm/cmr12.pfb><C:/Users/vresh/AppData/Local/Program
s/MiKTeX/fonts/type1/public/amsfonts/cm/cmr5.pfb><C:/Users/vresh/AppData/Local/
Programs/MiKTeX/fonts/type1/public/amsfonts/cm/cmr6.pfb><C:/Users/vresh/AppData
/Local/Programs/MiKTeX/fonts/type1/public/amsfonts/cm/cmr7.pfb><C:/Users/vresh/
AppData/Local/Programs/MiKTeX/fonts/type1/public/amsfonts/cm/cmr8.pfb><C:/Users
/vresh/AppData/Local/Programs/MiKTeX/fonts/type1/public/amsfonts/cm/cmr9.pfb><C
:/Users/vresh/AppData/Local/Programs/MiKTeX/fonts/type1/public/amsfonts/cm/cmss
8.pfb><C:/Users/vresh/AppData/Local/Programs/MiKTeX/fonts/type1/public/amsfonts
/cm/cmsy10.pfb><C:/Users/vresh/AppData/Local/Programs/MiKTeX/fonts/type1/public
/amsfonts/cm/cmsy5.pfb><C:/Users/vresh/AppData/Local/Programs/MiKTeX/fonts/type
1/public/amsfonts/cm/cmsy6.pfb><C:/Users/vresh/AppData/Local/Programs/MiKTeX/fo
nts/type1/public/amsfonts/cm/cmsy7.pfb><C:/Users/vresh/AppData/Local/Programs/M
iKTeX/fonts/type1/public/amsfonts/cm/cmsy8.pfb><C:/Users/vresh/AppData/Local/Pr
ograms/MiKTeX/fonts/type1/public/amsfonts/symbols/msam10.pfb><C:/Users/vresh/Ap
pData/Local/Programs/MiKTeX/fonts/type1/public/amsfonts/symbols/msbm10.pfb><C:/
Users/vresh/AppData/Local/Programs/MiKTeX/fonts/type1/public/rsfs/rsfs10.pfb>
Output written on C:\Temp\pv-urpkb8jp\out\Thue_Morse_Atlas_and_Frontiers.pdf (1
85 pages, 2190683 bytes).
PDF statistics:
 2828 PDF objects out of 2984 (max. 8388607)
 1617 named destinations out of 1728 (max. 500000)
 95772 words of extra memory for PDF output out of 106986 (max. 10000000)

