This is pdfTeX, Version 3.141592653-2.6-1.40.29 (MiKTeX 26.2) (preloaded format=pdflatex 2026.8.15)  9 SEP 2026 13:15
entering extended mode
 file:line:error style messages enabled.
 %&-line parsing enabled.
**./Fabius_Function_and_Rvachev_Up.tex
(Fabius_Function_and_Rvachev_Up.tex
LaTeX2e <2025-11-01>
L3 programming layer <2026-03-20>
(C:\Users\vresh\AppData\Local\Programs\MiKTeX\tex/latex/base\article.cls
Document Class: article 2025/01/22 v1.4n Standard LaTeX document class
(C:\Users\vresh\AppData\Local\Programs\MiKTeX\tex/latex/base\size11.clo
File: size11.clo 2025/01/22 v1.4n Standard LaTeX file (size option)
)
\c@part=\count275
\c@section=\count276
\c@subsection=\count277
\c@subsubsection=\count278
\c@paragraph=\count279
\c@subparagraph=\count280
\c@figure=\count281
\c@table=\count282
\abovecaptionskip=\skip49
\belowcaptionskip=\skip50
\bibindent=\dimen150
)
(C:\Users\vresh\AppData\Local\Programs\MiKTeX\tex/latex/geometry\geometry.sty
Package: geometry 2026/03/07 v6.0 Page Geometry

(C:\Users\vresh\AppData\Local\Programs\MiKTeX\tex/latex/graphics\keyval.sty
Package: keyval 2022/05/29 v1.15 key=value parser (DPC)
\KV@toks@=\toks17
)
(C:\Users\vresh\AppData\Local\Programs\MiKTeX\tex/generic/iftex\ifvtex.sty
Package: ifvtex 2019/10/25 v1.7 ifvtex legacy package. Use iftex instead.

(C:\Users\vresh\AppData\Local\Programs\MiKTeX\tex/generic/iftex\iftex.sty
Package: iftex 2024/12/12 v1.0g TeX engine tests
))
\Gm@cnth=\count283
\Gm@cntv=\count284
\c@Gm@tempcnt=\count285
\Gm@bindingoffset=\dimen151
\Gm@wd@mp=\dimen152
\Gm@odd@mp=\dimen153
\Gm@even@mp=\dimen154
\Gm@layoutwidth=\dimen155
\Gm@layoutheight=\dimen156
\Gm@layouthoffset=\dimen157
\Gm@layoutvoffset=\dimen158
\Gm@dimlist=\toks18

(C:\Users\vresh\AppData\Local\Programs\MiKTeX\tex/latex/geometry\geometry.cfg))
(C:\Users\vresh\AppData\Local\Programs\MiKTeX\tex/latex/base\fontenc.sty
Package: fontenc 2025/07/18 v2.1d Standard LaTeX package
)
(C:\Users\vresh\AppData\Local\Programs\MiKTeX\tex/latex/base\inputenc.sty
Package: inputenc 2024/02/08 v1.3d Input encoding file
\inpenc@prehook=\toks19
\inpenc@posthook=\toks20
)
(C:\Users\vresh\AppData\Local\Programs\MiKTeX\tex/latex/libertinus\libertinus.s
ty
Package: libertinus 2020/05/06 v. 0.02 (Herbert Voss) Supports libertinus fonts
 for pdflatex/lualatex/xelatex
 (C:\Users\vresh\AppData\Local\Programs\MiKTeX\tex/latex/xkeyval\xkeyval.sty
Package: xkeyval 2022/06/16 v2.9 package option processing (HA)

(C:\Users\vresh\AppData\Local\Programs\MiKTeX\tex/generic/xkeyval\xkeyval.tex
(C:\Users\vresh\AppData\Local\Programs\MiKTeX\tex/generic/xkeyval\xkvutils.tex
\XKV@toks=\toks21
\XKV@tempa@toks=\toks22
)
\XKV@depth=\count286
File: xkeyval.tex 2014/12/03 v2.7a key=value parser (HA)
))
(C:\Users\vresh\AppData\Local\Programs\MiKTeX\tex/latex/libertinus-type1\libert
inus-type1.sty
Package: libertinus-type1 2025/11/17 (Bob Tennent) Supports libertinus fonts fo
r latex/pdflatex.

(C:\Users\vresh\AppData\Local\Programs\MiKTeX\tex/generic/iftex\ifxetex.sty
Package: ifxetex 2019/10/25 v0.7 ifxetex legacy package. Use iftex instead.
)
(C:\Users\vresh\AppData\Local\Programs\MiKTeX\tex/generic/iftex\ifluatex.sty
Package: ifluatex 2019/10/25 v1.5 ifluatex legacy package. Use iftex instead.
)
(C:\Users\vresh\AppData\Local\Programs\MiKTeX\tex/latex/base\textcomp.sty
Package: textcomp 2024/04/24 v2.1b Standard LaTeX package
)
(C:\Users\vresh\AppData\Local\Programs\MiKTeX\tex/latex/base\fontenc.sty
Package: fontenc 2025/07/18 v2.1d Standard LaTeX package
)
(C:\Users\vresh\AppData\Local\Programs\MiKTeX\tex/latex/fontaxes\fontaxes.sty
Package: fontaxes 2026-01-02 v2.0.2 Font selection axes (deprecated)
Applying: [2024-11-01] Use figureversions if present on input line 74.

(C:\Users\vresh\AppData\Local\Programs\MiKTeX\tex/latex/figureversions\figureve
rsions.sty
Package: figureversions 2025-04-29 v1.0.1 Figure versions
)
Already applied: [0000-00-00] Fall back to v1 on input line 76.
)))
(C:\Users\vresh\AppData\Local\Programs\MiKTeX\tex/latex/microtype\microtype.sty
Package: microtype 2026/03/01 v3.2d Micro-typographical refinements (RS)
(C:\Users\vresh\AppData\Local\Programs\MiKTeX\tex/latex/etoolbox\etoolbox.sty
Package: etoolbox 2025/10/02 v2.5m e-TeX tools for LaTeX (JAW)
\etb@tempcnta=\count287
)
\MT@toks=\toks23
\MT@tempbox=\box53
\MT@count=\count288
LaTeX Info: Redefining \noprotrusionifhmode on input line 1084.
LaTeX Info: Redefining \leftprotrusion on input line 1085.
\MT@prot@toks=\toks24
LaTeX Info: Redefining \rightprotrusion on input line 1104.
LaTeX Info: Redefining \textls on input line 1449.
\MT@outer@kern=\dimen159
LaTeX Info: Redefining \microtypecontext on input line 2053.
LaTeX Info: Redefining \textmicrotypecontext on input line 2070.
\MT@listname@count=\count289

(C:\Users\vresh\AppData\Local\Programs\MiKTeX\tex/latex/microtype\microtype-pdf
tex.def
File: microtype-pdftex.def 2026/03/01 v3.2d Definitions specific to pdftex (RS)

LaTeX Info: Redefining \lsstyle on input line 944.
LaTeX Info: Redefining \lslig on input line 944.
\MT@outer@space=\skip51
)
Package microtype Info: Loading configuration file microtype.cfg.

(C:\Users\vresh\AppData\Local\Programs\MiKTeX\tex/latex/microtype\microtype.cfg
File: microtype.cfg 2026/03/01 v3.2d microtype main configuration file (RS)
)
LaTeX Info: Redefining \microtypesetup on input line 3065.
) (C:\Users\vresh\AppData\Local\Programs\MiKTeX\tex/latex/amsmath\amsmath.sty
Package: amsmath 2025/07/09 v2.17z AMS math features
\@mathmargin=\skip52

For additional information on amsmath, use the `?' option.
(C:\Users\vresh\AppData\Local\Programs\MiKTeX\tex/latex/amsmath\amstext.sty
Package: amstext 2024/11/17 v2.01 AMS text

(C:\Users\vresh\AppData\Local\Programs\MiKTeX\tex/latex/amsmath\amsgen.sty
File: amsgen.sty 1999/11/30 v2.0 generic functions
\@emptytoks=\toks25
\ex@=\dimen160
))
(C:\Users\vresh\AppData\Local\Programs\MiKTeX\tex/latex/amsmath\amsbsy.sty
Package: amsbsy 1999/11/29 v1.2d Bold Symbols
\pmbraise@=\dimen161
)
(C:\Users\vresh\AppData\Local\Programs\MiKTeX\tex/latex/amsmath\amsopn.sty
Package: amsopn 2022/04/08 v2.04 operator names
)
\inf@bad=\count290
LaTeX Info: Redefining \frac on input line 233.
\uproot@=\count291
\leftroot@=\count292
LaTeX Info: Redefining \overline on input line 398.
LaTeX Info: Redefining \colon on input line 409.
\classnum@=\count293
\DOTSCASE@=\count294
LaTeX Info: Redefining \ldots on input line 495.
LaTeX Info: Redefining \dots on input line 498.
LaTeX Info: Redefining \cdots on input line 619.
\Mathstrutbox@=\box54
\strutbox@=\box55
LaTeX Info: Redefining \big on input line 721.
LaTeX Info: Redefining \Big on input line 722.
LaTeX Info: Redefining \bigg on input line 723.
LaTeX Info: Redefining \Bigg on input line 724.
\big@size=\dimen162
LaTeX Font Info:    Redeclaring font encoding OML on input line 742.
LaTeX Font Info:    Redeclaring font encoding OMS on input line 743.
\macc@depth=\count295
LaTeX Info: Redefining \bmod on input line 904.
LaTeX Info: Redefining \pmod on input line 909.
LaTeX Info: Redefining \smash on input line 939.
LaTeX Info: Redefining \relbar on input line 969.
LaTeX Info: Redefining \Relbar on input line 970.
\c@MaxMatrixCols=\count296
\dotsspace@=\muskip17
\c@parentequation=\count297
\dspbrk@lvl=\count298
\tag@help=\toks26
\row@=\count299
\column@=\count300
\maxfields@=\count301
\andhelp@=\toks27
\eqnshift@=\dimen163
\alignsep@=\dimen164
\tagshift@=\dimen165
\tagwidth@=\dimen166
\totwidth@=\dimen167
\lineht@=\dimen168
\@envbody=\toks28
\multlinegap=\skip53
\multlinetaggap=\skip54
\mathdisplay@stack=\toks29
LaTeX Info: Redefining \[ on input line 2950.
LaTeX Info: Redefining \] on input line 2951.
)
(C:\Users\vresh\AppData\Local\Programs\MiKTeX\tex/latex/amsfonts\amssymb.sty
Package: amssymb 2013/01/14 v3.01 AMS font symbols

(C:\Users\vresh\AppData\Local\Programs\MiKTeX\tex/latex/amsfonts\amsfonts.sty
Package: amsfonts 2013/01/14 v3.01 Basic AMSFonts support
\symAMSa=\mathgroup4
\symAMSb=\mathgroup5
LaTeX Font Info:    Redeclaring math symbol \hbar on input line 98.
LaTeX Font Info:    Overwriting math alphabet `\mathfrak' in version `bold'
(Font)                  U/euf/m/n --> U/euf/b/n on input line 106.
)) (C:\Users\vresh\AppData\Local\Programs\MiKTeX\tex/latex/amscls\amsthm.sty
Package: amsthm 2020/05/29 v2.20.6
\thm@style=\toks30
\thm@bodyfont=\toks31
\thm@headfont=\toks32
\thm@notefont=\toks33
\thm@headpunct=\toks34
\thm@preskip=\skip55
\thm@postskip=\skip56
\thm@headsep=\skip57
\dth@everypar=\toks35
)
(C:\Users\vresh\AppData\Local\Programs\MiKTeX\tex/latex/mathtools\mathtools.sty
Package: mathtools 2024/10/04 v1.31 mathematical typesetting tools
(C:\Users\vresh\AppData\Local\Programs\MiKTeX\tex/latex/tools\calc.sty
Package: calc 2025/03/01 v4.3b Infix arithmetic (KKT,FJ)
\calc@Acount=\count302
\calc@Bcount=\count303
\calc@Adimen=\dimen169
\calc@Bdimen=\dimen170
\calc@Askip=\skip58
\calc@Bskip=\skip59
LaTeX Info: Redefining \setlength on input line 86.
LaTeX Info: Redefining \addtolength on input line 87.
\calc@Ccount=\count304
\calc@Cskip=\skip60
)
(C:\Users\vresh\AppData\Local\Programs\MiKTeX\tex/latex/mathtools\mhsetup.sty
Package: mhsetup 2021/03/18 v1.4 programming setup (MH)
)
\g_MT_multlinerow_int=\count305
\l_MT_multwidth_dim=\dimen171
\origjot=\skip61
\l_MT_shortvdotswithinadjustabove_dim=\dimen172
\l_MT_shortvdotswithinadjustbelow_dim=\dimen173
\l_MT_above_intertext_sep=\dimen174
\l_MT_below_intertext_sep=\dimen175
\l_MT_above_shortintertext_sep=\dimen176
\l_MT_below_shortintertext_sep=\dimen177
\xmathstrut@box=\box56
\xmathstrut@dim=\dimen178
) (C:\Users\vresh\AppData\Local\Programs\MiKTeX\tex/latex/jknappen\mathrsfs.sty
Package: mathrsfs 1996/01/01 Math RSFS package v1.0 (jk)
\symrsfs=\mathgroup6
) (C:\Users\vresh\AppData\Local\Programs\MiKTeX\tex/latex/tools\bm.sty
Package: bm 2025/10/21 v1.2g Bold Symbol Support (DPC/FMi)
\symboldoperators=\mathgroup7
\symboldletters=\mathgroup8
\symboldsymbols=\mathgroup9
Package bm Info: No bold for \OMX/cmex/m/n, using \pmb.
Package bm Info: No bold for \U/msa/m/n, using \pmb.
Package bm Info: No bold for \U/msb/m/n, using \pmb.
Package bm Info: No bold for \U/rsfs/m/n, using \pmb.
LaTeX Font Info:    Redeclaring math alphabet \mathbf on input line 149.
)
(C:\Users\vresh\AppData\Local\Programs\MiKTeX\tex/latex/booktabs\booktabs.sty
Package: booktabs 2020/01/12 v1.61803398 Publication quality tables
\heavyrulewidth=\dimen179
\lightrulewidth=\dimen180
\cmidrulewidth=\dimen181
\belowrulesep=\dimen182
\belowbottomsep=\dimen183
\aboverulesep=\dimen184
\abovetopsep=\dimen185
\cmidrulesep=\dimen186
\cmidrulekern=\dimen187
\defaultaddspace=\dimen188
\@cmidla=\count306
\@cmidlb=\count307
\@aboverulesep=\dimen189
\@belowrulesep=\dimen190
\@thisruleclass=\count308
\@lastruleclass=\count309
\@thisrulewidth=\dimen191
)
(C:\Users\vresh\AppData\Local\Programs\MiKTeX\tex/latex/tools\longtable.sty
Package: longtable 2025-10-13 v4.24 Multi-page Table package (DPC)
\LTleft=\skip62
\LTright=\skip63
\LTpre=\skip64
\LTpost=\skip65
\LTchunksize=\count310
\LTcapwidth=\dimen192
\LT@head=\box57
\LT@firsthead=\box58
\LT@foot=\box59
\LT@lastfoot=\box60
\LT@gbox=\box61
\LT@cols=\count311
\LT@rows=\count312
\c@LT@tables=\count313
\c@LT@chunks=\count314
\LT@p@ftn=\toks36
)
(C:\Users\vresh\AppData\Local\Programs\MiKTeX\tex/latex/tools\array.sty
Package: array 2025/09/25 v2.6n Tabular extension package (FMi)
\col@sep=\dimen193
\ar@mcellbox=\box62
\extrarowheight=\dimen194
\NC@list=\toks37
\extratabsurround=\skip66
\backup@length=\skip67
\ar@cellbox=\box63
)
(C:\Users\vresh\AppData\Local\Programs\MiKTeX\tex/latex/tools\tabularx.sty
Package: tabularx 2023/12/11 v2.12a `tabularx' package (DPC)
\TX@col@width=\dimen195
\TX@old@table=\dimen196
\TX@old@col=\dimen197
\TX@target=\dimen198
\TX@delta=\dimen199
\TX@cols=\count315
\TX@ftn=\toks38
)
(C:\Users\vresh\AppData\Local\Programs\MiKTeX\tex/latex/graphics\graphicx.sty
Package: graphicx 2024/12/31 v1.2e Enhanced LaTeX Graphics (DPC,SPQR)

(C:\Users\vresh\AppData\Local\Programs\MiKTeX\tex/latex/graphics\graphics.sty
Package: graphics 2024/08/06 v1.4g Standard LaTeX Graphics (DPC,SPQR)

(C:\Users\vresh\AppData\Local\Programs\MiKTeX\tex/latex/graphics\trig.sty
Package: trig 2023/12/02 v1.11 sin cos tan (DPC)
)
(C:\Users\vresh\AppData\Local\Programs\MiKTeX\tex/latex/graphics-cfg\graphics.c
fg
File: graphics.cfg 2016/06/04 v1.11 sample graphics configuration
)
Package graphics Info: Driver file: pdftex.def on input line 106.

(C:\Users\vresh\AppData\Local\Programs\MiKTeX\tex/latex/graphics-def\pdftex.def
File: pdftex.def 2025/09/29 v1.2d Graphics/color driver for pdftex
))
\Gin@req@height=\dimen256
\Gin@req@width=\dimen257
)
(C:\Users\vresh\AppData\Local\Programs\MiKTeX\tex/latex/pgfplots\pgfplots.sty
(C:\Users\vresh\AppData\Local\Programs\MiKTeX\tex/generic/pgfplots\pgfplots.rev
ision.tex)
Package: pgfplots 2021/05/15 v1.18.1 Data Visualization (1.18.1)

(C:\Users\vresh\AppData\Local\Programs\MiKTeX\tex/latex/pgf/frontendlayer\tikz.
sty
(C:\Users\vresh\AppData\Local\Programs\MiKTeX\tex/latex/pgf/basiclayer\pgf.sty
(C:\Users\vresh\AppData\Local\Programs\MiKTeX\tex/latex/pgf/utilities\pgfrcs.st
y
(C:\Users\vresh\AppData\Local\Programs\MiKTeX\tex/generic/pgf/utilities\pgfutil
-common.tex
\pgfutil@everybye=\toks39
\pgfutil@tempdima=\dimen258
\pgfutil@tempdimb=\dimen259
)
(C:\Users\vresh\AppData\Local\Programs\MiKTeX\tex/generic/pgf/utilities\pgfutil
-latex.def
\pgfutil@abb=\box64
)
(C:\Users\vresh\AppData\Local\Programs\MiKTeX\tex/generic/pgf/utilities\pgfrcs.
code.tex
(C:\Users\vresh\AppData\Local\Programs\MiKTeX\tex/generic/pgf\pgf.revision.tex)
Package: pgfrcs 2025-08-29 v3.1.11a (3.1.11a)
))
Package: pgf 2025-08-29 v3.1.11a (3.1.11a)

(C:\Users\vresh\AppData\Local\Programs\MiKTeX\tex/latex/pgf/basiclayer\pgfcore.
sty
(C:\Users\vresh\AppData\Local\Programs\MiKTeX\tex/latex/pgf/systemlayer\pgfsys.
sty
(C:\Users\vresh\AppData\Local\Programs\MiKTeX\tex/generic/pgf/systemlayer\pgfsy
s.code.tex
Package: pgfsys 2025-08-29 v3.1.11a (3.1.11a)

(C:\Users\vresh\AppData\Local\Programs\MiKTeX\tex/generic/pgf/utilities\pgfkeys
.code.tex
\pgfkeys@pathtoks=\toks40
\pgfkeys@temptoks=\toks41

(C:\Users\vresh\AppData\Local\Programs\MiKTeX\tex/generic/pgf/utilities\pgfkeys
libraryfiltered.code.tex
\pgfkeys@tmptoks=\toks42
))
\pgf@x=\dimen260
\pgf@y=\dimen261
\pgf@xa=\dimen262
\pgf@ya=\dimen263
\pgf@xb=\dimen264
\pgf@yb=\dimen265
\pgf@xc=\dimen266
\pgf@yc=\dimen267
\pgf@xd=\dimen268
\pgf@yd=\dimen269
\w@pgf@writea=\write3
\r@pgf@reada=\read2
\c@pgf@counta=\count316
\c@pgf@countb=\count317
\c@pgf@countc=\count318
\c@pgf@countd=\count319
\t@pgf@toka=\toks43
\t@pgf@tokb=\toks44
\t@pgf@tokc=\toks45
\pgf@sys@id@count=\count320

(C:\Users\vresh\AppData\Local\Programs\MiKTeX\tex/generic/pgf/systemlayer\pgf.c
fg
File: pgf.cfg 2025-08-29 v3.1.11a (3.1.11a)
)
Driver file for pgf: pgfsys-pdftex.def

(C:\Users\vresh\AppData\Local\Programs\MiKTeX\tex/generic/pgf/systemlayer\pgfsy
s-pdftex.def
File: pgfsys-pdftex.def 2025-08-29 v3.1.11a (3.1.11a)

(C:\Users\vresh\AppData\Local\Programs\MiKTeX\tex/generic/pgf/systemlayer\pgfsy
s-common-pdf.def
File: pgfsys-common-pdf.def 2025-08-29 v3.1.11a (3.1.11a)
)))
(C:\Users\vresh\AppData\Local\Programs\MiKTeX\tex/generic/pgf/systemlayer\pgfsy
ssoftpath.code.tex
File: pgfsyssoftpath.code.tex 2025-08-29 v3.1.11a (3.1.11a)
\pgfsyssoftpath@smallbuffer@items=\count321
\pgfsyssoftpath@bigbuffer@items=\count322
)
(C:\Users\vresh\AppData\Local\Programs\MiKTeX\tex/generic/pgf/systemlayer\pgfsy
sprotocol.code.tex
File: pgfsysprotocol.code.tex 2025-08-29 v3.1.11a (3.1.11a)
))
(C:\Users\vresh\AppData\Local\Programs\MiKTeX\tex/latex/xcolor\xcolor.sty
Package: xcolor 2024/09/29 v3.02 LaTeX color extensions (UK)

(C:\Users\vresh\AppData\Local\Programs\MiKTeX\tex/latex/graphics-cfg\color.cfg
File: color.cfg 2016/01/02 v1.6 sample color configuration
)
Package xcolor Info: Driver file: pdftex.def on input line 274.
(C:\Users\vresh\AppData\Local\Programs\MiKTeX\tex/latex/graphics\mathcolor.ltx)
Package xcolor Info: Model `cmy' substituted by `cmy0' on input line 1349.
Package xcolor Info: Model `hsb' substituted by `rgb' on input line 1353.
Package xcolor Info: Model `RGB' extended on input line 1365.
Package xcolor Info: Model `HTML' substituted by `rgb' on input line 1367.
Package xcolor Info: Model `Hsb' substituted by `hsb' on input line 1368.
Package xcolor Info: Model `tHsb' substituted by `hsb' on input line 1369.
Package xcolor Info: Model `HSB' substituted by `hsb' on input line 1370.
Package xcolor Info: Model `Gray' substituted by `gray' on input line 1371.
Package xcolor Info: Model `wave' substituted by `hsb' on input line 1372.
)
(C:\Users\vresh\AppData\Local\Programs\MiKTeX\tex/generic/pgf/basiclayer\pgfcor
e.code.tex
Package: pgfcore 2025-08-29 v3.1.11a (3.1.11a)

(C:\Users\vresh\AppData\Local\Programs\MiKTeX\tex/generic/pgf/math\pgfmath.code
.tex
(C:\Users\vresh\AppData\Local\Programs\MiKTeX\tex/generic/pgf/math\pgfmathutil.
code.tex)
(C:\Users\vresh\AppData\Local\Programs\MiKTeX\tex/generic/pgf/math\pgfmathparse
r.code.tex
\pgfmath@dimen=\dimen270
\pgfmath@count=\count323
\pgfmath@box=\box65
\pgfmath@toks=\toks46
\pgfmath@stack@operand=\toks47
\pgfmath@stack@operation=\toks48
)
(C:\Users\vresh\AppData\Local\Programs\MiKTeX\tex/generic/pgf/math\pgfmathfunct
ions.code.tex)
(C:\Users\vresh\AppData\Local\Programs\MiKTeX\tex/generic/pgf/math\pgfmathfunct
ions.basic.code.tex)
(C:\Users\vresh\AppData\Local\Programs\MiKTeX\tex/generic/pgf/math\pgfmathfunct
ions.trigonometric.code.tex)
(C:\Users\vresh\AppData\Local\Programs\MiKTeX\tex/generic/pgf/math\pgfmathfunct
ions.random.code.tex)
(C:\Users\vresh\AppData\Local\Programs\MiKTeX\tex/generic/pgf/math\pgfmathfunct
ions.comparison.code.tex)
(C:\Users\vresh\AppData\Local\Programs\MiKTeX\tex/generic/pgf/math\pgfmathfunct
ions.base.code.tex)
(C:\Users\vresh\AppData\Local\Programs\MiKTeX\tex/generic/pgf/math\pgfmathfunct
ions.round.code.tex)
(C:\Users\vresh\AppData\Local\Programs\MiKTeX\tex/generic/pgf/math\pgfmathfunct
ions.misc.code.tex)
(C:\Users\vresh\AppData\Local\Programs\MiKTeX\tex/generic/pgf/math\pgfmathfunct
ions.integerarithmetics.code.tex)
(C:\Users\vresh\AppData\Local\Programs\MiKTeX\tex/generic/pgf/math\pgfmathcalc.
code.tex)
(C:\Users\vresh\AppData\Local\Programs\MiKTeX\tex/generic/pgf/math\pgfmathfloat
.code.tex
\c@pgfmathroundto@lastzeros=\count324
))
(C:\Users\vresh\AppData\Local\Programs\MiKTeX\tex/generic/pgf/math\pgfint.code.
tex)
(C:\Users\vresh\AppData\Local\Programs\MiKTeX\tex/generic/pgf/basiclayer\pgfcor
epoints.code.tex
File: pgfcorepoints.code.tex 2025-08-29 v3.1.11a (3.1.11a)
\pgf@picminx=\dimen271
\pgf@picmaxx=\dimen272
\pgf@picminy=\dimen273
\pgf@picmaxy=\dimen274
\pgf@pathminx=\dimen275
\pgf@pathmaxx=\dimen276
\pgf@pathminy=\dimen277
\pgf@pathmaxy=\dimen278
\pgf@xx=\dimen279
\pgf@xy=\dimen280
\pgf@yx=\dimen281
\pgf@yy=\dimen282
\pgf@zx=\dimen283
\pgf@zy=\dimen284
)
(C:\Users\vresh\AppData\Local\Programs\MiKTeX\tex/generic/pgf/basiclayer\pgfcor
epathconstruct.code.tex
File: pgfcorepathconstruct.code.tex 2025-08-29 v3.1.11a (3.1.11a)
\pgf@path@lastx=\dimen285
\pgf@path@lasty=\dimen286
)
(C:\Users\vresh\AppData\Local\Programs\MiKTeX\tex/generic/pgf/basiclayer\pgfcor
epathusage.code.tex
File: pgfcorepathusage.code.tex 2025-08-29 v3.1.11a (3.1.11a)
\pgf@shorten@end@additional=\dimen287
\pgf@shorten@start@additional=\dimen288
)
(C:\Users\vresh\AppData\Local\Programs\MiKTeX\tex/generic/pgf/basiclayer\pgfcor
escopes.code.tex
File: pgfcorescopes.code.tex 2025-08-29 v3.1.11a (3.1.11a)
\pgfpic=\box66
\pgf@hbox=\box67
\pgf@layerbox@main=\box68
\pgf@picture@serial@count=\count325
)
(C:\Users\vresh\AppData\Local\Programs\MiKTeX\tex/generic/pgf/basiclayer\pgfcor
egraphicstate.code.tex
File: pgfcoregraphicstate.code.tex 2025-08-29 v3.1.11a (3.1.11a)
\pgflinewidth=\dimen289
)
(C:\Users\vresh\AppData\Local\Programs\MiKTeX\tex/generic/pgf/basiclayer\pgfcor
etransformations.code.tex
File: pgfcoretransformations.code.tex 2025-08-29 v3.1.11a (3.1.11a)
\pgf@pt@x=\dimen290
\pgf@pt@y=\dimen291
\pgf@pt@temp=\dimen292
)
(C:\Users\vresh\AppData\Local\Programs\MiKTeX\tex/generic/pgf/basiclayer\pgfcor
equick.code.tex
File: pgfcorequick.code.tex 2025-08-29 v3.1.11a (3.1.11a)
)
(C:\Users\vresh\AppData\Local\Programs\MiKTeX\tex/generic/pgf/basiclayer\pgfcor
eobjects.code.tex
File: pgfcoreobjects.code.tex 2025-08-29 v3.1.11a (3.1.11a)
)
(C:\Users\vresh\AppData\Local\Programs\MiKTeX\tex/generic/pgf/basiclayer\pgfcor
epathprocessing.code.tex
File: pgfcorepathprocessing.code.tex 2025-08-29 v3.1.11a (3.1.11a)
)
(C:\Users\vresh\AppData\Local\Programs\MiKTeX\tex/generic/pgf/basiclayer\pgfcor
earrows.code.tex
File: pgfcorearrows.code.tex 2025-08-29 v3.1.11a (3.1.11a)
\pgfarrowsep=\dimen293
)
(C:\Users\vresh\AppData\Local\Programs\MiKTeX\tex/generic/pgf/basiclayer\pgfcor
eshade.code.tex
File: pgfcoreshade.code.tex 2025-08-29 v3.1.11a (3.1.11a)
\pgf@max=\dimen294
\pgf@sys@shading@range@num=\count326
\pgf@shadingcount=\count327
)
(C:\Users\vresh\AppData\Local\Programs\MiKTeX\tex/generic/pgf/basiclayer\pgfcor
eimage.code.tex
File: pgfcoreimage.code.tex 2025-08-29 v3.1.11a (3.1.11a)
)
(C:\Users\vresh\AppData\Local\Programs\MiKTeX\tex/generic/pgf/basiclayer\pgfcor
eexternal.code.tex
File: pgfcoreexternal.code.tex 2025-08-29 v3.1.11a (3.1.11a)
\pgfexternal@startupbox=\box69
)
(C:\Users\vresh\AppData\Local\Programs\MiKTeX\tex/generic/pgf/basiclayer\pgfcor
elayers.code.tex
File: pgfcorelayers.code.tex 2025-08-29 v3.1.11a (3.1.11a)
)
(C:\Users\vresh\AppData\Local\Programs\MiKTeX\tex/generic/pgf/basiclayer\pgfcor
etransparency.code.tex
File: pgfcoretransparency.code.tex 2025-08-29 v3.1.11a (3.1.11a)
)
(C:\Users\vresh\AppData\Local\Programs\MiKTeX\tex/generic/pgf/basiclayer\pgfcor
epatterns.code.tex
File: pgfcorepatterns.code.tex 2025-08-29 v3.1.11a (3.1.11a)
)
(C:\Users\vresh\AppData\Local\Programs\MiKTeX\tex/generic/pgf/basiclayer\pgfcor
erdf.code.tex
File: pgfcorerdf.code.tex 2025-08-29 v3.1.11a (3.1.11a)
)))
(C:\Users\vresh\AppData\Local\Programs\MiKTeX\tex/generic/pgf/modules\pgfmodule
shapes.code.tex
File: pgfmoduleshapes.code.tex 2025-08-29 v3.1.11a (3.1.11a)
\pgfnodeparttextbox=\box70
)
(C:\Users\vresh\AppData\Local\Programs\MiKTeX\tex/generic/pgf/modules\pgfmodule
plot.code.tex
File: pgfmoduleplot.code.tex 2025-08-29 v3.1.11a (3.1.11a)
)
(C:\Users\vresh\AppData\Local\Programs\MiKTeX\tex/latex/pgf/compatibility\pgfco
mp-version-0-65.sty
Package: pgfcomp-version-0-65 2025-08-29 v3.1.11a (3.1.11a)
\pgf@nodesepstart=\dimen295
\pgf@nodesepend=\dimen296
)
(C:\Users\vresh\AppData\Local\Programs\MiKTeX\tex/latex/pgf/compatibility\pgfco
mp-version-1-18.sty
Package: pgfcomp-version-1-18 2025-08-29 v3.1.11a (3.1.11a)
))
(C:\Users\vresh\AppData\Local\Programs\MiKTeX\tex/latex/pgf/utilities\pgffor.st
y
(C:\Users\vresh\AppData\Local\Programs\MiKTeX\tex/latex/pgf/utilities\pgfkeys.s
ty
(C:\Users\vresh\AppData\Local\Programs\MiKTeX\tex/generic/pgf/utilities\pgfkeys
.code.tex))
(C:\Users\vresh\AppData\Local\Programs\MiKTeX\tex/latex/pgf/math\pgfmath.sty
(C:\Users\vresh\AppData\Local\Programs\MiKTeX\tex/generic/pgf/math\pgfmath.code
.tex))
(C:\Users\vresh\AppData\Local\Programs\MiKTeX\tex/generic/pgf/utilities\pgffor.
code.tex
Package: pgffor 2025-08-29 v3.1.11a (3.1.11a)
\pgffor@iter=\dimen297
\pgffor@skip=\dimen298
\pgffor@stack=\toks49
\pgffor@toks=\toks50
))
(C:\Users\vresh\AppData\Local\Programs\MiKTeX\tex/generic/pgf/frontendlayer/tik
z\tikz.code.tex
Package: tikz 2025-08-29 v3.1.11a (3.1.11a)

(C:\Users\vresh\AppData\Local\Programs\MiKTeX\tex/generic/pgf/libraries\pgflibr
aryplothandlers.code.tex
File: pgflibraryplothandlers.code.tex 2025-08-29 v3.1.11a (3.1.11a)
\pgf@plot@mark@count=\count328
\pgfplotmarksize=\dimen299
)
\tikz@lastx=\dimen300
\tikz@lasty=\dimen301
\tikz@lastxsaved=\dimen302
\tikz@lastysaved=\dimen303
\tikz@lastmovetox=\dimen304
\tikz@lastmovetoy=\dimen305
\tikzleveldistance=\dimen306
\tikzsiblingdistance=\dimen307
\tikz@figbox=\box71
\tikz@figbox@bg=\box72
\tikz@tempbox=\box73
\tikz@tempbox@bg=\box74
\tikztreelevel=\count329
\tikznumberofchildren=\count330
\tikznumberofcurrentchild=\count331
\tikz@fig@count=\count332

(C:\Users\vresh\AppData\Local\Programs\MiKTeX\tex/generic/pgf/modules\pgfmodule
matrix.code.tex
File: pgfmodulematrix.code.tex 2025-08-29 v3.1.11a (3.1.11a)
\pgfmatrixcurrentrow=\count333
\pgfmatrixcurrentcolumn=\count334
\pgf@matrix@numberofcolumns=\count335
)
\tikz@expandcount=\count336

(C:\Users\vresh\AppData\Local\Programs\MiKTeX\tex/generic/pgf/frontendlayer/tik
z/libraries\tikzlibrarytopaths.code.tex
File: tikzlibrarytopaths.code.tex 2025-08-29 v3.1.11a (3.1.11a)
)))
(C:\Users\vresh\AppData\Local\Programs\MiKTeX\tex/generic/pgfplots\pgfplots.cod
e.tex
(C:\Users\vresh\AppData\Local\Programs\MiKTeX\tex/generic/pgfplots\pgfplotscore
.code.tex
\t@pgfplots@toka=\toks51
\t@pgfplots@tokb=\toks52
\t@pgfplots@tokc=\toks53
\pgfplots@tmpa=\dimen308
\c@pgfplots@coordindex=\count337
\c@pgfplots@scanlineindex=\count338

(C:\Users\vresh\AppData\Local\Programs\MiKTeX\tex/generic/pgfplots/sys\pgfplots
sysgeneric.code.tex))
(C:\Users\vresh\AppData\Local\Programs\MiKTeX\tex/generic/pgfplots/libs\pgfplot
slibrary.code.tex)
(C:\Users\vresh\AppData\Local\Programs\MiKTeX\tex/generic/pgfplots/oldpgfcompat
ib\pgfplotsoldpgfsupp_loader.code.tex
(C:\Users\vresh\AppData\Local\Programs\MiKTeX\tex/generic/pgf/libraries\pgflibr
aryfpu.code.tex)
Package pgfplots: loading complementary utilities for your pgf version...
\t@pgf@toka=\toks54
\t@pgf@tokb=\toks55
\t@pgf@tokc=\toks56

(C:\Users\vresh\AppData\Local\Programs\MiKTeX\tex/generic/pgfplots/oldpgfcompat
ib\pgfplotsoldpgfsupp_pgfutil-common-lists.tex))
(C:\Users\vresh\AppData\Local\Programs\MiKTeX\tex/generic/pgfplots/util\pgfplot
sutil.code.tex
(C:\Users\vresh\AppData\Local\Programs\MiKTeX\tex/generic/pgfplots/liststructur
e\pgfplotsliststructure.code.tex)
(C:\Users\vresh\AppData\Local\Programs\MiKTeX\tex/generic/pgfplots/liststructur
e\pgfplotsliststructureext.code.tex)
(C:\Users\vresh\AppData\Local\Programs\MiKTeX\tex/generic/pgfplots/liststructur
e\pgfplotsarray.code.tex
\c@pgfplotsarray@tmp=\count339
)
(C:\Users\vresh\AppData\Local\Programs\MiKTeX\tex/generic/pgfplots/liststructur
e\pgfplotsmatrix.code.tex)
(C:\Users\vresh\AppData\Local\Programs\MiKTeX\tex/generic/pgfplots/numtable\pgf
plotstableshared.code.tex
\c@pgfplotstable@counta=\count340
\t@pgfplotstable@a=\toks57
)
(C:\Users\vresh\AppData\Local\Programs\MiKTeX\tex/generic/pgfplots/liststructur
e\pgfplotsdeque.code.tex)
(C:\Users\vresh\AppData\Local\Programs\MiKTeX\tex/generic/pgfplots/util\pgfplot
sbinary.code.tex
(C:\Users\vresh\AppData\Local\Programs\MiKTeX\tex/generic/pgfplots/util\pgfplot
sbinary.data.code.tex))
(C:\Users\vresh\AppData\Local\Programs\MiKTeX\tex/generic/pgfplots/util\pgfplot
sutil.verb.code.tex)
(C:\Users\vresh\AppData\Local\Programs\MiKTeX\tex/generic/pgfplots/libs\pgflibr
arypgfplots.surfshading.code.tex
\c@pgfplotslibrarysurf@no=\count341

(C:\Users\vresh\AppData\Local\Programs\MiKTeX\tex/generic/pgfplots/sys\pgflibra
rypgfplots.surfshading.pgfsys-pdftex.def)))
(C:\Users\vresh\AppData\Local\Programs\MiKTeX\tex/generic/pgfplots/util\pgfplot
scolormap.code.tex
(C:\Users\vresh\AppData\Local\Programs\MiKTeX\tex/generic/pgfplots/util\pgfplot
scolor.code.tex))
(C:\Users\vresh\AppData\Local\Programs\MiKTeX\tex/generic/pgfplots\pgfplotsstac
kedplots.code.tex)
(C:\Users\vresh\AppData\Local\Programs\MiKTeX\tex/generic/pgfplots\pgfplotsplot
handlers.code.tex
(C:\Users\vresh\AppData\Local\Programs\MiKTeX\tex/generic/pgfplots\pgfplotsmesh
plothandler.code.tex
(C:\Users\vresh\AppData\Local\Programs\MiKTeX\tex/generic/pgfplots\pgfplotsmesh
plotimage.code.tex)))
(C:\Users\vresh\AppData\Local\Programs\MiKTeX\tex/generic/pgfplots\pgfplots.sca
ling.code.tex)
(C:\Users\vresh\AppData\Local\Programs\MiKTeX\tex/generic/pgfplots\pgfplotscoor
dprocessing.code.tex)
(C:\Users\vresh\AppData\Local\Programs\MiKTeX\tex/generic/pgfplots\pgfplots.err
orbars.code.tex)
(C:\Users\vresh\AppData\Local\Programs\MiKTeX\tex/generic/pgfplots\pgfplots.mar
kers.code.tex)
(C:\Users\vresh\AppData\Local\Programs\MiKTeX\tex/generic/pgfplots\pgfplotstick
s.code.tex)
(C:\Users\vresh\AppData\Local\Programs\MiKTeX\tex/generic/pgfplots\pgfplots.pat
hs.code.tex)
(C:\Users\vresh\AppData\Local\Programs\MiKTeX\tex/generic/pgf/frontendlayer/tik
z/libraries\tikzlibrarydecorations.code.tex
(C:\Users\vresh\AppData\Local\Programs\MiKTeX\tex/generic/pgf/modules\pgfmodule
decorations.code.tex
\pgfdecoratedcompleteddistance=\dimen309
\pgfdecoratedremainingdistance=\dimen310
\pgfdecoratedinputsegmentcompleteddistance=\dimen311
\pgfdecoratedinputsegmentremainingdistance=\dimen312
\pgf@decorate@distancetomove=\dimen313
\pgf@decorate@repeatstate=\count342
\pgfdecorationsegmentamplitude=\dimen314
\pgfdecorationsegmentlength=\dimen315
)
\tikz@lib@dec@box=\box75
)
(C:\Users\vresh\AppData\Local\Programs\MiKTeX\tex/generic/pgf/frontendlayer/tik
z/libraries\tikzlibrarydecorations.pathmorphing.code.tex
(C:\Users\vresh\AppData\Local\Programs\MiKTeX\tex/generic/pgf/libraries/decorat
ions\pgflibrarydecorations.pathmorphing.code.tex))
(C:\Users\vresh\AppData\Local\Programs\MiKTeX\tex/generic/pgf/frontendlayer/tik
z/libraries\tikzlibrarydecorations.pathreplacing.code.tex
(C:\Users\vresh\AppData\Local\Programs\MiKTeX\tex/generic/pgf/libraries/decorat
ions\pgflibrarydecorations.pathreplacing.code.tex))
(C:\Users\vresh\AppData\Local\Programs\MiKTeX\tex/generic/pgfplots/libs\tikzlib
rarypgfplots.contourlua.code.tex)
\pgfplots@numplots=\count343
\pgfplots@xmin@reg=\dimen316
\pgfplots@xmax@reg=\dimen317
\pgfplots@ymin@reg=\dimen318
\pgfplots@ymax@reg=\dimen319
\pgfplots@zmin@reg=\dimen320
\pgfplots@zmax@reg=\dimen321
)
(C:\Users\vresh\AppData\Local\Programs\MiKTeX\tex/generic/pgf/frontendlayer/tik
z/libraries\tikzlibraryplotmarks.code.tex
File: tikzlibraryplotmarks.code.tex 2025-08-29 v3.1.11a (3.1.11a)

(C:\Users\vresh\AppData\Local\Programs\MiKTeX\tex/generic/pgf/libraries\pgflibr
aryplotmarks.code.tex
File: pgflibraryplotmarks.code.tex 2025-08-29 v3.1.11a (3.1.11a)
)))
(C:\Users\vresh\AppData\Local\Programs\MiKTeX\tex/latex/enumitem\enumitem.sty
Package: enumitem 2025/02/06 v3.11 Customized lists
\labelindent=\skip68
\enit@outerparindent=\dimen322
\enit@toks=\toks58
\enit@inbox=\box76
\enit@count@id=\count344
\enitdp@description=\count345
)
(C:\Users\vresh\AppData\Local\Programs\MiKTeX\tex/latex/fancyhdr\fancyhdr.sty
Package: fancyhdr 2025/02/07 v5.2 Extensive control of page headers and footers

\f@nch@headwidth=\skip69
\f@nch@offset@elh=\skip70
\f@nch@offset@erh=\skip71
\f@nch@offset@olh=\skip72
\f@nch@offset@orh=\skip73
\f@nch@offset@elf=\skip74
\f@nch@offset@erf=\skip75
\f@nch@offset@olf=\skip76
\f@nch@offset@orf=\skip77
\f@nch@height=\skip78
\f@nch@footalignment=\skip79
\f@nch@widthL=\skip80
\f@nch@widthC=\skip81
\f@nch@widthR=\skip82
\@temptokenb=\toks59
)
(C:\Users\vresh\AppData\Local\Programs\MiKTeX\tex/latex/titlesec\titlesec.sty
Package: titlesec 2025/01/04 v2.17 Sectioning titles
\ttl@box=\box77
\beforetitleunit=\skip83
\aftertitleunit=\skip84
\ttl@plus=\dimen323
\ttl@minus=\dimen324
\ttl@toksa=\toks60
\titlewidth=\dimen325
\titlewidthlast=\dimen326
\titlewidthfirst=\dimen327
)
(C:\Users\vresh\AppData\Local\Programs\MiKTeX\tex/latex/listings\listings.sty
\lst@mode=\count346
\lst@gtempboxa=\box78
\lst@token=\toks61
\lst@length=\count347
\lst@currlwidth=\dimen328
\lst@column=\count348
\lst@pos=\count349
\lst@lostspace=\dimen329
\lst@width=\dimen330
\lst@newlines=\count350
\lst@lineno=\count351
\lst@maxwidth=\dimen331

(C:\Users\vresh\AppData\Local\Programs\MiKTeX\tex/latex/listings\lstpatch.sty
File: lstpatch.sty 2025/11/14 1.11b (Carsten Heinz)
)
(C:\Users\vresh\AppData\Local\Programs\MiKTeX\tex/latex/listings\lstmisc.sty
File: lstmisc.sty 2025/11/14 1.11b (Carsten Heinz)
\c@lstnumber=\count352
\lst@skipnumbers=\count353
\lst@framebox=\box79
)
(C:\Users\vresh\AppData\Local\Programs\MiKTeX\tex/latex/listings\listings.cfg
File: listings.cfg 2025/11/14 1.11b listings configuration
))
Package: listings 2025/11/14 1.11b (Carsten Heinz)
==> First Aid for listings.sty no longer applied!
    Expected:
        2024/09/23 1.10c (Carsten Heinz)
    but found:
        2025/11/14 1.11b (Carsten Heinz)
    so I'm assuming it got fixed.
(C:\Users\vresh\AppData\Local\Programs\MiKTeX\tex/latex/xurl\xurl.sty
Package: xurl 2022/01/09 v 0.10 modify URL breaks

(C:\Users\vresh\AppData\Local\Programs\MiKTeX\tex/latex/url\url.sty
\Urlmuskip=\muskip18
Package: url 2013/09/16  ver 3.4  Verb mode for urls, etc.
))
(C:\Users\vresh\AppData\Local\Programs\MiKTeX\tex/latex/hyperref\hyperref.sty
Package: hyperref 2026-01-29 v7.01p Hypertext links for LaTeX

(C:\Users\vresh\AppData\Local\Programs\MiKTeX\tex/latex/kvsetkeys\kvsetkeys.sty
Package: kvsetkeys 2022-10-05 v1.19 Key value parser (HO)
)
(C:\Users\vresh\AppData\Local\Programs\MiKTeX\tex/generic/kvdefinekeys\kvdefine
keys.sty
Package: kvdefinekeys 2019-12-19 v1.6 Define keys (HO)
)
(C:\Users\vresh\AppData\Local\Programs\MiKTeX\tex/generic/pdfescape\pdfescape.s
ty
Package: pdfescape 2019/12/09 v1.15 Implements pdfTeX's escape features (HO)

(C:\Users\vresh\AppData\Local\Programs\MiKTeX\tex/generic/ltxcmds\ltxcmds.sty
Package: ltxcmds 2023-12-04 v1.26 LaTeX kernel commands for general use (HO)
)
(C:\Users\vresh\AppData\Local\Programs\MiKTeX\tex/generic/pdftexcmds\pdftexcmds
.sty
Package: pdftexcmds 2020-06-27 v0.33 Utility functions of pdfTeX for LuaTeX (HO
)

(C:\Users\vresh\AppData\Local\Programs\MiKTeX\tex/generic/infwarerr\infwarerr.s
ty
Package: infwarerr 2019/12/03 v1.5 Providing info/warning/error messages (HO)
)
Package pdftexcmds Info: \pdf@primitive is available.
Package pdftexcmds Info: \pdf@ifprimitive is available.
Package pdftexcmds Info: \pdfdraftmode found.
))
(C:\Users\vresh\AppData\Local\Programs\MiKTeX\tex/latex/hycolor\hycolor.sty
Package: hycolor 2020-01-27 v1.10 Color options for hyperref/bookmark (HO)
)
(C:\Users\vresh\AppData\Local\Programs\MiKTeX\tex/latex/hyperref\nameref.sty
Package: nameref 2026-01-29 v2.58 Cross-referencing by name of section

(C:\Users\vresh\AppData\Local\Programs\MiKTeX\tex/latex/refcount\refcount.sty
Package: refcount 2019/12/15 v3.6 Data extraction from label references (HO)
)
(C:\Users\vresh\AppData\Local\Programs\MiKTeX\tex/generic/gettitlestring\gettit
lestring.sty
Package: gettitlestring 2019/12/15 v1.6 Cleanup title references (HO)

(C:\Users\vresh\AppData\Local\Programs\MiKTeX\tex/latex/kvoptions\kvoptions.sty
Package: kvoptions 2022-06-15 v3.15 Key value format for package options (HO)
))
\c@section@level=\count354
)
(C:\Users\vresh\AppData\Local\Programs\MiKTeX\tex/generic/stringenc\stringenc.s
ty
Package: stringenc 2019/11/29 v1.12 Convert strings between diff. encodings (HO
)
)
\@linkdim=\dimen332
\Hy@linkcounter=\count355
\Hy@pagecounter=\count356
 (C:\Users\vresh\AppData\Local\Programs\MiKTeX\tex/latex/hyperref\pd1enc.def
File: pd1enc.def 2026-01-29 v7.01p Hyperref: PDFDocEncoding definition (HO)
Now handling font encoding PD1 ...
... no UTF-8 mapping file for font encoding PD1
) (C:\Users\vresh\AppData\Local\Programs\MiKTeX\tex/generic/intcalc\intcalc.sty
Package: intcalc 2019/12/15 v1.3 Expandable calculations with integers (HO)
)
\Hy@SavedSpaceFactor=\count357
 (C:\Users\vresh\AppData\Local\Programs\MiKTeX\tex/latex/hyperref\puenc.def
File: puenc.def 2026-01-29 v7.01p Hyperref: PDF Unicode definition (HO)
Now handling font encoding PU ...
... no UTF-8 mapping file for font encoding PU
)
Package hyperref Info: Hyper figures OFF on input line 4201.
Package hyperref Info: Link nesting OFF on input line 4206.
Package hyperref Info: Hyper index ON on input line 4209.
Package hyperref Info: Plain pages OFF on input line 4216.
Package hyperref Info: Backreferencing OFF on input line 4221.
Package hyperref Info: Implicit mode ON; LaTeX internals redefined.
Package hyperref Info: Bookmarks ON on input line 4468.
\c@Hy@tempcnt=\count358
LaTeX Info: Redefining \url on input line 4807.
\XeTeXLinkMargin=\dimen333

(C:\Users\vresh\AppData\Local\Programs\MiKTeX\tex/generic/bitset\bitset.sty
Package: bitset 2019/12/09 v1.3 Handle bit-vector datatype (HO)

(C:\Users\vresh\AppData\Local\Programs\MiKTeX\tex/generic/bigintcalc\bigintcalc
.sty
Package: bigintcalc 2019/12/15 v1.5 Expandable calculations on big integers (HO
)
))
\Fld@menulength=\count359
\Field@Width=\dimen334
\Fld@charsize=\dimen335
Package hyperref Info: Hyper figures OFF on input line 6084.
Package hyperref Info: Link nesting OFF on input line 6089.
Package hyperref Info: Hyper index ON on input line 6092.
Package hyperref Info: backreferencing OFF on input line 6099.
Package hyperref Info: Link coloring OFF on input line 6104.
Package hyperref Info: Link coloring with OCG OFF on input line 6109.
Package hyperref Info: PDF/A mode OFF on input line 6114.
\Hy@abspage=\count360
\c@Item=\count361
\c@Hfootnote=\count362
)
Package hyperref Info: Driver (autodetected): hpdftex.

(C:\Users\vresh\AppData\Local\Programs\MiKTeX\tex/latex/hyperref\hpdftex.def
File: hpdftex.def 2026-01-29 v7.01p Hyperref driver for pdfTeX
\Fld@listcount=\count363
\c@bookmark@seq@number=\count364

(C:\Users\vresh\AppData\Local\Programs\MiKTeX\tex/latex/rerunfilecheck\rerunfil
echeck.sty
Package: rerunfilecheck 2025-06-21 v1.11 Rerun checks for auxiliary files (HO)

(C:\Users\vresh\AppData\Local\Programs\MiKTeX\tex/generic/uniquecounter\uniquec
ounter.sty
Package: uniquecounter 2019/12/15 v1.4 Provide unlimited unique counter (HO)
)
Package uniquecounter Info: New unique counter `rerunfilecheck' on input line 2
84.
)
\Hy@SectionHShift=\skip85
)
(C:\Users\vresh\AppData\Local\Programs\MiKTeX\tex/latex/cleveref\cleveref.sty
Package: cleveref 2018/03/27 v0.21.4 Intelligent cross-referencing
Package cleveref Info: `hyperref' support loaded on input line 2370.
LaTeX Info: Redefining \cref on input line 2370.
LaTeX Info: Redefining \Cref on input line 2370.
LaTeX Info: Redefining \crefrange on input line 2370.
LaTeX Info: Redefining \Crefrange on input line 2370.
LaTeX Info: Redefining \cpageref on input line 2370.
LaTeX Info: Redefining \Cpageref on input line 2370.
LaTeX Info: Redefining \cpagerefrange on input line 2370.
LaTeX Info: Redefining \Cpagerefrange on input line 2370.
LaTeX Info: Redefining \labelcref on input line 2370.
LaTeX Info: Redefining \labelcpageref on input line 2370.
Package cleveref Info: `amsthm' support loaded on input line 3026.
Package cleveref Info: `listings' support loaded on input line 3131.
Package cleveref Info: include cross-reference names in hyperlinks on input lin
e 7836.
Package cleveref Info: include cross-reference names in hyperlinks on input lin
e 7852.
Package cleveref Info: no abbreviation of names on input line 7852.
)
==> First Aid for cleveref.sty applied!
Package hyperref Info: Option `colorlinks' set `true' on input line 35.
(../fabius-notation.tex)
\c@theorem=\count365
LaTeX Font Info:    Trying to load font information for T1+LibertinusSerif-TLF 
on input line 117.

(C:\Users\vresh\AppData\Local\Programs\MiKTeX\tex/latex/libertinus-type1\t1libe
rtinusserif-tlf.fd
File: T1LibertinusSerif-TLF.fd 2024/09/22 (autoinst) Font definitions for T1/Li
bertinusSerif-TLF.
)
LaTeX Font Info:    Font shape `T1/LibertinusSerif-TLF/m/n' will be
(Font)              scaled to size 10.95pt on input line 117.

(C:\Users\vresh\AppData\Local\Programs\MiKTeX\tex/latex/l3backend\l3backend-pdf
tex.def
File: l3backend-pdftex.def 2026-02-18 L3 backend support: PDF output (pdfTeX)
\l__color_backend_stack_int=\count366
)
No file Fabius_Function_and_Rvachev_Up.aux.
\openout1 = `Fabius_Function_and_Rvachev_Up.aux'.

LaTeX Font Info:    Checking defaults for OML/cmm/m/it on input line 117.
LaTeX Font Info:    ... okay on input line 117.
LaTeX Font Info:    Checking defaults for OMS/cmsy/m/n on input line 117.
LaTeX Font Info:    ... okay on input line 117.
LaTeX Font Info:    Checking defaults for OT1/cmr/m/n on input line 117.
LaTeX Font Info:    ... okay on input line 117.
LaTeX Font Info:    Checking defaults for T1/cmr/m/n on input line 117.
LaTeX Font Info:    ... okay on input line 117.
LaTeX Font Info:    Checking defaults for TS1/cmr/m/n on input line 117.
LaTeX Font Info:    ... okay on input line 117.
LaTeX Font Info:    Checking defaults for OMX/cmex/m/n on input line 117.
LaTeX Font Info:    ... okay on input line 117.
LaTeX Font Info:    Checking defaults for U/cmr/m/n on input line 117.
LaTeX Font Info:    ... okay on input line 117.
LaTeX Font Info:    Checking defaults for PD1/pdf/m/n on input line 117.
LaTeX Font Info:    ... okay on input line 117.
LaTeX Font Info:    Checking defaults for PU/pdf/m/n on input line 117.
LaTeX Font Info:    ... okay on input line 117.
*geometry* driver: auto-detecting
*geometry* detected driver: pdftex
*geometry* verbose mode - [ preamble ] result:
* driver: pdftex
* paper: a4paper
* layout: <same size as paper>
* layoutoffset:(h,v)=(0.0pt,0.0pt)
* modes: 
* h-part:(L,W,R)=(76.82243pt, 443.863pt, 76.82243pt)
* v-part:(T,H,B)=(76.82243pt, 691.40198pt, 76.82243pt)
* \paperwidth=597.50787pt
* \paperheight=845.04684pt
* \textwidth=443.863pt
* \textheight=691.40198pt
* \oddsidemargin=4.55244pt
* \evensidemargin=4.55244pt
* \topmargin=-35.44756pt
* \headheight=15.0pt
* \headsep=25.0pt
* \topskip=11.0pt
* \footskip=30.0pt
* \marginparwidth=59.0pt
* \marginparsep=10.0pt
* \columnsep=10.0pt
* \skip\footins=10.0pt plus 4.0pt minus 2.0pt
* \hoffset=0.0pt
* \voffset=0.0pt
* \mag=1000
* \@twocolumnfalse
* \@twosidefalse
* \@mparswitchfalse
* \@reversemarginfalse
* (1in=72.27pt=25.4mm, 1cm=28.453pt)

\c@mv@tabular=\count367
\c@mv@boldtabular=\count368
LaTeX Info: Redefining \microtypecontext on input line 117.
Package microtype Info: Applying patch `item' on input line 117.
Package microtype Info: Applying patch `toc' on input line 117.
Package microtype Info: Applying patch `eqnum' on input line 117.
Package microtype Info: Applying patch `footnote' on input line 117.
Package microtype Info: Applying patch `verbatim' on input line 117.
LaTeX Info: Redefining \microtypesetup on input line 117.
Package microtype Info: Generating PDF output.
Package microtype Info: Character protrusion enabled (level 2).
Package microtype Info: Using default protrusion set `alltext'.
Package microtype Info: Automatic font expansion enabled (level 2),
(microtype)             stretch: 20, shrink: 20, step: 1, non-selected.
Package microtype Info: Using default expansion set `alltext-nott'.
Package microtype Info: Patching command `\showhyphens'.
Package microtype Info: No adjustment of tracking.
Package microtype Info: No adjustment of interword spacing.
Package microtype Info: No adjustment of character kerning.
Package microtype Info: Loading generic protrusion settings for font family
(microtype)             `LibertinusSerif-TLF' (encoding: T1).
(microtype)             For optimal results, create family-specific settings.
(microtype)             See the microtype manual for details.

(C:\Users\vresh\AppData\Local\Programs\MiKTeX\tex/context/base/mkii\supp-pdf.mk
ii
[Loading MPS to PDF converter (version 2006.09.02).]
\scratchcounter=\count369
\scratchdimen=\dimen336
\scratchbox=\box80
\nofMPsegments=\count370
\nofMParguments=\count371
\everyMPshowfont=\toks62
\MPscratchCnt=\count372
\MPscratchDim=\dimen337
\MPnumerator=\count373
\makeMPintoPDFobject=\count374
\everyMPtoPDFconversion=\toks63
)
(C:\Users\vresh\AppData\Local\Programs\MiKTeX\tex/latex/epstopdf-pkg\epstopdf-b
ase.sty
Package: epstopdf-base 2020-01-24 v2.11 Base part for package epstopdf

(C:\Users\vresh\AppData\Local\Programs\MiKTeX\tex/latex/grfext\grfext.sty
Package: grfext 2019/12/03 v1.3 Manage graphics extensions (HO)
)

Package epstopdf Warning: Shell escape feature is not enabled.

Package epstopdf-base Info: Redefining graphics rule for `.eps' on input line 4
85.
Package grfext Info: Graphics extension search list:
(grfext)             [.pdf,.png,.jpg,.mps,.jpeg,.jbig2,.jb2,.PDF,.PNG,.JPG,.JPE
G,.JBIG2,.JB2,.eps]
(grfext)             \AppendGraphicsExtensions on input line 504.

(C:\Users\vresh\AppData\Local\Programs\MiKTeX\tex/latex/00miktex\epstopdf-sys.c
fg
File: epstopdf-sys.cfg 2021/03/18 v2.0 Configuration of epstopdf for MiKTeX
))
Package pgfplots notification 'compat/show suggested version=true': document ha
s been generated with the most recent feature set (\pgfplotsset{compat=1.18}).

\c@lstlisting=\count375
Package hyperref Info: Link coloring ON on input line 117.
\@outlinefile=\write4
\openout4 = `Fabius_Function_and_Rvachev_Up.out'.

LaTeX Font Info:    Font shape `T1/LibertinusSerif-TLF/m/n' will be
(Font)              scaled to size 17.28pt on input line 119.
LaTeX Font Info:    Font shape `T1/LibertinusSerif-TLF/b/n' will be
(Font)              scaled to size 17.28pt on input line 119.
LaTeX Font Info:    Font shape `T1/LibertinusSerif-TLF/b/n' will be
(Font)              scaled to size 12.0pt on input line 119.
LaTeX Font Info:    Font shape `T1/LibertinusSerif-TLF/m/n' will be
(Font)              scaled to size 12.0pt on input line 119.
(C:\Users\vresh\AppData\Local\Programs\MiKTeX\tex/latex/microtype\mt-cmr.cfg
File: mt-cmr.cfg 2013/05/19 v2.2 microtype config. file: Computer Modern Roman 
(RS)
)
LaTeX Font Info:    Trying to load font information for U+msa on input line 119
.

(C:\Users\vresh\AppData\Local\Programs\MiKTeX\tex/latex/amsfonts\umsa.fd
File: umsa.fd 2013/01/14 v3.01 AMS symbols A
)
(C:\Users\vresh\AppData\Local\Programs\MiKTeX\tex/latex/microtype\mt-msa.cfg
File: mt-msa.cfg 2006/02/04 v1.1 microtype config. file: AMS symbols (a) (RS)
)
LaTeX Font Info:    Trying to load font information for U+msb on input line 119
.

(C:\Users\vresh\AppData\Local\Programs\MiKTeX\tex/latex/amsfonts\umsb.fd
File: umsb.fd 2013/01/14 v3.01 AMS symbols B
)
(C:\Users\vresh\AppData\Local\Programs\MiKTeX\tex/latex/microtype\mt-msb.cfg
File: mt-msb.cfg 2005/06/01 v1.0 microtype config. file: AMS symbols (b) (RS)
)
LaTeX Font Info:    Trying to load font information for U+rsfs on input line 11
9.

(C:\Users\vresh\AppData\Local\Programs\MiKTeX\tex/latex/jknappen\ursfs.fd
File: ursfs.fd 1998/03/24 rsfs font definition file (jk)
)
LaTeX Font Info:    Font shape `T1/LibertinusSerif-TLF/m/n' will be
(Font)              scaled to size 10.0pt on input line 119.
LaTeX Font Info:    Trying to load font information for T1+LibertinusMono-TLF o
n input line 119.

(C:\Users\vresh\AppData\Local\Programs\MiKTeX\tex/latex/libertinus-type1\t1libe
rtinusmono-tlf.fd
File: T1LibertinusMono-TLF.fd 2025/01/11 (autoinst) Font definitions for T1/Lib
ertinusMono-TLF.
)
LaTeX Font Info:    Font shape `T1/LibertinusMono-TLF/m/n' will be
(Font)              scaled to size 8.50006pt on input line 119.
Package microtype Info: Loading generic protrusion settings for font family
(microtype)             `LibertinusMono-TLF' (encoding: T1).
(microtype)             For optimal results, create family-specific settings.
(microtype)             See the microtype manual for details.
Package microtype Info: Character `guilsinglleft ' is missing
(microtype)             in font `T1/LibertinusMono-TLF/m/n/10'.
(microtype)             Ignoring protrusion settings for this character.
Package microtype Info: Character `guilsinglright ' is missing
(microtype)             in font `T1/LibertinusMono-TLF/m/n/10'.
(microtype)             Ignoring protrusion settings for this character.
LaTeX Font Info:    Font shape `T1/LibertinusSerif-TLF/b/n' will be
(Font)              scaled to size 10.0pt on input line 120.
 [1

{C:/Users/vresh/AppData/Local/MiKTeX/fonts/map/pdftex/pdftex.map}{C:/Users/vres
h/AppData/Local/Programs/MiKTeX/fonts/enc/dvips/libertinus-type1/lbn1_sfissr.en
c}{C:/Users/vresh/AppData/Local/Programs/MiKTeX/fonts/enc/dvips/libertinus-type
1/lbn1_75t36g.enc}{C:/Users/vresh/AppData/Local/Programs/MiKTeX/fonts/enc/dvips
/libertinus-type1/lbn1_or3pzs.enc}] [2]
LaTeX Font Info:    Font shape `T1/LibertinusSerif-TLF/m/n' will be
(Font)              scaled to size 14.4pt on input line 250.
LaTeX Font Info:    Font shape `T1/LibertinusSerif-TLF/b/n' will be
(Font)              scaled to size 14.4pt on input line 250.

No file Fabius_Function_and_Rvachev_Up.toc.
\tf@toc=\write5
\openout5 = `Fabius_Function_and_Rvachev_Up.toc'.

[3]
LaTeX Font Info:    Font shape `T1/LibertinusSerif-TLF/b/n' will be
(Font)              scaled to size 10.95pt on input line 259.


LaTeX Warning: Citation `jessen1935' on page 4 undefined on input line 259.


LaTeX Warning: Citation `fabius1966' on page 4 undefined on input line 263.


LaTeX Warning: Citation `rvachev1971' on page 4 undefined on input line 265.

LaTeX Font Info:    Font shape `T1/LibertinusSerif-TLF/m/it' will be
(Font)              scaled to size 10.95pt on input line 266.

LaTeX Warning: Citation `rvachev1973' on page 4 undefined on input line 267.


LaTeX Warning: Citation `rvachev1979' on page 4 undefined on input line 267.


LaTeX Warning: Citation `rvachev1990' on page 4 undefined on input line 267.


LaTeX Warning: Citation `arias1982' on page 4 undefined on input line 273.


LaTeX Warning: Citation `arias2018' on page 4 undefined on input line 274.


LaTeX Warning: Citation `haugland2016' on page 4 undefined on input line 274.


LaTeX Warning: Reference `sec:dyadic' on page 1 undefined on input line 276.

LaTeX Font Info:    Font shape `T1/LibertinusMono-TLF/m/n' will be
(Font)              scaled to size 9.30756pt on input line 279.
Package microtype Info: Character `guilsinglleft ' is missing
(microtype)             in font `T1/LibertinusMono-TLF/m/n/10.95'.
(microtype)             Ignoring protrusion settings for this character.
Package microtype Info: Character `guilsinglright ' is missing
(microtype)             in font `T1/LibertinusMono-TLF/m/n/10.95'.
(microtype)             Ignoring protrusion settings for this character.

LaTeX Warning: Citation `proveit' on page 4 undefined on input line 280.


LaTeX Warning: Citation `arias2018' on page 4 undefined on input line 295.

LaTeX Font Info:    Trying to load font information for TS1+LibertinusSerif-TLF
 on input line 311.

(C:\Users\vresh\AppData\Local\Programs\MiKTeX\tex/latex/libertinus-type1\ts1lib
ertinusserif-tlf.fd
File: TS1LibertinusSerif-TLF.fd 2024/09/22 (autoinst) Font definitions for TS1/
LibertinusSerif-TLF.
)
LaTeX Font Info:    Font shape `TS1/LibertinusSerif-TLF/m/n' will be
(Font)              scaled to size 10.95pt on input line 311.
Package microtype Info: Loading generic protrusion settings for font family
(microtype)             `LibertinusSerif-TLF' (encoding: TS1).
(microtype)             For optimal results, create family-specific settings.
(microtype)             See the microtype manual for details.
 [4{C:/Users/vresh/AppData/Local/Programs/MiKTeX/fonts/enc/dvips/libertinus-typ
e1/lbn1_sncvby.enc}{C:/Users/vresh/AppData/Local/Programs/MiKTeX/fonts/enc/dvip
s/libertinus-type1/lbn1_rlktsf.enc}] [5]

LaTeX Warning: Citation `allouche2003' on page 6 undefined on input line 444.

[6]

LaTeX Warning: Reference `eq:F-left' on page 7 undefined on input line 482.


LaTeX Warning: Reference `eq:F-diffeq' on page 7 undefined on input line 482.


LaTeX Warning: Reference `eq:F-diffeq' on page 7 undefined on input line 488.


LaTeX Warning: Reference `eq:F-diffeq-right' on page 7 undefined on input line 
489.


LaTeX Warning: Reference `eq:up-absolute' on page 7 undefined on input line 500
.


LaTeX Warning: Reference `eq:shape-unified-derivative' on page 7 undefined on i
nput line 501.


LaTeX Warning: Reference `eq:F-diffeq' on page 7 undefined on input line 502.


LaTeX Warning: Reference `eq:shape-unified-derivative' on page 7 undefined on i
nput line 503.


LaTeX Warning: Reference `eq:F-diffeq-right' on page 7 undefined on input line 
503.


LaTeX Warning: Reference `eq:F-left' on page 7 undefined on input line 504.


LaTeX Warning: Reference `eq:F-left' on page 7 undefined on input line 505.


LaTeX Warning: Reference `eq:F-right' on page 7 undefined on input line 506.


LaTeX Warning: Reference `eq:shape-unified-derivative' on page 7 undefined on i
nput line 509.


LaTeX Warning: Reference `eq:F-symmetry' on page 7 undefined on input line 511.



LaTeX Warning: Reference `eq:F-left' on page 7 undefined on input line 515.


LaTeX Warning: Reference `eq:F-right' on page 7 undefined on input line 515.


LaTeX Warning: Reference `eq:shape-unified-derivative' on page 7 undefined on i
nput line 517.


LaTeX Warning: Reference `eq:F-diffeq' on page 7 undefined on input line 539.


LaTeX Warning: Reference `eq:F-symmetry' on page 7 undefined on input line 546.



LaTeX Warning: Reference `eq:F-left' on page 7 undefined on input line 547.


LaTeX Warning: Reference `eq:shape-symmetry-global' on page 7 undefined on inpu
t line 549.


LaTeX Warning: Reference `eq:shape-unified-derivative' on page 7 undefined on i
nput line 553.

[7]

LaTeX Warning: Reference `eq:up-absolute' on page 8 undefined on input line 562
.


LaTeX Warning: Reference `eq:up-absolute' on page 8 undefined on input line 579
.


LaTeX Warning: Reference `thm:shape-bijection' on page 1 undefined on input lin
e 581.


LaTeX Warning: Reference `thm:shape-bijection' on page 1 undefined on input lin
e 584.


LaTeX Warning: Reference `thm:shape-bijection' on page 1 undefined on input lin
e 586.


LaTeX Warning: Reference `thm:shape-bijection' on page 1 undefined on input lin
e 591.


LaTeX Warning: Citation `rvachev1990' on page 8 undefined on input line 595.


LaTeX Warning: Citation `arias1982' on page 8 undefined on input line 595.


LaTeX Warning: Reference `thm:shape-bijection' on page 1 undefined on input lin
e 596.

[8]

LaTeX Warning: Reference `eq:shape-max-slope' on page 9 undefined on input line
 654.


LaTeX Warning: Reference `eq:shape-unified-derivative' on page 9 undefined on i
nput line 670.


LaTeX Warning: Reference `eq:shape-lipschitz' on page 9 undefined on input line
 671.


LaTeX Warning: Reference `eq:up-absolute' on page 9 undefined on input line 673
.


LaTeX Warning: Reference `eq:shape-max-slope' on page 9 undefined on input line
 677.


LaTeX Warning: Reference `thm:shape-unimodal' on page 1 undefined on input line
 678.


LaTeX Warning: Reference `eq:shape-lipschitz' on page 9 undefined on input line
 696.


LaTeX Warning: Reference `eq:shape-majorant-left' on page 9 undefined on input 
line 697.


LaTeX Warning: Reference `eq:shape-symmetry-global' on page 9 undefined on inpu
t line 698.


LaTeX Warning: Reference `eq:shape-majorant-right' on page 9 undefined on input
 line 698.


LaTeX Warning: Reference `eq:shape-majorant-left' on page 9 undefined on input 
line 699.


LaTeX Warning: Reference `eq:up-absolute' on page 9 undefined on input line 699
.


LaTeX Warning: Reference `eq:shape-majorant-up' on page 9 undefined on input li
ne 700.


LaTeX Warning: Reference `eq:shape-majorant-left' on page 9 undefined on input 
line 703.


LaTeX Warning: Reference `eq:shape-majorant-up' on page 9 undefined on input li
ne 706.


LaTeX Warning: Citation `arias1982' on page 9 undefined on input line 709.


LaTeX Warning: Citation `rvachev1990' on page 9 undefined on input line 709.

[9]

LaTeX Warning: Reference `eq:admissible-half-integral' on page 10 undefined on 
input line 757.


LaTeX Warning: Reference `eq:contraction' on page 10 undefined on input line 78
6.

[10]

LaTeX Warning: Reference `eq:fixed-transform' on page 11 undefined on input lin
e 802.


LaTeX Warning: Reference `eq:F-diffeq' on page 11 undefined on input line 808.


LaTeX Warning: Reference `eq:F-diffeq-right' on page 11 undefined on input line
 808.


LaTeX Warning: Reference `eq:up-diffeq' on page 11 undefined on input line 814.



LaTeX Warning: Reference `eq:F-diffeq' on page 11 undefined on input line 829.


LaTeX Warning: Reference `eq:up-absolute' on page 11 undefined on input line 83
2.

LaTeX Font Info:    Font shape `T1/LibertinusMono-TLF/m/it' will be
(Font)              scaled to size 9.30756pt on input line 857.
Package microtype Info: Character `guilsinglleft ' is missing
(microtype)             in font `T1/LibertinusMono-TLF/m/it/10.95'.
(microtype)             Ignoring protrusion settings for this character.
Package microtype Info: Character `guilsinglright ' is missing
(microtype)             in font `T1/LibertinusMono-TLF/m/it/10.95'.
(microtype)             Ignoring protrusion settings for this character.
LaTeX Font Info:    Font shape `T1/LibertinusSerif-TLF/m/it' will be
(Font)              scaled to size 8.0pt on input line 857.
LaTeX Font Info:    Font shape `T1/LibertinusSerif-TLF/m/it' will be
(Font)              scaled to size 6.0pt on input line 857.
[11]

LaTeX Warning: Reference `eq:random-split' on page 12 undefined on input line 9
10.


LaTeX Warning: Reference `sec:existence' on page 1 undefined on input line 919.


[12] [13]

LaTeX Warning: Reference `eq:generic-head-tail-map' on page 14 undefined on inp
ut line 1022.


LaTeX Warning: Reference `eq:weighted-law-def' on page 14 undefined on input li
ne 1024.


LaTeX Warning: Reference `eq:weighted-head-tail-map' on page 14 undefined on in
put line 1031.


LaTeX Warning: Reference `eq:weighted-law-split' on page 14 undefined on input 
line 1033.


LaTeX Warning: Reference `eq:weighted-law-reflection' on page 14 undefined on i
nput line 1033.


LaTeX Warning: Reference `eq:weighted-law-support' on page 14 undefined on inpu
t line 1036.


LaTeX Warning: Reference `eq:weighted-law-support-range' on page 14 undefined o
n input line 1056.


LaTeX Warning: Reference `eq:weighted-law-signed-support' on page 14 undefined 
on input line 1058.

[14]

LaTeX Warning: Reference `eq:ae-head-tail-recursion' on page 15 undefined on in
put line 1116.


LaTeX Warning: Reference `eq:weighted-series-naturality' on page 15 undefined o
n input line 1119.


LaTeX Warning: Reference `eq:weighted-series-smul' on page 15 undefined on inpu
t line 1119.


LaTeX Warning: Reference `eq:weighted-shift-map' on page 15 undefined on input 
line 1124.


LaTeX Warning: Reference `eq:weighted-operator-split' on page 15 undefined on i
nput line 1126.


LaTeX Warning: Reference `eq:weighted-operator-law' on page 15 undefined on inp
ut line 1127.


LaTeX Warning: Reference `eq:weighted-series-smul' on page 15 undefined on inpu
t line 1161.

[15]

LaTeX Warning: Reference `eq:quantile-map' on page 16 undefined on input line 1
213.


LaTeX Warning: Reference `eq:F-CDF' on page 16 undefined on input line 1226.

[16]

LaTeX Warning: Reference `eq:ac-weighted-inverse-layer-cake' on page 17 undefin
ed on input line 1312.

[17] [18]

LaTeX Warning: Reference `eq:weighted-uniform-barycenter' on page 19 undefined 
on input line 1437.

[19]

LaTeX Warning: Reference `eq:affine-independent-copy-law' on page 20 undefined 
on input line 1479.


LaTeX Warning: Reference `eq:geometric-law-refinement' on page 20 undefined on 
input line 1508.


LaTeX Warning: Reference `eq:geometric-uniform-cdf-density' on page 20 undefine
d on input line 1532.


LaTeX Warning: Reference `eq:geometric-uniform-cdf-density' on page 20 undefine
d on input line 1551.

[20] [21] [22]

LaTeX Warning: Reference `cor:geometric-uniform-law-unique' on page 1 undefined
 on input line 1770.

[23]

LaTeX Warning: Reference `eq:activation-global-bound' on page 24 undefined on i
nput line 1817.

[24]

LaTeX Warning: Reference `eq:activation-totalizations' on page 25 undefined on 
input line 1853.


LaTeX Warning: Reference `eq:tanh-taylor-nine' on page 25 undefined on input li
ne 1893.


LaTeX Warning: Reference `eq:activation-taylor-eight-power' on page 25 undefine
d on input line 1893.

[25]

LaTeX Warning: Reference `eq:tanh-taylor-nine' on page 26 undefined on input li
ne 1912.


LaTeX Warning: Reference `eq:activation-scaled-limit' on page 26 undefined on i
nput line 1948.


LaTeX Warning: Reference `eq:activation-scaled-bound' on page 26 undefined on i
nput line 1949.


LaTeX Warning: Reference `eq:activation-field-def' on page 26 undefined on inpu
t line 1950.


LaTeX Warning: Reference `eq:activation-square-summable' on page 26 undefined o
n input line 1951.


LaTeX Warning: Reference `thm:square-summable-activation-fields' on page 1 unde
fined on input line 1969.

[26]

LaTeX Warning: Reference `eq:geometric-activation-limit' on page 27 undefined o
n input line 1993.


LaTeX Warning: Reference `eq:dyadic-activation-limit' on page 27 undefined on i
nput line 1997.


LaTeX Warning: Reference `eq:geometric-activation-limit' on page 27 undefined o
n input line 2027.


LaTeX Warning: Reference `thm:activation-taylor-jet' on page 1 undefined on inp
ut line 2033.

[27]

LaTeX Warning: Reference `eq:finite-atomic-law' on page 28 undefined on input l
ine 2062.


LaTeX Warning: Reference `eq:finite-atomic-char' on page 28 undefined on input 
line 2093.


LaTeX Warning: Reference `eq:finite-atomic-weak' on page 28 undefined on input 
line 2095.


LaTeX Warning: Reference `eq:finite-atomic-tests' on page 28 undefined on input
 line 2096.

[28]

LaTeX Warning: Reference `eq:finite-atomic-law' on page 29 undefined on input l
ine 2159.


LaTeX Warning: Reference `eq:four-step-limit' on page 29 undefined on input lin
e 2171.


LaTeX Warning: Reference `eq:four-step-sandwich' on page 29 undefined on input 
line 2195.


LaTeX Warning: Reference `eq:four-step-interval-limit' on page 29 undefined on 
input line 2195.

[29]

LaTeX Warning: Reference `eq:centered-cutoff' on page 30 undefined on input lin
e 2248.


LaTeX Warning: Reference `eq:centered-spline-positive' on page 30 undefined on 
input line 2269.


LaTeX Warning: Reference `eq:centered-spline-positive' on page 30 undefined on 
input line 2283.

[30]

LaTeX Warning: Reference `eq:spline-equals-cdf' on page 31 undefined on input l
ine 2296.


LaTeX Warning: Reference `eq:F-CDF' on page 31 undefined on input line 2320.


LaTeX Warning: Reference `eq:spline-equals-cdf' on page 31 undefined on input l
ine 2320.


LaTeX Warning: Reference `eq:centered-sandwich' on page 31 undefined on input l
ine 2321.


LaTeX Warning: Reference `eq:centered-error' on page 31 undefined on input line
 2330.


LaTeX Warning: Reference `sec:effective-computability' on page 1 undefined on i
nput line 2335.


LaTeX Warning: Reference `eq:centered-error' on page 31 undefined on input line
 2346.


LaTeX Warning: Reference `eq:centered-spline' on page 31 undefined on input lin
e 2357.

[31]

LaTeX Warning: Reference `eq:finite-quarter-quadratic' on page 32 undefined on 
input line 2388.


LaTeX Warning: Reference `eq:finite-quarter-quadratic' on page 32 undefined on 
input line 2423.

[32]

LaTeX Warning: Reference `eq:sinc-product' on page 33 undefined on input line 2
485.

[33]

LaTeX Warning: Reference `eq:binary-weight-complement' on page 34 undefined on 
input line 2569.


LaTeX Warning: Reference `eq:thue-sign-complement' on page 34 undefined on inpu
t line 2569.

[34]

LaTeX Warning: Reference `eq:thue-morse-affine-sine' on page 35 undefined on in
put line 2617.

[35]

LaTeX Warning: Reference `eq:rvachev-product-thue-morse-shell' on page 36 undef
ined on input line 2691.


LaTeX Warning: Reference `eq:sinc-product' on page 36 undefined on input line 2
731.

[36]
LaTeX Font Info:    Font shape `T1/LibertinusSerif-TLF/m/n' will be
(Font)              scaled to size 8.0pt on input line 2835.
LaTeX Font Info:    Font shape `T1/LibertinusSerif-TLF/m/n' will be
(Font)              scaled to size 6.0pt on input line 2835.
 [37] [38] [39] [40]

LaTeX Warning: Reference `eq:rvachev-complex-qpochhammer' on page 41 undefined 
on input line 3142.


LaTeX Warning: Reference `eq:geometric-complex-qpochhammer' on page 41 undefine
d on input line 3143.

[41]

LaTeX Warning: Reference `eq:geometric-complex-qpochhammer' on page 42 undefine
d on input line 3170.


LaTeX Warning: Reference `eq:rvachev-complex-qpochhammer' on page 42 undefined 
on input line 3173.


LaTeX Warning: Reference `eq:geometric-complex-qpochhammer' on page 42 undefine
d on input line 3198.


LaTeX Warning: Reference `eq:complex-qpochhammer-zero-locus' on page 42 undefin
ed on input line 3234.

[42]

LaTeX Warning: Reference `eq:complex-qpochhammer-zero-locus' on page 43 undefin
ed on input line 3262.


LaTeX Warning: Reference `eq:geometric-complex-qpochhammer' on page 43 undefine
d on input line 3274.

[43] [44]

Package amsmath Warning: Foreign command \atopwithdelims;
(amsmath)                \frac or \genfrac should be used instead
(amsmath)                 on input line 3460.

[45] [46] [47]

LaTeX Warning: Reference `eq:base-layer-reindexing' on page 48 undefined on inp
ut line 3691.


LaTeX Warning: Reference `eq:base-layer-regrouping' on page 48 undefined on inp
ut line 3694.


LaTeX Warning: Reference `eq:base-layer-count' on page 48 undefined on input li
ne 3697.


LaTeX Warning: Reference `eq:base-layer-multiplicity' on page 48 undefined on i
nput line 3697.

[48]

LaTeX Warning: Reference `eq:factored-all-order-jet' on page 49 undefined on in
put line 3747.

[49]

LaTeX Warning: Reference `eq:dyadic-center-total-factorization' on page 50 unde
fined on input line 3817.


LaTeX Warning: Reference `eq:integer-center-total-factorization' on page 50 und
efined on input line 3817.


LaTeX Warning: Reference `eq:integer-zero-unit-value' on page 50 undefined on i
nput line 3868.


LaTeX Warning: Reference `eq:factored-leading-jet' on page 50 undefined on inpu
t line 3872.

[50]

LaTeX Warning: Reference `thm:fourier-zeros' on page 1 undefined on input line 
3898.


LaTeX Warning: Reference `eq:integer-zero-local-factorization' on page 51 undef
ined on input line 3929.


LaTeX Warning: Reference `eq:rvachev-fourier-reciprocal-cofactor-limit' on page
 51 undefined on input line 3934.


LaTeX Warning: Reference `eq:rvachev-centered-mgf-rotation' on page 51 undefine
d on input line 3935.

[51]

LaTeX Warning: Reference `eq:fourier-zero-order' on page 52 undefined on input 
line 3968.

[52]

LaTeX Warning: Reference `eq:weighted-inclusive-prefix' on page 53 undefined on
 input line 4043.


LaTeX Warning: Reference `eq:weighted-layer-cake' on page 53 undefined on input
 line 4047.


LaTeX Warning: Reference `eq:weighted-scale-multiplicity' on page 53 undefined 
on input line 4050.


LaTeX Warning: Reference `eq:weighted-scale-shift' on page 53 undefined on inpu
t line 4054.


LaTeX Warning: Reference `eq:weighted-scale-one-shift' on page 53 undefined on 
input line 4054.


LaTeX Warning: Reference `eq:weighted-scale-divisors-bounded' on page 53 undefi
ned on input line 4057.


LaTeX Warning: Reference `eq:weighted-scale-divisors' on page 53 undefined on i
nput line 4058.


LaTeX Warning: Reference `eq:weighted-scale-cumulative' on page 53 undefined on
 input line 4061.


LaTeX Warning: Reference `eq:weighted-prefix-shifted-pascal' on page 53 undefin
ed on input line 4064.


LaTeX Warning: Reference `eq:weighted-prefix-pascal' on page 53 undefined on in
put line 4065.

[53]

LaTeX Warning: Reference `eq:base-digit-additive' on page 54 undefined on input
 line 4103.


LaTeX Warning: Reference `eq:base-digit-quotient' on page 54 undefined on input
 line 4103.


LaTeX Warning: Reference `eq:weighted-scale-pascal' on page 54 undefined on inp
ut line 4113.


LaTeX Warning: Reference `eq:generalized-rvachev-dyadic-order' on page 54 undef
ined on input line 4154.


LaTeX Warning: Reference `eq:generalized-rvachev-product-identifiability' on pa
ge 54 undefined on input line 4161.


LaTeX Warning: Reference `eq:generalized-rvachev-exponent-succ' on page 54 unde
fined on input line 4166.


LaTeX Warning: Reference `eq:generalized-rvachev-product-injective' on page 54 
undefined on input line 4178.

[54] [55] [56] [57] [58] [59] [60] [61] [62] [63] [64]

LaTeX Warning: Reference `eq:fourier-integer-zeros' on page 65 undefined on inp
ut line 5018.

[65]

LaTeX Warning: Reference `eq:int-fourier-tsum' on page 66 undefined on input li
ne 5070.


LaTeX Warning: Reference `eq:finite-range-scalar-twist' on page 66 undefined on
 input line 5087.

[66]

LaTeX Warning: Reference `eq:odd-coset-root-filter' on page 67 undefined on inp
ut line 5148.


LaTeX Warning: Reference `eq:odd-coset-root-filter' on page 67 undefined on inp
ut line 5159.


LaTeX Warning: Reference `eq:fourier-moment-series' on page 67 undefined on inp
ut line 5193.


LaTeX Warning: Reference `eq:global-extension' on page 67 undefined on input li
ne 5205.

[67]

LaTeX Warning: Reference `eq:midpoint-higher-jets' on page 68 undefined on inpu
t line 5295.

[68]

LaTeX Warning: Reference `eq:midpoint-weighted-right' on page 69 undefined on i
nput line 5325.

[69]

LaTeX Warning: Reference `eq:inverse-offset-range' on page 70 undefined on inpu
t line 5377.


LaTeX Warning: Reference `eq:inverse-midpoint-endpoints' on page 70 undefined o
n input line 5386.


LaTeX Warning: Reference `eq:midpoint-value-transfer' on page 70 undefined on i
nput line 5394.

[70]

LaTeX Warning: Reference `eq:literal-volterra-ftc' on page 71 undefined on inpu
t line 5447.


LaTeX Warning: Reference `eq:literal-equals-J' on page 71 undefined on input li
ne 5493.

[71] [72] [73]

LaTeX Warning: Reference `sec:probability-laplace-bridge' on page 1 undefined o
n input line 5726.

[74]

LaTeX Warning: Reference `eq:J-taylor-remainder' on page 75 undefined on input 
line 5819.


LaTeX Warning: Reference `eq:J-monomial' on page 75 undefined on input line 582
0.


LaTeX Warning: Reference `thm:fractional-volterra-foundation' on page 1 undefin
ed on input line 5826.


LaTeX Warning: Reference `thm:fabius-fractional-stopped-power' on page 1 undefi
ned on input line 5830.


LaTeX Warning: Reference `thm:fabius-fractional-volterra-shift' on page 1 undef
ined on input line 5832.

[75] [76]

LaTeX Warning: Reference `eq:rvachev-derivative-cell' on page 77 undefined on i
nput line 5919.


LaTeX Warning: Reference `eq:rvachev-cell-signed' on page 77 undefined on input
 line 5927.


LaTeX Warning: Reference `eq:rvachev-cell-midpoint' on page 77 undefined on inp
ut line 5927.


LaTeX Warning: Reference `eq:rvachev-signed-mixture' on page 77 undefined on in
put line 5986.


LaTeX Warning: Reference `eq:rvachev-normalized-test' on page 77 undefined on i
nput line 5986.


LaTeX Warning: Reference `eq:rvachev-normalized-signed-test' on page 77 undefin
ed on input line 5990.


LaTeX Warning: Reference `eq:rvachev-absolute-pushforward' on page 77 undefined
 on input line 5992.


LaTeX Warning: Reference `eq:rvachev-normalized-signed-pushforward' on page 77 
undefined on input line 5993.

[77]

LaTeX Warning: Reference `eq:rvachev-signed-nat-moments' on page 78 undefined o
n input line 6026.


LaTeX Warning: Reference `eq:rvachev-even-nat-moments' on page 78 undefined on 
input line 6027.


LaTeX Warning: Reference `eq:rvachev-odd-nat-moments' on page 78 undefined on i
nput line 6027.


LaTeX Warning: Reference `eq:rvachev-signed-mixture' on page 78 undefined on in
put line 6056.


LaTeX Warning: Reference `eq:rvachev-normalized-signed-test' on page 78 undefin
ed on input line 6058.


LaTeX Warning: Reference `eq:rvachev-normalized-signed-pushforward' on page 78 
undefined on input line 6059.


LaTeX Warning: Reference `eq:rvachev-signed-nat-moments' on page 78 undefined o
n input line 6061.


LaTeX Warning: Reference `eq:rvachev-odd-nat-moments' on page 78 undefined on i
nput line 6061.


LaTeX Warning: Reference `eq:rvachev-rpow-moments' on page 78 undefined on inpu
t line 6063.


LaTeX Warning: Reference `eq:rvachev-absolute-pushforward' on page 78 undefined
 on input line 6076.

[78] [79]

LaTeX Warning: Reference `eq:fabius-exact-inverse-modulus' on page 80 undefined
 on input line 6197.

[80] [81] [82] [83]

LaTeX Warning: Reference `eq:inverse-exact-dyadic-modulus' on page 84 undefined
 on input line 6511.


LaTeX Warning: Reference `eq:inverse-exact-dyadic-threshold' on page 84 undefin
ed on input line 6517.

[84]

LaTeX Warning: Reference `eq:inverse-exact-logarithmic-witness' on page 85 unde
fined on input line 6543.

[85] [86]

LaTeX Warning: Reference `eq:c-def' on page 87 undefined on input line 6717.

[87]

LaTeX Warning: Reference `eq:moment-natural-normalization' on page 88 undefined
 on input line 6779.

[88]

LaTeX Warning: Reference `eq:centered-bernoulli-mersenne-cumulant' on page 89 u
ndefined on input line 6832.


LaTeX Warning: Reference `eq:centered-bernoulli-mersenne-recurrence' on page 89
 undefined on input line 6834.

[89]

LaTeX Warning: Reference `eq:factorial-normalization' on page 90 undefined on i
nput line 6916.


LaTeX Warning: Reference `eq:complete-bell-recurrence' on page 90 undefined on 
input line 6919.


LaTeX Warning: Reference `eq:bell-cumulant-inverses' on page 90 undefined on in
put line 6922.


LaTeX Warning: Reference `eq:bell-ordinary-bridge' on page 90 undefined on inpu
t line 6927.


LaTeX Warning: Reference `eq:bell-cumulant-naturality' on page 90 undefined on 
input line 6930.


LaTeX Warning: Reference `eq:polynomial-integral-cumulants' on page 90 undefine
d on input line 6961.

[90] [91] [92] [93]

LaTeX Warning: Reference `eq:finite-prefix-appell-outer-degrees' on page 94 und
efined on input line 7266.

[94] [95]

LaTeX Warning: Reference `eq:rvachev-comb-exact-through' on page 96 undefined o
n input line 7384.


LaTeX Warning: Reference `eq:random-X' on page 96 undefined on input line 7406.


[96

]

LaTeX Warning: Reference `eq:fabius-fractional-stopped-power' on page 97 undefi
ned on input line 7512.


LaTeX Warning: Reference `eq:fabius-fractional-endpoint-moment' on page 97 unde
fined on input line 7513.

[97]

LaTeX Warning: Reference `eq:survival-kernel-banach' on page 98 undefined on in
put line 7551.


LaTeX Warning: Reference `eq:survival-kernel-clipped' on page 98 undefined on i
nput line 7553.


LaTeX Warning: Reference `eq:survival-fubini' on page 98 undefined on input lin
e 7562.


LaTeX Warning: Reference `eq:survival-up-moments' on page 98 undefined on input
 line 7567.


LaTeX Warning: Reference `eq:survival-layer-cake-partial' on page 98 undefined 
on input line 7574.


LaTeX Warning: Reference `eq:survival-layer-cake-full' on page 98 undefined on 
input line 7574.


LaTeX Warning: Reference `eq:laplace-reflection' on page 98 undefined on input 
line 7591.


LaTeX Warning: Reference `eq:laplace-midpoint' on page 98 undefined on input li
ne 7594.


LaTeX Warning: Reference `eq:laplace-shift' on page 98 undefined on input line 
7594.

[98] [99]

LaTeX Warning: Reference `eq:prime-power-binomial-valuation' on page 100 undefi
ned on input line 7716.

[100]

LaTeX Warning: Reference `eq:dyadic-closed' on page 101 undefined on input line
 7789.

[101]

LaTeX Warning: Reference `eq:dy-global-closed' on page 102 undefined on input l
ine 7831.


LaTeX Warning: Reference `eq:dyadic-closed' on page 102 undefined on input line
 7832.


LaTeX Warning: Reference `eq:dy-global-closed' on page 102 undefined on input l
ine 7850.


LaTeX Warning: Reference `eq:single-block' on page 102 undefined on input line 
7855.


LaTeX Warning: Reference `eq:dy-global-closed' on page 102 undefined on input l
ine 7858.


LaTeX Warning: Reference `cor:dy-bump-case' on page 102 undefined on input line
 7862.


LaTeX Warning: Reference `thm:dy-global-closed' on page 1 undefined on input li
ne 7864.


LaTeX Warning: Reference `eq:dyadic-closed' on page 102 undefined on input line
 7864.


LaTeX Warning: Reference `eq:dy-global-closed' on page 102 undefined on input l
ine 7871.


LaTeX Warning: Reference `eq:c-recurrence' on page 102 undefined on input line 
7873.

[102] [103]

LaTeX Warning: Reference `eq:symmetric-corner-box-integral' on page 104 undefin
ed on input line 8000.


LaTeX Warning: Reference `eq:symmetric-mixed-recurrence' on page 104 undefined 
on input line 8001.


LaTeX Warning: Reference `eq:thue-block-product' on page 104 undefined on input
 line 8027.

[104]

LaTeX Warning: Reference `eq:F-inverse-power' on page 105 undefined on input li
ne 8145.

[105]

LaTeX Warning: Reference `eq:Horner-polynomial' on page 106 undefined on input 
line 8161.


LaTeX Warning: Reference `eq:bit-split' on page 106 undefined on input line 817
4.


LaTeX Warning: Reference `eq:Horner-polynomial' on page 106 undefined on input 
line 8174.


LaTeX Warning: Reference `eq:taylor-block' on page 106 undefined on input line 
8175.


LaTeX Warning: Reference `eq:F-inverse-power' on page 106 undefined on input li
ne 8181.


LaTeX Warning: Reference `eq:bit-split' on page 106 undefined on input line 819
0.


LaTeX Warning: Reference `eq:Horner-polynomial' on page 106 undefined on input 
line 8212.

[106]

LaTeX Warning: Reference `alg:dyadic-evaluator' on page 107 undefined on input 
line 8234.


LaTeX Warning: Reference `eq:single-block' on page 107 undefined on input line 
8260.


LaTeX Warning: Reference `eq:up-fold' on page 107 undefined on input line 8264.



LaTeX Warning: Reference `eq:dy-triangular-fold' on page 107 undefined on input
 line 8268.


LaTeX Warning: Reference `eq:dy-triangular' on page 107 undefined on input line
 8272.


LaTeX Warning: Reference `alg:dyadic-evaluator' on page 107 undefined on input 
line 8272.


LaTeX Warning: Reference `eq:dy-triangular-split' on page 107 undefined on inpu
t line 8274.


LaTeX Warning: Reference `eq:dy-triangular-fold' on page 107 undefined on input
 line 8274.


LaTeX Warning: Reference `eq:dy-triangular' on page 107 undefined on input line
 8280.

[107]

LaTeX Warning: Reference `eq:lcm-bound' on page 108 undefined on input line 834
2.


LaTeX Warning: Reference `eq:dy-delta-lower' on page 108 undefined on input lin
e 8342.

LaTeX Font Info:    Trying to load font information for U+euf on input line 836
1.
(C:\Users\vresh\AppData\Local\Programs\MiKTeX\tex/latex/amsfonts\ueuf.fd
File: ueuf.fd 2013/01/14 v3.01 Euler Fraktur
)
(C:\Users\vresh\AppData\Local\Programs\MiKTeX\tex/latex/microtype\mt-euf.cfg
File: mt-euf.cfg 2006/07/03 v1.1 microtype config. file: AMS Euler Fraktur (RS)

)
[108]

LaTeX Warning: Reference `eq:q-pascal-alt' on page 109 undefined on input line 
8432.


LaTeX Warning: Reference `eq:finite-q-binomial-ring' on page 109 undefined on i
nput line 8443.


LaTeX Warning: Reference `eq:q-gaussian-map' on page 109 undefined on input lin
e 8455.


LaTeX Warning: Reference `eq:q-gaussian-symmetry' on page 109 undefined on inpu
t line 8455.

[109] [110] [111] [112] [113]

LaTeX Warning: Reference `eq:q-vandermonde-first' on page 114 undefined on inpu
t line 8770.


LaTeX Warning: Reference `eq:q-vandermonde-second' on page 114 undefined on inp
ut line 8771.


LaTeX Warning: Reference `eq:q-gaussian-int' on page 114 undefined on input lin
e 8774.

[114]

LaTeX Warning: Reference `eq:geometric-q-numerator' on page 115 undefined on in
put line 8860.


LaTeX Warning: Reference `eq:geometric-lagrange-gaussian' on page 115 undefined
 on input line 8878.


LaTeX Warning: Reference `eq:q-subsets-zero-based' on page 115 undefined on inp
ut line 8892.


LaTeX Warning: Reference `eq:q-subsets-one-based' on page 115 undefined on inpu
t line 8893.


LaTeX Warning: Reference `eq:q-gaussian-chain' on page 115 undefined on input l
ine 8908.


LaTeX Warning: Reference `eq:q-alternating-general' on page 115 undefined on in
put line 8909.


LaTeX Warning: Reference `eq:q-alternating-delta' on page 115 undefined on inpu
t line 8909.


LaTeX Warning: Reference `eq:q-scaled-left-delta' on page 115 undefined on inpu
t line 8911.


LaTeX Warning: Reference `eq:q-scaled-right-delta' on page 115 undefined on inp
ut line 8911.

[115]

LaTeX Warning: Reference `eq:q-scaled-module-transforms' on page 116 undefined 
on input line 8934.


LaTeX Warning: Reference `eq:q-scaled-module-inversion' on page 116 undefined o
n input line 8934.


LaTeX Warning: Reference `eq:q-geometric-numerator-kernel' on page 116 undefine
d on input line 8944.


LaTeX Warning: Reference `thm:q-difference-annihilation-formal' on page 1 undef
ined on input line 8947.


LaTeX Warning: Reference `eq:q-gaussian-inverse-kernels' on page 116 undefined 
on input line 8957.


LaTeX Warning: Reference `eq:q-scaled-inverse-kernel' on page 116 undefined on 
input line 8966.

[116]

LaTeX Warning: Reference `eq:q-difference-top-coeff' on page 117 undefined on i
nput line 8997.


LaTeX Warning: Reference `eq:q-scaled-characteristic' on page 117 undefined on 
input line 9012.


LaTeX Warning: Reference `eq:q-difference-annihilation' on page 117 undefined o
n input line 9012.


LaTeX Warning: Reference `eq:q-cauchy-formal' on page 117 undefined on input li
ne 9053.


LaTeX Warning: Reference `eq:q-cauchy-reflected-formal' on page 117 undefined o
n input line 9054.


LaTeX Warning: Reference `eq:q-bernstein-basis' on page 117 undefined on input 
line 9058.


LaTeX Warning: Reference `eq:q-bernstein-unity' on page 117 undefined on input 
line 9059.


LaTeX Warning: Reference `eq:q-cauchy-second-formal' on page 117 undefined on i
nput line 9060.

[117]

LaTeX Warning: Reference `eq:elementary-reindex' on page 118 undefined on input
 line 9104.


LaTeX Warning: Reference `eq:elementary-option-pascal' on page 118 undefined on
 input line 9104.


LaTeX Warning: Reference `eq:elementary-fin-pascal' on page 118 undefined on in
put line 9105.


LaTeX Warning: Reference `eq:elementary-complete-delta' on page 118 undefined o
n input line 9110.


LaTeX Warning: Reference `eq:complete-option-pascal' on page 118 undefined on i
nput line 9114.

[118] [119]

LaTeX Warning: Reference `eq:q-gaussian-symmetry' on page 120 undefined on inpu
t line 9221.


LaTeX Warning: Reference `eq:q-geometric-numerator-kernel' on page 120 undefine
d on input line 9265.


LaTeX Warning: Reference `eq:reversed-q-binomial' on page 120 undefined on inpu
t line 9266.


LaTeX Warning: Reference `eq:geometric-q-numerator-moments' on page 120 undefin
ed on input line 9267.


LaTeX Warning: Reference `eq:geometric-lagrange-gaussian' on page 120 undefined
 on input line 9271.


LaTeX Warning: Reference `eq:geometric-lagrange-residual' on page 120 undefined
 on input line 9274.


LaTeX Warning: Reference `thm:geometric-q-binomial-lagrange' on page 120 undefi
ned on input line 9282.

[120]
Package microtype Info: Loading generic protrusion settings for font family
(microtype)             `cmss' (encoding: OT1).
(microtype)             For optimal results, create family-specific settings.
(microtype)             See the microtype manual for details.


LaTeX Warning: Reference `prop:analytic-series-filter' on page 1 undefined on i
nput line 9322.


LaTeX Warning: Reference `thm:rvachev-gaussian-filter' on page 1 undefined on i
nput line 9339.

[121]

LaTeX Warning: Reference `eq:generic-geometric-filter-coeff' on page 122 undefi
ned on input line 9369.


LaTeX Warning: Reference `eq:generic-geometric-filter-qbinomial' on page 122 un
defined on input line 9370.

[122]

LaTeX Warning: Reference `eq:half-q-binomial-theorem' on page 123 undefined on 
input line 9491.

[123]

LaTeX Warning: Reference `eq:half-q-gaussian-prouhet' on page 124 undefined on 
input line 9551.

[124] [125]

LaTeX Warning: Reference `eq:qs-falling-product' on page 126 undefined on input
 line 9695.


LaTeX Warning: Reference `eq:qs-prefactor-product' on page 126 undefined on inp
ut line 9706.


LaTeX Warning: Reference `eq:qs-gl-qpochhammer' on page 126 undefined on input 
line 9730.

[126]

LaTeX Warning: Reference `eq:qs-subspace-form' on page 127 undefined on input l
ine 9789.


LaTeX Warning: Reference `eq:qs-subspace-form' on page 127 undefined on input l
ine 9801.


LaTeX Warning: Reference `eq:qs-gl-qpochhammer' on page 127 undefined on input 
line 9813.

[127]

LaTeX Warning: Reference `eq:global-taylor-reduction' on page 128 undefined on 
input line 9882.


LaTeX Warning: Reference `eq:single-block' on page 128 undefined on input line 
9891.


LaTeX Warning: Reference `eq:global-scale-zero-step' on page 128 undefined on i
nput line 9905.


LaTeX Warning: Reference `eq:global-one-step-residual' on page 128 undefined on
 input line 9906.


LaTeX Warning: Reference `eq:global-finite-binary-telescope' on page 128 undefi
ned on input line 9916.

[128]

LaTeX Warning: Reference `eq:F-inverse-power' on page 129 undefined on input li
ne 9982.


LaTeX Warning: Reference `eq:global-reduction-polynomial' on page 129 undefined
 on input line 9988.

[129]

LaTeX Warning: Reference `eq:qs-sigma-def' on page 130 undefined on input line 
10012.


LaTeX Warning: Reference `eq:qbinomial-dyadic' on page 130 undefined on input l
ine 10012.


LaTeX Warning: Reference `eq:parity-power-half-reduction' on page 130 undefined
 on input line 10028.


LaTeX Warning: Reference `eq:global-binary-reduction-series' on page 130 undefi
ned on input line 10030.


LaTeX Warning: Reference `subsec:q-binomial-dyadic' on page 1 undefined on inpu
t line 10037.


LaTeX Warning: Reference `eq:qbinomial-dyadic' on page 130 undefined on input l
ine 10053.


LaTeX Warning: Reference `eq:q-taylor-normalization' on page 130 undefined on i
nput line 10076.


LaTeX Warning: Reference `eq:q-reduction-polynomial' on page 130 undefined on i
nput line 10077.


LaTeX Warning: Reference `eq:global-reduction-polynomial' on page 130 undefined
 on input line 10083.

[130]

LaTeX Warning: Reference `eq:global-summand-majorant' on page 131 undefined on 
input line 10123.


LaTeX Warning: Reference `eq:global-q-binomial-series' on page 131 undefined on
 input line 10131.


LaTeX Warning: Reference `eq:centered-cutoff' on page 131 undefined on input li
ne 10132.


LaTeX Warning: Reference `eq:discrete-q-approximant' on page 131 undefined on i
nput line 10161.

[131]

LaTeX Warning: Reference `eq:centered-spline' on page 132 undefined on input li
ne 10172.


LaTeX Warning: Reference `eq:centered-spline-global-limit' on page 132 undefine
d on input line 10172.


LaTeX Warning: Reference `eq:centered-spline' on page 132 undefined on input li
ne 10178.


LaTeX Warning: Reference `eq:complex-shift-spline' on page 132 undefined on inp
ut line 10203.


LaTeX Warning: Reference `eq:centered-spline' on page 132 undefined on input li
ne 10209.


LaTeX Warning: Reference `eq:res-fixed-cutoff-branch' on page 132 undefined on 
input line 10211.


LaTeX Warning: Reference `eq:res-fixed-cutoff-branch' on page 132 undefined on 
input line 10213.


LaTeX Warning: Reference `eq:centered-cutoff' on page 132 undefined on input li
ne 10220.


LaTeX Warning: Reference `eq:res-fixed-cutoff-branch' on page 132 undefined on 
input line 10221.


LaTeX Warning: Reference `eq:res-fixed-cutoff-branch' on page 132 undefined on 
input line 10226.


LaTeX Warning: Reference `eq:centered-spline-positive' on page 132 undefined on
 input line 10227.


LaTeX Warning: Reference `eq:centered-spline-positive' on page 132 undefined on
 input line 10228.


LaTeX Warning: Reference `eq:res-cutoff-invariance' on page 132 undefined on in
put line 10229.


LaTeX Warning: Reference `eq:res-fixed-cutoff-branch' on page 132 undefined on 
input line 10230.


LaTeX Warning: Reference `eq:res-degree-zero-spline' on page 132 undefined on i
nput line 10231.


LaTeX Warning: Reference `eq:res-cutoff-invariance' on page 132 undefined on in
put line 10232.

[132]

LaTeX Warning: Reference `eq:res-descending-spline' on page 133 undefined on in
put line 10244.


LaTeX Warning: Reference `eq:res-fixed-cutoff-branch' on page 133 undefined on 
input line 10245.


LaTeX Warning: Reference `eq:res-spline-taylor' on page 133 undefined on input 
line 10255.


LaTeX Warning: Reference `eq:res-spline-taylor' on page 133 undefined on input 
line 10260.


LaTeX Warning: Reference `eq:res-descending-spline' on page 133 undefined on in
put line 10262.


LaTeX Warning: Reference `eq:complex-shift-spline' on page 133 undefined on inp
ut line 10266.


LaTeX Warning: Reference `eq:centered-spline' on page 133 undefined on input li
ne 10278.


LaTeX Warning: Reference `eq:res-spline-taylor' on page 133 undefined on input 
line 10280.


LaTeX Warning: Reference `eq:res-ascending-form' on page 133 undefined on input
 line 10281.


LaTeX Warning: Reference `eq:complex-shift-spline-bound' on page 133 undefined 
on input line 10286.


LaTeX Warning: Reference `eq:discrete-q-approximant' on page 133 undefined on i
nput line 10303.

[133]

LaTeX Warning: Reference `eq:discrete-row-sum' on page 134 undefined on input l
ine 10359.

[134]

LaTeX Warning: Reference `eq:finite-functional-affine' on page 135 undefined on
 input line 10410.

[135]

LaTeX Warning: Reference `eq:lagrange-all-residual-moments' on page 136 undefin
ed on input line 10490.

[136] [137]

LaTeX Warning: Reference `eq:geometric-exact-row-hypothesis' on page 138 undefi
ned on input line 10610.


LaTeX Warning: Reference `eq:scaled-geometric-exact-row-all-moments' on page 13
8 undefined on input line 10620.


LaTeX Warning: Reference `eq:geometric-complete-homogeneous-residual' on page 1
38 undefined on input line 10677.

[138]

LaTeX Warning: Reference `eq:geometric-exact-row-hypothesis' on page 139 undefi
ned on input line 10721.


LaTeX Warning: Reference `eq:geometric-series-filter-residual' on page 139 unde
fined on input line 10753.

[139] [140]

LaTeX Warning: Reference `eq:rvachev-gaussian-filter' on page 141 undefined on 
input line 10846.


LaTeX Warning: Reference `eq:rvachev-gaussian-filter' on page 141 undefined on 
input line 10871.

[141]

LaTeX Warning: Reference `eq:discrete-toeplitz-reindex' on page 142 undefined o
n input line 10929.


LaTeX Warning: Reference `eq:discrete-row-variation' on page 142 undefined on i
nput line 10932.


LaTeX Warning: Reference `eq:discrete-q-limit' on page 142 undefined on input l
ine 10938.


LaTeX Warning: Reference `eq:discrete-toeplitz-reindex' on page 142 undefined o
n input line 10944.


LaTeX Warning: Reference `eq:global-q-binomial-series' on page 142 undefined on
 input line 10945.


LaTeX Warning: Reference `eq:discrete-toeplitz-weight' on page 142 undefined on
 input line 10948.


LaTeX Warning: Reference `eq:half-q-binomial-theorem' on page 142 undefined on 
input line 10949.


LaTeX Warning: Reference `eq:half-q-binomial-theorem' on page 142 undefined on 
input line 10953.


LaTeX Warning: Reference `eq:discrete-row-sum' on page 142 undefined on input l
ine 10961.


LaTeX Warning: Reference `eq:half-q-binomial-theorem' on page 142 undefined on 
input line 10963.


LaTeX Warning: Reference `eq:qs-row-variation-derivation' on page 142 undefined
 on input line 10970.


LaTeX Warning: Reference `eq:qs-row-sum-derivation' on page 142 undefined on in
put line 10971.

[142]

LaTeX Warning: Reference `eq:discrete-row-variation' on page 143 undefined on i
nput line 10976.


LaTeX Warning: Reference `eq:global-extension' on page 143 undefined on input l
ine 10984.


LaTeX Warning: Reference `sec:dyadic' on page 1 undefined on input line 10985.


LaTeX Warning: Reference `tm:sub-literal-endpoint' on page 1 undefined on input
 line 10999.

[143]

LaTeX Warning: Reference `eq:tm-kernel-sum-shifted' on page 144 undefined on in
put line 11066.


LaTeX Warning: Reference `eq:tm-kernel-sum-shifted' on page 144 undefined on in
put line 11068.


LaTeX Warning: Reference `eq:tm-kernel-sum' on page 144 undefined on input line
 11081.


LaTeX Warning: Reference `thm:tm-convolution' on page 1 undefined on input line
 11082.


LaTeX Warning: Reference `thm:tm-generating' on page 1 undefined on input line 
11083.


LaTeX Warning: Reference `eq:thue-affine-cancel' on page 1 undefined on input l
ine 11091.


LaTeX Warning: Reference `eq:thue-affine-cancel' on page 144 undefined on input
 line 11112.


LaTeX Warning: Reference `eq:tm-even-odd' on page 144 undefined on input line 1
1115.

[144]

LaTeX Warning: Reference `eq:tm-power-sum-sharp' on page 145 undefined on input
 line 11128.


LaTeX Warning: Reference `eq:tm-polynomial-extract' on page 145 undefined on in
put line 11128.


LaTeX Warning: Reference `eq:tm-polynomial-extract' on page 145 undefined on in
put line 11143.

[145]

LaTeX Warning: Reference `eq:tm-even-odd-split' on page 146 undefined on input 
line 11201.


LaTeX Warning: Reference `eq:tm-even-odd-split' on page 146 undefined on input 
line 11208.

[146]

LaTeX Warning: Reference `eq:tm-kernel' on page 147 undefined on input line 112
79.


LaTeX Warning: Reference `eq:tm-polynomial-extract' on page 147 undefined on in
put line 11281.


LaTeX Warning: Reference `eq:tm-dyadic-reciprocity' on page 147 undefined on in
put line 11300.


LaTeX Warning: Reference `eq:tm-dyadic-zero-iff' on page 147 undefined on input
 line 11301.


LaTeX Warning: Reference `thm:tm-zero-run' on page 1 undefined on input line 11
306.


LaTeX Warning: Reference `eq:tm-run-left' on page 147 undefined on input line 1
1317.


LaTeX Warning: Reference `eq:tm-run-right' on page 147 undefined on input line 
11318.


LaTeX Warning: Reference `eq:tm-kernel-sum' on page 147 undefined on input line
 11333.


LaTeX Warning: Reference `eq:tm-polynomial-extract' on page 147 undefined on in
put line 11340.


LaTeX Warning: Reference `eq:tm-forward-diff' on page 147 undefined on input li
ne 11346.

[147]

LaTeX Warning: Reference `eq:tm-zero-run' on page 148 undefined on input line 1
1351.


LaTeX Warning: Reference `eq:tm-run-left' on page 148 undefined on input line 1
1355.


LaTeX Warning: Reference `eq:tm-zero-run' on page 148 undefined on input line 1
1357.


LaTeX Warning: Reference `eq:tm-forward-diff' on page 148 undefined on input li
ne 11358.


LaTeX Warning: Reference `eq:tm-run-right' on page 148 undefined on input line 
11362.


LaTeX Warning: Reference `eq:tm-forward-diff' on page 148 undefined on input li
ne 11363.


LaTeX Warning: Reference `eq:tm-zero-run' on page 148 undefined on input line 1
1363.


LaTeX Warning: Reference `thm:tm-dyadic-reciprocity' on page 1 undefined on inp
ut line 11367.


LaTeX Warning: Reference `eq:tm-dyadic-reciprocity' on page 148 undefined on in
put line 11372.


LaTeX Warning: Reference `eq:tm-run-left' on page 148 undefined on input line 1
1375.


LaTeX Warning: Reference `eq:tm-forward-diff' on page 148 undefined on input li
ne 11389.


LaTeX Warning: Reference `eq:tm-dyadic-reciprocity' on page 148 undefined on in
put line 11398.


LaTeX Warning: Reference `eq:tm-dyadic-zero-iff' on page 148 undefined on input
 line 11399.


LaTeX Warning: Reference `eq:tm-dyadic-reciprocity' on page 148 undefined on in
put line 11404.


LaTeX Warning: Reference `eq:tm-run-left' on page 148 undefined on input line 1
1406.


LaTeX Warning: Reference `eq:tm-zero-run' on page 148 undefined on input line 1
1408.


LaTeX Warning: Reference `eq:tm-run-right' on page 148 undefined on input line 
11409.


LaTeX Warning: Reference `tm:sub-grid-equation' on page 1 undefined on input li
ne 11416.


LaTeX Warning: Reference `tm:sub-literal-endpoint' on page 1 undefined on input
 line 11417.

[148]

LaTeX Warning: Reference `eq:tm-block-product' on page 149 undefined on input l
ine 11463.


LaTeX Warning: Reference `eq:tm-block-product' on page 149 undefined on input l
ine 11473.


LaTeX Warning: Reference `thm:tm-generating' on page 1 undefined on input line 
11476.


LaTeX Warning: Reference `tm:sub-corrected' on page 1 undefined on input line 1
1477.


LaTeX Warning: Reference `eq:four-P-product' on page 149 undefined on input lin
e 11478.


LaTeX Warning: Reference `eq:tm-block-product' on page 149 undefined on input l
ine 11487.


LaTeX Warning: Reference `eq:tm-block-vs-approx' on page 149 undefined on input
 line 11491.


LaTeX Warning: Reference `eq:tm-prefix-series-cleared' on page 149 undefined on
 input line 11491.


LaTeX Warning: Reference `eq:tm-prefix-eq-coeff' on page 149 undefined on input
 line 11497.


LaTeX Warning: Reference `eq:tm-run-right' on page 149 undefined on input line 
11499.


LaTeX Warning: Reference `thm:tm-corrected-convergence' on page 1 undefined on 
input line 11500.


LaTeX Warning: Reference `eq:tm-series-def' on page 149 undefined on input line
 11505.


LaTeX Warning: Reference `eq:tm-disc-series' on page 149 undefined on input lin
e 11515.

[149]

LaTeX Warning: Reference `eq:tm-mahler' on page 150 undefined on input line 115
38.


LaTeX Warning: Reference `eq:tm-mahler-iterate' on page 150 undefined on input 
line 11539.


LaTeX Warning: Reference `eq:tm-real-bound' on page 150 undefined on input line
 11540.


LaTeX Warning: Reference `eq:tm-no-continuation' on page 150 undefined on input
 line 11566.


LaTeX Warning: Reference `eq:tm-power-sum-sharp' on page 150 undefined on input
 line 11583.


LaTeX Warning: Reference `eq:centered-spline' on page 150 undefined on input li
ne 11583.


LaTeX Warning: Reference `eq:global-derivatives' on page 150 undefined on input
 line 11584.

[150]

LaTeX Warning: Reference `tm:sub-corrected' on page 1 undefined on input line 1
1599.


LaTeX Warning: Reference `eq:tm-forward-diff' on page 151 undefined on input li
ne 11603.


LaTeX Warning: Reference `eq:tm-grid-equation' on page 151 undefined on input l
ine 11610.


LaTeX Warning: Reference `eq:tm-grid-argument' on page 151 undefined on input l
ine 11611.


LaTeX Warning: Reference `eq:tm-grid-equation' on page 1 undefined on input lin
e 11617.


LaTeX Warning: Reference `eq:global-diffeq-again' on page 151 undefined on inpu
t line 11618.


LaTeX Warning: Reference `eq:tm-forward-diff' on page 151 undefined on input li
ne 11622.


LaTeX Warning: Reference `tm:sub-corrected' on page 1 undefined on input line 1
1625.


LaTeX Warning: Reference `eq:tm-prefix-eq-coeff' on page 151 undefined on input
 line 11643.


LaTeX Warning: Reference `eq:tm-approx-poly' on page 151 undefined on input lin
e 11647.

[151]

LaTeX Warning: Reference `thm:four-step-approx' on page 1 undefined on input li
ne 11677.


LaTeX Warning: Reference `eq:tm-approx-poly' on page 152 undefined on input lin
e 11678.


LaTeX Warning: Reference `eq:four-P-product' on page 152 undefined on input lin
e 11678.


LaTeX Warning: Reference `eq:tm-center' on page 152 undefined on input line 116
79.


LaTeX Warning: Reference `eq:tm-histogram' on page 152 undefined on input line 
11679.


LaTeX Warning: Reference `eq:four-cell' on page 152 undefined on input line 116
80.


LaTeX Warning: Reference `eq:four-step-approximant' on page 152 undefined on in
put line 11680.


LaTeX Warning: Reference `thm:four-step-approx' on page 1 undefined on input li
ne 11684.


LaTeX Warning: Reference `eq:tm-histogram' on page 152 undefined on input line 
11698.


LaTeX Warning: Reference `eq:tm-prefix-eq-coeff' on page 152 undefined on input
 line 11704.


LaTeX Warning: Reference `eq:tm-center' on page 152 undefined on input line 117
24.


LaTeX Warning: Reference `thm:tm-histogram-limit' on page 1 undefined on input 
line 11738.

[152]

LaTeX Warning: Reference `eq:tm-left-tail-exact' on page 153 undefined on input
 line 11770.


LaTeX Warning: Reference `thm:tm-histogram-identity' on page 1 undefined on inp
ut line 11773.


LaTeX Warning: Reference `thm:tm-moving-center' on page 1 undefined on input li
ne 11775.


LaTeX Warning: Reference `thm:tm-moving' on page 1 undefined on input line 1177
5.


LaTeX Warning: Reference `eq:tm-prefix-eq-coeff' on page 153 undefined on input
 line 11779.


LaTeX Warning: Reference `eq:tm-run-right' on page 153 undefined on input line 
11780.


LaTeX Warning: Reference `eq:tm-corrected-fabius' on page 153 undefined on inpu
t line 11787.


LaTeX Warning: Reference `eq:up-fold' on page 153 undefined on input line 11789
.


LaTeX Warning: Reference `thm:tm-corrected-convergence' on page 1 undefined on 
input line 11793.


LaTeX Warning: Reference `thm:tm-moving' on page 1 undefined on input line 1179
5.


LaTeX Warning: Reference `eq:centered-error' on page 153 undefined on input lin
e 11798.


LaTeX Warning: Reference `sec:centered-splines' on page 1 undefined on input li
ne 11799.


LaTeX Warning: Reference `eq:tm-prefix-eq-coeff' on page 153 undefined on input
 line 11805.


LaTeX Warning: Reference `eq:tm-center' on page 153 undefined on input line 118
06.


LaTeX Warning: Reference `sec:sharp-asymptotic' on page 1 undefined on input li
ne 11816.


LaTeX Warning: Reference `eq:W-def' on page 153 undefined on input line 11817.


LaTeX Warning: Citation `corless1996' on page 153 undefined on input line 11818
.


LaTeX Warning: Reference `sec:elementary-asymptotic' on page 1 undefined on inp
ut line 11819.


LaTeX Warning: Reference `eq:lambda-equation' on page 153 undefined on input li
ne 11822.

[153] [154]

LaTeX Warning: Reference `eq:lambert-gap-arg' on page 155 undefined on input li
ne 11939.


LaTeX Warning: Reference `eq:lambert-gap-pair' on page 155 undefined on input l
ine 11952.


LaTeX Warning: Reference `eq:lambert-gap-arg' on page 155 undefined on input li
ne 11953.


LaTeX Warning: Reference `eq:lambert-gap-pair' on page 155 undefined on input l
ine 11967.


LaTeX Warning: Reference `eq:lambert-gap-sum' on page 155 undefined on input li
ne 11969.


LaTeX Warning: Reference `eq:lambert-gap-product' on page 155 undefined on inpu
t line 11969.

[155]

LaTeX Warning: Reference `eq:bernoulli-egf-absolute' on page 156 undefined on i
nput line 12082.

[156]

LaTeX Warning: Reference `eq:bernoulli-egf' on page 157 undefined on input line
 12130.


LaTeX Warning: Reference `eq:bernoulli-egf' on page 157 undefined on input line
 12132.


LaTeX Warning: Reference `eq:lambert-principal-bernoulli' on page 157 undefined
 on input line 12135.


LaTeX Warning: Reference `eq:lambert-lower-bernoulli' on page 157 undefined on 
input line 12135.


LaTeX Warning: Reference `eq:lambert-branch-gap' on page 157 undefined on input
 line 12145.

[157]

LaTeX Warning: Reference `eq:lambert-branch-derivative-limits' on page 158 unde
fined on input line 12193.


LaTeX Warning: Reference `eq:lambert-branch-secant-limits' on page 158 undefine
d on input line 12204.

[158]

LaTeX Warning: Reference `eq:lambert-branch-squared-ratio' on page 159 undefine
d on input line 12270.


LaTeX Warning: Reference `eq:lambert-branch-squared-ratio' on page 159 undefine
d on input line 12271.


LaTeX Warning: Reference `eq:lambert-branch-signed-sqrt' on page 159 undefined 
on input line 12274.


LaTeX Warning: Reference `eq:lambert-branch-signed-sqrt' on page 159 undefined 
on input line 12275.


ignored: Infinite glue shrinkage found in box being split [159]

LaTeX Warning: Reference `eq:L-def' on page 160 undefined on input line 12300.


LaTeX Warning: Reference `eq:lambda-def' on page 160 undefined on input line 12
301.


LaTeX Warning: Reference `eq:lambda-equation' on page 160 undefined on input li
ne 12302.


LaTeX Warning: Reference `eq:weight-even-odd' on page 160 undefined on input li
ne 12351.

[160]

LaTeX Warning: Reference `eq:tm-parity-sum' on page 161 undefined on input line
 12366.


LaTeX Warning: Reference `thm:tm-glaisher' on page 1 undefined on input line 12
368.


LaTeX Warning: Reference `thm:tm-log-exact' on page 1 undefined on input line 1
2382.


LaTeX Warning: Reference `eq:tm-bit-formula' on page 161 undefined on input lin
e 12389.


LaTeX Warning: Reference `eq:tm-log-exact' on page 161 undefined on input line 
12392.


LaTeX Warning: Reference `eq:G-def' on page 161 undefined on input line 12417.

[161] [162]

LaTeX Warning: Reference `eq:bose-finite-part-cutoff' on page 163 undefined on 
input line 12555.


LaTeX Warning: Reference `eq:bose-cutoff-transition' on page 163 undefined on i
nput line 12555.

[163]

LaTeX Warning: Reference `eq:lambda-equation' on page 164 undefined on input li
ne 12631.

[164]

LaTeX Warning: Reference `eq:power-exponential-phase-curvature' on page 165 und
efined on input line 12737.

[165] [166] [167] [168]

LaTeX Warning: Citation `reshetnikovMSEasymptotic' on page 169 undefined on inp
ut line 12985.


LaTeX Warning: Reference `eq:W-def' on page 169 undefined on input line 12986.


LaTeX Warning: Reference `eq:mse-corrected-log-main' on page 169 undefined on i
nput line 13050.

[169]

LaTeX Warning: Reference `eq:exp-equivalent-log-error' on page 170 undefined on
 input line 13069.

[170]

LaTeX Warning: Reference `eq:mse-lambert-ratio-model' on page 171 undefined on 
input line 13143.


LaTeX Warning: Reference `eq:mse-lambert-cluster-interval' on page 171 undefine
d on input line 13145.

[171] [172]

LaTeX Warning: Reference `eq:formal-log-zero-constant' on page 173 undefined on
 input line 13291.


LaTeX Warning: Reference `eq:formal-log-differential-equation' on page 173 unde
fined on input line 13292.


LaTeX Warning: Reference `eq:endpoint-transfer-recurrence' on page 173 undefine
d on input line 13354.


LaTeX Warning: Reference `eq:endpoint-transfer-partitions' on page 173 undefine
d on input line 13354.


LaTeX Warning: Reference `eq:endpoint-transfer-first-four' on page 173 undefine
d on input line 13364.

[173]

LaTeX Warning: Reference `eq:shape-symmetry-global' on page 174 undefined on in
put line 13420.

[174]

LaTeX Warning: Reference `eq:rvachev-polynomial-synthesis-finite' on page 175 u
ndefined on input line 13462.


LaTeX Warning: Reference `eq:legendre-central-sum' on page 175 undefined on inp
ut line 13503.

[175]

LaTeX Warning: Reference `eq:legendre-rvachev-even-synthesis' on page 176 undef
ined on input line 13507.

[176]

LaTeX Warning: Reference `eq:legendre-translate-block' on page 177 undefined on
 input line 13613.

[177] [178]

LaTeX Warning: Reference `eq:partition-unity' on page 179 undefined on input li
ne 13787.


LaTeX Warning: Reference `eq:integer-partition' on page 179 undefined on input 
line 13787.

[179] [180] [181]

LaTeX Warning: Reference `sec:fourier-integer-zero-jets' on page 1 undefined on
 input line 13955.


LaTeX Warning: Reference `sec:geometric-reciprocal-gamma' on page 1 undefined o
n input line 13958.

[182]

LaTeX Warning: Reference `sec:normalized-volterra' on page 1 undefined on input
 line 14038.


LaTeX Warning: Reference `thm:ac-inverse-pair' on page 1 undefined on input lin
e 14039.


LaTeX Warning: Reference `prop:analytic-series-filter' on page 1 undefined on i
nput line 14042.


LaTeX Warning: Reference `prop:finite-power-series-filter' on page 1 undefined 
on input line 14042.


LaTeX Warning: Reference `prop:geometric-principal-residuals' on page 1 undefin
ed on input line 14042.

[183] [184]
LaTeX Font Info:    Font shape `T1/LibertinusSerif-TLF/m/n' will be
(Font)              scaled to size 9.0pt on input line 14158.
LaTeX Font Info:    Font shape `T1/LibertinusMono-TLF/m/n' will be
(Font)              scaled to size 7.65005pt on input line 14158.
Package microtype Info: Character `guilsinglleft ' is missing
(microtype)             in font `T1/LibertinusMono-TLF/m/n/9'.
(microtype)             Ignoring protrusion settings for this character.
Package microtype Info: Character `guilsinglright ' is missing
(microtype)             in font `T1/LibertinusMono-TLF/m/n/9'.
(microtype)             Ignoring protrusion settings for this character.
 [185] [186] [187] [188] [189] [190]

LaTeX Warning: Reference `eq:legendre-gaunt-add-boundary-closed' on page 191 un
defined on input line 14638.


LaTeX Warning: Reference `eq:legendre-wigner-pairwise-central' on page 191 unde
fined on input line 14653.


LaTeX Warning: Reference `eq:legendre-gaunt-pairwise-support' on page 191 undef
ined on input line 14659.

[191]

LaTeX Warning: Reference `eq:legendre-gaunt-wigner-global' on page 192 undefine
d on input line 14688.

[192] [193]

LaTeX Warning: Reference `thm:formal-unit-series-power-recurrence' on page 194 
undefined on input line 14930.


ignored: Infinite glue shrinkage found in box being split [194]
ignored: Infinite glue shrinkage f
ound in box being split [195]
ignored: Infinite glue shrinkage found in box being split [
196]
ignored: Infinite glue shrinkage found in box being split [197]
ignored: Infinite glue shrinka
ge found in box being split [198]
ignored: Infinite glue shrinkage found in box being spl
it [199]
ignored: Infinite glue shrinkage found in box being split [200]
ignored: Infinite glue shr
inkage found in box being split [201]
ignored: Infinite glue shrinkage found in box being
 split [202]
ignored: Infinite glue shrinkage found in box being split [203] [204]
ignored: Infinit
e glue shrinkage found in box being split [205]
ignored: Infinite glue shrinkage found in
 box being split
[206]
ignored: Infinite glue shrinkage found in box being split [207]
ignored: Infinite glue shrink
age found in box being split [208]
ignored: Infinite glue shrinkage found in box being sp
lit [209]
ignored: Infinite glue shrinkage found in box being split [210]
ignored: Infinite glue sh
rinkage found in box being split [211]
ignored: Infinite glue shrinkage found in box bein
g split [212]
ignored: Infinite glue shrinkage found in box being split [213]
ignored: Infinite glu
e shrinkage found in box being split [214]
ignored: Infinite glue shrinkage found in box 
being split [215]
ignored: Infinite glue shrinkage found in box being split [216]
ignored: Infinite
 glue shrinkage found in box being split [217]
ignored: Infinite glue shrinkage found in 
box being split
[218]
ignored: Infinite glue shrinkage found in box being split [219]
ignored: Infinite glue shrink
age found in box being split [220] [221]
ignored: Infinite glue shrinkage found in box be
ing split [222]

LaTeX Warning: Reference `sec:audit' on page 1 undefined on input line 15916.

[223]

LaTeX Warning: Citation `arias2018' on page 224 undefined on input line 15988.

[224] [225] (C:\Temp\pv-2_7_vao0\out\Fabius_Function_and_Rvachev_Up.aux)
 ***********
LaTeX2e <2025-11-01>
L3 programming layer <2026-03-20>
 ***********


LaTeX Warning: There were undefined references.


LaTeX Warning: Label(s) may have changed. Rerun to get cross-references right.


Package rerunfilecheck Warning: File `Fabius_Function_and_Rvachev_Up.out' has c
hanged.
(rerunfilecheck)                Rerun to get outlines right
(rerunfilecheck)                or use package `bookmark'.

Package rerunfilecheck Info: Checksums for `Fabius_Function_and_Rvachev_Up.out'
:
(rerunfilecheck)             Before: <no file>
(rerunfilecheck)             After:  224EDD72C457284540EC5804E17E74DD;28286.
 ) 
Here is how much of TeX's memory you used:
 43273 strings out of 467691
 980573 string characters out of 5414987
 1676114 words of memory out of 5000000
 69774 multiletter control sequences out of 15000+600000
 788047 words of font info for 506 fonts, out of 8000000 for 9000
 1141 hyphenation exceptions out of 8191
 99i,19n,118p,1029b,2103s stack positions out of 10000i,1000n,20000p,200000b,200000s
<C:/Users/vresh/AppData/Local/Programs/MiKTeX/fonts/type1/public/libertinus-t
ype1/LibertinusMono-Italic.pfb><C:/Users/vresh/AppData/Local/Programs/MiKTeX/fo
nts/type1/public/libertinus-type1/LibertinusMono-Regular.pfb><C:/Users/vresh/Ap
pData/Local/Programs/MiKTeX/fonts/type1/public/libertinus-type1/LibertinusSerif
-Bold.pfb><C:/Users/vresh/AppData/Local/Programs/MiKTeX/fonts/type1/public/libe
rtinus-type1/LibertinusSerif-Italic.pfb><C:/Users/vresh/AppData/Local/Programs/
MiKTeX/fonts/type1/public/libertinus-type1/LibertinusSerif-Regular.pfb><C:/User
s/vresh/AppData/Local/Programs/MiKTeX/fonts/type1/public/amsfonts/cm/cmbx10.pfb
><C:/Users/vresh/AppData/Local/Programs/MiKTeX/fonts/type1/public/amsfonts/cm/c
mex10.pfb><C:/Users/vresh/AppData/Local/Programs/MiKTeX/fonts/type1/public/amsf
onts/cmextra/cmex8.pfb><C:/Users/vresh/AppData/Local/Programs/MiKTeX/fonts/type
1/public/amsfonts/cm/cmmi10.pfb><C:/Users/vresh/AppData/Local/Programs/MiKTeX/f
onts/type1/public/amsfonts/cm/cmmi12.pfb><C:/Users/vresh/AppData/Local/Programs
/MiKTeX/fonts/type1/public/amsfonts/cm/cmmi6.pfb><C:/Users/vresh/AppData/Local/
Programs/MiKTeX/fonts/type1/public/amsfonts/cm/cmmi7.pfb><C:/Users/vresh/AppDat
a/Local/Programs/MiKTeX/fonts/type1/public/amsfonts/cm/cmmi8.pfb><C:/Users/vres
h/AppData/Local/Programs/MiKTeX/fonts/type1/public/amsfonts/cm/cmr10.pfb><C:/Us
ers/vresh/AppData/Local/Programs/MiKTeX/fonts/type1/public/amsfonts/cm/cmr12.pf
b><C:/Users/vresh/AppData/Local/Programs/MiKTeX/fonts/type1/public/amsfonts/cm/
cmr6.pfb><C:/Users/vresh/AppData/Local/Programs/MiKTeX/fonts/type1/public/amsfo
nts/cm/cmr7.pfb><C:/Users/vresh/AppData/Local/Programs/MiKTeX/fonts/type1/publi
c/amsfonts/cm/cmr8.pfb><C:/Users/vresh/AppData/Local/Programs/MiKTeX/fonts/type
1/public/amsfonts/cm/cmss10.pfb><C:/Users/vresh/AppData/Local/Programs/MiKTeX/f
onts/type1/public/amsfonts/cm/cmss8.pfb><C:/Users/vresh/AppData/Local/Programs/
MiKTeX/fonts/type1/public/amsfonts/cm/cmsy10.pfb><C:/Users/vresh/AppData/Local/
Programs/MiKTeX/fonts/type1/public/amsfonts/cm/cmsy6.pfb><C:/Users/vresh/AppDat
a/Local/Programs/MiKTeX/fonts/type1/public/amsfonts/cm/cmsy7.pfb><C:/Users/vres
h/AppData/Local/Programs/MiKTeX/fonts/type1/public/amsfonts/cm/cmsy8.pfb><C:/Us
ers/vresh/AppData/Local/Programs/MiKTeX/fonts/type1/public/amsfonts/euler/eufm1
0.pfb><C:/Users/vresh/AppData/Local/Programs/MiKTeX/fonts/type1/public/amsfonts
/symbols/msam10.pfb><C:/Users/vresh/AppData/Local/Programs/MiKTeX/fonts/type1/p
ublic/amsfonts/symbols/msbm10.pfb><C:/Users/vresh/AppData/Local/Programs/MiKTeX
/fonts/type1/public/rsfs/rsfs10.pfb>
Output written on C:\Temp\pv-2_7_vao0\out\Fabius_Function_and_Rvachev_Up.pdf (2
25 pages, 1923384 bytes).
PDF statistics:
 2561 PDF objects out of 2984 (max. 8388607)
 1386 named destinations out of 1440 (max. 500000)
 75277 words of extra memory for PDF output out of 89155 (max. 10000000)

