This is pdfTeX, Version 3.141592653-2.6-1.40.29 (MiKTeX 26.2) (preloaded format=pdflatex 2026.8.15)  9 SEP 2026 13:10
entering extended mode
 file:line:error style messages enabled.
 %&-line parsing enabled.
**./Representation_Frontiers.tex
(Representation_Frontiers.tex
LaTeX2e <2025-11-01>
L3 programming layer <2026-03-20>
(C:\Users\vresh\AppData\Local\Programs\MiKTeX\tex/latex/base\article.cls
Document Class: article 2025/01/22 v1.4n Standard LaTeX document class
(C:\Users\vresh\AppData\Local\Programs\MiKTeX\tex/latex/base\size11.clo
File: size11.clo 2025/01/22 v1.4n Standard LaTeX file (size option)
)
\c@part=\count275
\c@section=\count276
\c@subsection=\count277
\c@subsubsection=\count278
\c@paragraph=\count279
\c@subparagraph=\count280
\c@figure=\count281
\c@table=\count282
\abovecaptionskip=\skip49
\belowcaptionskip=\skip50
\bibindent=\dimen150
)
(C:\Users\vresh\AppData\Local\Programs\MiKTeX\tex/latex/base\fontenc.sty
Package: fontenc 2025/07/18 v2.1d Standard LaTeX package
)
(C:\Users\vresh\AppData\Local\Programs\MiKTeX\tex/latex/base\inputenc.sty
Package: inputenc 2024/02/08 v1.3d Input encoding file
\inpenc@prehook=\toks17
\inpenc@posthook=\toks18
)
(C:\Users\vresh\AppData\Local\Programs\MiKTeX\tex/latex/libertinus\libertinus.s
ty
Package: libertinus 2020/05/06 v. 0.02 (Herbert Voss) Supports libertinus fonts
 for pdflatex/lualatex/xelatex
 (C:\Users\vresh\AppData\Local\Programs\MiKTeX\tex/generic/iftex\iftex.sty
Package: iftex 2024/12/12 v1.0g TeX engine tests
)
(C:\Users\vresh\AppData\Local\Programs\MiKTeX\tex/latex/xkeyval\xkeyval.sty
Package: xkeyval 2022/06/16 v2.9 package option processing (HA)

(C:\Users\vresh\AppData\Local\Programs\MiKTeX\tex/generic/xkeyval\xkeyval.tex
(C:\Users\vresh\AppData\Local\Programs\MiKTeX\tex/generic/xkeyval\xkvutils.tex
\XKV@toks=\toks19
\XKV@tempa@toks=\toks20

(C:\Users\vresh\AppData\Local\Programs\MiKTeX\tex/generic/xkeyval\keyval.tex))
\XKV@depth=\count283
File: xkeyval.tex 2014/12/03 v2.7a key=value parser (HA)
))
(C:\Users\vresh\AppData\Local\Programs\MiKTeX\tex/latex/libertinus-type1\libert
inus-type1.sty
Package: libertinus-type1 2025/11/17 (Bob Tennent) Supports libertinus fonts fo
r latex/pdflatex.

(C:\Users\vresh\AppData\Local\Programs\MiKTeX\tex/generic/iftex\ifxetex.sty
Package: ifxetex 2019/10/25 v0.7 ifxetex legacy package. Use iftex instead.
)
(C:\Users\vresh\AppData\Local\Programs\MiKTeX\tex/generic/iftex\ifluatex.sty
Package: ifluatex 2019/10/25 v1.5 ifluatex legacy package. Use iftex instead.
)
(C:\Users\vresh\AppData\Local\Programs\MiKTeX\tex/latex/base\textcomp.sty
Package: textcomp 2024/04/24 v2.1b Standard LaTeX package
)
(C:\Users\vresh\AppData\Local\Programs\MiKTeX\tex/latex/base\fontenc.sty
Package: fontenc 2025/07/18 v2.1d Standard LaTeX package
)
(C:\Users\vresh\AppData\Local\Programs\MiKTeX\tex/latex/fontaxes\fontaxes.sty
Package: fontaxes 2026-01-02 v2.0.2 Font selection axes (deprecated)
Applying: [2024-11-01] Use figureversions if present on input line 74.

(C:\Users\vresh\AppData\Local\Programs\MiKTeX\tex/latex/figureversions\figureve
rsions.sty
Package: figureversions 2025-04-29 v1.0.1 Figure versions
)
Already applied: [0000-00-00] Fall back to v1 on input line 76.
)))
(C:\Users\vresh\AppData\Local\Programs\MiKTeX\tex/latex/microtype\microtype.sty
Package: microtype 2026/03/01 v3.2d Micro-typographical refinements (RS)
(C:\Users\vresh\AppData\Local\Programs\MiKTeX\tex/latex/etoolbox\etoolbox.sty
Package: etoolbox 2025/10/02 v2.5m e-TeX tools for LaTeX (JAW)
\etb@tempcnta=\count284
)
\MT@toks=\toks21
\MT@tempbox=\box53
\MT@count=\count285
LaTeX Info: Redefining \noprotrusionifhmode on input line 1084.
LaTeX Info: Redefining \leftprotrusion on input line 1085.
\MT@prot@toks=\toks22
LaTeX Info: Redefining \rightprotrusion on input line 1104.
LaTeX Info: Redefining \textls on input line 1449.
\MT@outer@kern=\dimen151
LaTeX Info: Redefining \microtypecontext on input line 2053.
LaTeX Info: Redefining \textmicrotypecontext on input line 2070.
\MT@listname@count=\count286

(C:\Users\vresh\AppData\Local\Programs\MiKTeX\tex/latex/microtype\microtype-pdf
tex.def
File: microtype-pdftex.def 2026/03/01 v3.2d Definitions specific to pdftex (RS)

LaTeX Info: Redefining \lsstyle on input line 944.
LaTeX Info: Redefining \lslig on input line 944.
\MT@outer@space=\skip51
)
Package microtype Info: Loading configuration file microtype.cfg.

(C:\Users\vresh\AppData\Local\Programs\MiKTeX\tex/latex/microtype\microtype.cfg
File: microtype.cfg 2026/03/01 v3.2d microtype main configuration file (RS)
)
LaTeX Info: Redefining \microtypesetup on input line 3065.
)
(C:\Users\vresh\AppData\Local\Programs\MiKTeX\tex/latex/geometry\geometry.sty
Package: geometry 2026/03/07 v6.0 Page Geometry

(C:\Users\vresh\AppData\Local\Programs\MiKTeX\tex/generic/iftex\ifvtex.sty
Package: ifvtex 2019/10/25 v1.7 ifvtex legacy package. Use iftex instead.
)
\Gm@cnth=\count287
\Gm@cntv=\count288
\c@Gm@tempcnt=\count289
\Gm@bindingoffset=\dimen152
\Gm@wd@mp=\dimen153
\Gm@odd@mp=\dimen154
\Gm@even@mp=\dimen155
\Gm@layoutwidth=\dimen156
\Gm@layoutheight=\dimen157
\Gm@layouthoffset=\dimen158
\Gm@layoutvoffset=\dimen159
\Gm@dimlist=\toks23

(C:\Users\vresh\AppData\Local\Programs\MiKTeX\tex/latex/geometry\geometry.cfg))
(C:\Users\vresh\AppData\Local\Programs\MiKTeX\tex/latex/amsmath\amsmath.sty
Package: amsmath 2025/07/09 v2.17z AMS math features
\@mathmargin=\skip52

For additional information on amsmath, use the `?' option.
(C:\Users\vresh\AppData\Local\Programs\MiKTeX\tex/latex/amsmath\amstext.sty
Package: amstext 2024/11/17 v2.01 AMS text

(C:\Users\vresh\AppData\Local\Programs\MiKTeX\tex/latex/amsmath\amsgen.sty
File: amsgen.sty 1999/11/30 v2.0 generic functions
\@emptytoks=\toks24
\ex@=\dimen160
))
(C:\Users\vresh\AppData\Local\Programs\MiKTeX\tex/latex/amsmath\amsbsy.sty
Package: amsbsy 1999/11/29 v1.2d Bold Symbols
\pmbraise@=\dimen161
)
(C:\Users\vresh\AppData\Local\Programs\MiKTeX\tex/latex/amsmath\amsopn.sty
Package: amsopn 2022/04/08 v2.04 operator names
)
\inf@bad=\count290
LaTeX Info: Redefining \frac on input line 233.
\uproot@=\count291
\leftroot@=\count292
LaTeX Info: Redefining \overline on input line 398.
LaTeX Info: Redefining \colon on input line 409.
\classnum@=\count293
\DOTSCASE@=\count294
LaTeX Info: Redefining \ldots on input line 495.
LaTeX Info: Redefining \dots on input line 498.
LaTeX Info: Redefining \cdots on input line 619.
\Mathstrutbox@=\box54
\strutbox@=\box55
LaTeX Info: Redefining \big on input line 721.
LaTeX Info: Redefining \Big on input line 722.
LaTeX Info: Redefining \bigg on input line 723.
LaTeX Info: Redefining \Bigg on input line 724.
\big@size=\dimen162
LaTeX Font Info:    Redeclaring font encoding OML on input line 742.
LaTeX Font Info:    Redeclaring font encoding OMS on input line 743.
\macc@depth=\count295
LaTeX Info: Redefining \bmod on input line 904.
LaTeX Info: Redefining \pmod on input line 909.
LaTeX Info: Redefining \smash on input line 939.
LaTeX Info: Redefining \relbar on input line 969.
LaTeX Info: Redefining \Relbar on input line 970.
\c@MaxMatrixCols=\count296
\dotsspace@=\muskip17
\c@parentequation=\count297
\dspbrk@lvl=\count298
\tag@help=\toks25
\row@=\count299
\column@=\count300
\maxfields@=\count301
\andhelp@=\toks26
\eqnshift@=\dimen163
\alignsep@=\dimen164
\tagshift@=\dimen165
\tagwidth@=\dimen166
\totwidth@=\dimen167
\lineht@=\dimen168
\@envbody=\toks27
\multlinegap=\skip53
\multlinetaggap=\skip54
\mathdisplay@stack=\toks28
LaTeX Info: Redefining \[ on input line 2950.
LaTeX Info: Redefining \] on input line 2951.
)
(C:\Users\vresh\AppData\Local\Programs\MiKTeX\tex/latex/amsfonts\amssymb.sty
Package: amssymb 2013/01/14 v3.01 AMS font symbols

(C:\Users\vresh\AppData\Local\Programs\MiKTeX\tex/latex/amsfonts\amsfonts.sty
Package: amsfonts 2013/01/14 v3.01 Basic AMSFonts support
\symAMSa=\mathgroup4
\symAMSb=\mathgroup5
LaTeX Font Info:    Redeclaring math symbol \hbar on input line 98.
LaTeX Font Info:    Overwriting math alphabet `\mathfrak' in version `bold'
(Font)                  U/euf/m/n --> U/euf/b/n on input line 106.
)) (C:\Users\vresh\AppData\Local\Programs\MiKTeX\tex/latex/amscls\amsthm.sty
Package: amsthm 2020/05/29 v2.20.6
\thm@style=\toks29
\thm@bodyfont=\toks30
\thm@headfont=\toks31
\thm@notefont=\toks32
\thm@headpunct=\toks33
\thm@preskip=\skip55
\thm@postskip=\skip56
\thm@headsep=\skip57
\dth@everypar=\toks34
)
(C:\Users\vresh\AppData\Local\Programs\MiKTeX\tex/latex/mathtools\mathtools.sty
Package: mathtools 2024/10/04 v1.31 mathematical typesetting tools
(C:\Users\vresh\AppData\Local\Programs\MiKTeX\tex/latex/tools\calc.sty
Package: calc 2025/03/01 v4.3b Infix arithmetic (KKT,FJ)
\calc@Acount=\count302
\calc@Bcount=\count303
\calc@Adimen=\dimen169
\calc@Bdimen=\dimen170
\calc@Askip=\skip58
\calc@Bskip=\skip59
LaTeX Info: Redefining \setlength on input line 86.
LaTeX Info: Redefining \addtolength on input line 87.
\calc@Ccount=\count304
\calc@Cskip=\skip60
)
(C:\Users\vresh\AppData\Local\Programs\MiKTeX\tex/latex/mathtools\mhsetup.sty
Package: mhsetup 2021/03/18 v1.4 programming setup (MH)
)
\g_MT_multlinerow_int=\count305
\l_MT_multwidth_dim=\dimen171
\origjot=\skip61
\l_MT_shortvdotswithinadjustabove_dim=\dimen172
\l_MT_shortvdotswithinadjustbelow_dim=\dimen173
\l_MT_above_intertext_sep=\dimen174
\l_MT_below_intertext_sep=\dimen175
\l_MT_above_shortintertext_sep=\dimen176
\l_MT_below_shortintertext_sep=\dimen177
\xmathstrut@box=\box56
\xmathstrut@dim=\dimen178
) (C:\Users\vresh\AppData\Local\Programs\MiKTeX\tex/latex/tools\bm.sty
Package: bm 2025/10/21 v1.2g Bold Symbol Support (DPC/FMi)
\symboldoperators=\mathgroup6
\symboldletters=\mathgroup7
\symboldsymbols=\mathgroup8
Package bm Info: No bold for \OMX/cmex/m/n, using \pmb.
Package bm Info: No bold for \U/msa/m/n, using \pmb.
Package bm Info: No bold for \U/msb/m/n, using \pmb.
LaTeX Font Info:    Redeclaring math alphabet \mathbf on input line 149.
)
(C:\Users\vresh\AppData\Local\Programs\MiKTeX\tex/latex/booktabs\booktabs.sty
Package: booktabs 2020/01/12 v1.61803398 Publication quality tables
\heavyrulewidth=\dimen179
\lightrulewidth=\dimen180
\cmidrulewidth=\dimen181
\belowrulesep=\dimen182
\belowbottomsep=\dimen183
\aboverulesep=\dimen184
\abovetopsep=\dimen185
\cmidrulesep=\dimen186
\cmidrulekern=\dimen187
\defaultaddspace=\dimen188
\@cmidla=\count306
\@cmidlb=\count307
\@aboverulesep=\dimen189
\@belowrulesep=\dimen190
\@thisruleclass=\count308
\@lastruleclass=\count309
\@thisrulewidth=\dimen191
)
(C:\Users\vresh\AppData\Local\Programs\MiKTeX\tex/latex/tools\longtable.sty
Package: longtable 2025-10-13 v4.24 Multi-page Table package (DPC)
\LTleft=\skip62
\LTright=\skip63
\LTpre=\skip64
\LTpost=\skip65
\LTchunksize=\count310
\LTcapwidth=\dimen192
\LT@head=\box57
\LT@firsthead=\box58
\LT@foot=\box59
\LT@lastfoot=\box60
\LT@gbox=\box61
\LT@cols=\count311
\LT@rows=\count312
\c@LT@tables=\count313
\c@LT@chunks=\count314
\LT@p@ftn=\toks35
)
(C:\Users\vresh\AppData\Local\Programs\MiKTeX\tex/latex/tools\array.sty
Package: array 2025/09/25 v2.6n Tabular extension package (FMi)
\col@sep=\dimen193
\ar@mcellbox=\box62
\extrarowheight=\dimen194
\NC@list=\toks36
\extratabsurround=\skip66
\backup@length=\skip67
\ar@cellbox=\box63
)
(C:\Users\vresh\AppData\Local\Programs\MiKTeX\tex/latex/multirow\multirow.sty
Package: multirow 2024/11/12 v2.9 Span multiple rows of a table
\multirow@colwidth=\skip68
\multirow@cntb=\count315
\multirow@dima=\skip69
\bigstrutjot=\dimen195
)
(C:\Users\vresh\AppData\Local\Programs\MiKTeX\tex/latex/graphics\graphicx.sty
Package: graphicx 2024/12/31 v1.2e Enhanced LaTeX Graphics (DPC,SPQR)

(C:\Users\vresh\AppData\Local\Programs\MiKTeX\tex/latex/graphics\graphics.sty
Package: graphics 2024/08/06 v1.4g Standard LaTeX Graphics (DPC,SPQR)

(C:\Users\vresh\AppData\Local\Programs\MiKTeX\tex/latex/graphics\trig.sty
Package: trig 2023/12/02 v1.11 sin cos tan (DPC)
)
(C:\Users\vresh\AppData\Local\Programs\MiKTeX\tex/latex/graphics-cfg\graphics.c
fg
File: graphics.cfg 2016/06/04 v1.11 sample graphics configuration
)
Package graphics Info: Driver file: pdftex.def on input line 106.

(C:\Users\vresh\AppData\Local\Programs\MiKTeX\tex/latex/graphics-def\pdftex.def
File: pdftex.def 2025/09/29 v1.2d Graphics/color driver for pdftex
))
\Gin@req@height=\dimen196
\Gin@req@width=\dimen197
) (C:\Users\vresh\AppData\Local\Programs\MiKTeX\tex/latex/caption\caption.sty
Package: caption 2023/08/05 v3.6o Customizing captions (AR)
(C:\Users\vresh\AppData\Local\Programs\MiKTeX\tex/latex/caption\caption3.sty
Package: caption3 2023/07/31 v2.4d caption3 kernel (AR)
\caption@tempdima=\dimen198
\captionmargin=\dimen199
\caption@leftmargin=\dimen256
\caption@rightmargin=\dimen257
\caption@width=\dimen258
\caption@indent=\dimen259
\caption@parindent=\dimen260
\caption@hangindent=\dimen261
Package caption Info: Standard document class detected.
)
\c@caption@flags=\count316
\c@continuedfloat=\count317
Package caption Info: longtable package is loaded.

(C:\Users\vresh\AppData\Local\Programs\MiKTeX\tex/latex/caption\ltcaption.sty
Package: ltcaption 2021/01/08 v1.4c longtable captions (AR)
)) (C:\Users\vresh\AppData\Local\Programs\MiKTeX\tex/latex/enumitem\enumitem.st
y
Package: enumitem 2025/02/06 v3.11 Customized lists
\enitkv@toks@=\toks37
\labelindent=\skip70
\enit@outerparindent=\dimen262
\enit@toks=\toks38
\enit@inbox=\box64
\enit@count@id=\count318
\enitdp@description=\count319
) (C:\Users\vresh\AppData\Local\Programs\MiKTeX\tex/latex/xcolor\xcolor.sty
Package: xcolor 2024/09/29 v3.02 LaTeX color extensions (UK)

(C:\Users\vresh\AppData\Local\Programs\MiKTeX\tex/latex/graphics-cfg\color.cfg
File: color.cfg 2016/01/02 v1.6 sample color configuration
)
Package xcolor Info: Driver file: pdftex.def on input line 274.
(C:\Users\vresh\AppData\Local\Programs\MiKTeX\tex/latex/graphics\mathcolor.ltx)
Package xcolor Info: Model `cmy' substituted by `cmy0' on input line 1349.
Package xcolor Info: Model `hsb' substituted by `rgb' on input line 1353.
Package xcolor Info: Model `RGB' extended on input line 1365.
Package xcolor Info: Model `HTML' substituted by `rgb' on input line 1367.
Package xcolor Info: Model `Hsb' substituted by `hsb' on input line 1368.
Package xcolor Info: Model `tHsb' substituted by `hsb' on input line 1369.
Package xcolor Info: Model `HSB' substituted by `hsb' on input line 1370.
Package xcolor Info: Model `Gray' substituted by `gray' on input line 1371.
Package xcolor Info: Model `wave' substituted by `hsb' on input line 1372.
) (C:\Users\vresh\AppData\Local\Programs\MiKTeX\tex/latex/graphics\dvipsnam.def
File: dvipsnam.def 2016/06/17 v3.0m Driver-dependent file (DPC,SPQR)
) (C:\Users\vresh\AppData\Local\Programs\MiKTeX\tex/latex/xcolor\svgnam.def
File: svgnam.def 2024/09/29 v3.02 Predefined colors according to SVG 1.1 (UK)
)
(C:\Users\vresh\AppData\Local\Programs\MiKTeX\tex/latex/hyperref\hyperref.sty
Package: hyperref 2026-01-29 v7.01p Hypertext links for LaTeX

(C:\Users\vresh\AppData\Local\Programs\MiKTeX\tex/latex/kvsetkeys\kvsetkeys.sty
Package: kvsetkeys 2022-10-05 v1.19 Key value parser (HO)
)
(C:\Users\vresh\AppData\Local\Programs\MiKTeX\tex/generic/kvdefinekeys\kvdefine
keys.sty
Package: kvdefinekeys 2019-12-19 v1.6 Define keys (HO)
)
(C:\Users\vresh\AppData\Local\Programs\MiKTeX\tex/generic/pdfescape\pdfescape.s
ty
Package: pdfescape 2019/12/09 v1.15 Implements pdfTeX's escape features (HO)

(C:\Users\vresh\AppData\Local\Programs\MiKTeX\tex/generic/ltxcmds\ltxcmds.sty
Package: ltxcmds 2023-12-04 v1.26 LaTeX kernel commands for general use (HO)
)
(C:\Users\vresh\AppData\Local\Programs\MiKTeX\tex/generic/pdftexcmds\pdftexcmds
.sty
Package: pdftexcmds 2020-06-27 v0.33 Utility functions of pdfTeX for LuaTeX (HO
)

(C:\Users\vresh\AppData\Local\Programs\MiKTeX\tex/generic/infwarerr\infwarerr.s
ty
Package: infwarerr 2019/12/03 v1.5 Providing info/warning/error messages (HO)
)
Package pdftexcmds Info: \pdf@primitive is available.
Package pdftexcmds Info: \pdf@ifprimitive is available.
Package pdftexcmds Info: \pdfdraftmode found.
))
(C:\Users\vresh\AppData\Local\Programs\MiKTeX\tex/latex/hycolor\hycolor.sty
Package: hycolor 2020-01-27 v1.10 Color options for hyperref/bookmark (HO)
)
(C:\Users\vresh\AppData\Local\Programs\MiKTeX\tex/latex/hyperref\nameref.sty
Package: nameref 2026-01-29 v2.58 Cross-referencing by name of section

(C:\Users\vresh\AppData\Local\Programs\MiKTeX\tex/latex/refcount\refcount.sty
Package: refcount 2019/12/15 v3.6 Data extraction from label references (HO)
)
(C:\Users\vresh\AppData\Local\Programs\MiKTeX\tex/generic/gettitlestring\gettit
lestring.sty
Package: gettitlestring 2019/12/15 v1.6 Cleanup title references (HO)

(C:\Users\vresh\AppData\Local\Programs\MiKTeX\tex/latex/kvoptions\kvoptions.sty
Package: kvoptions 2022-06-15 v3.15 Key value format for package options (HO)
))
\c@section@level=\count320
)
(C:\Users\vresh\AppData\Local\Programs\MiKTeX\tex/generic/stringenc\stringenc.s
ty
Package: stringenc 2019/11/29 v1.12 Convert strings between diff. encodings (HO
)
)
\@linkdim=\dimen263
\Hy@linkcounter=\count321
\Hy@pagecounter=\count322
 (C:\Users\vresh\AppData\Local\Programs\MiKTeX\tex/latex/hyperref\pd1enc.def
File: pd1enc.def 2026-01-29 v7.01p Hyperref: PDFDocEncoding definition (HO)
Now handling font encoding PD1 ...
... no UTF-8 mapping file for font encoding PD1
) (C:\Users\vresh\AppData\Local\Programs\MiKTeX\tex/generic/intcalc\intcalc.sty
Package: intcalc 2019/12/15 v1.3 Expandable calculations with integers (HO)
)
\Hy@SavedSpaceFactor=\count323
 (C:\Users\vresh\AppData\Local\Programs\MiKTeX\tex/latex/hyperref\puenc.def
File: puenc.def 2026-01-29 v7.01p Hyperref: PDF Unicode definition (HO)
Now handling font encoding PU ...
... no UTF-8 mapping file for font encoding PU
)
Package hyperref Info: Option `hypertexnames' set `false' on input line 4072.
Package hyperref Info: Hyper figures OFF on input line 4201.
Package hyperref Info: Link nesting OFF on input line 4206.
Package hyperref Info: Hyper index ON on input line 4209.
Package hyperref Info: Plain pages OFF on input line 4216.
Package hyperref Info: Backreferencing OFF on input line 4221.
Package hyperref Info: Implicit mode ON; LaTeX internals redefined.
Package hyperref Info: Bookmarks ON on input line 4468.
\c@Hy@tempcnt=\count324

(C:\Users\vresh\AppData\Local\Programs\MiKTeX\tex/latex/url\url.sty
\Urlmuskip=\muskip18
Package: url 2013/09/16  ver 3.4  Verb mode for urls, etc.
)
LaTeX Info: Redefining \url on input line 4807.
\XeTeXLinkMargin=\dimen264

(C:\Users\vresh\AppData\Local\Programs\MiKTeX\tex/generic/bitset\bitset.sty
Package: bitset 2019/12/09 v1.3 Handle bit-vector datatype (HO)

(C:\Users\vresh\AppData\Local\Programs\MiKTeX\tex/generic/bigintcalc\bigintcalc
.sty
Package: bigintcalc 2019/12/15 v1.5 Expandable calculations on big integers (HO
)
))
\Fld@menulength=\count325
\Field@Width=\dimen265
\Fld@charsize=\dimen266
Package hyperref Info: Hyper figures OFF on input line 6084.
Package hyperref Info: Link nesting OFF on input line 6089.
Package hyperref Info: Hyper index ON on input line 6092.
Package hyperref Info: backreferencing OFF on input line 6099.
Package hyperref Info: Link coloring OFF on input line 6104.
Package hyperref Info: Link coloring with OCG OFF on input line 6109.
Package hyperref Info: PDF/A mode OFF on input line 6114.
\Hy@abspage=\count326
\c@Item=\count327
\c@Hfootnote=\count328
)
Package hyperref Info: Driver (autodetected): hpdftex.

(C:\Users\vresh\AppData\Local\Programs\MiKTeX\tex/latex/hyperref\hpdftex.def
File: hpdftex.def 2026-01-29 v7.01p Hyperref driver for pdfTeX
\Fld@listcount=\count329
\c@bookmark@seq@number=\count330

(C:\Users\vresh\AppData\Local\Programs\MiKTeX\tex/latex/rerunfilecheck\rerunfil
echeck.sty
Package: rerunfilecheck 2025-06-21 v1.11 Rerun checks for auxiliary files (HO)

(C:\Users\vresh\AppData\Local\Programs\MiKTeX\tex/generic/uniquecounter\uniquec
ounter.sty
Package: uniquecounter 2019/12/15 v1.4 Provide unlimited unique counter (HO)
)
Package uniquecounter Info: New unique counter `rerunfilecheck' on input line 2
84.
)
\Hy@SectionHShift=\skip71
)
(C:\Users\vresh\AppData\Local\Programs\MiKTeX\tex/latex/fancyhdr\fancyhdr.sty
Package: fancyhdr 2025/02/07 v5.2 Extensive control of page headers and footers

\f@nch@headwidth=\skip72
\f@nch@offset@elh=\skip73
\f@nch@offset@erh=\skip74
\f@nch@offset@olh=\skip75
\f@nch@offset@orh=\skip76
\f@nch@offset@elf=\skip77
\f@nch@offset@erf=\skip78
\f@nch@offset@olf=\skip79
\f@nch@offset@orf=\skip80
\f@nch@height=\skip81
\f@nch@footalignment=\skip82
\f@nch@widthL=\skip83
\f@nch@widthC=\skip84
\f@nch@widthR=\skip85
\@temptokenb=\toks39
)
(C:\Users\vresh\AppData\Local\Programs\MiKTeX\tex/latex/listings\listings.sty
\lst@mode=\count331
\lst@gtempboxa=\box65
\lst@token=\toks40
\lst@length=\count332
\lst@currlwidth=\dimen267
\lst@column=\count333
\lst@pos=\count334
\lst@lostspace=\dimen268
\lst@width=\dimen269
\lst@newlines=\count335
\lst@lineno=\count336
\lst@maxwidth=\dimen270

(C:\Users\vresh\AppData\Local\Programs\MiKTeX\tex/latex/listings\lstpatch.sty
File: lstpatch.sty 2025/11/14 1.11b (Carsten Heinz)
)
(C:\Users\vresh\AppData\Local\Programs\MiKTeX\tex/latex/listings\lstmisc.sty
File: lstmisc.sty 2025/11/14 1.11b (Carsten Heinz)
\c@lstnumber=\count337
\lst@skipnumbers=\count338
\lst@framebox=\box66
)
(C:\Users\vresh\AppData\Local\Programs\MiKTeX\tex/latex/listings\listings.cfg
File: listings.cfg 2025/11/14 1.11b listings configuration
))
Package: listings 2025/11/14 1.11b (Carsten Heinz)
==> First Aid for listings.sty no longer applied!
    Expected:
        2024/09/23 1.10c (Carsten Heinz)
    but found:
        2025/11/14 1.11b (Carsten Heinz)
    so I'm assuming it got fixed.
(../../../../fabius-notation.tex)
Package hyperref Info: Option `hypertexnames' set `false' on input line 32.
Package hyperref Info: Option `colorlinks' set `true' on input line 32.

(C:\Users\vresh\AppData\Local\Programs\MiKTeX\tex/latex/aliascnt\aliascnt.sty
Package: aliascnt 2026-03-08 v1.7 Alias counters (HO)
)
\c@theorem=\count339

(C:\Users\vresh\AppData\Local\Programs\MiKTeX\tex/latex/tools\tabularx.sty
Package: tabularx 2023/12/11 v2.12a `tabularx' package (DPC)
\TX@col@width=\dimen271
\TX@old@table=\dimen272
\TX@old@col=\dimen273
\TX@target=\dimen274
\TX@delta=\dimen275
\TX@cols=\count340
\TX@ftn=\toks41
)
(C:\Users\vresh\AppData\Local\Programs\MiKTeX\tex/latex/float\float.sty
Package: float 2001/11/08 v1.3d Float enhancements (AL)
\c@float@type=\count341
\float@exts=\toks42
\float@box=\box67
\@float@everytoks=\toks43
\@floatcapt=\box68
)
(C:\Users\vresh\AppData\Local\Programs\MiKTeX\tex/latex/cleveref\cleveref.sty
Package: cleveref 2018/03/27 v0.21.4 Intelligent cross-referencing
Package cleveref Info: `hyperref' support loaded on input line 2370.
LaTeX Info: Redefining \cref on input line 2370.
LaTeX Info: Redefining \Cref on input line 2370.
LaTeX Info: Redefining \crefrange on input line 2370.
LaTeX Info: Redefining \Crefrange on input line 2370.
LaTeX Info: Redefining \cpageref on input line 2370.
LaTeX Info: Redefining \Cpageref on input line 2370.
LaTeX Info: Redefining \cpagerefrange on input line 2370.
LaTeX Info: Redefining \Cpagerefrange on input line 2370.
LaTeX Info: Redefining \labelcref on input line 2370.
LaTeX Info: Redefining \labelcpageref on input line 2370.
Package cleveref Info: `amsthm' support loaded on input line 3026.
Package cleveref Info: `listings' support loaded on input line 3131.
Package cleveref Info: `aliascnt' support loaded on input line 3193.
Package cleveref Info: always capitalise cross-reference names on input line 78
25.
Package cleveref Info: include cross-reference names in hyperlinks on input lin
e 7836.
Package cleveref Info: include cross-reference names in hyperlinks on input lin
e 7852.
Package cleveref Info: always capitalise cross-reference names on input line 78
52.
)
==> First Aid for cleveref.sty applied!
(C:\Users\vresh\AppData\Local\Programs\MiKTeX\tex/latex/caption\subcaption.sty
Package: subcaption 2023/07/28 v1.6b Sub-captions (AR)
Package caption Info: New subtype `subfigure' on input line 238.
\c@subfigure=\count342
Package caption Info: New subtype `subtable' on input line 238.
\c@subtable=\count343
) (C:\Users\vresh\AppData\Local\Programs\MiKTeX\tex/latex/jknappen\mathrsfs.sty
Package: mathrsfs 1996/01/01 Math RSFS package v1.0 (jk)
\symrsfs=\mathgroup9
)
(C:\Users\vresh\AppData\Local\Programs\MiKTeX\tex/latex/tcolorbox\tcolorbox.sty
Package: tcolorbox 2025/11/28 version 6.9.0 text color boxes

(C:\Users\vresh\AppData\Local\Programs\MiKTeX\tex/latex/pgf/frontendlayer\tikz.
sty
(C:\Users\vresh\AppData\Local\Programs\MiKTeX\tex/latex/pgf/basiclayer\pgf.sty
(C:\Users\vresh\AppData\Local\Programs\MiKTeX\tex/latex/pgf/utilities\pgfrcs.st
y
(C:\Users\vresh\AppData\Local\Programs\MiKTeX\tex/generic/pgf/utilities\pgfutil
-common.tex
\pgfutil@everybye=\toks44
\pgfutil@tempdima=\dimen276
\pgfutil@tempdimb=\dimen277
)
(C:\Users\vresh\AppData\Local\Programs\MiKTeX\tex/generic/pgf/utilities\pgfutil
-latex.def
\pgfutil@abb=\box69
)
(C:\Users\vresh\AppData\Local\Programs\MiKTeX\tex/generic/pgf/utilities\pgfrcs.
code.tex
(C:\Users\vresh\AppData\Local\Programs\MiKTeX\tex/generic/pgf\pgf.revision.tex)
Package: pgfrcs 2025-08-29 v3.1.11a (3.1.11a)
))
Package: pgf 2025-08-29 v3.1.11a (3.1.11a)

(C:\Users\vresh\AppData\Local\Programs\MiKTeX\tex/latex/pgf/basiclayer\pgfcore.
sty
(C:\Users\vresh\AppData\Local\Programs\MiKTeX\tex/latex/pgf/systemlayer\pgfsys.
sty
(C:\Users\vresh\AppData\Local\Programs\MiKTeX\tex/generic/pgf/systemlayer\pgfsy
s.code.tex
Package: pgfsys 2025-08-29 v3.1.11a (3.1.11a)

(C:\Users\vresh\AppData\Local\Programs\MiKTeX\tex/generic/pgf/utilities\pgfkeys
.code.tex
\pgfkeys@pathtoks=\toks45
\pgfkeys@temptoks=\toks46

(C:\Users\vresh\AppData\Local\Programs\MiKTeX\tex/generic/pgf/utilities\pgfkeys
libraryfiltered.code.tex
\pgfkeys@tmptoks=\toks47
))
\pgf@x=\dimen278
\pgf@y=\dimen279
\pgf@xa=\dimen280
\pgf@ya=\dimen281
\pgf@xb=\dimen282
\pgf@yb=\dimen283
\pgf@xc=\dimen284
\pgf@yc=\dimen285
\pgf@xd=\dimen286
\pgf@yd=\dimen287
\w@pgf@writea=\write3
\r@pgf@reada=\read2
\c@pgf@counta=\count344
\c@pgf@countb=\count345
\c@pgf@countc=\count346
\c@pgf@countd=\count347
\t@pgf@toka=\toks48
\t@pgf@tokb=\toks49
\t@pgf@tokc=\toks50
\pgf@sys@id@count=\count348

(C:\Users\vresh\AppData\Local\Programs\MiKTeX\tex/generic/pgf/systemlayer\pgf.c
fg
File: pgf.cfg 2025-08-29 v3.1.11a (3.1.11a)
)
Driver file for pgf: pgfsys-pdftex.def

(C:\Users\vresh\AppData\Local\Programs\MiKTeX\tex/generic/pgf/systemlayer\pgfsy
s-pdftex.def
File: pgfsys-pdftex.def 2025-08-29 v3.1.11a (3.1.11a)

(C:\Users\vresh\AppData\Local\Programs\MiKTeX\tex/generic/pgf/systemlayer\pgfsy
s-common-pdf.def
File: pgfsys-common-pdf.def 2025-08-29 v3.1.11a (3.1.11a)
)))
(C:\Users\vresh\AppData\Local\Programs\MiKTeX\tex/generic/pgf/systemlayer\pgfsy
ssoftpath.code.tex
File: pgfsyssoftpath.code.tex 2025-08-29 v3.1.11a (3.1.11a)
\pgfsyssoftpath@smallbuffer@items=\count349
\pgfsyssoftpath@bigbuffer@items=\count350
)
(C:\Users\vresh\AppData\Local\Programs\MiKTeX\tex/generic/pgf/systemlayer\pgfsy
sprotocol.code.tex
File: pgfsysprotocol.code.tex 2025-08-29 v3.1.11a (3.1.11a)
))
(C:\Users\vresh\AppData\Local\Programs\MiKTeX\tex/generic/pgf/basiclayer\pgfcor
e.code.tex
Package: pgfcore 2025-08-29 v3.1.11a (3.1.11a)

(C:\Users\vresh\AppData\Local\Programs\MiKTeX\tex/generic/pgf/math\pgfmath.code
.tex
(C:\Users\vresh\AppData\Local\Programs\MiKTeX\tex/generic/pgf/math\pgfmathutil.
code.tex)
(C:\Users\vresh\AppData\Local\Programs\MiKTeX\tex/generic/pgf/math\pgfmathparse
r.code.tex
\pgfmath@dimen=\dimen288
\pgfmath@count=\count351
\pgfmath@box=\box70
\pgfmath@toks=\toks51
\pgfmath@stack@operand=\toks52
\pgfmath@stack@operation=\toks53
)
(C:\Users\vresh\AppData\Local\Programs\MiKTeX\tex/generic/pgf/math\pgfmathfunct
ions.code.tex)
(C:\Users\vresh\AppData\Local\Programs\MiKTeX\tex/generic/pgf/math\pgfmathfunct
ions.basic.code.tex)
(C:\Users\vresh\AppData\Local\Programs\MiKTeX\tex/generic/pgf/math\pgfmathfunct
ions.trigonometric.code.tex)
(C:\Users\vresh\AppData\Local\Programs\MiKTeX\tex/generic/pgf/math\pgfmathfunct
ions.random.code.tex)
(C:\Users\vresh\AppData\Local\Programs\MiKTeX\tex/generic/pgf/math\pgfmathfunct
ions.comparison.code.tex)
(C:\Users\vresh\AppData\Local\Programs\MiKTeX\tex/generic/pgf/math\pgfmathfunct
ions.base.code.tex)
(C:\Users\vresh\AppData\Local\Programs\MiKTeX\tex/generic/pgf/math\pgfmathfunct
ions.round.code.tex)
(C:\Users\vresh\AppData\Local\Programs\MiKTeX\tex/generic/pgf/math\pgfmathfunct
ions.misc.code.tex)
(C:\Users\vresh\AppData\Local\Programs\MiKTeX\tex/generic/pgf/math\pgfmathfunct
ions.integerarithmetics.code.tex)
(C:\Users\vresh\AppData\Local\Programs\MiKTeX\tex/generic/pgf/math\pgfmathcalc.
code.tex)
(C:\Users\vresh\AppData\Local\Programs\MiKTeX\tex/generic/pgf/math\pgfmathfloat
.code.tex
\c@pgfmathroundto@lastzeros=\count352
))
(C:\Users\vresh\AppData\Local\Programs\MiKTeX\tex/generic/pgf/math\pgfint.code.
tex)
(C:\Users\vresh\AppData\Local\Programs\MiKTeX\tex/generic/pgf/basiclayer\pgfcor
epoints.code.tex
File: pgfcorepoints.code.tex 2025-08-29 v3.1.11a (3.1.11a)
\pgf@picminx=\dimen289
\pgf@picmaxx=\dimen290
\pgf@picminy=\dimen291
\pgf@picmaxy=\dimen292
\pgf@pathminx=\dimen293
\pgf@pathmaxx=\dimen294
\pgf@pathminy=\dimen295
\pgf@pathmaxy=\dimen296
\pgf@xx=\dimen297
\pgf@xy=\dimen298
\pgf@yx=\dimen299
\pgf@yy=\dimen300
\pgf@zx=\dimen301
\pgf@zy=\dimen302
)
(C:\Users\vresh\AppData\Local\Programs\MiKTeX\tex/generic/pgf/basiclayer\pgfcor
epathconstruct.code.tex
File: pgfcorepathconstruct.code.tex 2025-08-29 v3.1.11a (3.1.11a)
\pgf@path@lastx=\dimen303
\pgf@path@lasty=\dimen304
)
(C:\Users\vresh\AppData\Local\Programs\MiKTeX\tex/generic/pgf/basiclayer\pgfcor
epathusage.code.tex
File: pgfcorepathusage.code.tex 2025-08-29 v3.1.11a (3.1.11a)
\pgf@shorten@end@additional=\dimen305
\pgf@shorten@start@additional=\dimen306
)
(C:\Users\vresh\AppData\Local\Programs\MiKTeX\tex/generic/pgf/basiclayer\pgfcor
escopes.code.tex
File: pgfcorescopes.code.tex 2025-08-29 v3.1.11a (3.1.11a)
\pgfpic=\box71
\pgf@hbox=\box72
\pgf@layerbox@main=\box73
\pgf@picture@serial@count=\count353
)
(C:\Users\vresh\AppData\Local\Programs\MiKTeX\tex/generic/pgf/basiclayer\pgfcor
egraphicstate.code.tex
File: pgfcoregraphicstate.code.tex 2025-08-29 v3.1.11a (3.1.11a)
\pgflinewidth=\dimen307
)
(C:\Users\vresh\AppData\Local\Programs\MiKTeX\tex/generic/pgf/basiclayer\pgfcor
etransformations.code.tex
File: pgfcoretransformations.code.tex 2025-08-29 v3.1.11a (3.1.11a)
\pgf@pt@x=\dimen308
\pgf@pt@y=\dimen309
\pgf@pt@temp=\dimen310
)
(C:\Users\vresh\AppData\Local\Programs\MiKTeX\tex/generic/pgf/basiclayer\pgfcor
equick.code.tex
File: pgfcorequick.code.tex 2025-08-29 v3.1.11a (3.1.11a)
)
(C:\Users\vresh\AppData\Local\Programs\MiKTeX\tex/generic/pgf/basiclayer\pgfcor
eobjects.code.tex
File: pgfcoreobjects.code.tex 2025-08-29 v3.1.11a (3.1.11a)
)
(C:\Users\vresh\AppData\Local\Programs\MiKTeX\tex/generic/pgf/basiclayer\pgfcor
epathprocessing.code.tex
File: pgfcorepathprocessing.code.tex 2025-08-29 v3.1.11a (3.1.11a)
)
(C:\Users\vresh\AppData\Local\Programs\MiKTeX\tex/generic/pgf/basiclayer\pgfcor
earrows.code.tex
File: pgfcorearrows.code.tex 2025-08-29 v3.1.11a (3.1.11a)
\pgfarrowsep=\dimen311
)
(C:\Users\vresh\AppData\Local\Programs\MiKTeX\tex/generic/pgf/basiclayer\pgfcor
eshade.code.tex
File: pgfcoreshade.code.tex 2025-08-29 v3.1.11a (3.1.11a)
\pgf@max=\dimen312
\pgf@sys@shading@range@num=\count354
\pgf@shadingcount=\count355
)
(C:\Users\vresh\AppData\Local\Programs\MiKTeX\tex/generic/pgf/basiclayer\pgfcor
eimage.code.tex
File: pgfcoreimage.code.tex 2025-08-29 v3.1.11a (3.1.11a)
)
(C:\Users\vresh\AppData\Local\Programs\MiKTeX\tex/generic/pgf/basiclayer\pgfcor
eexternal.code.tex
File: pgfcoreexternal.code.tex 2025-08-29 v3.1.11a (3.1.11a)
\pgfexternal@startupbox=\box74
)
(C:\Users\vresh\AppData\Local\Programs\MiKTeX\tex/generic/pgf/basiclayer\pgfcor
elayers.code.tex
File: pgfcorelayers.code.tex 2025-08-29 v3.1.11a (3.1.11a)
)
(C:\Users\vresh\AppData\Local\Programs\MiKTeX\tex/generic/pgf/basiclayer\pgfcor
etransparency.code.tex
File: pgfcoretransparency.code.tex 2025-08-29 v3.1.11a (3.1.11a)
)
(C:\Users\vresh\AppData\Local\Programs\MiKTeX\tex/generic/pgf/basiclayer\pgfcor
epatterns.code.tex
File: pgfcorepatterns.code.tex 2025-08-29 v3.1.11a (3.1.11a)
)
(C:\Users\vresh\AppData\Local\Programs\MiKTeX\tex/generic/pgf/basiclayer\pgfcor
erdf.code.tex
File: pgfcorerdf.code.tex 2025-08-29 v3.1.11a (3.1.11a)
)))
(C:\Users\vresh\AppData\Local\Programs\MiKTeX\tex/generic/pgf/modules\pgfmodule
shapes.code.tex
File: pgfmoduleshapes.code.tex 2025-08-29 v3.1.11a (3.1.11a)
\pgfnodeparttextbox=\box75
)
(C:\Users\vresh\AppData\Local\Programs\MiKTeX\tex/generic/pgf/modules\pgfmodule
plot.code.tex
File: pgfmoduleplot.code.tex 2025-08-29 v3.1.11a (3.1.11a)
)
(C:\Users\vresh\AppData\Local\Programs\MiKTeX\tex/latex/pgf/compatibility\pgfco
mp-version-0-65.sty
Package: pgfcomp-version-0-65 2025-08-29 v3.1.11a (3.1.11a)
\pgf@nodesepstart=\dimen313
\pgf@nodesepend=\dimen314
)
(C:\Users\vresh\AppData\Local\Programs\MiKTeX\tex/latex/pgf/compatibility\pgfco
mp-version-1-18.sty
Package: pgfcomp-version-1-18 2025-08-29 v3.1.11a (3.1.11a)
))
(C:\Users\vresh\AppData\Local\Programs\MiKTeX\tex/latex/pgf/utilities\pgffor.st
y
(C:\Users\vresh\AppData\Local\Programs\MiKTeX\tex/latex/pgf/utilities\pgfkeys.s
ty
(C:\Users\vresh\AppData\Local\Programs\MiKTeX\tex/generic/pgf/utilities\pgfkeys
.code.tex))
(C:\Users\vresh\AppData\Local\Programs\MiKTeX\tex/latex/pgf/math\pgfmath.sty
(C:\Users\vresh\AppData\Local\Programs\MiKTeX\tex/generic/pgf/math\pgfmath.code
.tex))
(C:\Users\vresh\AppData\Local\Programs\MiKTeX\tex/generic/pgf/utilities\pgffor.
code.tex
Package: pgffor 2025-08-29 v3.1.11a (3.1.11a)
\pgffor@iter=\dimen315
\pgffor@skip=\dimen316
\pgffor@stack=\toks54
\pgffor@toks=\toks55
))
(C:\Users\vresh\AppData\Local\Programs\MiKTeX\tex/generic/pgf/frontendlayer/tik
z\tikz.code.tex
Package: tikz 2025-08-29 v3.1.11a (3.1.11a)

(C:\Users\vresh\AppData\Local\Programs\MiKTeX\tex/generic/pgf/libraries\pgflibr
aryplothandlers.code.tex
File: pgflibraryplothandlers.code.tex 2025-08-29 v3.1.11a (3.1.11a)
\pgf@plot@mark@count=\count356
\pgfplotmarksize=\dimen317
)
\tikz@lastx=\dimen318
\tikz@lasty=\dimen319
\tikz@lastxsaved=\dimen320
\tikz@lastysaved=\dimen321
\tikz@lastmovetox=\dimen322
\tikz@lastmovetoy=\dimen323
\tikzleveldistance=\dimen324
\tikzsiblingdistance=\dimen325
\tikz@figbox=\box76
\tikz@figbox@bg=\box77
\tikz@tempbox=\box78
\tikz@tempbox@bg=\box79
\tikztreelevel=\count357
\tikznumberofchildren=\count358
\tikznumberofcurrentchild=\count359
\tikz@fig@count=\count360

(C:\Users\vresh\AppData\Local\Programs\MiKTeX\tex/generic/pgf/modules\pgfmodule
matrix.code.tex
File: pgfmodulematrix.code.tex 2025-08-29 v3.1.11a (3.1.11a)
\pgfmatrixcurrentrow=\count361
\pgfmatrixcurrentcolumn=\count362
\pgf@matrix@numberofcolumns=\count363
)
\tikz@expandcount=\count364

(C:\Users\vresh\AppData\Local\Programs\MiKTeX\tex/generic/pgf/frontendlayer/tik
z/libraries\tikzlibrarytopaths.code.tex
File: tikzlibrarytopaths.code.tex 2025-08-29 v3.1.11a (3.1.11a)
)))
(C:\Users\vresh\AppData\Local\Programs\MiKTeX\tex/latex/tools\verbatim.sty
Package: verbatim 2024-01-22 v1.5x LaTeX2e package for verbatim enhancements
\every@verbatim=\toks56
\verbatim@line=\toks57
\verbatim@in@stream=\read3
)
(C:\Users\vresh\AppData\Local\Programs\MiKTeX\tex/latex/environ\environ.sty
Package: environ 2014/05/04 v0.3 A new way to define environments

(C:\Users\vresh\AppData\Local\Programs\MiKTeX\tex/latex/trimspaces\trimspaces.s
ty
Package: trimspaces 2009/09/17 v1.1 Trim spaces around a token list
))
\tcb@titlebox=\box80
\tcb@upperbox=\box81
\tcb@lowerbox=\box82
\tcb@phantombox=\box83
\c@tcbbreakpart=\count365
\c@tcblayer=\count366
\c@tcolorbox@number=\count367
\l__tcobox_tmpa_box=\box84
\l__tcobox_tmpa_dim=\dimen326
\tcb@temp=\box85
\tcb@temp=\box86
\tcb@temp=\box87
\tcb@temp=\box88

(C:\Users\vresh\AppData\Local\Programs\MiKTeX\tex/latex/tcolorbox\tcbraster.cod
e.tex
Library (tcolorbox): 'tcbraster.code.tex' version '6.9.0'
\c@tcbrastercolumn=\count368
\c@tcbrasterrow=\count369
\c@tcbrasternum=\count370
\c@tcbraster=\count371
)
(C:\Users\vresh\AppData\Local\Programs\MiKTeX\tex/latex/tcolorbox\tcbskins.code
.tex
Library (tcolorbox): 'tcbskins.code.tex' version '6.9.0'

(C:\Users\vresh\AppData\Local\Programs\MiKTeX\tex/latex/tikzfill\tikzfill.image
.sty
Package: tikzfill.image 2026/04/23 v1.2.0 Image filling library for TikZ

(C:\Users\vresh\AppData\Local\Programs\MiKTeX\tex/latex/tikzfill\tikzlibraryfil
l.image.code.tex
File: tikzlibraryfill.image.code.tex 2026/04/23 v1.2.0 Image filling library
\l__tikzfill_tmpa_dim=\dimen327
\l__tikzfill_tmpb_dim=\dimen328
\l__tikzfill_img_box=\box89
))
(C:\Users\vresh\AppData\Local\Programs\MiKTeX\tex/latex/tcolorbox\tcbskinsjigsa
w.code.tex
Library (tcolorbox): 'tcbskinsjigsaw.code.tex' version '6.9.0'
))
(C:\Users\vresh\AppData\Local\Programs\MiKTeX\tex/latex/tcolorbox\tcbbreakable.
code.tex
Library (tcolorbox): 'tcbbreakable.code.tex' version '6.9.0'
(C:\Users\vresh\AppData\Local\Programs\MiKTeX\tex/latex/pdfcol\pdfcol.sty
Package: pdfcol 2022-09-21 v1.7 Handle new color stacks for pdfTeX (HO)
)
Package pdfcol Info: New color stack `tcb@breakable' = 1 on input line 23.
\tcb@testbox=\box90
\tcb@totalupperbox=\box91
\tcb@totallowerbox=\box92
)
(C:\Users\vresh\AppData\Local\Programs\MiKTeX\tex/latex/tcolorbox\tcbhooks.code
.tex
Library (tcolorbox): 'tcbhooks.code.tex' version '6.9.0'
)
(C:\Users\vresh\AppData\Local\Programs\MiKTeX\tex/latex/tcolorbox\tcbtheorems.c
ode.tex
Library (tcolorbox): 'tcbtheorems.code.tex' version '6.9.0'
)
(C:\Users\vresh\AppData\Local\Programs\MiKTeX\tex/latex/tcolorbox\tcbfitting.co
de.tex
Library (tcolorbox): 'tcbfitting.code.tex' version '6.9.0'
\tcbfitdim=\dimen329
\tcb@lowerfitdim=\dimen330
\tcb@upperfitdim=\dimen331
\tcb@cur@hbadness=\count372
)
(C:\Users\vresh\AppData\Local\Programs\MiKTeX\tex/latex/tcolorbox\tcblistingsut
f8.code.tex
Library (tcolorbox): 'tcblistingsutf8.code.tex' version '6.9.0'

(C:\Users\vresh\AppData\Local\Programs\MiKTeX\tex/latex/tcolorbox\tcblistings.c
ode.tex
Library (tcolorbox): 'tcblistings.code.tex' version '6.9.0'

(C:\Users\vresh\AppData\Local\Programs\MiKTeX\tex/latex/tcolorbox\tcblistingsco
re.code.tex
Library (tcolorbox): 'tcblistingscore.code.tex' version '6.9.0'

(C:\Users\vresh\AppData\Local\Programs\MiKTeX\tex/latex/tcolorbox\tcbprocessing
.code.tex
Library (tcolorbox): 'tcbprocessing.code.tex' version '6.9.0'
)
\c@tcblisting=\count373
))
(C:\Users\vresh\AppData\Local\Programs\MiKTeX\tex/latex/listingsutf8\listingsut
f8.sty
Package: listingsutf8 2019-12-10 v1.5 Allow UTF-8 in listings input (HO)
))
(C:\Users\vresh\AppData\Local\Programs\MiKTeX\tex/latex/tcolorbox\tcbexternal.c
ode.tex
Library (tcolorbox): 'tcbexternal.code.tex' version '6.9.0'
)
(C:\Users\vresh\AppData\Local\Programs\MiKTeX\tex/latex/tcolorbox\tcbmagazine.c
ode.tex
Library (tcolorbox): 'tcbmagazine.code.tex' version '6.9.0'
)
(C:\Users\vresh\AppData\Local\Programs\MiKTeX\tex/latex/tcolorbox\tcbvignette.c
ode.tex
Library (tcolorbox): 'tcbvignette.code.tex' version '6.9.0'

(C:\Users\vresh\AppData\Local\Programs\MiKTeX\tex/generic/pgf/frontendlayer/tik
z/libraries\tikzlibraryfadings.code.tex
File: tikzlibraryfadings.code.tex 2025-08-29 v3.1.11a (3.1.11a)

(C:\Users\vresh\AppData\Local\Programs\MiKTeX\tex/generic/pgf/libraries\pgflibr
aryfadings.code.tex
File: pgflibraryfadings.code.tex 2025-08-29 v3.1.11a (3.1.11a)
)))
(C:\Users\vresh\AppData\Local\Programs\MiKTeX\tex/latex/tcolorbox\tcbposter.cod
e.tex
Library (tcolorbox): 'tcbposter.code.tex' version '6.9.0'
))
(C:\Users\vresh\AppData\Local\Programs\MiKTeX\tex/latex/fancyvrb\fancyvrb.sty
Package: fancyvrb 2025/07/28 4.6 verbatim text (tvz,hv)
\FV@CodeLineNo=\count374
\FV@InFile=\read4
\FV@TabBox=\box93
\c@FancyVerbLine=\count375
\FV@StepNumber=\count376
\FV@OutFile=\write4
)
(C:\Users\vresh\AppData\Local\Programs\MiKTeX\tex/latex/xurl\xurl.sty
Package: xurl 2022/01/09 v 0.10 modify URL breaks
)
LaTeX Font Info:    Trying to load font information for T1+LibertinusSerif-TLF 
on input line 128.

(C:\Users\vresh\AppData\Local\Programs\MiKTeX\tex/latex/libertinus-type1\t1libe
rtinusserif-tlf.fd
File: T1LibertinusSerif-TLF.fd 2024/09/22 (autoinst) Font definitions for T1/Li
bertinusSerif-TLF.
)
LaTeX Font Info:    Font shape `T1/LibertinusSerif-TLF/m/n' will be
(Font)              scaled to size 10.95pt on input line 128.

(C:\Users\vresh\AppData\Local\Programs\MiKTeX\tex/latex/l3backend\l3backend-pdf
tex.def
File: l3backend-pdftex.def 2026-02-18 L3 backend support: PDF output (pdfTeX)
\l__color_backend_stack_int=\count377
)
No file Representation_Frontiers.aux.
\openout1 = `Representation_Frontiers.aux'.

LaTeX Font Info:    Checking defaults for OML/cmm/m/it on input line 128.
LaTeX Font Info:    ... okay on input line 128.
LaTeX Font Info:    Checking defaults for OMS/cmsy/m/n on input line 128.
LaTeX Font Info:    ... okay on input line 128.
LaTeX Font Info:    Checking defaults for OT1/cmr/m/n on input line 128.
LaTeX Font Info:    ... okay on input line 128.
LaTeX Font Info:    Checking defaults for T1/cmr/m/n on input line 128.
LaTeX Font Info:    ... okay on input line 128.
LaTeX Font Info:    Checking defaults for TS1/cmr/m/n on input line 128.
LaTeX Font Info:    ... okay on input line 128.
LaTeX Font Info:    Checking defaults for OMX/cmex/m/n on input line 128.
LaTeX Font Info:    ... okay on input line 128.
LaTeX Font Info:    Checking defaults for U/cmr/m/n on input line 128.
LaTeX Font Info:    ... okay on input line 128.
LaTeX Font Info:    Checking defaults for PD1/pdf/m/n on input line 128.
LaTeX Font Info:    ... okay on input line 128.
LaTeX Font Info:    Checking defaults for PU/pdf/m/n on input line 128.
LaTeX Font Info:    ... okay on input line 128.
\c@mv@tabular=\count378
\c@mv@boldtabular=\count379
LaTeX Info: Redefining \microtypecontext on input line 128.
Package microtype Info: Applying patch `item' on input line 128.
Package microtype Info: Applying patch `toc' on input line 128.
Package microtype Info: Applying patch `eqnum' on input line 128.
Package microtype Info: Applying patch `footnote' on input line 128.
Package microtype Info: Applying patch `verbatim' on input line 128.
LaTeX Info: Redefining \microtypesetup on input line 128.
Package microtype Info: Generating PDF output.
Package microtype Info: Character protrusion enabled (level 2).
Package microtype Info: Using default protrusion set `alltext'.
Package microtype Info: Automatic font expansion enabled (level 2),
(microtype)             stretch: 20, shrink: 20, step: 1, non-selected.
Package microtype Info: Using default expansion set `alltext-nott'.
Package microtype Info: Patching command `\showhyphens'.
Package microtype Info: No adjustment of tracking.
Package microtype Info: No adjustment of interword spacing.
Package microtype Info: No adjustment of character kerning.
Package microtype Info: Loading generic protrusion settings for font family
(microtype)             `LibertinusSerif-TLF' (encoding: T1).
(microtype)             For optimal results, create family-specific settings.
(microtype)             See the microtype manual for details.
*geometry* driver: auto-detecting
*geometry* detected driver: pdftex
*geometry* verbose mode - [ preamble ] result:
* driver: pdftex
* paper: a4paper
* layout: <same size as paper>
* layoutoffset:(h,v)=(0.0pt,0.0pt)
* modes: 
* h-part:(L,W,R)=(76.82243pt, 443.863pt, 76.82243pt)
* v-part:(T,H,B)=(76.82243pt, 691.40198pt, 76.82243pt)
* \paperwidth=597.50787pt
* \paperheight=845.04684pt
* \textwidth=443.863pt
* \textheight=691.40198pt
* \oddsidemargin=4.55244pt
* \evensidemargin=4.55244pt
* \topmargin=-35.44756pt
* \headheight=15.0pt
* \headsep=25.0pt
* \topskip=11.0pt
* \footskip=30.0pt
* \marginparwidth=59.0pt
* \marginparsep=10.0pt
* \columnsep=10.0pt
* \skip\footins=10.0pt plus 4.0pt minus 2.0pt
* \hoffset=0.0pt
* \voffset=0.0pt
* \mag=1000
* \@twocolumnfalse
* \@twosidefalse
* \@mparswitchfalse
* \@reversemarginfalse
* (1in=72.27pt=25.4mm, 1cm=28.453pt)


(C:\Users\vresh\AppData\Local\Programs\MiKTeX\tex/context/base/mkii\supp-pdf.mk
ii
[Loading MPS to PDF converter (version 2006.09.02).]
\scratchcounter=\count380
\scratchdimen=\dimen332
\scratchbox=\box94
\nofMPsegments=\count381
\nofMParguments=\count382
\everyMPshowfont=\toks58
\MPscratchCnt=\count383
\MPscratchDim=\dimen333
\MPnumerator=\count384
\makeMPintoPDFobject=\count385
\everyMPtoPDFconversion=\toks59
)
(C:\Users\vresh\AppData\Local\Programs\MiKTeX\tex/latex/epstopdf-pkg\epstopdf-b
ase.sty
Package: epstopdf-base 2020-01-24 v2.11 Base part for package epstopdf


Package epstopdf Warning: Shell escape feature is not enabled.

Package epstopdf-base Info: Redefining graphics rule for `.eps' on input line 4
85.

(C:\Users\vresh\AppData\Local\Programs\MiKTeX\tex/latex/00miktex\epstopdf-sys.c
fg
File: epstopdf-sys.cfg 2021/03/18 v2.0 Configuration of epstopdf for MiKTeX
))
Package caption Info: Begin \AtBeginDocument code.
Package caption Info: float package is loaded.
Package caption Info: hyperref package is loaded.
Package caption Info: listings package is loaded.
Package caption Info: End \AtBeginDocument code.
Package hyperref Info: Link coloring ON on input line 128.
\@outlinefile=\write5
\openout5 = `Representation_Frontiers.out'.

\c@lstlisting=\count386
LaTeX Font Info:    Font shape `T1/LibertinusSerif-TLF/m/n' will be
(Font)              scaled to size 17.28pt on input line 130.
LaTeX Font Info:    Font shape `T1/LibertinusSerif-TLF/b/n' will be
(Font)              scaled to size 17.28pt on input line 130.
LaTeX Font Info:    Font shape `T1/LibertinusSerif-TLF/m/n' will be
(Font)              scaled to size 12.0pt on input line 130.

(C:\Users\vresh\AppData\Local\Programs\MiKTeX\tex/latex/microtype\mt-cmr.cfg
File: mt-cmr.cfg 2013/05/19 v2.2 microtype config. file: Computer Modern Roman 
(RS)
)
LaTeX Font Info:    Trying to load font information for U+msa on input line 130
.

(C:\Users\vresh\AppData\Local\Programs\MiKTeX\tex/latex/amsfonts\umsa.fd
File: umsa.fd 2013/01/14 v3.01 AMS symbols A
)
(C:\Users\vresh\AppData\Local\Programs\MiKTeX\tex/latex/microtype\mt-msa.cfg
File: mt-msa.cfg 2006/02/04 v1.1 microtype config. file: AMS symbols (a) (RS)
)
LaTeX Font Info:    Trying to load font information for U+msb on input line 130
.

(C:\Users\vresh\AppData\Local\Programs\MiKTeX\tex/latex/amsfonts\umsb.fd
File: umsb.fd 2013/01/14 v3.01 AMS symbols B
)
(C:\Users\vresh\AppData\Local\Programs\MiKTeX\tex/latex/microtype\mt-msb.cfg
File: mt-msb.cfg 2005/06/01 v1.0 microtype config. file: AMS symbols (b) (RS)
)
LaTeX Font Info:    Trying to load font information for U+rsfs on input line 13
0.

(C:\Users\vresh\AppData\Local\Programs\MiKTeX\tex/latex/jknappen\ursfs.fd
File: ursfs.fd 1998/03/24 rsfs font definition file (jk)
)
LaTeX Font Info:    Font shape `T1/LibertinusSerif-TLF/m/n' will be
(Font)              scaled to size 14.4pt on input line 130.
LaTeX Font Info:    Font shape `T1/LibertinusSerif-TLF/b/n' will be
(Font)              scaled to size 14.4pt on input line 130.

No file Representation_Frontiers.toc.
\tf@toc=\write6
\openout6 = `Representation_Frontiers.toc'.

[1

{C:/Users/vresh/AppData/Local/MiKTeX/fonts/map/pdftex/pdftex.map}{C:/Users/vres
h/AppData/Local/Programs/MiKTeX/fonts/enc/dvips/libertinus-type1/lbn1_sfissr.en
c}{C:/Users/vresh/AppData/Local/Programs/MiKTeX/fonts/enc/dvips/libertinus-type
1/lbn1_75t36g.enc}]
LaTeX Font Info:    Trying to load font information for TS1+LibertinusSerif-TLF
 on input line 139.

(C:\Users\vresh\AppData\Local\Programs\MiKTeX\tex/latex/libertinus-type1\ts1lib
ertinusserif-tlf.fd
File: TS1LibertinusSerif-TLF.fd 2024/09/22 (autoinst) Font definitions for TS1/
LibertinusSerif-TLF.
)
LaTeX Font Info:    Font shape `TS1/LibertinusSerif-TLF/m/n' will be
(Font)              scaled to size 10.95pt on input line 139.
Package microtype Info: Loading generic protrusion settings for font family
(microtype)             `LibertinusSerif-TLF' (encoding: TS1).
(microtype)             For optimal results, create family-specific settings.
(microtype)             See the microtype manual for details.
LaTeX Font Info:    Trying to load font information for T1+LibertinusMono-TLF o
n input line 139.

(C:\Users\vresh\AppData\Local\Programs\MiKTeX\tex/latex/libertinus-type1\t1libe
rtinusmono-tlf.fd
File: T1LibertinusMono-TLF.fd 2025/01/11 (autoinst) Font definitions for T1/Lib
ertinusMono-TLF.
)
LaTeX Font Info:    Font shape `T1/LibertinusMono-TLF/m/n' will be
(Font)              scaled to size 9.30756pt on input line 139.
Package microtype Info: Loading generic protrusion settings for font family
(microtype)             `LibertinusMono-TLF' (encoding: T1).
(microtype)             For optimal results, create family-specific settings.
(microtype)             See the microtype manual for details.
Package microtype Info: Character `guilsinglleft ' is missing
(microtype)             in font `T1/LibertinusMono-TLF/m/n/10.95'.
(microtype)             Ignoring protrusion settings for this character.
Package microtype Info: Character `guilsinglright ' is missing
(microtype)             in font `T1/LibertinusMono-TLF/m/n/10.95'.
(microtype)             Ignoring protrusion settings for this character.
LaTeX Font Info:    Font shape `T1/LibertinusSerif-TLF/m/n' will be
(Font)              scaled to size 9.0pt on input line 139.
LaTeX Font Info:    Font shape `T1/LibertinusMono-TLF/m/n' will be
(Font)              scaled to size 7.65005pt on input line 139.
Package microtype Info: Character `guilsinglleft ' is missing
(microtype)             in font `T1/LibertinusMono-TLF/m/n/9'.
(microtype)             Ignoring protrusion settings for this character.
Package microtype Info: Character `guilsinglright ' is missing
(microtype)             in font `T1/LibertinusMono-TLF/m/n/9'.
(microtype)             Ignoring protrusion settings for this character.
LaTeX Font Info:    Font shape `T1/LibertinusSerif-TLF/m/it' will be
(Font)              scaled to size 10.95pt on input line 150.
LaTeX Font Info:    Font shape `T1/LibertinusSerif-TLF/m/n' will be
(Font)              scaled to size 10.0pt on input line 167.
LaTeX Font Info:    Font shape `T1/LibertinusSerif-TLF/b/n' will be
(Font)              scaled to size 10.0pt on input line 167.
LaTeX Font Info:    Font shape `T1/LibertinusMono-TLF/m/n' will be
(Font)              scaled to size 8.50006pt on input line 167.
Package microtype Info: Character `guilsinglleft ' is missing
(microtype)             in font `T1/LibertinusMono-TLF/m/n/10'.
(microtype)             Ignoring protrusion settings for this character.
Package microtype Info: Character `guilsinglright ' is missing
(microtype)             in font `T1/LibertinusMono-TLF/m/n/10'.
(microtype)             Ignoring protrusion settings for this character.
 [2

{C:/Users/vresh/AppData/Local/Programs/MiKTeX/fonts/enc/dvips/libertinus-type1/
lbn1_rlktsf.enc}{C:/Users/vresh/AppData/Local/Programs/MiKTeX/fonts/enc/dvips/l
ibertinus-type1/lbn1_or3pzs.enc}{C:/Users/vresh/AppData/Local/Programs/MiKTeX/f
onts/enc/dvips/libertinus-type1/lbn1_sncvby.enc}]
LaTeX Font Info:    Font shape `T1/LibertinusSerif-TLF/b/n' will be
(Font)              scaled to size 20.74pt on input line 171.


LaTeX Warning: Citation `p1:Repository' on page 3 undefined on input line 180.

[3

]
LaTeX Font Info:    Font shape `T1/LibertinusSerif-TLF/b/n' will be
(Font)              scaled to size 12.0pt on input line 222.
LaTeX Font Info:    Font shape `T1/LibertinusSerif-TLF/b/n' will be
(Font)              scaled to size 10.95pt on input line 242.


LaTeX Warning: Reference `p1:app:corpus' on page 4 undefined on input line 242.


LaTeX Font Info:    Trying to load font information for T1+LibertinusSans-TLF o
n input line 254.

(C:\Users\vresh\AppData\Local\Programs\MiKTeX\tex/latex/libertinus-type1\t1libe
rtinussans-tlf.fd
File: T1LibertinusSans-TLF.fd 2024/09/22 (autoinst) Font definitions for T1/Lib
ertinusSans-TLF.
)
LaTeX Font Info:    Font shape `T1/LibertinusSans-TLF/m/n' will be
(Font)              scaled to size 10.95pt on input line 254.
Package microtype Info: Loading generic protrusion settings for font family
(microtype)             `LibertinusSans-TLF' (encoding: T1).
(microtype)             For optimal results, create family-specific settings.
(microtype)             See the microtype manual for details.
 [4{C:/Users/vresh/AppData/Local/Programs/MiKTeX/fonts/enc/dvips/libertinus-typ
e1/lbn1_mfadfl.enc}]

LaTeX Warning: Citation `p1:Fabius1966' on page 5 undefined on input line 292.


LaTeX Warning: Citation `p1:AriasTranslation' on page 5 undefined on input line
 292.

[5]

LaTeX Warning: Reference `p1:sec:cauchy' on page 6 undefined on input line 372.


LaTeX Font Info:    Font shape `T1/LibertinusSans-TLF/b/n' will be
(Font)              scaled to size 10.95pt on input line 377.
[6]

LaTeX Warning: Reference `p1:eq:gamma-product' on page 7 undefined on input lin
e 446.

[7]

LaTeX Warning: Reference `p1:sec:fredholm' on page 8 undefined on input line 46
5.


LaTeX Warning: Reference `p1:eq:canonical-product' on page 8 undefined on input
 line 465.


LaTeX Warning: Reference `p1:eq:spectral-zeta' on page 8 undefined on input lin
e 470.


LaTeX Warning: Reference `p1:sec:fabius-transforms' on page 8 undefined on inpu
t line 496.

LaTeX Font Info:    Font shape `T1/LibertinusSans-TLF/m/n' will be
(Font)              scaled to size 10.0pt on input line 513.

LaTeX Warning: Reference `p1:eq:finite-spline' on page 8 undefined on input lin
e 514.


LaTeX Warning: Reference `p1:eq:rho-fourier-inversion' on page 8 undefined on i
nput line 515.


LaTeX Warning: Reference `p1:thm:finite-log' on page 8 undefined on input line 
516.


LaTeX Warning: Reference `p1:eq:Phi-products' on page 8 undefined on input line
 517.


LaTeX Warning: Reference `p1:eq:canonical-product' on page 8 undefined on input
 line 518.


LaTeX Warning: Reference `p1:eq:gamma-product' on page 8 undefined on input lin
e 519.


LaTeX Warning: Reference `p1:eq:logPhi-zeta' on page 8 undefined on input line 
520.


LaTeX Warning: Reference `p1:thm:fredholm' on page 8 undefined on input line 52
1.


LaTeX Warning: Reference `p1:eq:logder-cot' on page 8 undefined on input line 5
22.


LaTeX Warning: Reference `p1:eq:logder-tan' on page 8 undefined on input line 5
23.


LaTeX Warning: Reference `p1:eq:logder-zero' on page 8 undefined on input line 
524.


LaTeX Warning: Reference `p1:thm:hurwitz' on page 8 undefined on input line 525
.


LaTeX Warning: Reference `p1:eq:M-product' on page 8 undefined on input line 52
6.


LaTeX Warning: Reference `p1:eq:M-cumulant' on page 8 undefined on input line 5
26.


LaTeX Warning: Reference `p1:eq:M-fredholm' on page 8 undefined on input line 5
27.


LaTeX Warning: Reference `p1:eq:R-moment' on page 8 undefined on input line 528
.


LaTeX Warning: Reference `p1:eq:R-Laplace' on page 8 undefined on input line 52
9.


LaTeX Warning: Reference `p1:eq:R-Fourier-Laplace' on page 8 undefined on input
 line 530.


LaTeX Warning: Reference `p1:eq:R-log-fixed' on page 8 undefined on input line 
531.


LaTeX Warning: Reference `p1:eq:R-dde' on page 8 undefined on input line 532.


LaTeX Warning: Reference `p1:eq:R-derivative-tree' on page 8 undefined on input
 line 533.


LaTeX Warning: Reference `p1:eq:RN-log' on page 8 undefined on input line 534.


LaTeX Warning: Reference `p1:eq:R-J-fraction' on page 8 undefined on input line
 535.


LaTeX Warning: Reference `p1:eq:gauss-partial' on page 8 undefined on input lin
e 536.


LaTeX Warning: Reference `p1:eq:O-S-fraction' on page 8 undefined on input line
 537.


LaTeX Warning: Reference `p1:eq:F-CDF-Fourier' on page 8 undefined on input lin
e 538.


LaTeX Warning: Reference `p1:eq:F-Laplace' on page 8 undefined on input line 53
9.


LaTeX Warning: Reference `p1:eq:F-Fourier' on page 8 undefined on input line 54
0.


LaTeX Warning: Reference `p1:thm:one-sided' on page 8 undefined on input line 5
41.


LaTeX Warning: Reference `p1:thm:inverse-pushforward' on page 8 undefined on in
put line 542.


ignored: Infinite glue shrinkage found in box being split [8]

LaTeX Warning: Reference `p1:eq:R-def' on page 9 undefined on input line 562.

[9]

LaTeX Warning: Reference `p1:eq:R-moment' on page 10 undefined on input line 63
7.


LaTeX Warning: Reference `p1:eq:M-product' on page 10 undefined on input line 6
44.


LaTeX Warning: Reference `p1:eq:R-Laplace' on page 10 undefined on input line 6
44.


LaTeX Warning: Reference `p1:eq:R-Fourier-Laplace' on page 10 undefined on inpu
t line 651.


LaTeX Warning: Reference `p1:eq:R-boundary-density' on page 10 undefined on inp
ut line 652.


LaTeX Warning: Reference `p1:eq:R-Fourier-Laplace' on page 10 undefined on inpu
t line 653.


LaTeX Warning: Reference `p1:eq:R-boundary-Hilbert' on page 10 undefined on inp
ut line 653.

[10]

LaTeX Warning: Reference `p1:eq:X-fixed-point' on page 11 undefined on input li
ne 680.


LaTeX Warning: Reference `p1:eq:R-log-fixed' on page 11 undefined on input line
 687.


LaTeX Warning: Reference `p1:eq:R-log-fixed' on page 11 undefined on input line
 700.


LaTeX Warning: Reference `p1:eq:rho-dde' on page 11 undefined on input line 710
.


LaTeX Warning: Reference `p1:eq:R-dde' on page 11 undefined on input line 735.


LaTeX Warning: Reference `p1:eq:R-dde' on page 11 undefined on input line 737.

[11]

LaTeX Warning: Reference `p1:eq:R-dde' on page 12 undefined on input line 747.


LaTeX Warning: Reference `p1:eq:R-derivative-tree' on page 12 undefined on inpu
t line 747.


LaTeX Warning: Reference `p1:eq:R-kernel-tree' on page 12 undefined on input li
ne 748.


LaTeX Warning: Reference `p1:eq:R-dde' on page 12 undefined on input line 802.


LaTeX Warning: Reference `p1:eq:R-derivative-tree' on page 12 undefined on inpu
t line 803.


LaTeX Warning: Reference `p1:eq:R-dde' on page 12 undefined on input line 817.


LaTeX Warning: Reference `p1:eq:R-derivative-tree' on page 12 undefined on inpu
t line 821.

[12]

LaTeX Warning: Reference `p1:eq:R-log-fixed' on page 13 undefined on input line
 832.

[13]

LaTeX Warning: Reference `p1:eq:R-kernel-tree' on page 14 undefined on input li
ne 902.


LaTeX Warning: Reference `p1:eq:R-derivative-tree' on page 14 undefined on inpu
t line 905.


LaTeX Warning: Reference `p1:eq:R-dde' on page 14 undefined on input line 913.


LaTeX Warning: Reference `p1:eq:R-dde' on page 14 undefined on input line 922.

[14]

LaTeX Warning: Reference `p1:eq:RN-log' on page 15 undefined on input line 963.



LaTeX Warning: Reference `p1:eq:finite-spline' on page 15 undefined on input li
ne 964.


LaTeX Warning: Reference `p1:eq:uniform-difference' on page 15 undefined on inp
ut line 984.


LaTeX Warning: Reference `p1:eq:RN-log' on page 15 undefined on input line 996.



LaTeX Warning: Reference `p1:eq:finite-spline' on page 15 undefined on input li
ne 1006.


LaTeX Warning: Reference `p1:eq:RN-boundary' on page 15 undefined on input line
 1006.


LaTeX Warning: Reference `p1:sec:jacobi' on page 15 undefined on input line 101
1.

[15]

LaTeX Warning: Reference `p1:eq:F-Laplace' on page 16 undefined on input line 1
050.


LaTeX Warning: Reference `p1:eq:rho-one-sided-Laplace' on page 16 undefined on 
input line 1091.

[16]

LaTeX Warning: Reference `p1:eq:Phi-scaling' on page 17 undefined on input line
 1096.


LaTeX Warning: Reference `p1:eq:inverse-master' on page 17 undefined on input l
ine 1128.


LaTeX Warning: Reference `p1:eq:Y-affine' on page 17 undefined on input line 11
30.


LaTeX Warning: Reference `p1:eq:inverse-Cauchy' on page 17 undefined on input l
ine 1134.


LaTeX Warning: Reference `p1:eq:Phi-products' on page 17 undefined on input lin
e 1161.


LaTeX Warning: Reference `p1:eq:canonical-product' on page 17 undefined on inpu
t line 1161.


LaTeX Warning: Reference `p1:eq:logder-cot' on page 17 undefined on input line 
1162.


LaTeX Warning: Reference `p1:eq:logder-tan' on page 17 undefined on input line 
1162.


LaTeX Warning: Reference `p1:eq:logder-zero' on page 17 undefined on input line
 1163.


LaTeX Warning: Reference `p1:eq:spectral-zeta' on page 17 undefined on input li
ne 1164.

[17]

LaTeX Warning: Reference `p1:eq:canonical-product' on page 18 undefined on inpu
t line 1205.


LaTeX Warning: Reference `p1:eq:valuation-indicators' on page 18 undefined on i
nput line 1211.

[18]

LaTeX Warning: Reference `p1:eq:spectral-zeta' on page 19 undefined on input li
ne 1257.


LaTeX Warning: Reference `p1:eq:M-fredholm' on page 19 undefined on input line 
1269.


LaTeX Warning: Reference `p1:eq:K-traces' on page 19 undefined on input line 12
70.


LaTeX Warning: Reference `p1:eq:spectral-zeta' on page 19 undefined on input li
ne 1270.


LaTeX Warning: Reference `p1:eq:K-resolvent-trace' on page 19 undefined on inpu
t line 1271.


LaTeX Warning: Reference `p1:eq:logPhi-zeta' on page 19 undefined on input line
 1276.


LaTeX Warning: Reference `p1:eq:X-fixed-point' on page 19 undefined on input li
ne 1300.

[19]

LaTeX Warning: Reference `p1:eq:moment-recurrence' on page 20 undefined on inpu
t line 1348.


LaTeX Warning: Reference `p1:eq:monic-recurrence' on page 20 undefined on input
 line 1350.


LaTeX Warning: Citation `p1:VanAssche1993' on page 20 undefined on input line 1
351.


LaTeX Warning: Citation `p1:SimonOPRL' on page 20 undefined on input line 1351.


[20]

LaTeX Warning: Reference `p1:eq:R-J-fraction' on page 21 undefined on input lin
e 1370.


LaTeX Warning: Reference `p1:eq:O-S-fraction' on page 21 undefined on input lin
e 1401.

[21]
Package microtype Info: Loading generic protrusion settings for font family
(microtype)             `cmss' (encoding: OT1).
(microtype)             For optimal results, create family-specific settings.
(microtype)             See the microtype manual for details.
 [22] [23] [24]

LaTeX Warning: Reference `p1:eq:moment-recurrence' on page 25 undefined on inpu
t line 1669.


LaTeX Warning: Reference `p1:eq:monic-recurrence' on page 25 undefined on input
 line 1670.

(assets/Fabius_Rvachev_Representation_Frontiers/generated_tables.tex
LaTeX Font Info:    Font shape `T1/LibertinusSerif-TLF/m/n' will be
(Font)              scaled to size 8.0pt on input line 29.
LaTeX Font Info:    Font shape `T1/LibertinusSerif-TLF/m/n' will be
(Font)              scaled to size 6.0pt on input line 29.
)
<assets/Fabius_Rvachev_Representation_Frontiers/figures/jacobi_coefficients.png
, id=347, 462.528pt x 289.08pt>
File: assets/Fabius_Rvachev_Representation_Frontiers/figures/jacobi_coefficient
s.png Graphic file (type png)
<use assets/Fabius_Rvachev_Representation_Frontiers/figures/jacobi_coefficients
.png>
Package pdftex.def Info: assets/Fabius_Rvachev_Representation_Frontiers/figures
/jacobi_coefficients.png  used on input line 1683.
(pdftex.def)             Requested size: 346.2126pt x 216.39482pt.
<assets/Fabius_Rvachev_Representation_Frontiers/figures/jacobi_scaled_deficit.p
ng, id=349, 462.528pt x 289.08pt>
File: assets/Fabius_Rvachev_Representation_Frontiers/figures/jacobi_scaled_defi
cit.png Graphic file (type png)
<use assets/Fabius_Rvachev_Representation_Frontiers/figures/jacobi_scaled_defic
it.png>
Package pdftex.def Info: assets/Fabius_Rvachev_Representation_Frontiers/figures
/jacobi_scaled_deficit.png  used on input line 1691.
(pdftex.def)             Requested size: 346.2126pt x 216.39482pt.


LaTeX Warning: Citation `p1:Denisov2004' on page 25 undefined on input line 171
0.


LaTeX Warning: Citation `p1:SimonOPRL' on page 25 undefined on input line 1710.



LaTeX Warning: Reference `p1:eq:monic-recurrence' on page 25 undefined on input
 line 1712.

[25] [26 <./assets/Fabius_Rvachev_Representation_Frontiers/figures/jacobi_coeff
icients.png> <./assets/Fabius_Rvachev_Representation_Frontiers/figures/jacobi_s
caled_deficit.png>]

LaTeX Warning: Reference `p1:eq:Y-affine' on page 27 undefined on input line 17
63.


LaTeX Warning: Reference `p1:eq:R-J-fraction' on page 27 undefined on input lin
e 1773.


LaTeX Warning: Reference `p1:eq:F-Laplace' on page 27 undefined on input line 1
777.


LaTeX Warning: Reference `p1:eq:M-fredholm' on page 27 undefined on input line 
1777.

[27]

LaTeX Warning: Reference `p1:eq:moment-recurrence' on page 28 undefined on inpu
t line 1820.


LaTeX Warning: Reference `p1:eq:R-dde' on page 28 undefined on input line 1824.



LaTeX Warning: Reference `p1:fig:beta' on page 28 undefined on input line 1826.



LaTeX Warning: Reference `p1:fig:beta-scaled' on page 28 undefined on input lin
e 1826.

[28]
Underfull \hbox (badness 1024) in paragraph at lines 1853--1858
\T1/LibertinusSerif-TLF/m/n/10.95 (+20) points. The zero-set for-mula, trun-cat
ed at $\OT1/cmr/m/n/10.95 10[]$\T1/LibertinusSerif-TLF/m/n/10.95 (+20) , dif-fe
red by $\OT1/cmr/m/n/10.95 5\OML/cmm/m/it/10.95 :\OT1/cmr/m/n/10.95 2 \OMS/cmsy
/m/n/10.95 ^^B \OT1/cmr/m/n/10.95 10[]$\T1/LibertinusSerif-TLF/m/n/10.95 (+20) 
, $\OT1/cmr/m/n/10.95 1\OML/cmm/m/it/10.95 :\OT1/cmr/m/n/10.95 5 \OMS/cmsy/m/n/
10.95 ^^B \OT1/cmr/m/n/10.95 10[]$\T1/LibertinusSerif-TLF/m/n/10.95 (+20) , and

 []


LaTeX Warning: Reference `p1:thm:beta-limit' on page 29 undefined on input line
 1871.


LaTeX Warning: Reference `p1:fig:beta-scaled' on page 29 undefined on input lin
e 1882.


LaTeX Warning: Reference `p1:thm:hurwitz' on page 29 undefined on input line 19
01.

[29]

LaTeX Warning: Reference `p1:sec:fredholm' on page 30 undefined on input line 1
922.


LaTeX Warning: Reference `p1:eq:R-dde' on page 30 undefined on input line 1927.



LaTeX Warning: Reference `p1:eq:R-derivative-tree' on page 30 undefined on inpu
t line 1933.


LaTeX Warning: Reference `p1:eq:R-dde' on page 30 undefined on input line 1943.



LaTeX Warning: Reference `p1:eq:R-kernel-tree' on page 30 undefined on input li
ne 1965.

[30]

LaTeX Warning: Reference `p1:eq:R-boundary-Hilbert' on page 31 undefined on inp
ut line 2007.


LaTeX Warning: Reference `p1:eq:R-dde' on page 31 undefined on input line 2009.



LaTeX Warning: Reference `p1:conj:beta-monotone' on page 31 undefined on input 
line 2019.

[31]

LaTeX Warning: Reference `p1:eq:inverse-master' on page 32 undefined on input l
ine 2042.


LaTeX Warning: Reference `p1:eq:inverse-Cauchy' on page 32 undefined on input l
ine 2042.

(C:\Users\vresh\AppData\Local\Programs\MiKTeX\tex/latex/listings\lstlang1.sty
File: lstlang1.sty 2025/11/14 1.11b listings language file
)
(C:\Users\vresh\AppData\Local\Programs\MiKTeX\tex/latex/listings\lstlang1.sty
File: lstlang1.sty 2025/11/14 1.11b listings language file
)
[32] (assets/Fabius_Rvachev_Representation_Frontiers/corpus_inventory.tex
ignored: Infini
te glue shrinkage found in box being split
[33]
ignored: Infinite glue shrinkage found in box being split [34]
LaTeX Font Info:    Font shape `TS1/LibertinusSerif-TLF/m/n' will be
(Font)              scaled to size 10.0pt on input line 77.
) [35] [36]
LaTeX Font Info:    Font shape `T1/LibertinusSerif-TLF/m/it' will be
(Font)              scaled to size 10.0pt on input line 2237.
 [37

] [38]
Underfull \hbox (badness 1137) in paragraph at lines 2325--2330
\T1/LibertinusSerif-TLF/m/n/10.95 (+20) The pri-mary for-mal ex-po-si-tion was 
pinned to repos-i-tory com-mit \T1/LibertinusMono-TLF/m/n/10.95 0770442945d65ba
c5530
 []


LaTeX Warning: Reference `p2:sec:inverse-fourier' on page 1 undefined on input 
line 2361.

[39

] [40]

LaTeX Warning: Reference `p2:eq:global-diffeq' on page 41 undefined on input li
ne 2467.


LaTeX Warning: Reference `p2:sec:fourier-atlas' on page 1 undefined on input li
ne 2484.


LaTeX Warning: Reference `p2:eq:head-tail-F' on page 41 undefined on input line
 2509.

[41]

LaTeX Warning: Reference `p2:eq:general-spline' on page 42 undefined on input l
ine 2523.

[42] [43]

LaTeX Warning: Reference `p2:sec:gaussian-mixture' on page 1 undefined on input
 line 2657.


LaTeX Warning: Reference `p2:eq:Phi-sinc' on page 44 undefined on input line 26
92.


LaTeX Warning: Reference `p2:eq:Phi-canonical' on page 44 undefined on input li
ne 2692.

[44]

LaTeX Warning: Reference `p2:eq:up-cos-integral' on page 45 undefined on input 
line 2737.

[45]

LaTeX Warning: Reference `p2:eq:logPhi-series' on page 46 undefined on input li
ne 2782.

[46]

LaTeX Warning: Reference `p2:sec:gaussian-mixture' on page 1 undefined on input
 line 2863.


LaTeX Warning: Reference `p2:eq:TM-spline' on page 47 undefined on input line 2
888.

[47]

LaTeX Warning: Reference `p2:eq:F-Bromwich' on page 48 undefined on input line 
2912.

[48]
LaTeX Font Info:    Font shape `T1/LibertinusSerif-TLF/m/n' will be
(Font)              scaled to size 20.74pt on input line 2933.


LaTeX Warning: Reference `p2:eq:GammaDy-def' on page 49 undefined on input line
 2951.


LaTeX Warning: Reference `p2:eq:GammaDy-Mahler' on page 49 undefined on input l
ine 2964.


LaTeX Warning: Reference `p2:eq:GammaDy-def' on page 49 undefined on input line
 2988.

[49

]

LaTeX Warning: Reference `p2:eq:Phi-sinc' on page 50 undefined on input line 30
17.


LaTeX Warning: Reference `p2:eq:gamma-reflection' on page 50 undefined on input
 line 3026.


LaTeX Warning: Reference `p2:eq:Phi-GammaDy' on page 50 undefined on input line
 3027.


LaTeX Warning: Reference `p2:eq:Phi-Gdy' on page 50 undefined on input line 302
8.


Underfull \hbox (badness 1102) in paragraph at lines 3024--3035
[] \T1/LibertinusSerif-TLF/m/n/10.95 (+20) and [] have for-mal ana-logues af-te
r re-plac-ing the raw $\OT1/cmr/m/n/10.95 ^^@[]\OML/cmm/m/it/10.95 ; G[]$ \T1/L
ibertinusSerif-TLF/m/n/10.95 (+20) pair by Lean's to-tal-
 []


Underfull \hbox (badness 1762) in paragraph at lines 3024--3035
\T1/LibertinusSerif-TLF/m/n/10.95 (+20) ized $[]\OML/cmm/m/it/10.95 ; []$ \T1/L
ibertinusSerif-TLF/m/n/10.95 (+20) pair. Those ana-logues are
 []


LaTeX Warning: Reference `p2:eq:Phi-Gdy' on page 50 undefined on input line 307
4.


LaTeX Warning: Reference `p2:eq:Gdy-canonical' on page 50 undefined on input li
ne 3077.


LaTeX Warning: Reference `p2:eq:logGammaDy-series' on page 50 undefined on inpu
t line 3086.


LaTeX Warning: Reference `p2:eq:Gdy-canonical' on page 50 undefined on input li
ne 3092.


LaTeX Warning: Reference `p2:eq:logGammaDy-series' on page 50 undefined on inpu
t line 3092.

[50]

LaTeX Warning: Reference `p2:eq:Gdy-canonical' on page 51 undefined on input li
ne 3136.


LaTeX Warning: Reference `p2:eq:L1' on page 51 undefined on input line 3136.

[51]

LaTeX Warning: Reference `p2:eq:q-gamma-reflection' on page 52 undefined on inp
ut line 3195.


LaTeX Warning: Reference `p2:eq:q-geometric-gamma' on page 52 undefined on inpu
t line 3196.


LaTeX Warning: Reference `p2:eq:q-gamma-series' on page 52 undefined on input l
ine 3196.

[52]

LaTeX Warning: Reference `p2:eq:V-LT' on page 53 undefined on input line 3287.


LaTeX Warning: Reference `p2:eq:Ztau-cf-A' on page 53 undefined on input line 3
288.


LaTeX Warning: Reference `p2:eq:Ztau-cf-canonical' on page 53 undefined on inpu
t line 3289.


LaTeX Warning: Reference `p2:eq:A-def' on page 53 undefined on input line 3289.



LaTeX Warning: Reference `p2:eq:Ztau-cf-logistic' on page 53 undefined on input
 line 3291.


LaTeX Warning: Reference `p2:eq:MY' on page 53 undefined on input line 3291.


LaTeX Warning: Reference `p2:eq:Phi-GammaDy' on page 53 undefined on input line
 3292.


LaTeX Warning: Reference `p2:eq:Ztau-cf-gamma' on page 53 undefined on input li
ne 3293.


LaTeX Warning: Reference `p2:eq:logistic-Z' on page 53 undefined on input line 
3294.


LaTeX Warning: Reference `p2:eq:logistic-mixture-law' on page 53 undefined on i
nput line 3295.

[53]

LaTeX Warning: Reference `p2:eq:Z-moment-T' on page 54 undefined on input line 
3340.

[54]

LaTeX Warning: Reference `p2:eq:Ztau-cf-canonical' on page 55 undefined on inpu
t line 3369.


LaTeX Warning: Reference `p2:eq:Z-Levy-exponent' on page 55 undefined on input 
line 3370.


LaTeX Warning: Reference `p2:eq:Z-Levy-density' on page 55 undefined on input l
ine 3370.


LaTeX Warning: Reference `p2:eq:Z-density-mixture' on page 55 undefined on inpu
t line 3391.


LaTeX Warning: Reference `p2:eq:J-zero-sum' on page 55 undefined on input line 
3435.


LaTeX Warning: Reference `p2:eq:J-factorial' on page 55 undefined on input line
 3437.


LaTeX Warning: Reference `p2:eq:J-geometric-mean' on page 55 undefined on input
 line 3438.

[55]

LaTeX Warning: Reference `p2:eq:J-geometric-mean' on page 56 undefined on input
 line 3461.


LaTeX Warning: Reference `p2:eq:J-zero-sum' on page 56 undefined on input line 
3476.


LaTeX Warning: Reference `p2:eq:logPhi-series' on page 56 undefined on input li
ne 3502.

[56]

LaTeX Warning: Reference `p2:eq:Dfinite-ODE' on page 57 undefined on input line
 3532.


LaTeX Warning: Reference `p2:sec:conjectures' on page 1 undefined on input line
 3564.


LaTeX Warning: Reference `p2:eq:Phi-sinc' on page 57 undefined on input line 35
96.


LaTeX Warning: Reference `p2:eq:Phi-canonical' on page 57 undefined on input li
ne 3597.


LaTeX Warning: Reference `p2:eq:Phi-GammaDy' on page 57 undefined on input line
 3597.

[57]

LaTeX Warning: Reference `p2:eq:up-half-cosine' on page 58 undefined on input l
ine 3629.


LaTeX Warning: Reference `p2:eq:up-half-cosine' on page 58 undefined on input l
ine 3650.


LaTeX Warning: Reference `p2:eq:Fprime-series' on page 58 undefined on input li
ne 3654.


LaTeX Warning: Reference `p2:eq:F-sine-series' on page 58 undefined on input li
ne 3655.


LaTeX Warning: Reference `p2:eq:up-GammaDy-integral' on page 58 undefined on in
put line 3677.


LaTeX Warning: Reference `p2:eq:F-GammaDy-integral' on page 58 undefined on inp
ut line 3677.

[58]

LaTeX Warning: Reference `p2:eq:Q-transform-substitution' on page 59 undefined 
on input line 3723.


LaTeX Warning: Reference `p2:eq:Q-transform-nonlinear' on page 59 undefined on 
input line 3728.

[59]

LaTeX Warning: Reference `p2:eq:Q-sine-coeff' on page 60 undefined on input lin
e 3765.


LaTeX Warning: Reference `p2:eq:Q-sine-series' on page 60 undefined on input li
ne 3775.


LaTeX Warning: Reference `p2:eq:F-fixed' on page 60 undefined on input line 380
7.


LaTeX Warning: Reference `p2:eq:finite-box-spline' on page 60 undefined on inpu
t line 3810.


LaTeX Warning: Reference `p2:eq:TM-spline' on page 60 undefined on input line 3
811.


LaTeX Warning: Reference `p2:eq:head-tail-F' on page 60 undefined on input line
 3813.


LaTeX Warning: Reference `p2:eq:logPhi-series' on page 60 undefined on input li
ne 3819.


LaTeX Warning: Reference `p2:eq:Phi-logderivative' on page 60 undefined on inpu
t line 3820.


LaTeX Warning: Reference `p2:eq:Frullani-Phi' on page 60 undefined on input lin
e 3821.


LaTeX Warning: Reference `p2:eq:up-inversion' on page 60 undefined on input lin
e 3822.


LaTeX Warning: Reference `p2:eq:up-cos-integral' on page 60 undefined on input 
line 3823.


LaTeX Warning: Reference `p2:eq:up-half-cosine' on page 60 undefined on input l
ine 3824.


LaTeX Warning: Reference `p2:eq:Phi-Shannon-odd' on page 60 undefined on input 
line 3825.


LaTeX Warning: Reference `p2:eq:Legendre' on page 60 undefined on input line 38
27.


LaTeX Warning: Reference `p2:eq:F-Bromwich' on page 60 undefined on input line 
3831.


LaTeX Warning: Reference `p2:eq:negative-moment-Mellin' on page 60 undefined on
 input line 3832.


LaTeX Warning: Reference `p2:eq:positive-fractional-moment' on page 60 undefine
d on input line 3833.


LaTeX Warning: Reference `p2:eq:Bell-moments' on page 60 undefined on input lin
e 3834.


LaTeX Warning: Reference `p2:eq:Newton-C' on page 60 undefined on input line 38
35.


LaTeX Warning: Reference `p2:eq:q-MZV' on page 60 undefined on input line 3836.



LaTeX Warning: Reference `p2:eq:fX-transform' on page 60 undefined on input lin
e 3837.


LaTeX Warning: Reference `p2:eq:F0-transform' on page 60 undefined on input lin
e 3838.


LaTeX Warning: Reference `p2:eq:F-distribution-transform' on page 60 undefined 
on input line 3839.


LaTeX Warning: Reference `p2:eq:F-sine-integral' on page 60 undefined on input 
line 3840.


LaTeX Warning: Reference `p2:eq:F-sine-series' on page 60 undefined on input li
ne 3841.


LaTeX Warning: Reference `p2:eq:GammaDy-def' on page 60 undefined on input line
 3842.


LaTeX Warning: Reference `p2:eq:Gdy-canonical' on page 60 undefined on input li
ne 3843.


LaTeX Warning: Reference `p2:eq:GammaDy-heat-integral' on page 60 undefined on 
input line 3844.


LaTeX Warning: Reference `p2:eq:V-gamma' on page 60 undefined on input line 384
5.


LaTeX Warning: Reference `p2:eq:logistic-Z' on page 60 undefined on input line 
3846.


LaTeX Warning: Reference `p2:eq:Ztau-mixture' on page 60 undefined on input lin
e 3847.


LaTeX Warning: Reference `p2:eq:Ztau-cf-logistic' on page 60 undefined on input
 line 3848.


LaTeX Warning: Reference `p2:eq:Ztau-cf-gamma' on page 60 undefined on input li
ne 3848.


LaTeX Warning: Reference `p2:eq:Z-density-mixture' on page 60 undefined on inpu
t line 3849.


LaTeX Warning: Reference `p2:eq:Z-Levy-density' on page 60 undefined on input l
ine 3850.


LaTeX Warning: Reference `p2:eq:J-zero-sum' on page 60 undefined on input line 
3851.


LaTeX Warning: Reference `p2:eq:J-geometric-mean' on page 60 undefined on input
 line 3851.


LaTeX Warning: Reference `p2:eq:quantile-substitution' on page 60 undefined on 
input line 3854.


Underfull \hbox (badness 10000) in paragraph at lines 3854--3854
[]|\T1/LibertinusSerif-TLF/m/n/10 (+20) measurable
 []


LaTeX Warning: Reference `p2:eq:Q-Laplace' on page 60 undefined on input line 3
855.


LaTeX Warning: Reference `p2:eq:Q-transform-nonlinear' on page 60 undefined on 
input line 3856.


LaTeX Warning: Reference `p2:eq:Q-sine-series' on page 60 undefined on input li
ne 3857.


ignored: Infinite glue shrinkage found in box being split [60]
ignored: Infinite glue shrinkage fo
und in box being split [61]

LaTeX Warning: Reference `p2:eq:GammaDy-def' on page 62 undefined on input line
 3867.


LaTeX Warning: Reference `p2:eq:Gdy-canonical' on page 62 undefined on input li
ne 3868.


LaTeX Warning: Reference `p2:eq:Phi-GammaDy' on page 62 undefined on input line
 3883.


LaTeX Warning: Reference `p2:eq:GammaDy-Mahler' on page 62 undefined on input l
ine 3884.


LaTeX Warning: Reference `p2:fig:gamma-check' on page 1 undefined on input line
 3886.

<assets/fabius_rvachev_representation_frontier/figures/gamma_factorization_conv
ergence.png, id=837, 520.344pt x 325.215pt>
File: assets/fabius_rvachev_representation_frontier/figures/gamma_factorization
_convergence.png Graphic file (type png)
<use assets/fabius_rvachev_representation_frontier/figures/gamma_factorization_
convergence.png>
Package pdftex.def Info: assets/fabius_rvachev_representation_frontier/figures/
gamma_factorization_convergence.png  used on input line 3893.
(pdftex.def)             Requested size: 346.2126pt x 216.39427pt.
[62 <./assets/fabius_rvachev_representation_frontier/figures/gamma_factorizatio
n_convergence.png>]
<assets/fabius_rvachev_representation_frontier/figures/jensen_mean_comparison.p
ng, id=846, 520.344pt x 325.215pt>
File: assets/fabius_rvachev_representation_frontier/figures/jensen_mean_compari
son.png Graphic file (type png)
<use assets/fabius_rvachev_representation_frontier/figures/jensen_mean_comparis
on.png>
Package pdftex.def Info: assets/fabius_rvachev_representation_frontier/figures/
jensen_mean_comparison.png  used on input line 3918.
(pdftex.def)             Requested size: 346.2126pt x 216.39427pt.
<assets/fabius_rvachev_representation_frontier/figures/gaussian_mixture_charact
eristic_function.png, id=847, 520.344pt x 325.215pt>
File: assets/fabius_rvachev_representation_frontier/figures/gaussian_mixture_ch
aracteristic_function.png Graphic file (type png)
<use assets/fabius_rvachev_representation_frontier/figures/gaussian_mixture_cha
racteristic_function.png>
Package pdftex.def Info: assets/fabius_rvachev_representation_frontier/figures/
gaussian_mixture_characteristic_function.png  used on input line 3935.
(pdftex.def)             Requested size: 346.2126pt x 216.39427pt.


LaTeX Warning: Reference `p2:eq:logistic-mixture-law' on page 63 undefined on i
nput line 3937.


LaTeX Warning: Reference `p2:eq:logistic-mixture-law' on page 63 undefined on i
nput line 3937.

[63 <./assets/fabius_rvachev_representation_frontier/figures/jensen_mean_compar
ison.png>]

LaTeX Warning: Reference `p2:eq:F-sine-series' on page 64 undefined on input li
ne 3943.


LaTeX Warning: Reference `p2:eq:F-sine-integral' on page 64 undefined on input 
line 3944.


LaTeX Warning: Reference `p2:fig:F-series-check' on page 1 undefined on input l
ine 3951.

<assets/fabius_rvachev_representation_frontier/figures/fabius_sine_series_conve
rgence.png, id=856, 520.344pt x 325.215pt>
File: assets/fabius_rvachev_representation_frontier/figures/fabius_sine_series_
convergence.png Graphic file (type png)
<use assets/fabius_rvachev_representation_frontier/figures/fabius_sine_series_c
onvergence.png>
Package pdftex.def Info: assets/fabius_rvachev_representation_frontier/figures/
fabius_sine_series_convergence.png  used on input line 3955.
(pdftex.def)             Requested size: 346.2126pt x 216.39427pt.
(C:\Users\vresh\AppData\Local\Programs\MiKTeX\tex/latex/listings\lstlang1.sty
File: lstlang1.sty 2025/11/14 1.11b listings language file
)
[64 <./assets/fabius_rvachev_representation_frontier/figures/gaussian_mixture_c
haracteristic_function.png> <./assets/fabius_rvachev_representation_frontier/fi
gures/fabius_sine_series_convergence.png>]

LaTeX Warning: Reference `p2:eq:GammaDy-Mahler' on page 65 undefined on input l
ine 3982.


LaTeX Warning: Reference `p2:eq:Q-sine-coeff' on page 65 undefined on input lin
e 3997.


LaTeX Warning: Reference `p2:eq:Q-sine-coeff' on page 65 undefined on input lin
e 4009.


LaTeX Warning: Reference `p2:eq:GammaDy-Mahler' on page 65 undefined on input l
ine 4023.

[65]

LaTeX Warning: Reference `p2:eq:Q-transform-nonlinear' on page 66 undefined on 
input line 4070.


LaTeX Warning: Reference `p2:eq:Q-sine-series' on page 66 undefined on input li
ne 4070.


LaTeX Warning: Reference `p2:eq:Z-Levy-density' on page 66 undefined on input l
ine 4086.


LaTeX Warning: Reference `p2:eq:q-gamma-reflection' on page 66 undefined on inp
ut line 4092.

[66]

LaTeX Warning: Reference `p2:eq:Q-sine-coeff' on page 67 undefined on input lin
e 4102.

[67] [68]
LaTeX Font Info:    Font shape `T1/LibertinusSerif-TLF/m/n' will be
(Font)              scaled to size 5.0pt on input line 4239.
 [69] [70] [71

]
Underfull \hbox (badness 10000) in paragraph at lines 4501--4505
[]|\T1/LibertinusSerif-TLF/m/n/10.95 (+20) Weighted an-tideriva-tives, inverse-
pair area iden-ti-ties,
 []


Underfull \hbox (badness 3168) in paragraph at lines 4501--4505
\T1/LibertinusSerif-TLF/m/n/10.95 (+20) prim-i-tives, or-der statis-tics, Stiel
t-jes/Cauchy trans-forms,
 []


Underfull \hbox (badness 1137) in paragraph at lines 4511--4514
[]|\T1/LibertinusSerif-TLF/m/n/10.95 (+20) Laguerre--Pólya and PF$[]$ struc-tur
e, gen-er-al-ized gamma-
 []


ignored: Infinite glue shrinkage found in box being split [72

] [73]

LaTeX Warning: Reference `p3:eq:random-series' on page 74 undefined on input li
ne 4633.

[74] [75]

LaTeX Warning: Reference `p3:eq:up-head-tail' on page 76 undefined on input lin
e 4701.

[76]

LaTeX Warning: Reference `p3:eq:quantile-push' on page 77 undefined on input li
ne 4824.

[77] [78]

LaTeX Warning: Reference `p3:eq:mass-symmetry' on page 79 undefined on input li
ne 4928.


LaTeX Warning: Reference `p3:eq:mass-projective' on page 79 undefined on input 
line 4929.

[79]

LaTeX Warning: Reference `p3:eq:conditional-expectation' on page 80 undefined o
n input line 4984.


LaTeX Warning: Reference `p3:eq:BN-truncated-power' on page 80 undefined on inp
ut line 4991.


LaTeX Warning: Reference `p3:eq:pN-mixture' on page 80 undefined on input line 
4999.


LaTeX Warning: Reference `p3:eq:pN-transform-polynomial' on page 80 undefined o
n input line 5040.


LaTeX Warning: Reference `p3:eq:PhiN-cell' on page 80 undefined on input line 5
041.

[80]

LaTeX Warning: Reference `p3:eq:Phi-cell-limit' on page 81 undefined on input l
ine 5065.


LaTeX Warning: Reference `p3:eq:M-cell-limit' on page 81 undefined on input lin
e 5065.


LaTeX Warning: Reference `p3:eq:pN-simple-rate' on page 81 undefined on input l
ine 5071.


LaTeX Warning: Reference `p3:eq:quadrature-bound' on page 81 undefined on input
 line 5096.


LaTeX Warning: Reference `p3:sec:numerics' on page 1 undefined on input line 51
02.

[81]

LaTeX Warning: Reference `p3:eq:Lq-mass-limit' on page 82 undefined on input li
ne 5121.


LaTeX Warning: Reference `p3:eq:pN-Haar' on page 82 undefined on input line 519
3.


LaTeX Warning: Reference `p3:thm:martingale-convergence' on page 1 undefined on
 input line 5194.


LaTeX Warning: Reference `p3:eq:mass-symmetry' on page 82 undefined on input li
ne 5195.

[82]

LaTeX Warning: Reference `p3:eq:pN-Haar' on page 83 undefined on input line 523
7.


LaTeX Warning: Reference `p3:sec:walsh' on page 1 undefined on input line 5246.


[83]

LaTeX Warning: Reference `p3:eq:d-Schauder-def' on page 84 undefined on input l
ine 5293.


LaTeX Warning: Reference `p3:eq:d-mass' on page 84 undefined on input line 5293
.


LaTeX Warning: Reference `p3:eq:Fhat-Schauder' on page 84 undefined on input li
ne 5333.


LaTeX Warning: Reference `p3:eq:F-transform-product' on page 84 undefined on in
put line 5334.


LaTeX Warning: Reference `p3:eq:zero-product' on page 84 undefined on input lin
e 5339.

[84]

LaTeX Warning: Reference `p3:eq:pN-Walsh' on page 85 undefined on input line 54
17.


LaTeX Warning: Reference `p3:eq:Hadamard-pair' on page 85 undefined on input li
ne 5418.


LaTeX Warning: Reference `p3:thm:martingale-convergence' on page 1 undefined on
 input line 5419.

[85]
LaTeX Font Info:    Font shape `T1/LibertinusSerif-TLF/m/it' will be
(Font)              scaled to size 8.0pt on input line 5435.
LaTeX Font Info:    Font shape `T1/LibertinusSerif-TLF/m/it' will be
(Font)              scaled to size 6.0pt on input line 5435.


LaTeX Warning: Reference `p3:eq:Wm-exponential-product' on page 86 undefined on
 input line 5501.


LaTeX Warning: Reference `p3:eq:Wm-trig-product' on page 86 undefined on input 
line 5502.

[86]

LaTeX Warning: Reference `p3:eq:a-Hadamard-masses' on page 87 undefined on inpu
t line 5530.


LaTeX Warning: Reference `p3:eq:pN-Walsh' on page 87 undefined on input line 55
36.


LaTeX Warning: Reference `p3:eq:Phi-Walsh-trig' on page 87 undefined on input l
ine 5538.


LaTeX Warning: Reference `p3:thm:Walsh-product-transform' on page 1 undefined o
n input line 5539.


LaTeX Warning: Reference `p3:eq:a-odd-vanish' on page 87 undefined on input lin
e 5540.


LaTeX Warning: Reference `p3:eq:Phi-sinc-product' on page 87 undefined on input
 line 5548.


LaTeX Warning: Reference `p3:eq:Phi-Walsh-trig' on page 87 undefined on input l
ine 5548.


LaTeX Warning: Reference `p3:eq:Wm-trig-product' on page 87 undefined on input 
line 5553.


LaTeX Warning: Reference `p3:eq:Wm-trig-product' on page 87 undefined on input 
line 5572.

[87]

LaTeX Warning: Reference `p3:eq:Walsh-first-moment' on page 88 undefined on inp
ut line 5623.


LaTeX Warning: Reference `p3:eq:Wm-factorized-origin' on page 88 undefined on i
nput line 5645.

[88]

LaTeX Warning: Reference `p3:eq:e-Bell' on page 89 undefined on input line 5682
.


LaTeX Warning: Reference `p3:eq:lambda-mq' on page 89 undefined on input line 5
683.


LaTeX Warning: Reference `p3:eq:E-coefficients' on page 89 undefined on input l
ine 5689.


LaTeX Warning: Reference `p3:eq:Wm-moment-Taylor' on page 89 undefined on input
 line 5690.


LaTeX Warning: Reference `p3:eq:e-Bell' on page 89 undefined on input line 5690
.


LaTeX Warning: Reference `p3:eq:log-Em' on page 89 undefined on input line 5692
.


LaTeX Warning: Reference `p3:eq:Walsh-first-moment' on page 89 undefined on inp
ut line 5709.


LaTeX Warning: Reference `p3:eq:Fabius-moment-Walsh' on page 89 undefined on in
put line 5713.

[89]

LaTeX Warning: Reference `p3:sec:haar-schauder' on page 1 undefined on input li
ne 5743.


LaTeX Warning: Reference `p3:eq:Bernstein-F' on page 90 undefined on input line
 5756.


LaTeX Warning: Reference `p3:eq:pB-beta-density' on page 90 undefined on input 
line 5781.

[90]

LaTeX Warning: Reference `p3:eq:pB-beta-density' on page 91 undefined on input 
line 5827.


LaTeX Warning: Reference `p3:eq:moment-beta-limit' on page 91 undefined on inpu
t line 5841.


LaTeX Warning: Reference `p3:eq:moment-cell-limit-clean' on page 91 undefined o
n input line 5842.

[91]

LaTeX Warning: Reference `p3:eq:Phi-quantile-chord' on page 92 undefined on inp
ut line 5936.


LaTeX Warning: Reference `p3:eq:M-quantile-chord' on page 92 undefined on input
 line 5937.

[92]

LaTeX Warning: Reference `p3:eq:Lq-mass-limit' on page 93 undefined on input li
ne 6008.


LaTeX Warning: Reference `p3:eq:mass-entropy' on page 93 undefined on input lin
e 6022.

[93]

LaTeX Warning: Reference `p3:eq:c-orthonormal' on page 94 undefined on input li
ne 6048.

[94]

LaTeX Warning: Reference `p3:eq:En-multiplier' on page 95 undefined on input li
ne 6144.


LaTeX Warning: Reference `p3:eq:En-multiplier' on page 95 undefined on input li
ne 6161.


LaTeX Warning: Reference `p3:eq:En-multiplier' on page 95 undefined on input li
ne 6183.

[95]

LaTeX Warning: Reference `p3:eq:up-half-series' on page 96 undefined on input l
ine 6211.


LaTeX Warning: Reference `p3:eq:En-all-orders' on page 96 undefined on input li
ne 6218.


LaTeX Warning: Reference `p3:sec:numerics' on page 1 undefined on input line 62
21.


LaTeX Warning: Reference `p3:eq:En-all-orders' on page 96 undefined on input li
ne 6234.

[96]

LaTeX Warning: Reference `p3:eq:En-geometric-expansion' on page 97 undefined on
 input line 6270.


LaTeX Warning: Reference `p3:eq:En-all-orders' on page 97 undefined on input li
ne 6294.

[97]

LaTeX Warning: Reference `p3:eq:Fhat-Schauder' on page 98 undefined on input li
ne 6349.


LaTeX Warning: Reference `p3:eq:Wm-trig-product' on page 98 undefined on input 
line 6365.


LaTeX Warning: Reference `p3:eq:e-boundary' on page 98 undefined on input line 
6386.

[98]
Underfull \hbox (badness 10000) in paragraph at lines 6464--6464
[]|\T1/LibertinusSerif-TLF/m/n/10.95 (+20) dyadic uni-form
 []


Underfull \hbox (badness 1189) in paragraph at lines 6466--6468
\T1/LibertinusSerif-TLF/m/n/10.95 (+20) Fourier de-cay, canon-i-cal prod-
 []


Underfull \hbox (badness 10000) in paragraph at lines 6470--6470
[]|\T1/LibertinusSerif-TLF/m/n/10.95 (+20) equal-width uni-
 []


Underfull \hbox (badness 10000) in paragraph at lines 6474--6474
[]|\T1/LibertinusSerif-TLF/m/n/10.95 (+20) tents and $[][]$
 []


Underfull \hbox (badness 10000) in paragraph at lines 6477--6479
[]|\T1/LibertinusSerif-TLF/m/n/10.95 (+20) Exact Ham-ming can-cel-la-tion,
 []


Underfull \hbox (badness 10000) in paragraph at lines 6477--6479
\T1/LibertinusSerif-TLF/m/n/10.95 (+20) Thue--Morse top mode, fi-
 []


Underfull \hbox (badness 10000) in paragraph at lines 6477--6479
\T1/LibertinusSerif-TLF/m/n/10.95 (+20) nite trigonometric-product
 []


Underfull \hbox (badness 10000) in paragraph at lines 6481--6481
[]|\T1/LibertinusSerif-TLF/m/n/10.95 (+20) inverse val-ues
 []


Underfull \hbox (badness 10000) in paragraph at lines 6483--6483
[]|\T1/LibertinusSerif-TLF/m/n/10.95 (+20) Legendre--
 []


Underfull \hbox (badness 2894) in paragraph at lines 6484--6485
[]|\T1/LibertinusSerif-TLF/m/n/10.95 (+20) Global spec-tral ap-prox-i-ma-tion
 []


Underfull \hbox (badness 10000) in paragraph at lines 6484--6485
\T1/LibertinusSerif-TLF/m/n/10.95 (+20) and transform-to-polynomial
 []


ignored: Infinite glue shrinkage found in box being split [99] [100]

LaTeX Warning: Reference `p3:eq:mass-projective' on page 101 undefined on input
 line 6564.


LaTeX Warning: Reference `p3:eq:Phi-cell-limit' on page 101 undefined on input 
line 6573.


LaTeX Warning: Reference `p3:thm:qbinom-Walsh' on page 1 undefined on input lin
e 6588.

[101]

LaTeX Warning: Reference `p3:eq:Haar-Walsh-energy' on page 102 undefined on inp
ut line 6603.

[102]

LaTeX Warning: Reference `p3:thm:qbinom-Walsh' on page 1 undefined on input lin
e 6675.


LaTeX Warning: Reference `p3:thm:Walsh-moment-cancellation' on page 1 undefined
 on input line 6675.


LaTeX Warning: Reference `p3:eq:Wm-exponential-product' on page 103 undefined o
n input line 6692.


LaTeX Warning: Reference `p3:eq:sigma-qbinom' on page 103 undefined on input li
ne 6696.

[103]

LaTeX Warning: Reference `p3:eq:sigma-qbinom' on page 104 undefined on input li
ne 6730.


LaTeX Warning: Reference `p3:eq:Wm-trig-product' on page 104 undefined on input
 line 6749.


LaTeX Warning: Reference `p3:eq:transform-O4N' on page 104 undefined on input l
ine 6787.

<assets/Fabius_Rvachev_Multiresolution_Report/multiresolution_convergence.png, 
id=1429, 520.344pt x 332.0405pt>
File: assets/Fabius_Rvachev_Multiresolution_Report/multiresolution_convergence.
png Graphic file (type png)
<use assets/Fabius_Rvachev_Multiresolution_Report/multiresolution_convergence.p
ng>
Package pdftex.def Info: assets/Fabius_Rvachev_Multiresolution_Report/multireso
lution_convergence.png  used on input line 6792.
(pdftex.def)             Requested size: 372.84329pt x 237.929pt.
[104]

LaTeX Warning: Reference `p3:eq:En-first-terms' on page 105 undefined on input 
line 6807.

<assets/Fabius_Rvachev_Multiresolution_Report/haar_energy_asymptotics.png, id=1
437, 520.344pt x 332.0405pt>
File: assets/Fabius_Rvachev_Multiresolution_Report/haar_energy_asymptotics.png 
Graphic file (type png)
<use assets/Fabius_Rvachev_Multiresolution_Report/haar_energy_asymptotics.png>
Package pdftex.def Info: assets/Fabius_Rvachev_Multiresolution_Report/haar_ener
gy_asymptotics.png  used on input line 6829.
(pdftex.def)             Requested size: 372.84329pt x 237.929pt.
[105 <./assets/Fabius_Rvachev_Multiresolution_Report/multiresolution_convergenc
e.png>] [106 <./assets/Fabius_Rvachev_Multiresolution_Report/haar_energy_asympt
otics.png>]

LaTeX Warning: Reference `p3:eq:infinite-convolution' on page 107 undefined on 
input line 6919.


Underfull \hbox (badness 1708) in paragraph at lines 6919--6920
[]|\T1/LibertinusSerif-TLF/m/n/10.95 (+20) infinite con-vo-lu-tion of dyadic un
i-
 []


LaTeX Warning: Reference `p3:eq:delta-cube' on page 107 undefined on input line
 6920.


LaTeX Warning: Reference `p3:eq:BN-truncated-power' on page 107 undefined on in
put line 6921.


LaTeX Warning: Reference `p3:eq:up-head-tail' on page 107 undefined on input li
ne 6922.


LaTeX Warning: Reference `p3:eq:Phi-sinc-product' on page 107 undefined on inpu
t line 6923.


LaTeX Warning: Reference `p3:eq:qpoch-Phi' on page 107 undefined on input line 
6924.


LaTeX Warning: Reference `p3:eq:zero-product' on page 107 undefined on input li
ne 6925.


LaTeX Warning: Reference `p3:eq:log-Phi-zeta' on page 107 undefined on input li
ne 6926.


LaTeX Warning: Reference `p3:eq:up-Fourier-inversion' on page 107 undefined on 
input line 6927.


LaTeX Warning: Reference `p3:eq:F-GilPelaez' on page 107 undefined on input lin
e 6928.


LaTeX Warning: Reference `p3:eq:F-half-series' on page 107 undefined on input l
ine 6929.


LaTeX Warning: Reference `p3:eq:p-half-series' on page 107 undefined on input l
ine 6930.


LaTeX Warning: Reference `p3:eq:F-transform-product' on page 107 undefined on i
nput line 6931.


LaTeX Warning: Reference `p3:eq:Phi-quantile' on page 107 undefined on input li
ne 6932.


LaTeX Warning: Reference `p3:eq:Legendre-Bessel' on page 107 undefined on input
 line 6933.


LaTeX Warning: Reference `p3:eq:Chebyshev-Bessel' on page 107 undefined on inpu
t line 6934.


LaTeX Warning: Reference `p3:eq:p-Haar-limit' on page 107 undefined on input li
ne 6935.


LaTeX Warning: Reference `p3:eq:F-Schauder-series' on page 107 undefined on inp
ut line 6936.


LaTeX Warning: Reference `p3:eq:Fhat-Schauder' on page 107 undefined on input l
ine 6937.


LaTeX Warning: Reference `p3:eq:p-Walsh' on page 107 undefined on input line 69
38.


LaTeX Warning: Reference `p3:eq:Phi-Walsh-trig' on page 107 undefined on input 
line 6939.


LaTeX Warning: Reference `p3:eq:Walsh-higher-moments' on page 107 undefined on 
input line 6940.


Underfull \hbox (badness 2142) in paragraph at lines 6940--6941
[]|\T1/LibertinusSerif-TLF/m/n/10.95 (+20) Bell--Bernoulli finite-product co-ef
-fi-
 []


LaTeX Warning: Reference `p3:eq:F-Bernstein-limit' on page 107 undefined on inp
ut line 6941.


LaTeX Warning: Reference `p3:eq:pB-beta-density' on page 107 undefined on input
 line 6942.


LaTeX Warning: Reference `p3:eq:Phi-beta' on page 107 undefined on input line 6
943.


Underfull \hbox (badness 10000) in paragraph at lines 6943--6944
[]|\T1/LibertinusSerif-TLF/m/n/10.95 (+20) confluent-hypergeometric mix-ture
 []


LaTeX Warning: Reference `p3:eq:Phi-cell-limit' on page 107 undefined on input 
line 6944.


LaTeX Warning: Reference `p3:eq:Phi-quantile-chord' on page 107 undefined on in
put line 6945.


LaTeX Warning: Reference `p3:eq:moment-cell-limit-clean' on page 107 undefined 
on input line 6946.


LaTeX Warning: Reference `p3:eq:moment-beta-limit' on page 107 undefined on inp
ut line 6947.


LaTeX Warning: Reference `p3:eq:moment-quantile-homogeneous' on page 107 undefi
ned on input line 6948.


LaTeX Warning: Reference `p3:eq:En-multiplier' on page 107 undefined on input l
ine 6949.


LaTeX Warning: Reference `p3:eq:En-all-orders' on page 107 undefined on input l
ine 6950.


LaTeX Warning: Reference `p3:eq:H-energy-generating' on page 107 undefined on i
nput line 6951.


LaTeX Warning: Reference `p3:eq:G-Schauder' on page 107 undefined on input line
 6952.


LaTeX Warning: Reference `p3:eq:Ghat-Schauder' on page 107 undefined on input l
ine 6953.


ignored: Infinite glue shrinkage found in box being split [107]

LaTeX Warning: Reference `p3:eq:c-local-asymptotic' on page 108 undefined on in
put line 6974.


LaTeX Warning: Reference `p3:eq:En-first-terms' on page 108 undefined on input 
line 6975.


LaTeX Warning: Reference `p3:eq:sigma-qbinom' on page 108 undefined on input li
ne 6980.


LaTeX Warning: Reference `p3:eq:weight-two-sum-rule' on page 108 undefined on i
nput line 6987.

Package hyperref Info: bookmark level for unknown lstlisting defaults to 0 on i
nput line 6992.
(assets/Fabius_Rvachev_Multiresolution_Report/numerical_results.txt [108])
[109] [110] [111

]

LaTeX Warning: Citation `p4:ReshetnikovRepo' on page 112 undefined on input lin
e 7151.

[112

]

LaTeX Warning: Reference `p4:sec:operator' on page 1 undefined on input line 72
07.


LaTeX Warning: Citation `p4:Fabius1966' on page 113 undefined on input line 725
5.


LaTeX Warning: Citation `p4:Arias1982' on page 113 undefined on input line 7255
.


LaTeX Warning: Citation `p4:Rvachev1990' on page 113 undefined on input line 72
55.


LaTeX Warning: Citation `p4:JessenWintner1935' on page 113 undefined on input l
ine 7274.


LaTeX Warning: Citation `p4:Fabius1966' on page 113 undefined on input line 727
4.

[113]

LaTeX Warning: Reference `p4:eq:up-refinement' on page 114 undefined on input l
ine 7312.


LaTeX Warning: Reference `p4:eq:up-fold' on page 114 undefined on input line 73
13.


LaTeX Warning: Reference `p4:eq:F-basic' on page 114 undefined on input line 73
13.


LaTeX Warning: Reference `p4:eq:global-selfdiff' on page 114 undefined on input
 line 7314.

[114]

LaTeX Warning: Reference `p4:eq:random-series' on page 115 undefined on input l
ine 7351.


LaTeX Warning: Reference `p4:eq:canonical-product' on page 115 undefined on inp
ut line 7403.


LaTeX Warning: Reference `p4:eq:zero-count' on page 115 undefined on input line
 7403.


LaTeX Warning: Reference `p4:sec:operator' on page 1 undefined on input line 74
04.


LaTeX Warning: Reference `p4:eq:canonical-product' on page 115 undefined on inp
ut line 7410.

[115]

LaTeX Warning: Reference `p4:eq:zero-multiplicity' on page 116 undefined on inp
ut line 7467.

[116]

LaTeX Warning: Reference `p4:sec:MB' on page 1 undefined on input line 7514.


LaTeX Warning: Citation `p4:Arias2018' on page 117 undefined on input line 7520
.


LaTeX Warning: Reference `p4:sec:exterior-dyadic' on page 1 undefined on input 
line 7543.

[117]

LaTeX Warning: Reference `p4:sec:prob-operator' on page 1 undefined on input li
ne 7612.

[118]

LaTeX Warning: Reference `p4:eq:B-double-spectrum' on page 119 undefined on inp
ut line 7655.


LaTeX Warning: Reference `p4:eq:log-trace-series-preview' on page 119 undefined
 on input line 7681.


LaTeX Warning: Reference `p4:eq:B-double-spectrum' on page 119 undefined on inp
ut line 7692.

[119]

LaTeX Warning: Reference `p4:eq:L-scaling' on page 120 undefined on input line 
7748.


LaTeX Warning: Reference `p4:eq:DB-renormalization' on page 120 undefined on in
put line 7748.

[120]

LaTeX Warning: Reference `p4:eq:cotangent-resolvent' on page 121 undefined on i
nput line 7815.


LaTeX Warning: Reference `p4:eq:valuation-resolvent' on page 121 undefined on i
nput line 7817.


LaTeX Warning: Reference `p4:eq:cotangent-resolvent' on page 121 undefined on i
nput line 7818.

[121]

LaTeX Warning: Reference `p4:eq:log-heat-elementary' on page 122 undefined on i
nput line 7906.


LaTeX Warning: Reference `p4:eq:positive-heat-det' on page 122 undefined on inp
ut line 7909.


LaTeX Warning: Reference `p4:eq:real-heat-det' on page 122 undefined on input l
ine 7910.


LaTeX Warning: Reference `p4:eq:positive-heat-det' on page 122 undefined on inp
ut line 7913.


LaTeX Warning: Reference `p4:eq:theta-heat' on page 122 undefined on input line
 7913.


LaTeX Warning: Reference `p4:eq:Stieltjes-resolvent' on page 122 undefined on i
nput line 7929.


LaTeX Warning: Reference `p4:eq:spectral-measure' on page 122 undefined on inpu
t line 7934.


LaTeX Warning: Citation `p4:SchillingBernstein' on page 122 undefined on input 
line 7936.


LaTeX Warning: Reference `p4:eq:positive-heat-det' on page 122 undefined on inp
ut line 7937.


LaTeX Warning: Citation `p4:Karhunen1947' on page 122 undefined on input line 7
962.

[122]

LaTeX Warning: Reference `p4:eq:bridge-L2' on page 123 undefined on input line 
8006.


LaTeX Warning: Reference `p4:eq:Q-bridge' on page 123 undefined on input line 8
006.


LaTeX Warning: Reference `p4:eq:bridge-det-law' on page 123 undefined on input 
line 8010.


LaTeX Warning: Reference `p4:eq:bridge-gamma' on page 123 undefined on input li
ne 8012.


LaTeX Warning: Reference `p4:eq:bridge-gamma' on page 123 undefined on input li
ne 8019.

[123]

LaTeX Warning: Reference `p4:eq:exp-det' on page 124 undefined on input line 80
71.


LaTeX Warning: Reference `p4:eq:positive-heat-det' on page 124 undefined on inp
ut line 8083.


LaTeX Warning: Citation `p4:SimonTrace' on page 124 undefined on input line 810
0.


LaTeX Warning: Citation `p4:GohbergKrein' on page 124 undefined on input line 8
100.

[124]

LaTeX Warning: Reference `p4:eq:e-partitions' on page 125 undefined on input li
ne 8159.


LaTeX Warning: Reference `p4:eq:dyadic-moment' on page 125 undefined on input l
ine 8178.


LaTeX Warning: Reference `p4:eq:moment-exterior' on page 125 undefined on input
 line 8185.


LaTeX Warning: Reference `p4:eq:dyadic-moment' on page 125 undefined on input l
ine 8186.


LaTeX Warning: Reference `p4:eq:dyadic-exterior' on page 125 undefined on input
 line 8208.


LaTeX Warning: Reference `p4:eq:e-partitions' on page 125 undefined on input li
ne 8209.


LaTeX Warning: Reference `p4:eq:e-spectral-sum' on page 125 undefined on input 
line 8220.

[125]

LaTeX Warning: Reference `p4:eq:dyadic-exterior' on page 126 undefined on input
 line 8233.


LaTeX Warning: Reference `p4:eq:dyadic-exterior' on page 126 undefined on input
 line 8233.


LaTeX Warning: Reference `p4:eq:dyadic-coefficient-det' on page 126 undefined o
n input line 8254.


LaTeX Warning: Citation `p4:ASW1952' on page 126 undefined on input line 8282.


LaTeX Warning: Citation `p4:Edrei1952' on page 126 undefined on input line 8282
.


LaTeX Warning: Citation `p4:Schoenberg1951' on page 126 undefined on input line
 8282.

[126]

LaTeX Warning: Reference `p4:eq:power-traces' on page 127 undefined on input li
ne 8317.


LaTeX Warning: Citation `p4:Liggett1997' on page 127 undefined on input line 83
46.


LaTeX Warning: Reference `p4:eq:DB-positive-product' on page 127 undefined on i
nput line 8349.


LaTeX Warning: Reference `p4:conj:derivative-zeros' on page 1 undefined on inpu
t line 8365.

[127]

LaTeX Warning: Reference `p4:eq:F-det-sine' on page 128 undefined on input line
 8404.


LaTeX Warning: Reference `p4:eq:L-DB' on page 128 undefined on input line 8421.



LaTeX Warning: Reference `p4:eq:Stieltjes-resolvent' on page 128 undefined on i
nput line 8438.

[128]

LaTeX Warning: Reference `p4:eq:F-det-sine' on page 129 undefined on input line
 8449.


LaTeX Warning: Citation `p4:FlajoletGourdonDumas1995' on page 129 undefined on 
input line 8461.


LaTeX Warning: Reference `p4:eq:L-DB' on page 129 undefined on input line 8487.



LaTeX Warning: Reference `p4:eq:MB-log' on page 129 undefined on input line 849
1.


LaTeX Warning: Reference `p4:eq:L-spectral-zeta' on page 129 undefined on input
 line 8493.


LaTeX Warning: Reference `p4:eq:MB-L' on page 129 undefined on input line 8505.


[129]

LaTeX Warning: Reference `p4:eq:MB-asymptotic' on page 130 undefined on input l
ine 8554.


LaTeX Warning: Reference `p4:eq:ck-MB' on page 130 undefined on input line 8556
.


LaTeX Warning: Reference `p4:conj:resurgence' on page 1 undefined on input line
 8562.


LaTeX Warning: Reference `p4:eq:positive-heat-det' on page 130 undefined on inp
ut line 8568.


LaTeX Warning: Reference `p4:eq:L-DB' on page 130 undefined on input line 8568.



LaTeX Warning: Reference `p4:eq:theta-heat' on page 130 undefined on input line
 8574.


LaTeX Warning: Reference `p4:eq:MB-L' on page 130 undefined on input line 8581.


[130]

LaTeX Warning: Reference `p4:tab:product-check' on page 1 undefined on input li
ne 8602.

<assets/fabius_rvachev_report_package/trace_series_convergence.png, id=1859, 52
0.344pt x 317.988pt>
File: assets/fabius_rvachev_report_package/trace_series_convergence.png Graphic
 file (type png)
<use assets/fabius_rvachev_report_package/trace_series_convergence.png>
Package pdftex.def Info: assets/fabius_rvachev_report_package/trace_series_conv
ergence.png  used on input line 8626.
(pdftex.def)             Requested size: 346.2126pt x 211.58551pt.

LaTeX Warning: Reference `p4:eq:dyadic-exterior' on page 131 undefined on input
 line 8634.

[131 <./assets/fabius_rvachev_report_package/trace_series_convergence.png>]

LaTeX Warning: Reference `p4:fig:turan' on page 1 undefined on input line 8642.


<assets/fabius_rvachev_report_package/turan_ratios.png, id=1870, 520.344pt x 31
7.988pt>
File: assets/fabius_rvachev_report_package/turan_ratios.png Graphic file (type 
png)
<use assets/fabius_rvachev_report_package/turan_ratios.png>
Package pdftex.def Info: assets/fabius_rvachev_report_package/turan_ratios.png 
 used on input line 8646.
(pdftex.def)             Requested size: 346.2126pt x 211.58551pt.

LaTeX Warning: Reference `p4:eq:MB-L' on page 132 undefined on input line 8653.


<assets/fabius_rvachev_report_package/mellin_barnes_errors.png, id=1871, 520.34
4pt x 317.988pt>
File: assets/fabius_rvachev_report_package/mellin_barnes_errors.png Graphic fil
e (type png)
<use assets/fabius_rvachev_report_package/mellin_barnes_errors.png>
Package pdftex.def Info: assets/fabius_rvachev_report_package/mellin_barnes_err
ors.png  used on input line 8675.
(pdftex.def)             Requested size: 346.2126pt x 211.58551pt.
[132 <./assets/fabius_rvachev_report_package/turan_ratios.png>]

LaTeX Warning: Reference `p4:eq:up-refinement' on page 133 undefined on input l
ine 8734.

[133 <./assets/fabius_rvachev_report_package/mellin_barnes_errors.png>]

LaTeX Warning: Reference `p4:eq:operator-saddle' on page 134 undefined on input
 line 8744.


LaTeX Warning: Reference `p4:eq:general-B' on page 134 undefined on input line 
8766.


LaTeX Warning: Reference `p4:eq:p-Bernoulli' on page 134 undefined on input lin
e 8774.


LaTeX Warning: Reference `p4:eq:MB-asymptotic' on page 134 undefined on input l
ine 8789.


LaTeX Warning: Reference `p4:eq:L-product' on page 134 undefined on input line 
8792.

[134]

LaTeX Warning: Reference `p4:eq:Fredholm-phi' on page 135 undefined on input li
ne 8803.


LaTeX Warning: Reference `p4:eq:dyadic-exterior' on page 135 undefined on input
 line 8804.


LaTeX Warning: Reference `p4:eq:cot-valuation-identity' on page 135 undefined o
n input line 8807.


LaTeX Warning: Reference `p4:eq:dyadic-exterior' on page 135 undefined on input
 line 8832.


LaTeX Warning: Reference `p4:eq:MB-L' on page 135 undefined on input line 8834.



LaTeX Warning: Reference `p4:eq:cdf-density' on page 135 undefined on input lin
e 8865.


LaTeX Warning: Reference `p4:eq:cdf-density' on page 135 undefined on input lin
e 8866.


LaTeX Warning: Reference `p4:eq:infinite-convolution' on page 135 undefined on 
input line 8867.


LaTeX Warning: Reference `p4:eq:finite-box-spline' on page 135 undefined on inp
ut line 8868.


LaTeX Warning: Reference `p4:eq:signed-extension' on page 135 undefined on inpu
t line 8869.


LaTeX Warning: Reference `p4:eq:global-selfdiff' on page 135 undefined on input
 line 8869.


LaTeX Warning: Reference `p4:eq:sinc-products' on page 135 undefined on input l
ine 8870.


LaTeX Warning: Reference `p4:eq:cosine-products' on page 135 undefined on input
 line 8871.


LaTeX Warning: Reference `p4:eq:canonical-product' on page 135 undefined on inp
ut line 8872.


LaTeX Warning: Reference `p4:eq:Fredholm-phi' on page 135 undefined on input li
ne 8873.


LaTeX Warning: Reference `p4:eq:operator-log' on page 135 undefined on input li
ne 8874.


LaTeX Warning: Reference `p4:eq:cot-valuation-identity' on page 135 undefined o
n input line 8875.


LaTeX Warning: Reference `p4:eq:theta-det-combination' on page 135 undefined on
 input line 8876.


LaTeX Warning: Reference `p4:eq:bridge-det-law' on page 135 undefined on input 
line 8877.


LaTeX Warning: Reference `p4:eq:exp-det' on page 135 undefined on input line 88
78.


LaTeX Warning: Reference `p4:eq:S-gamma' on page 135 undefined on input line 88
78.


LaTeX Warning: Reference `p4:eq:moment-exterior' on page 135 undefined on input
 line 8879.


LaTeX Warning: Reference `p4:eq:dyadic-exterior' on page 135 undefined on input
 line 8880.


LaTeX Warning: Reference `p4:eq:dyadic-Cauchy' on page 135 undefined on input l
ine 8881.


LaTeX Warning: Reference `p4:eq:Toeplitz-a' on page 135 undefined on input line
 8882.


LaTeX Warning: Reference `p4:eq:Schur-minors' on page 135 undefined on input li
ne 8882.


LaTeX Warning: Reference `p4:eq:up-det-Fourier' on page 135 undefined on input 
line 8883.


LaTeX Warning: Reference `p4:eq:F-det-sine' on page 135 undefined on input line
 8884.


LaTeX Warning: Reference `p4:eq:Bromwich-Fredholm-F' on page 135 undefined on i
nput line 8885.


LaTeX Warning: Reference `p4:eq:L-product' on page 135 undefined on input line 
8886.


LaTeX Warning: Reference `p4:eq:L-heat' on page 135 undefined on input line 888
7.


LaTeX Warning: Reference `p4:eq:L-theta-integral' on page 135 undefined on inpu
t line 8887.


LaTeX Warning: Reference `p4:eq:MB-L' on page 135 undefined on input line 8888.



LaTeX Warning: Reference `p4:eq:MB-asymptotic' on page 135 undefined on input l
ine 8889.


LaTeX Warning: Reference `p4:eq:lambda-n' on page 135 undefined on input line 8
890.


LaTeX Warning: Reference `p4:eq:sharp-dyadic-asymptotic' on page 135 undefined 
on input line 8890.


ignored: Infinite glue shrinkage found in box being split [135]

LaTeX Warning: Reference `p4:thm:dyadic-exterior' on page 1 undefined on input 
line 8897.


LaTeX Warning: Reference `p4:eq:dyadic-exterior' on page 136 undefined on input
 line 8907.


LaTeX Warning: Reference `p4:eq:dyadic-coefficient-det' on page 136 undefined o
n input line 8912.

[136]

LaTeX Warning: Reference `p4:eq:dyadic-exterior' on page 137 undefined on input
 line 8977.

LaTeX Font Info:    Font shape `T1/LibertinusMono-TLF/b/n' will be
(Font)              scaled to size 9.30756pt on input line 8986.
Package microtype Info: Character `guilsinglleft ' is missing
(microtype)             in font `T1/LibertinusMono-TLF/b/n/10.95'.
(microtype)             Ignoring protrusion settings for this character.
Package microtype Info: Character `guilsinglright ' is missing
(microtype)             in font `T1/LibertinusMono-TLF/b/n/10.95'.
(microtype)             Ignoring protrusion settings for this character.

LaTeX Warning: Reference `p4:eq:sinc-products' on page 137 undefined on input l
ine 8990.


LaTeX Warning: Reference `p4:eq:operator-log' on page 137 undefined on input li
ne 8990.

[137]

LaTeX Warning: Reference `p4:eq:dyadic-exterior' on page 138 undefined on input
 line 8994.


LaTeX Warning: Reference `p4:eq:strict-Newton' on page 138 undefined on input l
ine 8996.


LaTeX Warning: Reference `p4:eq:MB-L' on page 138 undefined on input line 8998.



LaTeX Warning: Reference `p4:sec:numerics' on page 1 undefined on input line 90
00.

[138] [139] [140]

LaTeX Warning: Citation `p5:repoPrimary' on page 141 undefined on input line 92
67.


LaTeX Warning: Citation `p5:repoAtlas' on page 141 undefined on input line 9267
.


LaTeX Warning: Citation `p5:repoFiniteBlock' on page 141 undefined on input lin
e 9268.


LaTeX Warning: Citation `p5:repoRepresentations' on page 141 undefined on input
 line 9269.


LaTeX Warning: Citation `p5:repoMultiresolution' on page 141 undefined on input
 line 9270.


LaTeX Warning: Citation `p5:repoInverse' on page 141 undefined on input line 92
70.


LaTeX Warning: Citation `p5:repoExponents' on page 141 undefined on input line 
9271.


LaTeX Warning: Citation `p5:repoSpectra' on page 141 undefined on input line 92
72.


LaTeX Warning: Citation `p5:fabius1966' on page 141 undefined on input line 927
5.


LaTeX Warning: Citation `p5:rvachev1990' on page 141 undefined on input line 92
75.


LaTeX Warning: Citation `p5:arias1982' on page 141 undefined on input line 9275
.


LaTeX Warning: Citation `p5:arias2018' on page 141 undefined on input line 9275
.


LaTeX Warning: Citation `p5:aistleitner2017' on page 141 undefined on input lin
e 9275.

[141

] [142]

LaTeX Warning: Reference `p5:sec:polyphase' on page 1 undefined on input line 9
408.


LaTeX Warning: Reference `p5:sec:audit' on page 1 undefined on input line 9409.



LaTeX Warning: Reference `p5:eq:X-series' on page 143 undefined on input line 9
413.

[143]

LaTeX Warning: Reference `p5:eq:F-u-fold' on page 144 undefined on input line 9
440.


LaTeX Warning: Reference `p5:eq:F-density-inversion' on page 144 undefined on i
nput line 9463.


LaTeX Warning: Reference `p5:eq:F-CDF-inversion' on page 144 undefined on input
 line 9464.

[144]

LaTeX Warning: Reference `p5:eq:M-product' on page 145 undefined on input line 
9525.

[145]

LaTeX Warning: Citation `p5:repoMultiresolution' on page 146 undefined on input
 line 9556.


LaTeX Warning: Citation `p5:repoRepresentations' on page 146 undefined on input
 line 9572.


LaTeX Warning: Reference `p5:eq:atlas-canonical' on page 146 undefined on input
 line 9573.

[146]

LaTeX Warning: Reference `p5:eq:polyphase-convolution' on page 147 undefined on
 input line 9650.


LaTeX Warning: Reference `p5:eq:X-series' on page 147 undefined on input line 9
651.


LaTeX Warning: Reference `p5:eq:Psi-def' on page 147 undefined on input line 96
77.

[147]

LaTeX Warning: Reference `p5:eq:Zr-fixed-point' on page 148 undefined on input 
line 9701.


LaTeX Warning: Reference `p5:eq:gr-integral-equation' on page 148 undefined on 
input line 9708.


LaTeX Warning: Reference `p5:eq:gr-DDE' on page 148 undefined on input line 970
9.


LaTeX Warning: Reference `p5:eq:Psi-logderivative' on page 148 undefined on inp
ut line 9757.

[148] [149]

LaTeX Warning: Reference `p5:eq:polyphase-random' on page 150 undefined on inpu
t line 9841.


LaTeX Warning: Reference `p5:eq:Mr-product' on page 150 undefined on input line
 9859.


LaTeX Warning: Reference `p5:eq:cumulant-recombine' on page 150 undefined on in
put line 9861.

[150]

LaTeX Warning: Citation `p5:flajolet1995' on page 151 undefined on input line 9
905.


LaTeX Warning: Reference `p5:eq:Mellin-Lr' on page 151 undefined on input line 
9934.


LaTeX Warning: Reference `p5:eq:L1-polyphase' on page 151 undefined on input li
ne 9935.


LaTeX Warning: Reference `p5:eq:Mellin-L1' on page 151 undefined on input line 
9937.


LaTeX Warning: Reference `p5:eq:valuation-split' on page 151 undefined on input
 line 9953.


LaTeX Warning: Reference `p5:eq:cumulant-recombine' on page 151 undefined on in
put line 9953.

[151]

LaTeX Warning: Reference `p5:thm:polyphase-main' on page 1 undefined on input l
ine 10031.


LaTeX Warning: Reference `p5:eq:u-Radon' on page 152 undefined on input line 10
034.

[152]

LaTeX Warning: Reference `p5:eq:F-volume-section' on page 153 undefined on inpu
t line 10040.

[153]

LaTeX Warning: Reference `p5:eq:G-two-level' on page 154 undefined on input lin
e 10114.


LaTeX Warning: Reference `p5:eq:F-volume-section' on page 154 undefined on inpu
t line 10114.


LaTeX Warning: Reference `p5:eq:u-Radon' on page 154 undefined on input line 10
116.


LaTeX Warning: Reference `p5:eq:G-Radon-derivative' on page 154 undefined on in
put line 10116.


LaTeX Warning: Reference `p5:eq:polyphase-product' on page 154 undefined on inp
ut line 10136.


LaTeX Warning: Reference `p5:sec:atlas' on page 1 undefined on input line 10137
.

LaTeX Font Info:    Font shape `T1/LibertinusSerif-TLF/m/it' will be
(Font)              scaled to size 14.4pt on input line 10168.
[154]

LaTeX Warning: Reference `p5:eq:sparse-truncated-power' on page 155 undefined o
n input line 10240.


LaTeX Warning: Reference `p5:eq:x-rNk' on page 155 undefined on input line 1024
2.


LaTeX Warning: Reference `p5:eq:g-rN-Fourier' on page 155 undefined on input li
ne 10243.


LaTeX Warning: Reference `p5:eq:exact-tail-convolution' on page 155 undefined o
n input line 10246.

[155]

LaTeX Warning: Reference `p5:eq:sparse-truncated-power' on page 156 undefined o
n input line 10252.


LaTeX Warning: Reference `p5:eq:DNg-comb' on page 156 undefined on input line 1
0282.


LaTeX Warning: Reference `p5:eq:eps-jump' on page 156 undefined on input line 1
0284.


LaTeX Warning: Reference `p5:eq:tau-jump' on page 156 undefined on input line 1
0284.

[156]

LaTeX Warning: Reference `p5:eq:Theta-Laplace' on page 157 undefined on input l
ine 10383.


LaTeX Warning: Reference `p5:eq:Lambda-Laplace' on page 157 undefined on input 
line 10383.

[157]

LaTeX Warning: Reference `p5:eq:tau-jump' on page 158 undefined on input line 1
0411.


LaTeX Warning: Reference `p5:eq:E-Fourier' on page 158 undefined on input line 
10412.


LaTeX Warning: Reference `p5:eq:O-Fourier' on page 158 undefined on input line 
10412.

<assets/Fabius_Rvachev_Polyphase_Representation_Report/thue_morse_jump_comb.png
, id=2237, 592.2125pt x 310.761pt>
File: assets/Fabius_Rvachev_Polyphase_Representation_Report/thue_morse_jump_com
b.png Graphic file (type png)
<use assets/Fabius_Rvachev_Polyphase_Representation_Report/thue_morse_jump_comb
.png>
Package pdftex.def Info: assets/Fabius_Rvachev_Polyphase_Representation_Report/
thue_morse_jump_comb.png  used on input line 10416.
(pdftex.def)             Requested size: 417.2323pt x 218.94902pt.
[158]

LaTeX Warning: Reference `p5:eq:DNg-comb' on page 159 undefined on input line 1
0473.

[159 <./assets/Fabius_Rvachev_Polyphase_Representation_Report/thue_morse_jump_c
omb.png>]

LaTeX Warning: Reference `p5:eq:power-sum-moment' on page 160 undefined on inpu
t line 10516.


LaTeX Warning: Reference `p5:eq:power-sum-moment' on page 160 undefined on inpu
t line 10562.


LaTeX Warning: Reference `p5:eq:moment-from-TM' on page 160 undefined on input 
line 10569.

[160]

LaTeX Warning: Reference `p5:eq:up-moment-TM-limit' on page 161 undefined on in
put line 10594.


LaTeX Warning: Reference `p5:eq:master-knot-enumerator' on page 161 undefined o
n input line 10607.

[161] [162]

LaTeX Warning: Reference `p5:eq:Gr-exponential' on page 163 undefined on input 
line 10708.


LaTeX Warning: Reference `p5:eq:Ua-symbol' on page 163 undefined on input line 
10721.


LaTeX Warning: Reference `p5:eq:log-sinh' on page 163 undefined on input line 1
0721.


LaTeX Warning: Reference `p5:eq:Gr-exponential' on page 163 undefined on input 
line 10726.


LaTeX Warning: Reference `p5:eq:GrN-exponential' on page 163 undefined on input
 line 10727.


LaTeX Warning: Reference `p5:eq:Psi-log-zeta' on page 163 undefined on input li
ne 10730.


LaTeX Warning: Reference `p5:eq:u-differential-exponential' on page 163 undefin
ed on input line 10731.

[163]

LaTeX Warning: Reference `p5:eq:g-rN-Fourier' on page 164 undefined on input li
ne 10798.


LaTeX Warning: Reference `p5:tab:operator-coefficients' on page 1 undefined on 
input line 10804.

[164]

LaTeX Warning: Reference `p5:eq:Zak-Poisson' on page 165 undefined on input lin
e 10875.


LaTeX Warning: Reference `p5:eq:F-twisted-Poisson' on page 165 undefined on inp
ut line 10884.


LaTeX Warning: Reference `p5:eq:critical-cosine' on page 165 undefined on input
 line 10890.


LaTeX Warning: Reference `p5:eq:F-twisted-Poisson' on page 165 undefined on inp
ut line 10896.

[165]

LaTeX Warning: Reference `p5:eq:Zak-Poisson' on page 166 undefined on input lin
e 10916.


LaTeX Warning: Reference `p5:eq:Zak-fold' on page 166 undefined on input line 1
0917.


LaTeX Warning: Reference `p5:eq:F-zero-slope-complex' on page 166 undefined on 
input line 10919.


LaTeX Warning: Reference `p5:eq:F-half-slope-series' on page 166 undefined on i
nput line 10925.


LaTeX Warning: Reference `p5:eq:F-Fourier' on page 166 undefined on input line 
10928.


LaTeX Warning: Reference `p5:eq:sparse-sign-zero-count' on page 166 undefined o
n input line 10969.

[166]

LaTeX Warning: Reference `p5:eq:sparse-sign-base' on page 167 undefined on inpu
t line 10985.


LaTeX Warning: Reference `p5:thm:sparse-lobe-sign' on page 1 undefined on input
 line 11015.


LaTeX Warning: Reference `p5:eq:TM-base-factorization' on page 167 undefined on
 input line 11027.


LaTeX Warning: Reference `p5:eq:odd-zero-slope' on page 167 undefined on input 
line 11042.

[167]
Underfull \hbox (badness 10000) in paragraph at lines 11086--11086
[]|\T1/LibertinusSerif-TLF/m/n/10.95 (+20) Derivative cas-
 []


Underfull \hbox (badness 10000) in paragraph at lines 11098--11098
[]|\T1/LibertinusSerif-TLF/m/n/10.95 (+20) Canonical zero
 []


Underfull \hbox (badness 1308) in paragraph at lines 11102--11102
[]|\T1/LibertinusSerif-TLF/m/n/10.95 (+20) Logarithmic zeta
 []


Underfull \hbox (badness 10000) in paragraph at lines 11104--11104
[]|\T1/LibertinusSerif-TLF/m/n/10.95 (+20) Cotangent log-a-
 []


Underfull \hbox (badness 10000) in paragraph at lines 11110--11110
[]|\T1/LibertinusSerif-TLF/m/n/10.95 (+20) Moment-
 []


Underfull \hbox (badness 10000) in paragraph at lines 11110--11110
\T1/LibertinusSerif-TLF/m/n/10.95 (+20) generating
 []


Underfull \hbox (badness 7047) in paragraph at lines 11124--11124
[]|\T1/LibertinusSerif-TLF/m/n/10.95 (+20) Legendre ex-pan-
 []


LaTeX Warning: Citation `p5:repoMultiresolution' on page 168 undefined on input
 line 11129.


Underfull \hbox (badness 4242) in paragraph at lines 11139--11140
[]|$\OML/cmm/m/it/10.95 K\OT1/cmr/m/n/10.95 (\OML/cmm/m/it/10.95 t\OT1/cmr/m/n/
10.95 ) = [][](1 + \OML/cmm/m/it/10.95 ^^W[]\OT1/cmr/m/n/10.95 (\OML/cmm/m/it/1
0.95 n\OT1/cmr/m/n/10.95 ))e[]$ \T1/LibertinusSerif-TLF/m/n/10.95 (+20) and $[]
[] \OML/cmm/m/it/10.95 t[]K\OT1/cmr/m/n/10.95 (\OML/cmm/m/it/10.95 t\OT1/cmr/m/
n/10.95 ) []  d\OML/cmm/m/it/10.95 t \OT1/cmr/m/n/10.95 =
 []


Underfull \hbox (badness 10000) in paragraph at lines 11141--11141
[]|\T1/LibertinusSerif-TLF/m/n/10.95 (+20) Polyphase prod-
 []


Underfull \hbox (badness 10000) in paragraph at lines 11147--11147
[]|\T1/LibertinusSerif-TLF/m/n/10.95 (+20) Averaging prod-
 []


LaTeX Warning: Reference `p5:sec:operators' on page 1 undefined on input line 1
1150.


ignored: Infinite glue shrinkage found in box being split [168]
Underfull \hbox (badness 10000) in paragraph at lines 11173--11173
[]|\T1/LibertinusSerif-TLF/m/n/10.95 (+20) Density Fourier
 []


Underfull \hbox (badness 3078) in paragraph at lines 11184--11184
[]|\T1/LibertinusSerif-TLF/m/n/10.95 (+20) Bromwich in-ver-
 []


LaTeX Warning: Reference `p5:eq:F-cos-transform' on page 169 undefined on input
 line 11191.


LaTeX Warning: Reference `p5:eq:F-sin-transform' on page 169 undefined on input
 line 11193.


Underfull \hbox (badness 10000) in paragraph at lines 11194--11194
[]|\T1/LibertinusSerif-TLF/m/n/10.95 (+20) Half-integer
 []


Underfull \hbox (badness 10000) in paragraph at lines 11196--11196
[]|\T1/LibertinusSerif-TLF/m/n/10.95 (+20) Twisted Pois-son
 []


LaTeX Warning: Reference `p5:eq:F-twisted-Poisson' on page 169 undefined on inp
ut line 11197.


Underfull \hbox (badness 10000) in paragraph at lines 11211--11211
[]|\T1/LibertinusSerif-TLF/m/n/10.95 (+20) Quantile trans-
 []


Underfull \hbox (badness 10000) in paragraph at lines 11213--11213
[]|\T1/LibertinusSerif-TLF/m/n/10.95 (+20) Quantile mo-
 []


LaTeX Warning: Citation `p5:repoPrimary' on page 169 undefined on input line 11
224.


LaTeX Warning: Citation `p5:repoAtlas' on page 169 undefined on input line 1122
4.


Underfull \hbox (badness 10000) in paragraph at lines 11225--11225
[]|\T1/LibertinusSerif-TLF/m/n/10.95 (+20) Endpoint
 []


ignored: Infinite glue shrinkage found in box being split [169]
Underfull \hbox (badness 10000) in paragraph at lines 11250--11250
[]|\T1/LibertinusSerif-TLF/m/n/10.95 (+20) Finite co-ef-fi-cient
 []


Underfull \hbox (badness 1466) in paragraph at lines 11261--11261
[]|\T1/LibertinusSerif-TLF/m/n/10.95 (+20) Sparse lobe prod-
 []


Underfull \hbox (badness 2426) in paragraph at lines 11263--11263
[]|\T1/LibertinusSerif-TLF/m/n/10.95 (+20) Base-$\OT1/cmr/m/n/10.95 2[]$ \T1/Li
bertinusSerif-TLF/m/n/10.95 (+20) digit fac-
 []


Underfull \hbox (badness 10000) in paragraph at lines 11269--11269
[]|\T1/LibertinusSerif-TLF/m/n/10.95 (+20) Unsigned spline
 []


Underfull \hbox (badness 10000) in paragraph at lines 11271--11271
[]|\T1/LibertinusSerif-TLF/m/n/10.95 (+20) Distributional
 []


LaTeX Warning: Reference `p5:eq:TM-Fourier-deconvolution' on page 170 undefined
 on input line 11274.


Underfull \hbox (badness 10000) in paragraph at lines 11280--11280
[]|\T1/LibertinusSerif-TLF/m/n/10.95 (+20) Signed Laplace
 []


Underfull \hbox (badness 10000) in paragraph at lines 11282--11282
[]|\T1/LibertinusSerif-TLF/m/n/10.95 (+20) Unsigned to-tal
 []


LaTeX Warning: Reference `p5:eq:E-Fourier' on page 170 undefined on input line 
11285.


LaTeX Warning: Reference `p5:eq:O-Fourier' on page 170 undefined on input line 
11285.


Underfull \hbox (badness 10000) in paragraph at lines 11288--11288
[]|\T1/LibertinusSerif-TLF/m/n/10.95 (+20) Bell--Bernoulli
 []


LaTeX Warning: Reference `p5:eq:finite-cumulants' on page 170 undefined on inpu
t line 11289.


LaTeX Warning: Reference `p5:eq:Bell-power-sum' on page 170 undefined on input 
line 11290.


LaTeX Warning: Reference `p5:eq:sparse-moment-TM-limit' on page 170 undefined o
n input line 11292.


Underfull \hbox (badness 5924) in paragraph at lines 11293--11293
[]|\T1/LibertinusSerif-TLF/m/n/10.95 (+20) Pascal, val-u-a-tion,
 []


LaTeX Warning: Citation `p5:repoAtlas' on page 170 undefined on input line 1129
5.

[170] [171]

LaTeX Warning: Reference `p5:eq:Psi-log-zeta' on page 172 undefined on input li
ne 11342.


LaTeX Warning: Reference `p5:eq:Psi-from-Phi-ratios' on page 172 undefined on i
nput line 11355.


LaTeX Warning: Reference `p5:eq:polyphase-product' on page 172 undefined on inp
ut line 11359.

[172]
Underfull \hbox (badness 10000) in paragraph at lines 11392--11395
[]\T1/LibertinusSerif-TLF/m/n/10.95 (+20) It com-pares the di-rect fi-nite atom
ic trans-form $[][] \OML/cmm/m/it/10.95 "[]\OT1/cmr/m/n/10.95 e[]$
 []


LaTeX Warning: Reference `p5:eq:moment-from-TM' on page 173 undefined on input 
line 11397.


LaTeX Warning: Reference `p5:eq:cumulant-recombine' on page 173 undefined on in
put line 11399.

<assets/Fabius_Rvachev_Polyphase_Representation_Report/polyphase_fourier_factor
s.png, id=2409, 592.2125pt x 346.896pt>
File: assets/Fabius_Rvachev_Polyphase_Representation_Report/polyphase_fourier_f
actors.png Graphic file (type png)
<use assets/Fabius_Rvachev_Polyphase_Representation_Report/polyphase_fourier_fa
ctors.png>
Package pdftex.def Info: assets/Fabius_Rvachev_Polyphase_Representation_Report/
polyphase_fourier_factors.png  used on input line 11440.
(pdftex.def)             Requested size: 430.54765pt x 252.20508pt.
[173]

LaTeX Warning: Reference `p5:fig:TM-jump-comb' on page 1 undefined on input lin
e 11449.

[174 <./assets/Fabius_Rvachev_Polyphase_Representation_Report/polyphase_fourier
_factors.png>]

LaTeX Warning: Reference `p5:thm:Mellin-cancellation' on page 1 undefined on in
put line 11546.

[175]

LaTeX Warning: Reference `p5:cor:periodic-filter' on page 1 undefined on input 
line 11573.


LaTeX Warning: Reference `p5:eq:F-section-coordinates' on page 176 undefined on
 input line 11592.

[176]

LaTeX Warning: Reference `p5:eq:sparse-sign-base' on page 177 undefined on inpu
t line 11674.

[177]

LaTeX Warning: Reference `p5:eq:nested-gr' on page 178 undefined on input line 
11696.


LaTeX Warning: Reference `p5:eq:strong-tail-conj' on page 178 undefined on inpu
t line 11730.

[178] [179] [180]

LaTeX Warning: Reference `p5:eq:Fourier-convention' on page 181 undefined on in
put line 11870.

[181] [182] [183]

LaTeX Warning: Reference `p6:app:corpus' on page 184 undefined on input line 12
100.

[184]

LaTeX Warning: Citation `p6:Fabius1966' on page 185 undefined on input line 121
50.


LaTeX Warning: Citation `p6:AriasTranslation' on page 185 undefined on input li
ne 12150.

[185]

LaTeX Warning: Reference `p6:sec:cauchy' on page 186 undefined on input line 12
230.

[186]

LaTeX Warning: Reference `p6:sec:fredholm' on page 187 undefined on input line 
12314.


LaTeX Warning: Reference `p6:eq:canonical-product' on page 187 undefined on inp
ut line 12314.


LaTeX Warning: Reference `p6:eq:spectral-zeta' on page 187 undefined on input l
ine 12319.

[187]

LaTeX Warning: Reference `p6:sec:fabius-transforms' on page 188 undefined on in
put line 12345.


LaTeX Warning: Reference `p6:eq:finite-spline' on page 188 undefined on input l
ine 12363.


LaTeX Warning: Reference `p6:eq:rho-fourier-inversion' on page 188 undefined on
 input line 12364.


LaTeX Warning: Reference `p6:thm:finite-log' on page 188 undefined on input lin
e 12365.


LaTeX Warning: Reference `p6:eq:Phi-products' on page 188 undefined on input li
ne 12366.


LaTeX Warning: Reference `p6:eq:canonical-product' on page 188 undefined on inp
ut line 12367.


LaTeX Warning: Reference `p6:eq:gamma-product' on page 188 undefined on input l
ine 12368.


LaTeX Warning: Reference `p6:eq:logPhi-zeta' on page 188 undefined on input lin
e 12369.


LaTeX Warning: Reference `p6:thm:fredholm' on page 188 undefined on input line 
12370.


LaTeX Warning: Reference `p6:eq:logder-cot' on page 188 undefined on input line
 12371.


LaTeX Warning: Reference `p6:eq:logder-tan' on page 188 undefined on input line
 12372.


LaTeX Warning: Reference `p6:eq:logder-zero' on page 188 undefined on input lin
e 12373.


LaTeX Warning: Reference `p6:thm:hurwitz' on page 188 undefined on input line 1
2374.


LaTeX Warning: Reference `p6:eq:M-product' on page 188 undefined on input line 
12375.


LaTeX Warning: Reference `p6:eq:M-cumulant' on page 188 undefined on input line
 12375.


LaTeX Warning: Reference `p6:eq:M-fredholm' on page 188 undefined on input line
 12376.


LaTeX Warning: Reference `p6:eq:R-moment' on page 188 undefined on input line 1
2377.


LaTeX Warning: Reference `p6:eq:R-Laplace' on page 188 undefined on input line 
12378.


LaTeX Warning: Reference `p6:eq:R-Fourier-Laplace' on page 188 undefined on inp
ut line 12379.


LaTeX Warning: Reference `p6:eq:R-log-fixed' on page 188 undefined on input lin
e 12380.


LaTeX Warning: Reference `p6:eq:R-dde' on page 188 undefined on input line 1238
1.


LaTeX Warning: Reference `p6:eq:R-derivative-tree' on page 188 undefined on inp
ut line 12382.


LaTeX Warning: Reference `p6:eq:RN-log' on page 188 undefined on input line 123
83.


LaTeX Warning: Reference `p6:eq:R-J-fraction' on page 188 undefined on input li
ne 12384.


LaTeX Warning: Reference `p6:eq:gauss-partial' on page 188 undefined on input l
ine 12385.


LaTeX Warning: Reference `p6:eq:O-S-fraction' on page 188 undefined on input li
ne 12386.


LaTeX Warning: Reference `p6:eq:F-CDF-Fourier' on page 188 undefined on input l
ine 12387.


LaTeX Warning: Reference `p6:eq:F-Laplace' on page 188 undefined on input line 
12388.


LaTeX Warning: Reference `p6:eq:F-Fourier' on page 188 undefined on input line 
12389.


LaTeX Warning: Reference `p6:thm:one-sided' on page 188 undefined on input line
 12390.


LaTeX Warning: Reference `p6:thm:inverse-pushforward' on page 188 undefined on 
input line 12391.


ignored: Infinite glue shrinkage found in box being split [188] [189]

LaTeX Warning: Reference `p6:eq:R-moment' on page 190 undefined on input line 1
2445.


LaTeX Warning: Reference `p6:eq:M-product' on page 190 undefined on input line 
12452.


LaTeX Warning: Reference `p6:eq:R-Laplace' on page 190 undefined on input line 
12452.


LaTeX Warning: Reference `p6:eq:R-Fourier-Laplace' on page 190 undefined on inp
ut line 12459.


LaTeX Warning: Reference `p6:eq:R-boundary-density' on page 190 undefined on in
put line 12460.


LaTeX Warning: Reference `p6:eq:R-Fourier-Laplace' on page 190 undefined on inp
ut line 12461.


LaTeX Warning: Reference `p6:eq:R-boundary-Hilbert' on page 190 undefined on in
put line 12461.


LaTeX Warning: Reference `p6:eq:X-fixed-point' on page 190 undefined on input l
ine 12488.


LaTeX Warning: Reference `p6:eq:R-log-fixed' on page 190 undefined on input lin
e 12495.


LaTeX Warning: Reference `p6:eq:R-log-fixed' on page 190 undefined on input lin
e 12508.

[190]

LaTeX Warning: Reference `p6:eq:rho-dde' on page 191 undefined on input line 12
518.


LaTeX Warning: Reference `p6:eq:R-dde' on page 191 undefined on input line 1254
3.


LaTeX Warning: Reference `p6:eq:R-dde' on page 191 undefined on input line 1254
5.


LaTeX Warning: Reference `p6:eq:R-dde' on page 191 undefined on input line 1255
5.


LaTeX Warning: Reference `p6:eq:R-derivative-tree' on page 191 undefined on inp
ut line 12555.


LaTeX Warning: Reference `p6:eq:R-kernel-tree' on page 191 undefined on input l
ine 12556.


LaTeX Warning: Reference `p6:eq:R-derivative-tree' on page 191 undefined on inp
ut line 12562.


LaTeX Warning: Reference `p6:eq:R-dde' on page 191 undefined on input line 1257
0.


LaTeX Warning: Reference `p6:eq:R-dde' on page 191 undefined on input line 1257
9.

[191]

LaTeX Warning: Reference `p6:eq:RN-log' on page 192 undefined on input line 126
20.


LaTeX Warning: Reference `p6:eq:finite-spline' on page 192 undefined on input l
ine 12621.


LaTeX Warning: Reference `p6:eq:uniform-difference' on page 192 undefined on in
put line 12641.


LaTeX Warning: Reference `p6:eq:RN-log' on page 192 undefined on input line 126
53.

[192]

LaTeX Warning: Reference `p6:eq:finite-spline' on page 193 undefined on input l
ine 12663.


LaTeX Warning: Reference `p6:eq:RN-boundary' on page 193 undefined on input lin
e 12663.


LaTeX Warning: Reference `p6:sec:jacobi' on page 193 undefined on input line 12
668.


LaTeX Warning: Reference `p6:eq:F-Laplace' on page 193 undefined on input line 
12707.

[193]

LaTeX Warning: Reference `p6:eq:rho-one-sided-Laplace' on page 194 undefined on
 input line 12748.


LaTeX Warning: Reference `p6:eq:Phi-scaling' on page 194 undefined on input lin
e 12753.


LaTeX Warning: Reference `p6:eq:inverse-master' on page 194 undefined on input 
line 12785.


LaTeX Warning: Reference `p6:eq:Y-affine' on page 194 undefined on input line 1
2787.


LaTeX Warning: Reference `p6:eq:inverse-Cauchy' on page 194 undefined on input 
line 12791.

[194]

LaTeX Warning: Reference `p6:eq:Phi-products' on page 195 undefined on input li
ne 12818.


LaTeX Warning: Reference `p6:eq:canonical-product' on page 195 undefined on inp
ut line 12818.


LaTeX Warning: Reference `p6:eq:logder-cot' on page 195 undefined on input line
 12819.


LaTeX Warning: Reference `p6:eq:logder-tan' on page 195 undefined on input line
 12819.


LaTeX Warning: Reference `p6:eq:logder-zero' on page 195 undefined on input lin
e 12820.


LaTeX Warning: Reference `p6:eq:spectral-zeta' on page 195 undefined on input l
ine 12821.


LaTeX Warning: Reference `p6:eq:canonical-product' on page 195 undefined on inp
ut line 12862.


LaTeX Warning: Reference `p6:eq:valuation-indicators' on page 195 undefined on 
input line 12868.

[195]

LaTeX Warning: Reference `p6:eq:spectral-zeta' on page 196 undefined on input l
ine 12914.


LaTeX Warning: Reference `p6:eq:M-fredholm' on page 196 undefined on input line
 12926.


LaTeX Warning: Reference `p6:eq:K-traces' on page 196 undefined on input line 1
2927.


LaTeX Warning: Reference `p6:eq:spectral-zeta' on page 196 undefined on input l
ine 12927.


LaTeX Warning: Reference `p6:eq:K-resolvent-trace' on page 196 undefined on inp
ut line 12928.


LaTeX Warning: Reference `p6:eq:logPhi-zeta' on page 196 undefined on input lin
e 12933.

[196]

LaTeX Warning: Reference `p6:eq:X-fixed-point' on page 197 undefined on input l
ine 12957.


LaTeX Warning: Reference `p6:eq:moment-recurrence' on page 197 undefined on inp
ut line 13005.


LaTeX Warning: Reference `p6:eq:monic-recurrence' on page 197 undefined on inpu
t line 13007.


LaTeX Warning: Citation `p6:VanAssche1993' on page 197 undefined on input line 
13008.


LaTeX Warning: Citation `p6:SimonOPRL' on page 197 undefined on input line 1300
8.

[197]

LaTeX Warning: Reference `p6:eq:R-J-fraction' on page 198 undefined on input li
ne 13017.


LaTeX Warning: Reference `p6:eq:O-S-fraction' on page 198 undefined on input li
ne 13048.


LaTeX Warning: Reference `p6:eq:moment-recurrence' on page 198 undefined on inp
ut line 13069.


LaTeX Warning: Reference `p6:eq:monic-recurrence' on page 198 undefined on inpu
t line 13070.


(assets/Fabius_Rvachev_Thue_Morse_Representation_Frontiers/generated_tables.tex
[198])
<assets/Fabius_Rvachev_Thue_Morse_Representation_Frontiers/first_wave_generated
/jacobi_coefficients.png, id=2830, 462.528pt x 289.08pt>
File: assets/Fabius_Rvachev_Thue_Morse_Representation_Frontiers/first_wave_gene
rated/jacobi_coefficients.png Graphic file (type png)
<use assets/Fabius_Rvachev_Thue_Morse_Representation_Frontiers/first_wave_gener
ated/jacobi_coefficients.png>
Package pdftex.def Info: assets/Fabius_Rvachev_Thue_Morse_Representation_Fronti
ers/first_wave_generated/jacobi_coefficients.png  used on input line 13083.
(pdftex.def)             Requested size: 346.2126pt x 216.39482pt.
<assets/Fabius_Rvachev_Thue_Morse_Representation_Frontiers/first_wave_generated
/jacobi_scaled_deficit.png, id=2831, 462.528pt x 289.08pt>
File: assets/Fabius_Rvachev_Thue_Morse_Representation_Frontiers/first_wave_gene
rated/jacobi_scaled_deficit.png Graphic file (type png)
<use assets/Fabius_Rvachev_Thue_Morse_Representation_Frontiers/first_wave_gener
ated/jacobi_scaled_deficit.png>
Package pdftex.def Info: assets/Fabius_Rvachev_Thue_Morse_Representation_Fronti
ers/first_wave_generated/jacobi_scaled_deficit.png  used on input line 13091.
(pdftex.def)             Requested size: 346.2126pt x 216.39482pt.


LaTeX Warning: Citation `p6:Denisov2004' on page 199 undefined on input line 13
110.


LaTeX Warning: Citation `p6:SimonOPRL' on page 199 undefined on input line 1311
0.


LaTeX Warning: Reference `p6:eq:monic-recurrence' on page 199 undefined on inpu
t line 13112.

[199] [200 <./assets/Fabius_Rvachev_Thue_Morse_Representation_Frontiers/first_w
ave_generated/jacobi_coefficients.png> <./assets/Fabius_Rvachev_Thue_Morse_Repr
esentation_Frontiers/first_wave_generated/jacobi_scaled_deficit.png>]

LaTeX Warning: Reference `p6:eq:Y-affine' on page 201 undefined on input line 1
3163.


LaTeX Warning: Reference `p6:eq:R-J-fraction' on page 201 undefined on input li
ne 13173.


LaTeX Warning: Reference `p6:eq:F-Laplace' on page 201 undefined on input line 
13177.


LaTeX Warning: Reference `p6:eq:M-fredholm' on page 201 undefined on input line
 13177.

[201] [202]

LaTeX Warning: Reference `p6:eq:fourier-convention' on page 203 undefined on in
put line 13257.


LaTeX Warning: Citation `p6:HigginsSampling' on page 203 undefined on input lin
e 13259.


LaTeX Warning: Reference `p6:eq:Phi-products' on page 203 undefined on input li
ne 13266.


LaTeX Warning: Reference `p6:eq:sparse-shannon' on page 203 undefined on input 
line 13269.


LaTeX Warning: Reference `p6:eq:half-ML' on page 203 undefined on input line 13
315.

[203]

LaTeX Warning: Reference `p6:eq:F-cosine' on page 204 undefined on input line 1
3364.


LaTeX Warning: Reference `p6:thm:sparse-shannon' on page 204 undefined on input
 line 13372.


LaTeX Warning: Reference `p6:eq:rho-odd-cosine' on page 204 undefined on input 
line 13374.


LaTeX Warning: Reference `p6:eq:F-cosine' on page 204 undefined on input line 1
3375.


LaTeX Warning: Reference `p6:eq:rho-odd-cosine' on page 204 undefined on input 
line 13379.


LaTeX Warning: Reference `p6:eq:rho-odd-cosine' on page 204 undefined on input 
line 13401.


LaTeX Warning: Reference `p6:eq:rho-even-der' on page 204 undefined on input li
ne 13402.


LaTeX Warning: Reference `p6:eq:unsigned-spectral-balance' on page 204 undefine
d on input line 13403.

[204]

LaTeX Warning: Reference `p6:eq:dyadic-cosine-value' on page 205 undefined on i
nput line 13421.

[205]

LaTeX Warning: Reference `p6:eq:tm-residue-sign' on page 206 undefined on input
 line 13538.


LaTeX Warning: Reference `p6:eq:global-product-integral' on page 206 undefined 
on input line 13541.

[206]

LaTeX Warning: Reference `p6:eq:inverse-mellin' on page 207 undefined on input 
line 13586.


LaTeX Warning: Reference `p6:eq:inverse-master' on page 207 undefined on input 
line 13587.


LaTeX Warning: Reference `p6:eq:rho-mellin' on page 207 undefined on input line
 13596.


LaTeX Warning: Reference `p6:eq:moments' on page 207 undefined on input line 13
599.


LaTeX Warning: Reference `p6:eq:MY-binomial' on page 207 undefined on input lin
e 13639.

[207]

LaTeX Warning: Citation `p6:APWW' on page 208 undefined on input line 13654.


LaTeX Warning: Citation `p6:BugeaudHan' on page 208 undefined on input line 136
54.


LaTeX Warning: Reference `p6:sec:jacobi' on page 208 undefined on input line 13
664.


LaTeX Warning: Reference `p6:eq:L-quadratic' on page 208 undefined on input lin
e 13707.


LaTeX Warning: Reference `p6:eq:p-even-decimation' on page 208 undefined on inp
ut line 13708.

[208]

LaTeX Warning: Reference `p6:eq:p-odd-factor' on page 209 undefined on input li
ne 13717.


LaTeX Warning: Reference `p6:eq:a-alternating' on page 209 undefined on input l
ine 13726.


LaTeX Warning: Reference `p6:eq:b-product-rec' on page 209 undefined on input l
ine 13750.


LaTeX Warning: Reference `p6:eq:b-sum-rec' on page 209 undefined on input line 
13750.


LaTeX Warning: Reference `p6:eq:p-even-decimation' on page 209 undefined on inp
ut line 13784.


LaTeX Warning: Reference `p6:eq:h-even-decimation' on page 209 undefined on inp
ut line 13785.

[209]

LaTeX Warning: Citation `p6:BakerGravesMorris' on page 210 undefined on input l
ine 13814.


LaTeX Warning: Citation `p6:Chihara' on page 210 undefined on input line 13814.



LaTeX Warning: Reference `p6:eq:dyadic-pn' on page 210 undefined on input line 
13815.


LaTeX Warning: Reference `p6:eq:pade-partial-fraction' on page 210 undefined on
 input line 13862.


LaTeX Warning: Reference `p6:eq:dyadic-pade' on page 210 undefined on input lin
e 13863.


LaTeX Warning: Reference `p6:eq:tm-antiperiodic' on page 210 undefined on input
 line 13864.


LaTeX Warning: Reference `p6:eq:tm-antiperiodic' on page 210 undefined on input
 line 13867.

[210]

LaTeX Warning: Citation `p6:Koekoek' on page 211 undefined on input line 13890.



LaTeX Warning: Reference `p6:eq:moment-recurrence' on page 211 undefined on inp
ut line 13919.


LaTeX Warning: Reference `p6:eq:R-dde' on page 211 undefined on input line 1392
3.


LaTeX Warning: Reference `p6:fig:beta' on page 211 undefined on input line 1392
5.


LaTeX Warning: Reference `p6:fig:beta-scaled' on page 211 undefined on input li
ne 13925.

[211]
Underfull \hbox (badness 1024) in paragraph at lines 13952--13957
\T1/LibertinusSerif-TLF/m/n/10.95 (+20) points. The zero-set for-mula, trun-cat
ed at $\OT1/cmr/m/n/10.95 10[]$\T1/LibertinusSerif-TLF/m/n/10.95 (+20) , dif-fe
red by $\OT1/cmr/m/n/10.95 5\OML/cmm/m/it/10.95 :\OT1/cmr/m/n/10.95 2 \OMS/cmsy
/m/n/10.95 ^^B \OT1/cmr/m/n/10.95 10[]$\T1/LibertinusSerif-TLF/m/n/10.95 (+20) 
, $\OT1/cmr/m/n/10.95 1\OML/cmm/m/it/10.95 :\OT1/cmr/m/n/10.95 5 \OMS/cmsy/m/n/
10.95 ^^B \OT1/cmr/m/n/10.95 10[]$\T1/LibertinusSerif-TLF/m/n/10.95 (+20) , and

 []

<assets/Fabius_Rvachev_Thue_Morse_Representation_Frontiers/figures/half_lattice
_decay.png, id=3009, 520.344pt x 317.988pt>
File: assets/Fabius_Rvachev_Thue_Morse_Representation_Frontiers/figures/half_la
ttice_decay.png Graphic file (type png)
<use assets/Fabius_Rvachev_Thue_Morse_Representation_Frontiers/figures/half_lat
tice_decay.png>
Package pdftex.def Info: assets/Fabius_Rvachev_Thue_Morse_Representation_Fronti
ers/figures/half_lattice_decay.png  used on input line 13982.
(pdftex.def)             Requested size: 346.2126pt x 211.58551pt.
<assets/Fabius_Rvachev_Thue_Morse_Representation_Frontiers/figures/weighted_can
cellations.png, id=3010, 520.344pt x 317.988pt>
File: assets/Fabius_Rvachev_Thue_Morse_Representation_Frontiers/figures/weighte
d_cancellations.png Graphic file (type png)
<use assets/Fabius_Rvachev_Thue_Morse_Representation_Frontiers/figures/weighted
_cancellations.png>
Package pdftex.def Info: assets/Fabius_Rvachev_Thue_Morse_Representation_Fronti
ers/figures/weighted_cancellations.png  used on input line 13990.
(pdftex.def)             Requested size: 346.2126pt x 211.58551pt.

LaTeX Warning: Reference `p6:eq:spectral-prouhet' on page 212 undefined on inpu
t line 13993.


LaTeX Warning: Reference `p6:eq:spectral-prouhet' on page 212 undefined on inpu
t line 13993.

<assets/Fabius_Rvachev_Thue_Morse_Representation_Frontiers/figures/formal_jacob
i_coefficients.png, id=3011, 520.344pt x 317.988pt>
File: assets/Fabius_Rvachev_Thue_Morse_Representation_Frontiers/figures/formal_
jacobi_coefficients.png Graphic file (type png)
<use assets/Fabius_Rvachev_Thue_Morse_Representation_Frontiers/figures/formal_j
acobi_coefficients.png>
Package pdftex.def Info: assets/Fabius_Rvachev_Thue_Morse_Representation_Fronti
ers/figures/formal_jacobi_coefficients.png  used on input line 13999.
(pdftex.def)             Requested size: 346.2126pt x 211.58551pt.
<assets/Fabius_Rvachev_Thue_Morse_Representation_Frontiers/figures/dyadic_pade_
error.png, id=3012, 520.344pt x 317.988pt>
File: assets/Fabius_Rvachev_Thue_Morse_Representation_Frontiers/figures/dyadic_
pade_error.png Graphic file (type png)
<use assets/Fabius_Rvachev_Thue_Morse_Representation_Frontiers/figures/dyadic_p
ade_error.png>
Package pdftex.def Info: assets/Fabius_Rvachev_Thue_Morse_Representation_Fronti
ers/figures/dyadic_pade_error.png  used on input line 14008.
(pdftex.def)             Requested size: 346.2126pt x 211.58551pt.

LaTeX Warning: Reference `p6:thm:dyadic-pade' on page 212 undefined on input li
ne 14010.


LaTeX Warning: Reference `p6:thm:dyadic-pade' on page 212 undefined on input li
ne 14010.


LaTeX Warning: Reference `p6:thm:beta-limit' on page 212 undefined on input lin
e 14026.

[212] [213 <./assets/Fabius_Rvachev_Thue_Morse_Representation_Frontiers/figures
/half_lattice_decay.png> <./assets/Fabius_Rvachev_Thue_Morse_Representation_Fro
ntiers/figures/weighted_cancellations.png>] [214 <./assets/Fabius_Rvachev_Thue_
Morse_Representation_Frontiers/figures/formal_jacobi_coefficients.png> <./asset
s/Fabius_Rvachev_Thue_Morse_Representation_Frontiers/figures/dyadic_pade_error.
png>]

LaTeX Warning: Reference `p6:fig:beta-scaled' on page 215 undefined on input li
ne 14037.


LaTeX Warning: Reference `p6:thm:hurwitz' on page 215 undefined on input line 1
4056.


LaTeX Warning: Reference `p6:sec:fredholm' on page 215 undefined on input line 
14077.


LaTeX Warning: Reference `p6:eq:R-dde' on page 215 undefined on input line 1408
2.


LaTeX Warning: Reference `p6:eq:R-derivative-tree' on page 215 undefined on inp
ut line 14088.


LaTeX Warning: Reference `p6:eq:R-dde' on page 215 undefined on input line 1409
7.

[215]

LaTeX Warning: Reference `p6:eq:b-explicit-rec' on page 216 undefined on input 
line 14110.


LaTeX Warning: Reference `p6:eq:b-explicit-rec' on page 216 undefined on input 
line 14130.


LaTeX Warning: Reference `p6:eq:spectral-prouhet' on page 216 undefined on inpu
t line 14135.


LaTeX Warning: Reference `p6:thm:sparse-shannon' on page 216 undefined on input
 line 14143.


LaTeX Warning: Reference `p6:thm:malmsten' on page 216 undefined on input line 
14143.


LaTeX Warning: Reference `p6:thm:tm-quadratic-op' on page 216 undefined on inpu
t line 14144.


LaTeX Warning: Reference `p6:thm:dyadic-pade' on page 216 undefined on input li
ne 14144.


LaTeX Warning: Reference `p6:eq:R-boundary-Hilbert' on page 216 undefined on in
put line 14159.


LaTeX Warning: Reference `p6:eq:R-dde' on page 216 undefined on input line 1416
1.


LaTeX Warning: Reference `p6:conj:beta-monotone' on page 216 undefined on input
 line 14171.

[216]

LaTeX Warning: Reference `p6:eq:inverse-master' on page 217 undefined on input 
line 14194.


LaTeX Warning: Reference `p6:eq:inverse-Cauchy' on page 217 undefined on input 
line 14194.

[217]
Underfull \hbox (badness 1142) in paragraph at lines 14241--14247
\T1/LibertinusSerif-TLF/m/n/10.95 (+20) The first com-mand re-gen-er-ates the e
x-act up-law mo-ments, the pos-i-tive Ja-cobi co-ef-fi-cients,
 []


(assets/Fabius_Rvachev_Thue_Morse_Representation_Frontiers/corpus_inventory.tex

ignored: Infinite glue shrinkage found in box being split [218]
ignored: Infinite glue shrinkage f
ound in box being split [219]
ignored: Infinite glue shrinkage found in box being split [
220]) [221]
LaTeX Font Info:    Font shape `T1/LibertinusSerif-TLF/m/n' will be
(Font)              scaled to size 7.0pt on input line 14394.
 [222]

LaTeX Warning: Reference `p7:sec:numerics' on page 1 undefined on input line 14
431.

[223]

LaTeX Warning: Reference `p7:sec:cheb' on page 1 undefined on input line 14516.


[224

]
LaTeX Font Info:    Font shape `T1/LibertinusSerif-TLF/m/sc' will be
(Font)              scaled to size 10.95pt on input line 14520.


LaTeX Warning: Reference `p7:eq:X-random-series' on page 225 undefined on input
 line 14541.

[225{C:/Users/vresh/AppData/Local/Programs/MiKTeX/fonts/enc/dvips/libertinus-ty
pe1/lbn1_cb34qf.enc}]

LaTeX Warning: Reference `p7:eq:X-random-series' on page 226 undefined on input
 line 14592.


LaTeX Warning: Reference `p7:eq:distribution-fixed-point' on page 226 undefined
 on input line 14629.

[226]

LaTeX Warning: Reference `p7:eq:rho-differential' on page 227 undefined on inpu
t line 14663.

[227]

LaTeX Warning: Reference `p7:eq:infinite-convolution' on page 228 undefined on 
input line 14714.


LaTeX Warning: Reference `p7:eq:inverse-pushforward-transform' on page 228 unde
fined on input line 14714.


LaTeX Warning: Reference `p7:eq:cndef' on page 228 undefined on input line 1473
3.


LaTeX Warning: Reference `p7:eq:cumulants' on page 228 undefined on input line 
14744.


LaTeX Warning: Reference `p7:eq:c-moment-formula' on page 228 undefined on inpu
t line 14760.


LaTeX Warning: Reference `p7:eq:Bell-moments' on page 228 undefined on input li
ne 14761.


LaTeX Warning: Reference `p7:eq:cumulants' on page 228 undefined on input line 
14761.


LaTeX Warning: Reference `p7:eq:c-Bell-Bernoulli' on page 228 undefined on inpu
t line 14761.

[228] [229]

LaTeX Warning: Reference `p7:eq:C-def' on page 230 undefined on input line 1485
9.


LaTeX Warning: Reference `p7:prop:circle-moments' on page 1 undefined on input 
line 14862.


LaTeX Warning: Reference `p7:eq:C-real-integral' on page 230 undefined on input
 line 14905.


LaTeX Warning: Reference `p7:eq:R-Cheb-series' on page 230 undefined on input l
ine 14910.

[230]

LaTeX Warning: Reference `p7:eq:W-Fourier' on page 231 undefined on input line 
14983.

[231]

LaTeX Warning: Reference `p7:eq:R-differential' on page 232 undefined on input 
line 15037.


LaTeX Warning: Reference `p7:eq:JA-ordinary' on page 232 undefined on input lin
e 15075.


LaTeX Warning: Reference `p7:eq:phi-sinc-product' on page 232 undefined on inpu
t line 15077.


LaTeX Warning: Reference `p7:eq:phi-canonical-product' on page 232 undefined on
 input line 15077.

[232]

LaTeX Warning: Reference `p7:eq:JA-modified' on page 233 undefined on input lin
e 15112.


LaTeX Warning: Reference `p7:eq:M-hyperbolic-product' on page 233 undefined on 
input line 15140.


LaTeX Warning: Reference `p7:eq:M-Bessel' on page 233 undefined on input line 1
5140.


LaTeX Warning: Reference `p7:eq:R-Laplace' on page 233 undefined on input line 
15141.


LaTeX Warning: Reference `p7:eq:Laplace-In' on page 233 undefined on input line
 15141.


LaTeX Warning: Reference `p7:eq:Bessel-sinc' on page 233 undefined on input lin
e 15162.


LaTeX Warning: Reference `p7:eq:Bessel-canonical' on page 233 undefined on inpu
t line 15162.


LaTeX Warning: Reference `p7:eq:IBessel-hyperbolic' on page 233 undefined on in
put line 15163.


LaTeX Warning: Reference `p7:eq:IBessel-canonical' on page 233 undefined on inp
ut line 15163.

[233]

LaTeX Warning: Citation `p7:SimonOPUC1' on page 234 undefined on input line 151
73.


LaTeX Warning: Citation `p7:SimonOneFoot' on page 234 undefined on input line 1
5173.


LaTeX Warning: Reference `p7:eq:Schur-recursion' on page 234 undefined on input
 line 15224.


LaTeX Warning: Reference `p7:eq:Schur-first' on page 234 undefined on input lin
e 15229.


LaTeX Warning: Reference `p7:eq:Jacobi-CF' on page 234 undefined on input line 
15238.

[234]

LaTeX Warning: Reference `p7:eq:C-R-Jouk' on page 235 undefined on input line 1
5297.

[235]

LaTeX Warning: Reference `p7:eq:C-CMV' on page 236 undefined on input line 1533
2.


LaTeX Warning: Reference `p7:eq:R-CMV' on page 236 undefined on input line 1533
2.


LaTeX Warning: Reference `p7:eq:Toeplitz-alpha' on page 236 undefined on input 
line 15332.


LaTeX Warning: Reference `p7:eq:Szego-product' on page 236 undefined on input l
ine 15333.


LaTeX Warning: Reference `p7:eq:Geronimus' on page 236 undefined on input line 
15335.


LaTeX Warning: Reference `p7:eq:zero-multiplicity' on page 236 undefined on inp
ut line 15369.

[236]

LaTeX Warning: Reference `p7:eq:phi-log-derivative' on page 237 undefined on in
put line 15400.


LaTeX Warning: Reference `p7:eq:finite-log-resolvent' on page 237 undefined on 
input line 15417.


LaTeX Warning: Reference `p7:eq:monodromy-jump' on page 237 undefined on input 
line 15445.

[237]
Underfull \hbox (badness 1655) in paragraph at lines 15581--15581
[]|$\OT1/cmr/m/n/10 ^^H$\T1/LibertinusSerif-TLF/m/n/10 (+20) , Bessel se-
 []


Underfull \hbox (badness 10000) in paragraph at lines 15587--15588
[]|\T1/LibertinusSerif-TLF/m/n/10 (+20) New; zero-multiplicity sum
 []


Underfull \hbox (badness 1210) in paragraph at lines 15591--15592
[]|\T1/LibertinusSerif-TLF/m/n/10 (+20) Baseline; mo-ment gen-er-at-ing
 []


LaTeX Warning: Reference `p7:eq:moment-recurrence' on page 238 undefined on inp
ut line 15602.


LaTeX Warning: Reference `p7:eq:c-moment-formula' on page 238 undefined on inpu
t line 15610.


Underfull \hbox (badness 10000) in paragraph at lines 15611--15612
[]|\T1/LibertinusSerif-TLF/m/n/10 (+20) New; ex-act probability-
 []


Underfull \hbox (badness 10000) in paragraph at lines 15625--15625
[]|$\OML/cmm/m/it/10 R\OT1/cmr/m/n/10 (\OML/cmm/m/it/10 z\OT1/cmr/m/n/10 )$\T1/
LibertinusSerif-TLF/m/n/10 (+20) , mo-
 []


Underfull \hbox (badness 10000) in paragraph at lines 15633--15633
[]|$\OML/cmm/m/it/10 R\OT1/cmr/m/n/10 (\OML/cmm/m/it/10 z\OT1/cmr/m/n/10 )$\T1/
LibertinusSerif-TLF/m/n/10 (+20) ,
 []


Underfull \hbox (badness 3078) in paragraph at lines 15637--15637
[]|$\OML/cmm/m/it/10 R\OT1/cmr/m/n/10 (\OML/cmm/m/it/10 z\OT1/cmr/m/n/10 )$\T1/
LibertinusSerif-TLF/m/n/10 (+20) , Bessel-
 []


Underfull \hbox (badness 10000) in paragraph at lines 15641--15641
[]|$\OML/cmm/m/it/10 R\OT1/cmr/m/n/10 (\OML/cmm/m/it/10 z\OT1/cmr/m/n/10 )$\T1/
LibertinusSerif-TLF/m/n/10 (+20) , Ja-cobi
 []


Underfull \hbox (badness 3460) in paragraph at lines 15643--15644
[]|\T1/LibertinusSerif-TLF/m/n/10 (+20) Baseline; real-line con-tin-ued
 []


Underfull \hbox (badness 10000) in paragraph at lines 15645--15645
[]|$\OML/cmm/m/it/10 R\OT1/cmr/m/n/10 (\OML/cmm/m/it/10 z\OT1/cmr/m/n/10 )$\T1/
LibertinusSerif-TLF/m/n/10 (+20) ,
 []


Underfull \hbox (badness 10000) in paragraph at lines 15649--15649
[]|$\OML/cmm/m/it/10 ^^Z\OT1/cmr/m/n/10 (\OML/cmm/m/it/10 x\OT1/cmr/m/n/10 )$\T
1/LibertinusSerif-TLF/m/n/10 (+20) ,
 []


Underfull \hbox (badness 10000) in paragraph at lines 15649--15649
\T1/LibertinusSerif-TLF/m/n/10 (+20) weighted
 []


Underfull \hbox (badness 10000) in paragraph at lines 15653--15653
[]|$\OML/cmm/m/it/10 F\OT1/cmr/m/n/10 (\OML/cmm/m/it/10 u\OT1/cmr/m/n/10 )$\T1/
LibertinusSerif-TLF/m/n/10 (+20) , phase
 []


LaTeX Warning: Reference `p7:eq:Theta-implicit' on page 238 undefined on input 
line 15662.


Underfull \hbox (badness 10000) in paragraph at lines 15673--15673
[]|$\OML/cmm/m/it/10 F$\T1/LibertinusSerif-TLF/m/n/10 (+20) , Bessel
 []


Underfull \hbox (badness 10000) in paragraph at lines 15677--15677
[]|$\OML/cmm/m/it/10 I$\T1/LibertinusSerif-TLF/m/n/10 (+20) , push-for-
 []


Underfull \hbox (badness 1436) in paragraph at lines 15687--15688
[]|\T1/LibertinusSerif-TLF/m/n/10 (+20) New; ex-act unit-circle co-ef-fi-
 []


Underfull \hbox (badness 3108) in paragraph at lines 15695--15696
[]|\T1/LibertinusSerif-TLF/m/n/10 (+20) New de-ter-mi-nant rep-re-sen-ta-
 []


Underfull \hbox (badness 1112) in paragraph at lines 15701--15701
[]|$[][]\OT1/cmr/m/n/10 (\OML/cmm/m/it/10 n\OT1/cmr/m/n/10 )$\T1/LibertinusSeri
f-TLF/m/n/10 (+20) , spec-
 []


Underfull \hbox (badness 10000) in paragraph at lines 15713--15713
[]|\T1/LibertinusSerif-TLF/m/n/10 (+20) Finite TM
 []


Underfull \hbox (badness 10000) in paragraph at lines 15721--15721
[]|$\OT1/cmr/m/n/10 ^^H$\T1/LibertinusSerif-TLF/m/n/10 (+20) , car-di-nal
 []

[238]
ignored: Infinite glue shrinkage found in box being split [239] (assets/rvachev_fab
ius_representations_2026/generated_tables.tex)
<assets/rvachev_fabius_representations_2026/bessel_convergence.png, id=3383, 52
0.344pt x 332.1135pt>
File: assets/rvachev_fabius_representations_2026/bessel_convergence.png Graphic
 file (type png)
<use assets/rvachev_fabius_representations_2026/bessel_convergence.png>
Package pdftex.def Info: assets/rvachev_fabius_representations_2026/bessel_conv
ergence.png  used on input line 15751.
(pdftex.def)             Requested size: 363.9709pt x 232.31569pt.


LaTeX Warning: Reference `p7:eq:Phi-Bessel' on page 240 undefined on input line
 15754.


LaTeX Warning: Reference `p7:eq:Phi-Bessel' on page 240 undefined on input line
 15754.

[240] [241]
<assets/rvachev_fabius_representations_2026/mgf_bessel_convergence.png, id=3400
, 520.344pt x 332.1135pt>
File: assets/rvachev_fabius_representations_2026/mgf_bessel_convergence.png Gra
phic file (type png)
<use assets/rvachev_fabius_representations_2026/mgf_bessel_convergence.png>
Package pdftex.def Info: assets/rvachev_fabius_representations_2026/mgf_bessel_
convergence.png  used on input line 15776.
(pdftex.def)             Requested size: 363.9709pt x 232.31569pt.


LaTeX Warning: Reference `p7:eq:M-Bessel' on page 242 undefined on input line 1
5779.


LaTeX Warning: Reference `p7:eq:M-Bessel' on page 242 undefined on input line 1
5779.

<assets/rvachev_fabius_representations_2026/verblunsky_coefficients.png, id=340
1, 520.344pt x 332.1135pt>
File: assets/rvachev_fabius_representations_2026/verblunsky_coefficients.png Gr
aphic file (type png)
<use assets/rvachev_fabius_representations_2026/verblunsky_coefficients.png>
Package pdftex.def Info: assets/rvachev_fabius_representations_2026/verblunsky_
coefficients.png  used on input line 15807.
(pdftex.def)             Requested size: 363.9709pt x 232.31569pt.

LaTeX Warning: Reference `p7:conj:alpha-monotone' on page 1 undefined on input 
line 15811.


LaTeX Warning: Reference `p7:conj:alpha-monotone' on page 1 undefined on input 
line 15811.


LaTeX Warning: Reference `p7:sec:conjectures' on page 1 undefined on input line
 15822.

[242 <./assets/rvachev_fabius_representations_2026/bessel_convergence.png>]
[243 <./assets/rvachev_fabius_representations_2026/mgf_bessel_convergence.png> 
<./assets/rvachev_fabius_representations_2026/verblunsky_coefficients.png>]
[244]

LaTeX Warning: Reference `p7:eq:Theta-implicit' on page 245 undefined on input 
line 15929.


LaTeX Warning: Reference `p7:eq:Bessel-integer-zero' on page 245 undefined on i
nput line 15953.


Underfull \hbox (badness 2932) in paragraph at lines 15957--15960
[]\T1/LibertinusSerif-TLF/b/n/10.95 (+20) Mellin match-ing. \T1/LibertinusSerif
-TLF/m/n/10.95 (+20) Match the unit-circle phase rep-re-sen-ta-tion to the repo
s-i-tory's
 []

[245]

LaTeX Warning: Reference `p7:thm:boundary-rho' on page 1 undefined on input lin
e 16006.


LaTeX Warning: Reference `p7:eq:Phi-Bessel' on page 246 undefined on input line
 16012.


LaTeX Warning: Reference `p7:eq:M-Bessel' on page 246 undefined on input line 1
6014.

[246]

LaTeX Warning: Reference `p7:eq:moment-recurrence' on page 247 undefined on inp
ut line 16066.

[247] [248] [249]

LaTeX Warning: Citation `p8:proveit' on page 250 undefined on input line 16238.


[250

] [251]

LaTeX Warning: Citation `p8:fabius1966' on page 252 undefined on input line 163
41.


LaTeX Warning: Citation `p8:arias1982' on page 252 undefined on input line 1634
1.


LaTeX Warning: Citation `p8:arias2018' on page 252 undefined on input line 1634
1.


LaTeX Warning: Citation `p8:rvachev1971' on page 252 undefined on input line 16
351.


LaTeX Warning: Citation `p8:jessen1935' on page 252 undefined on input line 163
79.


LaTeX Warning: Reference `p8:eq:F-basic' on page 252 undefined on input line 16
410.

[252]

LaTeX Warning: Reference `p8:eq:random-series' on page 253 undefined on input l
ine 16434.


LaTeX Warning: Reference `p8:sec:shannon' on page 1 undefined on input line 164
78.

[253]

LaTeX Warning: Citation `p8:corless1996' on page 254 undefined on input line 16
531.

[254]

LaTeX Warning: Reference `p8:tab:atlas' on page 1 undefined on input line 16546
.


Underfull \hbox (badness 7740) in paragraph at lines 16562--16562
[]|\T1/LibertinusSerif-TLF/m/n/10.95 (+20) Infinite con-vo-lu-tion of uni-form
 []


Underfull \hbox (badness 1009) in paragraph at lines 16569--16570
[]|\T1/LibertinusSerif-TLF/m/n/10.95 (+20) Physical-space spec-tral ap-prox-i-
 []


Underfull \hbox (badness 10000) in paragraph at lines 16571--16572
[]|\T1/LibertinusSerif-TLF/m/n/10.95 (+20) Moments, cu-mu-lants, Laplace
 []


Underfull \hbox (badness 10000) in paragraph at lines 16572--16573
[]|\T1/LibertinusSerif-TLF/m/n/10.95 (+20) Integral cal-cu-lus and inverse-
 []


Underfull \hbox (badness 10000) in paragraph at lines 16573--16574
[]|\T1/LibertinusSerif-TLF/m/n/10.95 (+20) Sharp end-point and inverse-
 []


LaTeX Warning: Citation `p8:haar1910' on page 255 undefined on input line 16582
.


LaTeX Warning: Citation `p8:faber1910' on page 255 undefined on input line 1658
2.


LaTeX Warning: Citation `p8:schauder1928' on page 255 undefined on input line 1
6582.


LaTeX Warning: Citation `p8:deboor2001' on page 255 undefined on input line 165
82.

[255]

LaTeX Warning: Reference `p8:eq:faber-coefficient' on page 256 undefined on inp
ut line 16599.


LaTeX Warning: Reference `p8:thm:faber-error' on page 1 undefined on input line
 16631.


LaTeX Warning: Reference `p8:thm:faber-series' on page 1 undefined on input lin
e 16634.


LaTeX Warning: Reference `p8:eq:faber-series' on page 256 undefined on input li
ne 16654.


LaTeX Warning: Reference `p8:eq:up-definition' on page 256 undefined on input l
ine 16655.

[256]

LaTeX Warning: Reference `p8:eq:faber-kernel' on page 257 undefined on input li
ne 16680.


LaTeX Warning: Reference `p8:eq:faber-coefficient' on page 257 undefined on inp
ut line 16704.


LaTeX Warning: Reference `p8:eq:faber-kernel' on page 257 undefined on input li
ne 16728.

[257]

LaTeX Warning: Reference `p8:eq:V-recurrence' on page 258 undefined on input li
ne 16794.

[258]

LaTeX Warning: Reference `p8:eq:faber-error-bound' on page 259 undefined on inp
ut line 16832.


LaTeX Warning: Reference `p8:eq:F-faber-transform' on page 259 undefined on inp
ut line 16857.

[259]

LaTeX Warning: Reference `p8:eq:inverse-piecewise' on page 260 undefined on inp
ut line 16914.


LaTeX Warning: Reference `p8:eq:inverse-hinge' on page 260 undefined on input l
ine 16915.


LaTeX Warning: Reference `p8:eq:inverse-interpolant-symmetry' on page 260 undef
ined on input line 16917.


LaTeX Warning: Reference `p8:eq:inverse-faber-error' on page 260 undefined on i
nput line 16926.


LaTeX Warning: Reference `p8:eq:inverse-piecewise' on page 260 undefined on inp
ut line 16930.


LaTeX Warning: Reference `p8:eq:inverse-hinge' on page 260 undefined on input l
ine 16931.


LaTeX Warning: Reference `p8:eq:faber-partial' on page 260 undefined on input l
ine 16965.


LaTeX Warning: Reference `p8:eq:haar-Fprime' on page 260 undefined on input lin
e 16973.


LaTeX Warning: Reference `p8:eq:F-up-conversion' on page 260 undefined on input
 line 16973.

[260]

LaTeX Warning: Reference `p8:eq:haar-up' on page 261 undefined on input line 16
992.


LaTeX Warning: Reference `p8:eq:haar-transform' on page 261 undefined on input 
line 17025.


LaTeX Warning: Reference `p8:eq:haar-Phi-complex' on page 261 undefined on inpu
t line 17026.


LaTeX Warning: Reference `p8:eq:haar-Phi-centered' on page 261 undefined on inp
ut line 17028.


LaTeX Warning: Reference `p8:eq:faber-bound' on page 261 undefined on input lin
e 17029.


LaTeX Warning: Reference `p8:eq:haar-Phi-real' on page 261 undefined on input l
ine 17050.

[261]

LaTeX Warning: Reference `p8:eq:haar-Fprime' on page 262 undefined on input lin
e 17088.


LaTeX Warning: Reference `p8:eq:Fprime-parseval' on page 262 undefined on input
 line 17099.


LaTeX Warning: Reference `p8:eq:sinc-product' on page 262 undefined on input li
ne 17102.


LaTeX Warning: Reference `p8:eq:faber-bound' on page 262 undefined on input lin
e 17122.

[262]

LaTeX Warning: Reference `p8:app:energy-proof' on page 1 undefined on input lin
e 17178.


LaTeX Warning: Reference `p8:eq:derivative-norm-scaling' on page 263 undefined 
on input line 17202.


LaTeX Warning: Reference `p8:eq:beta-formula' on page 263 undefined on input li
ne 17203.


LaTeX Warning: Reference `p8:eq:Em-asymptotic' on page 263 undefined on input l
ine 17221.

[263]

LaTeX Warning: Reference `p8:eq:A2-accelerator' on page 264 undefined on input 
line 17260.


LaTeX Warning: Reference `p8:sec:numerics' on page 1 undefined on input line 17
271.


LaTeX Warning: Reference `p8:eq:random-series' on page 264 undefined on input l
ine 17278.

[264]

LaTeX Warning: Reference `p8:eq:uniform-bits' on page 265 undefined on input li
ne 17308.


LaTeX Warning: Reference `p8:eq:Kn-law' on page 265 undefined on input line 173
15.


LaTeX Warning: Reference `p8:eq:Y-triangular' on page 265 undefined on input li
ne 17317.


LaTeX Warning: Reference `p8:thm:triangular-binomial' on page 1 undefined on in
put line 17346.

[265]

LaTeX Warning: Reference `p8:eq:finite-spline' on page 266 undefined on input l
ine 17442.


LaTeX Warning: Reference `p8:eq:triangular-polynomial' on page 266 undefined on
 input line 17445.

[266]

LaTeX Warning: Reference `p8:eq:triangular-logconcavity' on page 267 undefined 
on input line 17459.


LaTeX Warning: Citation `p8:paleywiener1934' on page 267 undefined on input lin
e 17475.


LaTeX Warning: Citation `p8:whittaker1935' on page 267 undefined on input line 
17475.


LaTeX Warning: Citation `p8:shannon1949' on page 267 undefined on input line 17
475.


LaTeX Warning: Reference `p8:eq:shannon-full' on page 267 undefined on input li
ne 17509.


LaTeX Warning: Reference `p8:eq:odd-shannon-two-sided' on page 267 undefined on
 input line 17512.


LaTeX Warning: Reference `p8:eq:odd-shannon-paired' on page 267 undefined on in
put line 17513.


LaTeX Warning: Reference `p8:eq:physical-cosine-series' on page 267 undefined o
n input line 17516.


LaTeX Warning: Reference `p8:eq:odd-shannon-paired' on page 267 undefined on in
put line 17518.


LaTeX Warning: Reference `p8:eq:odd-shannon-paired' on page 267 undefined on in
put line 17532.

[267]

LaTeX Warning: Reference `p8:eq:B-jet-hierarchy' on page 268 undefined on input
 line 17572.


LaTeX Warning: Reference `p8:eq:sample-sum-rule-1' on page 268 undefined on inp
ut line 17573.


LaTeX Warning: Reference `p8:eq:B-definition' on page 268 undefined on input li
ne 17574.


LaTeX Warning: Reference `p8:eq:sample-sum-rule-1' on page 268 undefined on inp
ut line 17582.


LaTeX Warning: Reference `p8:eq:sample-sum-rule-2' on page 268 undefined on inp
ut line 17582.

[268]

LaTeX Warning: Reference `p8:eq:up-fourier-inversion' on page 269 undefined on 
input line 17634.


LaTeX Warning: Reference `p8:eq:chebyshev-coeff' on page 269 undefined on input
 line 17635.


LaTeX Warning: Reference `p8:eq:cheb-plane-wave' on page 269 undefined on input
 line 17636.

[269]

LaTeX Warning: Reference `p8:eq:gegenbauer-bessel' on page 270 undefined on inp
ut line 17704.


LaTeX Warning: Citation `p8:szego1975' on page 270 undefined on input line 1770
7.


LaTeX Warning: Citation `p8:bernstein1912' on page 270 undefined on input line 
17731.

[270]

LaTeX Warning: Reference `p8:eq:A-definition' on page 271 undefined on input li
ne 17774.


LaTeX Warning: Reference `p8:eq:beta-kummer' on page 271 undefined on input lin
e 17814.


LaTeX Warning: Reference `p8:eq:finite-spline' on page 271 undefined on input l
ine 17829.


LaTeX Warning: Reference `p8:eq:finite-spline' on page 271 undefined on input l
ine 17841.

[271]

LaTeX Warning: Reference `p8:eq:cube-volume-limit' on page 272 undefined on inp
ut line 17882.


LaTeX Warning: Reference `p8:eq:cube-section-limit' on page 272 undefined on in
put line 17882.


LaTeX Warning: Reference `p8:eq:cube-fourier-slice' on page 272 undefined on in
put line 17883.


LaTeX Warning: Reference `p8:eq:inverse-hinge' on page 272 undefined on input l
ine 17911.

[272] [273]

LaTeX Warning: Reference `p8:eq:V-recurrence' on page 274 undefined on input li
ne 17957.

<assets/Fabius_Rvachev_Multiresolution_Representations/figures/faber_approximan
ts.png, id=3827, 592.2125pt x 346.896pt>
File: assets/Fabius_Rvachev_Multiresolution_Representations/figures/faber_appro
ximants.png Graphic file (type png)
<use assets/Fabius_Rvachev_Multiresolution_Representations/figures/faber_approx
imants.png>
Package pdftex.def Info: assets/Fabius_Rvachev_Multiresolution_Representations/
figures/faber_approximants.png  used on input line 17978.
(pdftex.def)             Requested size: 417.2323pt x 244.4082pt.

LaTeX Warning: Reference `p8:eq:faber-error-limit' on page 274 undefined on inp
ut line 17987.

<assets/Fabius_Rvachev_Multiresolution_Representations/figures/energy_convergen
ce.png, id=3828, 592.2125pt x 346.896pt>
File: assets/Fabius_Rvachev_Multiresolution_Representations/figures/energy_conv
ergence.png Graphic file (type png)
<use assets/Fabius_Rvachev_Multiresolution_Representations/figures/energy_conve
rgence.png>
Package pdftex.def Info: assets/Fabius_Rvachev_Multiresolution_Representations/
figures/energy_convergence.png  used on input line 17995.
(pdftex.def)             Requested size: 417.2323pt x 244.4082pt.
(assets/Fabius_Rvachev_Multiresolution_Representations/generated_tables.tex)

LaTeX Warning: Reference `p8:eq:A2-decimal' on page 274 undefined on input line
 18005.

[274 <./assets/Fabius_Rvachev_Multiresolution_Representations/figures/faber_app
roximants.png>] [275 <./assets/Fabius_Rvachev_Multiresolution_Representations/f
igures/energy_convergence.png>]

LaTeX Warning: Reference `p8:eq:haar-Phi-complex' on page 276 undefined on inpu
t line 18018.


LaTeX Warning: Reference `p8:eq:triangular-tail' on page 276 undefined on input
 line 18022.

<assets/Fabius_Rvachev_Multiresolution_Representations/figures/odd_sampling_con
vergence.png, id=3846, 592.2125pt x 346.896pt>
File: assets/Fabius_Rvachev_Multiresolution_Representations/figures/odd_samplin
g_convergence.png Graphic file (type png)
<use assets/Fabius_Rvachev_Multiresolution_Representations/figures/odd_sampling
_convergence.png>
Package pdftex.def Info: assets/Fabius_Rvachev_Multiresolution_Representations/
figures/odd_sampling_convergence.png  used on input line 18026.
(pdftex.def)             Requested size: 417.2323pt x 244.4082pt.

LaTeX Warning: Reference `p8:eq:sample-sum-rule-1' on page 276 undefined on inp
ut line 18036.


LaTeX Warning: Reference `p8:eq:sample-sum-rule-2' on page 276 undefined on inp
ut line 18036.

[276 <./assets/Fabius_Rvachev_Multiresolution_Representations/figures/odd_sampl
ing_convergence.png>]
<assets/Fabius_Rvachev_Multiresolution_Representations/figures/triangular_distr
ibution.png, id=3856, 592.2125pt x 346.896pt>
File: assets/Fabius_Rvachev_Multiresolution_Representations/figures/triangular_
distribution.png Graphic file (type png)
<use assets/Fabius_Rvachev_Multiresolution_Representations/figures/triangular_d
istribution.png>
Package pdftex.def Info: assets/Fabius_Rvachev_Multiresolution_Representations/
figures/triangular_distribution.png  used on input line 18041.
(pdftex.def)             Requested size: 417.2323pt x 244.4082pt.


LaTeX Warning: Reference `p8:tab:triangular-check' on page 1 undefined on input
 line 18050.


LaTeX Warning: Reference `p8:tab:chebyshev-check' on page 1 undefined on input 
line 18056.


LaTeX Warning: Reference `p8:eq:up-bernstein-kummer-finite' on page 277 undefin
ed on input line 18077.

[277 <./assets/Fabius_Rvachev_Multiresolution_Representations/figures/triangula
r_distribution.png>]

LaTeX Warning: Reference `p8:eq:A2-rational-series' on page 278 undefined on in
put line 18094.


LaTeX Warning: Reference `p8:eq:faber-kernel' on page 278 undefined on input li
ne 18105.


LaTeX Warning: Reference `p8:eq:endpoint-wavelet-integral' on page 278 undefine
d on input line 18119.


LaTeX Warning: Reference `p8:conj:triangular-logconcavity' on page 278 undefine
d on input line 18133.

[278]

LaTeX Warning: Reference `p8:eq:odd-shannon-paired' on page 279 undefined on in
put line 18164.


LaTeX Warning: Reference `p8:thm:sample-jet-hierarchy' on page 1 undefined on i
nput line 18167.


LaTeX Warning: Reference `p8:eq:A2-rational-series' on page 279 undefined on in
put line 18173.


LaTeX Warning: Reference `p8:eq:cheb-first' on page 279 undefined on input line
 18193.


LaTeX Warning: Reference `p8:eq:gegenbauer-bessel' on page 279 undefined on inp
ut line 18199.


LaTeX Warning: Reference `p8:eq:rational-bessel-integrals' on page 279 undefine
d on input line 18205.

[279]

LaTeX Warning: Reference `p8:eq:A2-rational-series' on page 280 undefined on in
put line 18240.


LaTeX Warning: Reference `p8:eq:faber-kernel' on page 280 undefined on input li
ne 18241.


LaTeX Warning: Reference `p8:eq:triangular-cos-product' on page 280 undefined o
n input line 18249.


LaTeX Warning: Reference `p8:eq:odd-shannon-paired' on page 280 undefined on in
put line 18253.

[280]

LaTeX Warning: Reference `p8:thm:Em-asymptotic' on page 1 undefined on input li
ne 18305.


LaTeX Warning: Reference `p8:eq:c-finite-taylor' on page 281 undefined on input
 line 18338.


LaTeX Warning: Reference `p8:eq:flat-midpoint' on page 281 undefined on input l
ine 18338.

[281]

LaTeX Warning: Reference `p8:eq:A2-tail-asymptotic' on page 282 undefined on in
put line 18374.


LaTeX Warning: Reference `p8:eq:A2-accelerator-error' on page 282 undefined on 
input line 18375.


LaTeX Warning: Reference `p8:eq:V-recurrence' on page 282 undefined on input li
ne 18386.


LaTeX Warning: Reference `p8:eq:bernstein-kummer-limit' on page 282 undefined o
n input line 18444.


LaTeX Warning: Reference `p8:eq:cube-volume-limit' on page 282 undefined on inp
ut line 18445.


Underfull \hbox (badness 1596) in paragraph at lines 18445--18446
[]|\T1/LibertinusSerif-TLF/m/n/10.95 (+20) new pack-
 []


LaTeX Warning: Reference `p8:eq:cube-section-limit' on page 282 undefined on in
put line 18446.


Underfull \hbox (badness 1596) in paragraph at lines 18446--18447
[]|\T1/LibertinusSerif-TLF/m/n/10.95 (+20) new pack-
 []


ignored: Infinite glue shrinkage found in box being split [282]

LaTeX Warning: Reference `p8:sec:numerics' on page 1 undefined on input line 18
469.

[283] [284] [285] (C:\Temp\pv-sognjvab\out\Representation_Frontiers.aux)
 ***********
LaTeX2e <2025-11-01>
L3 programming layer <2026-03-20>
 ***********


LaTeX Warning: There were undefined references.


LaTeX Warning: Label(s) may have changed. Rerun to get cross-references right.


Package rerunfilecheck Warning: File `Representation_Frontiers.out' has changed
.
(rerunfilecheck)                Rerun to get outlines right
(rerunfilecheck)                or use package `bookmark'.

Package rerunfilecheck Info: Checksums for `Representation_Frontiers.out':
(rerunfilecheck)             Before: <no file>
(rerunfilecheck)             After:  66B0808918A21E0EFE70F33D5E65D9D6;139783.
 ) 
Here is how much of TeX's memory you used:
 44231 strings out of 467691
 902158 string characters out of 5414987
 1799670 words of memory out of 5000000
 69073 multiletter control sequences out of 15000+600000
 851018 words of font info for 621 fonts, out of 8000000 for 9000
 1141 hyphenation exceptions out of 8191
 98i,20n,117p,1023b,3396s stack positions out of 10000i,1000n,20000p,200000b,200000s
<C:/Users/vresh/AppData/Local/Programs/MiKTeX/fonts/type1/public/libertinus-t
ype1/LibertinusMono-Bold.pfb><C:/Users/vresh/AppData/Local/Programs/MiKTeX/font
s/type1/public/libertinus-type1/LibertinusMono-Regular.pfb><C:/Users/vresh/AppD
ata/Local/Programs/MiKTeX/fonts/type1/public/libertinus-type1/LibertinusSans-Bo
ld.pfb><C:/Users/vresh/AppData/Local/Programs/MiKTeX/fonts/type1/public/liberti
nus-type1/LibertinusSans-Regular.pfb><C:/Users/vresh/AppData/Local/Programs/MiK
TeX/fonts/type1/public/libertinus-type1/LibertinusSerif-Bold.pfb><C:/Users/vres
h/AppData/Local/Programs/MiKTeX/fonts/type1/public/libertinus-type1/LibertinusS
erif-Italic.pfb><C:/Users/vresh/AppData/Local/Programs/MiKTeX/fonts/type1/publi
c/libertinus-type1/LibertinusSerif-Regular.pfb><C:/Users/vresh/AppData/Local/Pr
ograms/MiKTeX/fonts/type1/public/amsfonts/cm/cmbx10.pfb><C:/Users/vresh/AppData
/Local/Programs/MiKTeX/fonts/type1/public/amsfonts/cm/cmex10.pfb><C:/Users/vres
h/AppData/Local/Programs/MiKTeX/fonts/type1/public/amsfonts/cmextra/cmex8.pfb><
C:/Users/vresh/AppData/Local/Programs/MiKTeX/fonts/type1/public/amsfonts/cmextr
a/cmex9.pfb><C:/Users/vresh/AppData/Local/Programs/MiKTeX/fonts/type1/public/am
sfonts/cm/cmmi10.pfb><C:/Users/vresh/AppData/Local/Programs/MiKTeX/fonts/type1/
public/amsfonts/cm/cmmi12.pfb><C:/Users/vresh/AppData/Local/Programs/MiKTeX/fon
ts/type1/public/amsfonts/cm/cmmi5.pfb><C:/Users/vresh/AppData/Local/Programs/Mi
KTeX/fonts/type1/public/amsfonts/cm/cmmi6.pfb><C:/Users/vresh/AppData/Local/Pro
grams/MiKTeX/fonts/type1/public/amsfonts/cm/cmmi7.pfb><C:/Users/vresh/AppData/L
ocal/Programs/MiKTeX/fonts/type1/public/amsfonts/cm/cmmi8.pfb><C:/Users/vresh/A
ppData/Local/Programs/MiKTeX/fonts/type1/public/amsfonts/cm/cmmi9.pfb><C:/Users
/vresh/AppData/Local/Programs/MiKTeX/fonts/type1/public/amsfonts/cm/cmmib10.pfb
><C:/Users/vresh/AppData/Local/Programs/MiKTeX/fonts/type1/public/amsfonts/cm/c
mr10.pfb><C:/Users/vresh/AppData/Local/Programs/MiKTeX/fonts/type1/public/amsfo
nts/cm/cmr12.pfb><C:/Users/vresh/AppData/Local/Programs/MiKTeX/fonts/type1/publ
ic/amsfonts/cm/cmr5.pfb><C:/Users/vresh/AppData/Local/Programs/MiKTeX/fonts/typ
e1/public/amsfonts/cm/cmr6.pfb><C:/Users/vresh/AppData/Local/Programs/MiKTeX/fo
nts/type1/public/amsfonts/cm/cmr7.pfb><C:/Users/vresh/AppData/Local/Programs/Mi
KTeX/fonts/type1/public/amsfonts/cm/cmr8.pfb><C:/Users/vresh/AppData/Local/Prog
rams/MiKTeX/fonts/type1/public/amsfonts/cm/cmr9.pfb><C:/Users/vresh/AppData/Loc
al/Programs/MiKTeX/fonts/type1/public/amsfonts/cm/cmss8.pfb><C:/Users/vresh/App
Data/Local/Programs/MiKTeX/fonts/type1/public/amsfonts/cm/cmsy10.pfb><C:/Users/
vresh/AppData/Local/Programs/MiKTeX/fonts/type1/public/amsfonts/cm/cmsy5.pfb><C
:/Users/vresh/AppData/Local/Programs/MiKTeX/fonts/type1/public/amsfonts/cm/cmsy
6.pfb><C:/Users/vresh/AppData/Local/Programs/MiKTeX/fonts/type1/public/amsfonts
/cm/cmsy7.pfb><C:/Users/vresh/AppData/Local/Programs/MiKTeX/fonts/type1/public/
amsfonts/cm/cmsy8.pfb><C:/Users/vresh/AppData/Local/Programs/MiKTeX/fonts/type1
/public/amsfonts/cm/cmsy9.pfb><C:/Users/vresh/AppData/Local/Programs/MiKTeX/fon
ts/type1/public/amsfonts/symbols/msam10.pfb><C:/Users/vresh/AppData/Local/Progr
ams/MiKTeX/fonts/type1/public/amsfonts/symbols/msbm10.pfb><C:/Users/vresh/AppDa
ta/Local/Programs/MiKTeX/fonts/type1/public/amsfonts/symbols/msbm7.pfb><C:/User
s/vresh/AppData/Local/Programs/MiKTeX/fonts/type1/public/rsfs/rsfs10.pfb>
Output written on C:\Temp\pv-sognjvab\out\Representation_Frontiers.pdf (285 pag
es, 3914609 bytes).
PDF statistics:
 4711 PDF objects out of 5155 (max. 8388607)
 2858 named destinations out of 2984 (max. 500000)
 115487 words of extra memory for PDF output out of 128383 (max. 10000000)

