This is pdfTeX, Version 3.141592653-2.6-1.40.29 (MiKTeX 26.2) (preloaded format=pdflatex 2026.8.15)  9 SEP 2026 13:17
entering extended mode
 file:line:error style messages enabled.
 %&-line parsing enabled.
**./Integration_and_Transform_Frontiers.tex
(Integration_and_Transform_Frontiers.tex
LaTeX2e <2025-11-01>
L3 programming layer <2026-03-20>
(C:\Users\vresh\AppData\Local\Programs\MiKTeX\tex/latex/base\article.cls
Document Class: article 2025/01/22 v1.4n Standard LaTeX document class
(C:\Users\vresh\AppData\Local\Programs\MiKTeX\tex/latex/base\size11.clo
File: size11.clo 2025/01/22 v1.4n Standard LaTeX file (size option)
)
\c@part=\count275
\c@section=\count276
\c@subsection=\count277
\c@subsubsection=\count278
\c@paragraph=\count279
\c@subparagraph=\count280
\c@figure=\count281
\c@table=\count282
\abovecaptionskip=\skip49
\belowcaptionskip=\skip50
\bibindent=\dimen150
)
(C:\Users\vresh\AppData\Local\Programs\MiKTeX\tex/latex/geometry\geometry.sty
Package: geometry 2026/03/07 v6.0 Page Geometry

(C:\Users\vresh\AppData\Local\Programs\MiKTeX\tex/latex/graphics\keyval.sty
Package: keyval 2022/05/29 v1.15 key=value parser (DPC)
\KV@toks@=\toks17
)
(C:\Users\vresh\AppData\Local\Programs\MiKTeX\tex/generic/iftex\ifvtex.sty
Package: ifvtex 2019/10/25 v1.7 ifvtex legacy package. Use iftex instead.

(C:\Users\vresh\AppData\Local\Programs\MiKTeX\tex/generic/iftex\iftex.sty
Package: iftex 2024/12/12 v1.0g TeX engine tests
))
\Gm@cnth=\count283
\Gm@cntv=\count284
\c@Gm@tempcnt=\count285
\Gm@bindingoffset=\dimen151
\Gm@wd@mp=\dimen152
\Gm@odd@mp=\dimen153
\Gm@even@mp=\dimen154
\Gm@layoutwidth=\dimen155
\Gm@layoutheight=\dimen156
\Gm@layouthoffset=\dimen157
\Gm@layoutvoffset=\dimen158
\Gm@dimlist=\toks18

(C:\Users\vresh\AppData\Local\Programs\MiKTeX\tex/latex/geometry\geometry.cfg))
(C:\Users\vresh\AppData\Local\Programs\MiKTeX\tex/latex/base\fontenc.sty
Package: fontenc 2025/07/18 v2.1d Standard LaTeX package
)
(C:\Users\vresh\AppData\Local\Programs\MiKTeX\tex/latex/base\inputenc.sty
Package: inputenc 2024/02/08 v1.3d Input encoding file
\inpenc@prehook=\toks19
\inpenc@posthook=\toks20
)
(C:\Users\vresh\AppData\Local\Programs\MiKTeX\tex/latex/libertinus\libertinus.s
ty
Package: libertinus 2020/05/06 v. 0.02 (Herbert Voss) Supports libertinus fonts
 for pdflatex/lualatex/xelatex
 (C:\Users\vresh\AppData\Local\Programs\MiKTeX\tex/latex/xkeyval\xkeyval.sty
Package: xkeyval 2022/06/16 v2.9 package option processing (HA)

(C:\Users\vresh\AppData\Local\Programs\MiKTeX\tex/generic/xkeyval\xkeyval.tex
(C:\Users\vresh\AppData\Local\Programs\MiKTeX\tex/generic/xkeyval\xkvutils.tex
\XKV@toks=\toks21
\XKV@tempa@toks=\toks22
)
\XKV@depth=\count286
File: xkeyval.tex 2014/12/03 v2.7a key=value parser (HA)
))
(C:\Users\vresh\AppData\Local\Programs\MiKTeX\tex/latex/libertinus-type1\libert
inus-type1.sty
Package: libertinus-type1 2025/11/17 (Bob Tennent) Supports libertinus fonts fo
r latex/pdflatex.

(C:\Users\vresh\AppData\Local\Programs\MiKTeX\tex/generic/iftex\ifxetex.sty
Package: ifxetex 2019/10/25 v0.7 ifxetex legacy package. Use iftex instead.
)
(C:\Users\vresh\AppData\Local\Programs\MiKTeX\tex/generic/iftex\ifluatex.sty
Package: ifluatex 2019/10/25 v1.5 ifluatex legacy package. Use iftex instead.
)
(C:\Users\vresh\AppData\Local\Programs\MiKTeX\tex/latex/base\textcomp.sty
Package: textcomp 2024/04/24 v2.1b Standard LaTeX package
)
(C:\Users\vresh\AppData\Local\Programs\MiKTeX\tex/latex/base\fontenc.sty
Package: fontenc 2025/07/18 v2.1d Standard LaTeX package
)
(C:\Users\vresh\AppData\Local\Programs\MiKTeX\tex/latex/fontaxes\fontaxes.sty
Package: fontaxes 2026-01-02 v2.0.2 Font selection axes (deprecated)
Applying: [2024-11-01] Use figureversions if present on input line 74.

(C:\Users\vresh\AppData\Local\Programs\MiKTeX\tex/latex/figureversions\figureve
rsions.sty
Package: figureversions 2025-04-29 v1.0.1 Figure versions
)
Already applied: [0000-00-00] Fall back to v1 on input line 76.
)))
(C:\Users\vresh\AppData\Local\Programs\MiKTeX\tex/latex/microtype\microtype.sty
Package: microtype 2026/03/01 v3.2d Micro-typographical refinements (RS)
(C:\Users\vresh\AppData\Local\Programs\MiKTeX\tex/latex/etoolbox\etoolbox.sty
Package: etoolbox 2025/10/02 v2.5m e-TeX tools for LaTeX (JAW)
\etb@tempcnta=\count287
)
\MT@toks=\toks23
\MT@tempbox=\box53
\MT@count=\count288
LaTeX Info: Redefining \noprotrusionifhmode on input line 1084.
LaTeX Info: Redefining \leftprotrusion on input line 1085.
\MT@prot@toks=\toks24
LaTeX Info: Redefining \rightprotrusion on input line 1104.
LaTeX Info: Redefining \textls on input line 1449.
\MT@outer@kern=\dimen159
LaTeX Info: Redefining \microtypecontext on input line 2053.
LaTeX Info: Redefining \textmicrotypecontext on input line 2070.
\MT@listname@count=\count289

(C:\Users\vresh\AppData\Local\Programs\MiKTeX\tex/latex/microtype\microtype-pdf
tex.def
File: microtype-pdftex.def 2026/03/01 v3.2d Definitions specific to pdftex (RS)

LaTeX Info: Redefining \lsstyle on input line 944.
LaTeX Info: Redefining \lslig on input line 944.
\MT@outer@space=\skip51
)
Package microtype Info: Loading configuration file microtype.cfg.

(C:\Users\vresh\AppData\Local\Programs\MiKTeX\tex/latex/microtype\microtype.cfg
File: microtype.cfg 2026/03/01 v3.2d microtype main configuration file (RS)
)
LaTeX Info: Redefining \microtypesetup on input line 3065.
) (C:\Users\vresh\AppData\Local\Programs\MiKTeX\tex/latex/amsmath\amsmath.sty
Package: amsmath 2025/07/09 v2.17z AMS math features
\@mathmargin=\skip52

For additional information on amsmath, use the `?' option.
(C:\Users\vresh\AppData\Local\Programs\MiKTeX\tex/latex/amsmath\amstext.sty
Package: amstext 2024/11/17 v2.01 AMS text

(C:\Users\vresh\AppData\Local\Programs\MiKTeX\tex/latex/amsmath\amsgen.sty
File: amsgen.sty 1999/11/30 v2.0 generic functions
\@emptytoks=\toks25
\ex@=\dimen160
))
(C:\Users\vresh\AppData\Local\Programs\MiKTeX\tex/latex/amsmath\amsbsy.sty
Package: amsbsy 1999/11/29 v1.2d Bold Symbols
\pmbraise@=\dimen161
)
(C:\Users\vresh\AppData\Local\Programs\MiKTeX\tex/latex/amsmath\amsopn.sty
Package: amsopn 2022/04/08 v2.04 operator names
)
\inf@bad=\count290
LaTeX Info: Redefining \frac on input line 233.
\uproot@=\count291
\leftroot@=\count292
LaTeX Info: Redefining \overline on input line 398.
LaTeX Info: Redefining \colon on input line 409.
\classnum@=\count293
\DOTSCASE@=\count294
LaTeX Info: Redefining \ldots on input line 495.
LaTeX Info: Redefining \dots on input line 498.
LaTeX Info: Redefining \cdots on input line 619.
\Mathstrutbox@=\box54
\strutbox@=\box55
LaTeX Info: Redefining \big on input line 721.
LaTeX Info: Redefining \Big on input line 722.
LaTeX Info: Redefining \bigg on input line 723.
LaTeX Info: Redefining \Bigg on input line 724.
\big@size=\dimen162
LaTeX Font Info:    Redeclaring font encoding OML on input line 742.
LaTeX Font Info:    Redeclaring font encoding OMS on input line 743.
\macc@depth=\count295
LaTeX Info: Redefining \bmod on input line 904.
LaTeX Info: Redefining \pmod on input line 909.
LaTeX Info: Redefining \smash on input line 939.
LaTeX Info: Redefining \relbar on input line 969.
LaTeX Info: Redefining \Relbar on input line 970.
\c@MaxMatrixCols=\count296
\dotsspace@=\muskip17
\c@parentequation=\count297
\dspbrk@lvl=\count298
\tag@help=\toks26
\row@=\count299
\column@=\count300
\maxfields@=\count301
\andhelp@=\toks27
\eqnshift@=\dimen163
\alignsep@=\dimen164
\tagshift@=\dimen165
\tagwidth@=\dimen166
\totwidth@=\dimen167
\lineht@=\dimen168
\@envbody=\toks28
\multlinegap=\skip53
\multlinetaggap=\skip54
\mathdisplay@stack=\toks29
LaTeX Info: Redefining \[ on input line 2950.
LaTeX Info: Redefining \] on input line 2951.
)
(C:\Users\vresh\AppData\Local\Programs\MiKTeX\tex/latex/amsfonts\amssymb.sty
Package: amssymb 2013/01/14 v3.01 AMS font symbols

(C:\Users\vresh\AppData\Local\Programs\MiKTeX\tex/latex/amsfonts\amsfonts.sty
Package: amsfonts 2013/01/14 v3.01 Basic AMSFonts support
\symAMSa=\mathgroup4
\symAMSb=\mathgroup5
LaTeX Font Info:    Redeclaring math symbol \hbar on input line 98.
LaTeX Font Info:    Overwriting math alphabet `\mathfrak' in version `bold'
(Font)                  U/euf/m/n --> U/euf/b/n on input line 106.
)) (C:\Users\vresh\AppData\Local\Programs\MiKTeX\tex/latex/amscls\amsthm.sty
Package: amsthm 2020/05/29 v2.20.6
\thm@style=\toks30
\thm@bodyfont=\toks31
\thm@headfont=\toks32
\thm@notefont=\toks33
\thm@headpunct=\toks34
\thm@preskip=\skip55
\thm@postskip=\skip56
\thm@headsep=\skip57
\dth@everypar=\toks35
)
(C:\Users\vresh\AppData\Local\Programs\MiKTeX\tex/latex/mathtools\mathtools.sty
Package: mathtools 2024/10/04 v1.31 mathematical typesetting tools
(C:\Users\vresh\AppData\Local\Programs\MiKTeX\tex/latex/tools\calc.sty
Package: calc 2025/03/01 v4.3b Infix arithmetic (KKT,FJ)
\calc@Acount=\count302
\calc@Bcount=\count303
\calc@Adimen=\dimen169
\calc@Bdimen=\dimen170
\calc@Askip=\skip58
\calc@Bskip=\skip59
LaTeX Info: Redefining \setlength on input line 86.
LaTeX Info: Redefining \addtolength on input line 87.
\calc@Ccount=\count304
\calc@Cskip=\skip60
)
(C:\Users\vresh\AppData\Local\Programs\MiKTeX\tex/latex/mathtools\mhsetup.sty
Package: mhsetup 2021/03/18 v1.4 programming setup (MH)
)
\g_MT_multlinerow_int=\count305
\l_MT_multwidth_dim=\dimen171
\origjot=\skip61
\l_MT_shortvdotswithinadjustabove_dim=\dimen172
\l_MT_shortvdotswithinadjustbelow_dim=\dimen173
\l_MT_above_intertext_sep=\dimen174
\l_MT_below_intertext_sep=\dimen175
\l_MT_above_shortintertext_sep=\dimen176
\l_MT_below_shortintertext_sep=\dimen177
\xmathstrut@box=\box56
\xmathstrut@dim=\dimen178
) (C:\Users\vresh\AppData\Local\Programs\MiKTeX\tex/latex/jknappen\mathrsfs.sty
Package: mathrsfs 1996/01/01 Math RSFS package v1.0 (jk)
\symrsfs=\mathgroup6
) (C:\Users\vresh\AppData\Local\Programs\MiKTeX\tex/latex/tools\bm.sty
Package: bm 2025/10/21 v1.2g Bold Symbol Support (DPC/FMi)
\symboldoperators=\mathgroup7
\symboldletters=\mathgroup8
\symboldsymbols=\mathgroup9
Package bm Info: No bold for \OMX/cmex/m/n, using \pmb.
Package bm Info: No bold for \U/msa/m/n, using \pmb.
Package bm Info: No bold for \U/msb/m/n, using \pmb.
Package bm Info: No bold for \U/rsfs/m/n, using \pmb.
LaTeX Font Info:    Redeclaring math alphabet \mathbf on input line 149.
)
(C:\Users\vresh\AppData\Local\Programs\MiKTeX\tex/latex/booktabs\booktabs.sty
Package: booktabs 2020/01/12 v1.61803398 Publication quality tables
\heavyrulewidth=\dimen179
\lightrulewidth=\dimen180
\cmidrulewidth=\dimen181
\belowrulesep=\dimen182
\belowbottomsep=\dimen183
\aboverulesep=\dimen184
\abovetopsep=\dimen185
\cmidrulesep=\dimen186
\cmidrulekern=\dimen187
\defaultaddspace=\dimen188
\@cmidla=\count306
\@cmidlb=\count307
\@aboverulesep=\dimen189
\@belowrulesep=\dimen190
\@thisruleclass=\count308
\@lastruleclass=\count309
\@thisrulewidth=\dimen191
)
(C:\Users\vresh\AppData\Local\Programs\MiKTeX\tex/latex/tools\longtable.sty
Package: longtable 2025-10-13 v4.24 Multi-page Table package (DPC)
\LTleft=\skip62
\LTright=\skip63
\LTpre=\skip64
\LTpost=\skip65
\LTchunksize=\count310
\LTcapwidth=\dimen192
\LT@head=\box57
\LT@firsthead=\box58
\LT@foot=\box59
\LT@lastfoot=\box60
\LT@gbox=\box61
\LT@cols=\count311
\LT@rows=\count312
\c@LT@tables=\count313
\c@LT@chunks=\count314
\LT@p@ftn=\toks36
)
(C:\Users\vresh\AppData\Local\Programs\MiKTeX\tex/latex/tools\tabularx.sty
Package: tabularx 2023/12/11 v2.12a `tabularx' package (DPC)

(C:\Users\vresh\AppData\Local\Programs\MiKTeX\tex/latex/tools\array.sty
Package: array 2025/09/25 v2.6n Tabular extension package (FMi)
\col@sep=\dimen193
\ar@mcellbox=\box62
\extrarowheight=\dimen194
\NC@list=\toks37
\extratabsurround=\skip66
\backup@length=\skip67
\ar@cellbox=\box63
)
\TX@col@width=\dimen195
\TX@old@table=\dimen196
\TX@old@col=\dimen197
\TX@target=\dimen198
\TX@delta=\dimen199
\TX@cols=\count315
\TX@ftn=\toks38
)
(C:\Users\vresh\AppData\Local\Programs\MiKTeX\tex/latex/graphics\graphicx.sty
Package: graphicx 2024/12/31 v1.2e Enhanced LaTeX Graphics (DPC,SPQR)

(C:\Users\vresh\AppData\Local\Programs\MiKTeX\tex/latex/graphics\graphics.sty
Package: graphics 2024/08/06 v1.4g Standard LaTeX Graphics (DPC,SPQR)

(C:\Users\vresh\AppData\Local\Programs\MiKTeX\tex/latex/graphics\trig.sty
Package: trig 2023/12/02 v1.11 sin cos tan (DPC)
)
(C:\Users\vresh\AppData\Local\Programs\MiKTeX\tex/latex/graphics-cfg\graphics.c
fg
File: graphics.cfg 2016/06/04 v1.11 sample graphics configuration
)
Package graphics Info: Driver file: pdftex.def on input line 106.

(C:\Users\vresh\AppData\Local\Programs\MiKTeX\tex/latex/graphics-def\pdftex.def
File: pdftex.def 2025/09/29 v1.2d Graphics/color driver for pdftex
))
\Gin@req@height=\dimen256
\Gin@req@width=\dimen257
)
(C:\Users\vresh\AppData\Local\Programs\MiKTeX\tex/latex/enumitem\enumitem.sty
Package: enumitem 2025/02/06 v3.11 Customized lists
\labelindent=\skip68
\enit@outerparindent=\dimen258
\enit@toks=\toks39
\enit@inbox=\box64
\enit@count@id=\count316
\enitdp@description=\count317
)
(C:\Users\vresh\AppData\Local\Programs\MiKTeX\tex/latex/xcolor\xcolor.sty
Package: xcolor 2024/09/29 v3.02 LaTeX color extensions (UK)

(C:\Users\vresh\AppData\Local\Programs\MiKTeX\tex/latex/graphics-cfg\color.cfg
File: color.cfg 2016/01/02 v1.6 sample color configuration
)
Package xcolor Info: Driver file: pdftex.def on input line 274.
(C:\Users\vresh\AppData\Local\Programs\MiKTeX\tex/latex/graphics\mathcolor.ltx)
Package xcolor Info: Model `cmy' substituted by `cmy0' on input line 1349.
Package xcolor Info: Model `hsb' substituted by `rgb' on input line 1353.
Package xcolor Info: Model `RGB' extended on input line 1365.
Package xcolor Info: Model `HTML' substituted by `rgb' on input line 1367.
Package xcolor Info: Model `Hsb' substituted by `hsb' on input line 1368.
Package xcolor Info: Model `tHsb' substituted by `hsb' on input line 1369.
Package xcolor Info: Model `HSB' substituted by `hsb' on input line 1370.
Package xcolor Info: Model `Gray' substituted by `gray' on input line 1371.
Package xcolor Info: Model `wave' substituted by `hsb' on input line 1372.
) (C:\Users\vresh\AppData\Local\Programs\MiKTeX\tex/latex/fancyhdr\fancyhdr.sty
Package: fancyhdr 2025/02/07 v5.2 Extensive control of page headers and footers

\f@nch@headwidth=\skip69
\f@nch@offset@elh=\skip70
\f@nch@offset@erh=\skip71
\f@nch@offset@olh=\skip72
\f@nch@offset@orh=\skip73
\f@nch@offset@elf=\skip74
\f@nch@offset@erf=\skip75
\f@nch@offset@olf=\skip76
\f@nch@offset@orf=\skip77
\f@nch@height=\skip78
\f@nch@footalignment=\skip79
\f@nch@widthL=\skip80
\f@nch@widthC=\skip81
\f@nch@widthR=\skip82
\@temptokenb=\toks40
) (C:\Users\vresh\AppData\Local\Programs\MiKTeX\tex/latex/titlesec\titlesec.sty
Package: titlesec 2025/01/04 v2.17 Sectioning titles
\ttl@box=\box65
\beforetitleunit=\skip83
\aftertitleunit=\skip84
\ttl@plus=\dimen259
\ttl@minus=\dimen260
\ttl@toksa=\toks41
\titlewidth=\dimen261
\titlewidthlast=\dimen262
\titlewidthfirst=\dimen263
)
(C:\Users\vresh\AppData\Local\Programs\MiKTeX\tex/latex/tcolorbox\tcolorbox.sty
Package: tcolorbox 2025/11/28 version 6.9.0 text color boxes

(C:\Users\vresh\AppData\Local\Programs\MiKTeX\tex/latex/pgf/frontendlayer\tikz.
sty
(C:\Users\vresh\AppData\Local\Programs\MiKTeX\tex/latex/pgf/basiclayer\pgf.sty
(C:\Users\vresh\AppData\Local\Programs\MiKTeX\tex/latex/pgf/utilities\pgfrcs.st
y
(C:\Users\vresh\AppData\Local\Programs\MiKTeX\tex/generic/pgf/utilities\pgfutil
-common.tex
\pgfutil@everybye=\toks42
\pgfutil@tempdima=\dimen264
\pgfutil@tempdimb=\dimen265
)
(C:\Users\vresh\AppData\Local\Programs\MiKTeX\tex/generic/pgf/utilities\pgfutil
-latex.def
\pgfutil@abb=\box66
)
(C:\Users\vresh\AppData\Local\Programs\MiKTeX\tex/generic/pgf/utilities\pgfrcs.
code.tex
(C:\Users\vresh\AppData\Local\Programs\MiKTeX\tex/generic/pgf\pgf.revision.tex)
Package: pgfrcs 2025-08-29 v3.1.11a (3.1.11a)
))
Package: pgf 2025-08-29 v3.1.11a (3.1.11a)

(C:\Users\vresh\AppData\Local\Programs\MiKTeX\tex/latex/pgf/basiclayer\pgfcore.
sty
(C:\Users\vresh\AppData\Local\Programs\MiKTeX\tex/latex/pgf/systemlayer\pgfsys.
sty
(C:\Users\vresh\AppData\Local\Programs\MiKTeX\tex/generic/pgf/systemlayer\pgfsy
s.code.tex
Package: pgfsys 2025-08-29 v3.1.11a (3.1.11a)

(C:\Users\vresh\AppData\Local\Programs\MiKTeX\tex/generic/pgf/utilities\pgfkeys
.code.tex
\pgfkeys@pathtoks=\toks43
\pgfkeys@temptoks=\toks44

(C:\Users\vresh\AppData\Local\Programs\MiKTeX\tex/generic/pgf/utilities\pgfkeys
libraryfiltered.code.tex
\pgfkeys@tmptoks=\toks45
))
\pgf@x=\dimen266
\pgf@y=\dimen267
\pgf@xa=\dimen268
\pgf@ya=\dimen269
\pgf@xb=\dimen270
\pgf@yb=\dimen271
\pgf@xc=\dimen272
\pgf@yc=\dimen273
\pgf@xd=\dimen274
\pgf@yd=\dimen275
\w@pgf@writea=\write3
\r@pgf@reada=\read2
\c@pgf@counta=\count318
\c@pgf@countb=\count319
\c@pgf@countc=\count320
\c@pgf@countd=\count321
\t@pgf@toka=\toks46
\t@pgf@tokb=\toks47
\t@pgf@tokc=\toks48
\pgf@sys@id@count=\count322

(C:\Users\vresh\AppData\Local\Programs\MiKTeX\tex/generic/pgf/systemlayer\pgf.c
fg
File: pgf.cfg 2025-08-29 v3.1.11a (3.1.11a)
)
Driver file for pgf: pgfsys-pdftex.def

(C:\Users\vresh\AppData\Local\Programs\MiKTeX\tex/generic/pgf/systemlayer\pgfsy
s-pdftex.def
File: pgfsys-pdftex.def 2025-08-29 v3.1.11a (3.1.11a)

(C:\Users\vresh\AppData\Local\Programs\MiKTeX\tex/generic/pgf/systemlayer\pgfsy
s-common-pdf.def
File: pgfsys-common-pdf.def 2025-08-29 v3.1.11a (3.1.11a)
)))
(C:\Users\vresh\AppData\Local\Programs\MiKTeX\tex/generic/pgf/systemlayer\pgfsy
ssoftpath.code.tex
File: pgfsyssoftpath.code.tex 2025-08-29 v3.1.11a (3.1.11a)
\pgfsyssoftpath@smallbuffer@items=\count323
\pgfsyssoftpath@bigbuffer@items=\count324
)
(C:\Users\vresh\AppData\Local\Programs\MiKTeX\tex/generic/pgf/systemlayer\pgfsy
sprotocol.code.tex
File: pgfsysprotocol.code.tex 2025-08-29 v3.1.11a (3.1.11a)
))
(C:\Users\vresh\AppData\Local\Programs\MiKTeX\tex/generic/pgf/basiclayer\pgfcor
e.code.tex
Package: pgfcore 2025-08-29 v3.1.11a (3.1.11a)

(C:\Users\vresh\AppData\Local\Programs\MiKTeX\tex/generic/pgf/math\pgfmath.code
.tex
(C:\Users\vresh\AppData\Local\Programs\MiKTeX\tex/generic/pgf/math\pgfmathutil.
code.tex)
(C:\Users\vresh\AppData\Local\Programs\MiKTeX\tex/generic/pgf/math\pgfmathparse
r.code.tex
\pgfmath@dimen=\dimen276
\pgfmath@count=\count325
\pgfmath@box=\box67
\pgfmath@toks=\toks49
\pgfmath@stack@operand=\toks50
\pgfmath@stack@operation=\toks51
)
(C:\Users\vresh\AppData\Local\Programs\MiKTeX\tex/generic/pgf/math\pgfmathfunct
ions.code.tex)
(C:\Users\vresh\AppData\Local\Programs\MiKTeX\tex/generic/pgf/math\pgfmathfunct
ions.basic.code.tex)
(C:\Users\vresh\AppData\Local\Programs\MiKTeX\tex/generic/pgf/math\pgfmathfunct
ions.trigonometric.code.tex)
(C:\Users\vresh\AppData\Local\Programs\MiKTeX\tex/generic/pgf/math\pgfmathfunct
ions.random.code.tex)
(C:\Users\vresh\AppData\Local\Programs\MiKTeX\tex/generic/pgf/math\pgfmathfunct
ions.comparison.code.tex)
(C:\Users\vresh\AppData\Local\Programs\MiKTeX\tex/generic/pgf/math\pgfmathfunct
ions.base.code.tex)
(C:\Users\vresh\AppData\Local\Programs\MiKTeX\tex/generic/pgf/math\pgfmathfunct
ions.round.code.tex)
(C:\Users\vresh\AppData\Local\Programs\MiKTeX\tex/generic/pgf/math\pgfmathfunct
ions.misc.code.tex)
(C:\Users\vresh\AppData\Local\Programs\MiKTeX\tex/generic/pgf/math\pgfmathfunct
ions.integerarithmetics.code.tex)
(C:\Users\vresh\AppData\Local\Programs\MiKTeX\tex/generic/pgf/math\pgfmathcalc.
code.tex)
(C:\Users\vresh\AppData\Local\Programs\MiKTeX\tex/generic/pgf/math\pgfmathfloat
.code.tex
\c@pgfmathroundto@lastzeros=\count326
))
(C:\Users\vresh\AppData\Local\Programs\MiKTeX\tex/generic/pgf/math\pgfint.code.
tex)
(C:\Users\vresh\AppData\Local\Programs\MiKTeX\tex/generic/pgf/basiclayer\pgfcor
epoints.code.tex
File: pgfcorepoints.code.tex 2025-08-29 v3.1.11a (3.1.11a)
\pgf@picminx=\dimen277
\pgf@picmaxx=\dimen278
\pgf@picminy=\dimen279
\pgf@picmaxy=\dimen280
\pgf@pathminx=\dimen281
\pgf@pathmaxx=\dimen282
\pgf@pathminy=\dimen283
\pgf@pathmaxy=\dimen284
\pgf@xx=\dimen285
\pgf@xy=\dimen286
\pgf@yx=\dimen287
\pgf@yy=\dimen288
\pgf@zx=\dimen289
\pgf@zy=\dimen290
)
(C:\Users\vresh\AppData\Local\Programs\MiKTeX\tex/generic/pgf/basiclayer\pgfcor
epathconstruct.code.tex
File: pgfcorepathconstruct.code.tex 2025-08-29 v3.1.11a (3.1.11a)
\pgf@path@lastx=\dimen291
\pgf@path@lasty=\dimen292
)
(C:\Users\vresh\AppData\Local\Programs\MiKTeX\tex/generic/pgf/basiclayer\pgfcor
epathusage.code.tex
File: pgfcorepathusage.code.tex 2025-08-29 v3.1.11a (3.1.11a)
\pgf@shorten@end@additional=\dimen293
\pgf@shorten@start@additional=\dimen294
)
(C:\Users\vresh\AppData\Local\Programs\MiKTeX\tex/generic/pgf/basiclayer\pgfcor
escopes.code.tex
File: pgfcorescopes.code.tex 2025-08-29 v3.1.11a (3.1.11a)
\pgfpic=\box68
\pgf@hbox=\box69
\pgf@layerbox@main=\box70
\pgf@picture@serial@count=\count327
)
(C:\Users\vresh\AppData\Local\Programs\MiKTeX\tex/generic/pgf/basiclayer\pgfcor
egraphicstate.code.tex
File: pgfcoregraphicstate.code.tex 2025-08-29 v3.1.11a (3.1.11a)
\pgflinewidth=\dimen295
)
(C:\Users\vresh\AppData\Local\Programs\MiKTeX\tex/generic/pgf/basiclayer\pgfcor
etransformations.code.tex
File: pgfcoretransformations.code.tex 2025-08-29 v3.1.11a (3.1.11a)
\pgf@pt@x=\dimen296
\pgf@pt@y=\dimen297
\pgf@pt@temp=\dimen298
)
(C:\Users\vresh\AppData\Local\Programs\MiKTeX\tex/generic/pgf/basiclayer\pgfcor
equick.code.tex
File: pgfcorequick.code.tex 2025-08-29 v3.1.11a (3.1.11a)
)
(C:\Users\vresh\AppData\Local\Programs\MiKTeX\tex/generic/pgf/basiclayer\pgfcor
eobjects.code.tex
File: pgfcoreobjects.code.tex 2025-08-29 v3.1.11a (3.1.11a)
)
(C:\Users\vresh\AppData\Local\Programs\MiKTeX\tex/generic/pgf/basiclayer\pgfcor
epathprocessing.code.tex
File: pgfcorepathprocessing.code.tex 2025-08-29 v3.1.11a (3.1.11a)
)
(C:\Users\vresh\AppData\Local\Programs\MiKTeX\tex/generic/pgf/basiclayer\pgfcor
earrows.code.tex
File: pgfcorearrows.code.tex 2025-08-29 v3.1.11a (3.1.11a)
\pgfarrowsep=\dimen299
)
(C:\Users\vresh\AppData\Local\Programs\MiKTeX\tex/generic/pgf/basiclayer\pgfcor
eshade.code.tex
File: pgfcoreshade.code.tex 2025-08-29 v3.1.11a (3.1.11a)
\pgf@max=\dimen300
\pgf@sys@shading@range@num=\count328
\pgf@shadingcount=\count329
)
(C:\Users\vresh\AppData\Local\Programs\MiKTeX\tex/generic/pgf/basiclayer\pgfcor
eimage.code.tex
File: pgfcoreimage.code.tex 2025-08-29 v3.1.11a (3.1.11a)
)
(C:\Users\vresh\AppData\Local\Programs\MiKTeX\tex/generic/pgf/basiclayer\pgfcor
eexternal.code.tex
File: pgfcoreexternal.code.tex 2025-08-29 v3.1.11a (3.1.11a)
\pgfexternal@startupbox=\box71
)
(C:\Users\vresh\AppData\Local\Programs\MiKTeX\tex/generic/pgf/basiclayer\pgfcor
elayers.code.tex
File: pgfcorelayers.code.tex 2025-08-29 v3.1.11a (3.1.11a)
)
(C:\Users\vresh\AppData\Local\Programs\MiKTeX\tex/generic/pgf/basiclayer\pgfcor
etransparency.code.tex
File: pgfcoretransparency.code.tex 2025-08-29 v3.1.11a (3.1.11a)
)
(C:\Users\vresh\AppData\Local\Programs\MiKTeX\tex/generic/pgf/basiclayer\pgfcor
epatterns.code.tex
File: pgfcorepatterns.code.tex 2025-08-29 v3.1.11a (3.1.11a)
)
(C:\Users\vresh\AppData\Local\Programs\MiKTeX\tex/generic/pgf/basiclayer\pgfcor
erdf.code.tex
File: pgfcorerdf.code.tex 2025-08-29 v3.1.11a (3.1.11a)
)))
(C:\Users\vresh\AppData\Local\Programs\MiKTeX\tex/generic/pgf/modules\pgfmodule
shapes.code.tex
File: pgfmoduleshapes.code.tex 2025-08-29 v3.1.11a (3.1.11a)
\pgfnodeparttextbox=\box72
)
(C:\Users\vresh\AppData\Local\Programs\MiKTeX\tex/generic/pgf/modules\pgfmodule
plot.code.tex
File: pgfmoduleplot.code.tex 2025-08-29 v3.1.11a (3.1.11a)
)
(C:\Users\vresh\AppData\Local\Programs\MiKTeX\tex/latex/pgf/compatibility\pgfco
mp-version-0-65.sty
Package: pgfcomp-version-0-65 2025-08-29 v3.1.11a (3.1.11a)
\pgf@nodesepstart=\dimen301
\pgf@nodesepend=\dimen302
)
(C:\Users\vresh\AppData\Local\Programs\MiKTeX\tex/latex/pgf/compatibility\pgfco
mp-version-1-18.sty
Package: pgfcomp-version-1-18 2025-08-29 v3.1.11a (3.1.11a)
))
(C:\Users\vresh\AppData\Local\Programs\MiKTeX\tex/latex/pgf/utilities\pgffor.st
y
(C:\Users\vresh\AppData\Local\Programs\MiKTeX\tex/latex/pgf/utilities\pgfkeys.s
ty
(C:\Users\vresh\AppData\Local\Programs\MiKTeX\tex/generic/pgf/utilities\pgfkeys
.code.tex))
(C:\Users\vresh\AppData\Local\Programs\MiKTeX\tex/latex/pgf/math\pgfmath.sty
(C:\Users\vresh\AppData\Local\Programs\MiKTeX\tex/generic/pgf/math\pgfmath.code
.tex))
(C:\Users\vresh\AppData\Local\Programs\MiKTeX\tex/generic/pgf/utilities\pgffor.
code.tex
Package: pgffor 2025-08-29 v3.1.11a (3.1.11a)
\pgffor@iter=\dimen303
\pgffor@skip=\dimen304
\pgffor@stack=\toks52
\pgffor@toks=\toks53
))
(C:\Users\vresh\AppData\Local\Programs\MiKTeX\tex/generic/pgf/frontendlayer/tik
z\tikz.code.tex
Package: tikz 2025-08-29 v3.1.11a (3.1.11a)

(C:\Users\vresh\AppData\Local\Programs\MiKTeX\tex/generic/pgf/libraries\pgflibr
aryplothandlers.code.tex
File: pgflibraryplothandlers.code.tex 2025-08-29 v3.1.11a (3.1.11a)
\pgf@plot@mark@count=\count330
\pgfplotmarksize=\dimen305
)
\tikz@lastx=\dimen306
\tikz@lasty=\dimen307
\tikz@lastxsaved=\dimen308
\tikz@lastysaved=\dimen309
\tikz@lastmovetox=\dimen310
\tikz@lastmovetoy=\dimen311
\tikzleveldistance=\dimen312
\tikzsiblingdistance=\dimen313
\tikz@figbox=\box73
\tikz@figbox@bg=\box74
\tikz@tempbox=\box75
\tikz@tempbox@bg=\box76
\tikztreelevel=\count331
\tikznumberofchildren=\count332
\tikznumberofcurrentchild=\count333
\tikz@fig@count=\count334

(C:\Users\vresh\AppData\Local\Programs\MiKTeX\tex/generic/pgf/modules\pgfmodule
matrix.code.tex
File: pgfmodulematrix.code.tex 2025-08-29 v3.1.11a (3.1.11a)
\pgfmatrixcurrentrow=\count335
\pgfmatrixcurrentcolumn=\count336
\pgf@matrix@numberofcolumns=\count337
)
\tikz@expandcount=\count338

(C:\Users\vresh\AppData\Local\Programs\MiKTeX\tex/generic/pgf/frontendlayer/tik
z/libraries\tikzlibrarytopaths.code.tex
File: tikzlibrarytopaths.code.tex 2025-08-29 v3.1.11a (3.1.11a)
)))
(C:\Users\vresh\AppData\Local\Programs\MiKTeX\tex/latex/tools\verbatim.sty
Package: verbatim 2024-01-22 v1.5x LaTeX2e package for verbatim enhancements
\every@verbatim=\toks54
\verbatim@line=\toks55
\verbatim@in@stream=\read3
)
(C:\Users\vresh\AppData\Local\Programs\MiKTeX\tex/latex/environ\environ.sty
Package: environ 2014/05/04 v0.3 A new way to define environments

(C:\Users\vresh\AppData\Local\Programs\MiKTeX\tex/latex/trimspaces\trimspaces.s
ty
Package: trimspaces 2009/09/17 v1.1 Trim spaces around a token list
))
\tcb@titlebox=\box77
\tcb@upperbox=\box78
\tcb@lowerbox=\box79
\tcb@phantombox=\box80
\c@tcbbreakpart=\count339
\c@tcblayer=\count340
\c@tcolorbox@number=\count341
\l__tcobox_tmpa_box=\box81
\l__tcobox_tmpa_dim=\dimen314
\tcb@temp=\box82
\tcb@temp=\box83
\tcb@temp=\box84
\tcb@temp=\box85

(C:\Users\vresh\AppData\Local\Programs\MiKTeX\tex/latex/tcolorbox\tcbraster.cod
e.tex
Library (tcolorbox): 'tcbraster.code.tex' version '6.9.0'
\c@tcbrastercolumn=\count342
\c@tcbrasterrow=\count343
\c@tcbrasternum=\count344
\c@tcbraster=\count345
)
(C:\Users\vresh\AppData\Local\Programs\MiKTeX\tex/latex/tcolorbox\tcbskins.code
.tex
Library (tcolorbox): 'tcbskins.code.tex' version '6.9.0'

(C:\Users\vresh\AppData\Local\Programs\MiKTeX\tex/latex/tikzfill\tikzfill.image
.sty
Package: tikzfill.image 2026/04/23 v1.2.0 Image filling library for TikZ

(C:\Users\vresh\AppData\Local\Programs\MiKTeX\tex/latex/tikzfill\tikzlibraryfil
l.image.code.tex
File: tikzlibraryfill.image.code.tex 2026/04/23 v1.2.0 Image filling library
\l__tikzfill_tmpa_dim=\dimen315
\l__tikzfill_tmpb_dim=\dimen316
\l__tikzfill_img_box=\box86
))
(C:\Users\vresh\AppData\Local\Programs\MiKTeX\tex/latex/tcolorbox\tcbskinsjigsa
w.code.tex
Library (tcolorbox): 'tcbskinsjigsaw.code.tex' version '6.9.0'
))
(C:\Users\vresh\AppData\Local\Programs\MiKTeX\tex/latex/tcolorbox\tcbbreakable.
code.tex
Library (tcolorbox): 'tcbbreakable.code.tex' version '6.9.0'
(C:\Users\vresh\AppData\Local\Programs\MiKTeX\tex/latex/pdfcol\pdfcol.sty
Package: pdfcol 2022-09-21 v1.7 Handle new color stacks for pdfTeX (HO)

(C:\Users\vresh\AppData\Local\Programs\MiKTeX\tex/generic/ltxcmds\ltxcmds.sty
Package: ltxcmds 2023-12-04 v1.26 LaTeX kernel commands for general use (HO)
)
(C:\Users\vresh\AppData\Local\Programs\MiKTeX\tex/generic/infwarerr\infwarerr.s
ty
Package: infwarerr 2019/12/03 v1.5 Providing info/warning/error messages (HO)
))
Package pdfcol Info: New color stack `tcb@breakable' = 1 on input line 23.
\tcb@testbox=\box87
\tcb@totalupperbox=\box88
\tcb@totallowerbox=\box89
)
(C:\Users\vresh\AppData\Local\Programs\MiKTeX\tex/latex/tcolorbox\tcbhooks.code
.tex
Library (tcolorbox): 'tcbhooks.code.tex' version '6.9.0'
)
(C:\Users\vresh\AppData\Local\Programs\MiKTeX\tex/latex/tcolorbox\tcbtheorems.c
ode.tex
Library (tcolorbox): 'tcbtheorems.code.tex' version '6.9.0'
)
(C:\Users\vresh\AppData\Local\Programs\MiKTeX\tex/latex/tcolorbox\tcbfitting.co
de.tex
Library (tcolorbox): 'tcbfitting.code.tex' version '6.9.0'
\tcbfitdim=\dimen317
\tcb@lowerfitdim=\dimen318
\tcb@upperfitdim=\dimen319
\tcb@cur@hbadness=\count346
)
(C:\Users\vresh\AppData\Local\Programs\MiKTeX\tex/latex/tcolorbox\tcblistingsut
f8.code.tex
Library (tcolorbox): 'tcblistingsutf8.code.tex' version '6.9.0'

(C:\Users\vresh\AppData\Local\Programs\MiKTeX\tex/latex/tcolorbox\tcblistings.c
ode.tex
Library (tcolorbox): 'tcblistings.code.tex' version '6.9.0'
(C:\Users\vresh\AppData\Local\Programs\MiKTeX\tex/latex/listings\listings.sty
\lst@mode=\count347
\lst@gtempboxa=\box90
\lst@token=\toks56
\lst@length=\count348
\lst@currlwidth=\dimen320
\lst@column=\count349
\lst@pos=\count350
\lst@lostspace=\dimen321
\lst@width=\dimen322
\lst@newlines=\count351
\lst@lineno=\count352
\lst@maxwidth=\dimen323

(C:\Users\vresh\AppData\Local\Programs\MiKTeX\tex/latex/listings\lstpatch.sty
File: lstpatch.sty 2025/11/14 1.11b (Carsten Heinz)
)
(C:\Users\vresh\AppData\Local\Programs\MiKTeX\tex/latex/listings\lstmisc.sty
File: lstmisc.sty 2025/11/14 1.11b (Carsten Heinz)
\c@lstnumber=\count353
\lst@skipnumbers=\count354
\lst@framebox=\box91
)
(C:\Users\vresh\AppData\Local\Programs\MiKTeX\tex/latex/listings\listings.cfg
File: listings.cfg 2025/11/14 1.11b listings configuration
))
Package: listings 2025/11/14 1.11b (Carsten Heinz)
==> First Aid for listings.sty no longer applied!
    Expected:
        2024/09/23 1.10c (Carsten Heinz)
    but found:
        2025/11/14 1.11b (Carsten Heinz)
    so I'm assuming it got fixed.

(C:\Users\vresh\AppData\Local\Programs\MiKTeX\tex/latex/tcolorbox\tcblistingsco
re.code.tex
Library (tcolorbox): 'tcblistingscore.code.tex' version '6.9.0'

(C:\Users\vresh\AppData\Local\Programs\MiKTeX\tex/latex/tcolorbox\tcbprocessing
.code.tex
Library (tcolorbox): 'tcbprocessing.code.tex' version '6.9.0'
)
\c@tcblisting=\count355
))
(C:\Users\vresh\AppData\Local\Programs\MiKTeX\tex/latex/listingsutf8\listingsut
f8.sty
Package: listingsutf8 2019-12-10 v1.5 Allow UTF-8 in listings input (HO)

(C:\Users\vresh\AppData\Local\Programs\MiKTeX\tex/generic/pdftexcmds\pdftexcmds
.sty
Package: pdftexcmds 2020-06-27 v0.33 Utility functions of pdfTeX for LuaTeX (HO
)
Package pdftexcmds Info: \pdf@primitive is available.
Package pdftexcmds Info: \pdf@ifprimitive is available.
Package pdftexcmds Info: \pdfdraftmode found.
)
(C:\Users\vresh\AppData\Local\Programs\MiKTeX\tex/generic/stringenc\stringenc.s
ty
Package: stringenc 2019/11/29 v1.12 Convert strings between diff. encodings (HO
)

(C:\Users\vresh\AppData\Local\Programs\MiKTeX\tex/generic/pdfescape\pdfescape.s
ty
Package: pdfescape 2019/12/09 v1.15 Implements pdfTeX's escape features (HO)
))))
(C:\Users\vresh\AppData\Local\Programs\MiKTeX\tex/latex/tcolorbox\tcbexternal.c
ode.tex
Library (tcolorbox): 'tcbexternal.code.tex' version '6.9.0'
)
(C:\Users\vresh\AppData\Local\Programs\MiKTeX\tex/latex/tcolorbox\tcbmagazine.c
ode.tex
Library (tcolorbox): 'tcbmagazine.code.tex' version '6.9.0'
)
(C:\Users\vresh\AppData\Local\Programs\MiKTeX\tex/latex/tcolorbox\tcbvignette.c
ode.tex
Library (tcolorbox): 'tcbvignette.code.tex' version '6.9.0'

(C:\Users\vresh\AppData\Local\Programs\MiKTeX\tex/generic/pgf/frontendlayer/tik
z/libraries\tikzlibraryfadings.code.tex
File: tikzlibraryfadings.code.tex 2025-08-29 v3.1.11a (3.1.11a)

(C:\Users\vresh\AppData\Local\Programs\MiKTeX\tex/generic/pgf/libraries\pgflibr
aryfadings.code.tex
File: pgflibraryfadings.code.tex 2025-08-29 v3.1.11a (3.1.11a)
)))
(C:\Users\vresh\AppData\Local\Programs\MiKTeX\tex/latex/tcolorbox\tcbposter.cod
e.tex
Library (tcolorbox): 'tcbposter.code.tex' version '6.9.0'
)) (C:\Users\vresh\AppData\Local\Programs\MiKTeX\tex/latex/xurl\xurl.sty
Package: xurl 2022/01/09 v 0.10 modify URL breaks

(C:\Users\vresh\AppData\Local\Programs\MiKTeX\tex/latex/url\url.sty
\Urlmuskip=\muskip18
Package: url 2013/09/16  ver 3.4  Verb mode for urls, etc.
))
(C:\Users\vresh\AppData\Local\Programs\MiKTeX\tex/latex/hyperref\hyperref.sty
Package: hyperref 2026-01-29 v7.01p Hypertext links for LaTeX

(C:\Users\vresh\AppData\Local\Programs\MiKTeX\tex/latex/kvsetkeys\kvsetkeys.sty
Package: kvsetkeys 2022-10-05 v1.19 Key value parser (HO)
)
(C:\Users\vresh\AppData\Local\Programs\MiKTeX\tex/generic/kvdefinekeys\kvdefine
keys.sty
Package: kvdefinekeys 2019-12-19 v1.6 Define keys (HO)
)
(C:\Users\vresh\AppData\Local\Programs\MiKTeX\tex/latex/hycolor\hycolor.sty
Package: hycolor 2020-01-27 v1.10 Color options for hyperref/bookmark (HO)
)
(C:\Users\vresh\AppData\Local\Programs\MiKTeX\tex/latex/hyperref\nameref.sty
Package: nameref 2026-01-29 v2.58 Cross-referencing by name of section

(C:\Users\vresh\AppData\Local\Programs\MiKTeX\tex/latex/refcount\refcount.sty
Package: refcount 2019/12/15 v3.6 Data extraction from label references (HO)
)
(C:\Users\vresh\AppData\Local\Programs\MiKTeX\tex/generic/gettitlestring\gettit
lestring.sty
Package: gettitlestring 2019/12/15 v1.6 Cleanup title references (HO)

(C:\Users\vresh\AppData\Local\Programs\MiKTeX\tex/latex/kvoptions\kvoptions.sty
Package: kvoptions 2022-06-15 v3.15 Key value format for package options (HO)
))
\c@section@level=\count356
)
\@linkdim=\dimen324
\Hy@linkcounter=\count357
\Hy@pagecounter=\count358
 (C:\Users\vresh\AppData\Local\Programs\MiKTeX\tex/latex/hyperref\pd1enc.def
File: pd1enc.def 2026-01-29 v7.01p Hyperref: PDFDocEncoding definition (HO)
Now handling font encoding PD1 ...
... no UTF-8 mapping file for font encoding PD1
) (C:\Users\vresh\AppData\Local\Programs\MiKTeX\tex/generic/intcalc\intcalc.sty
Package: intcalc 2019/12/15 v1.3 Expandable calculations with integers (HO)
)
\Hy@SavedSpaceFactor=\count359
 (C:\Users\vresh\AppData\Local\Programs\MiKTeX\tex/latex/hyperref\puenc.def
File: puenc.def 2026-01-29 v7.01p Hyperref: PDF Unicode definition (HO)
Now handling font encoding PU ...
... no UTF-8 mapping file for font encoding PU
)
Package hyperref Info: Option `hypertexnames' set `false' on input line 4072.
Package hyperref Info: Hyper figures OFF on input line 4201.
Package hyperref Info: Link nesting OFF on input line 4206.
Package hyperref Info: Hyper index ON on input line 4209.
Package hyperref Info: Plain pages OFF on input line 4216.
Package hyperref Info: Backreferencing OFF on input line 4221.
Package hyperref Info: Implicit mode ON; LaTeX internals redefined.
Package hyperref Info: Bookmarks ON on input line 4468.
\c@Hy@tempcnt=\count360
LaTeX Info: Redefining \url on input line 4807.
\XeTeXLinkMargin=\dimen325

(C:\Users\vresh\AppData\Local\Programs\MiKTeX\tex/generic/bitset\bitset.sty
Package: bitset 2019/12/09 v1.3 Handle bit-vector datatype (HO)

(C:\Users\vresh\AppData\Local\Programs\MiKTeX\tex/generic/bigintcalc\bigintcalc
.sty
Package: bigintcalc 2019/12/15 v1.5 Expandable calculations on big integers (HO
)
))
\Fld@menulength=\count361
\Field@Width=\dimen326
\Fld@charsize=\dimen327
Package hyperref Info: Hyper figures OFF on input line 6084.
Package hyperref Info: Link nesting OFF on input line 6089.
Package hyperref Info: Hyper index ON on input line 6092.
Package hyperref Info: backreferencing OFF on input line 6099.
Package hyperref Info: Link coloring OFF on input line 6104.
Package hyperref Info: Link coloring with OCG OFF on input line 6109.
Package hyperref Info: PDF/A mode OFF on input line 6114.
\Hy@abspage=\count362
\c@Item=\count363
\c@Hfootnote=\count364
)
Package hyperref Info: Driver (autodetected): hpdftex.

(C:\Users\vresh\AppData\Local\Programs\MiKTeX\tex/latex/hyperref\hpdftex.def
File: hpdftex.def 2026-01-29 v7.01p Hyperref driver for pdfTeX
\Fld@listcount=\count365
\c@bookmark@seq@number=\count366

(C:\Users\vresh\AppData\Local\Programs\MiKTeX\tex/latex/rerunfilecheck\rerunfil
echeck.sty
Package: rerunfilecheck 2025-06-21 v1.11 Rerun checks for auxiliary files (HO)

(C:\Users\vresh\AppData\Local\Programs\MiKTeX\tex/generic/uniquecounter\uniquec
ounter.sty
Package: uniquecounter 2019/12/15 v1.4 Provide unlimited unique counter (HO)
)
Package uniquecounter Info: New unique counter `rerunfilecheck' on input line 2
84.
)
\Hy@SectionHShift=\skip85
)
(C:\Users\vresh\AppData\Local\Programs\MiKTeX\tex/latex/cleveref\cleveref.sty
Package: cleveref 2018/03/27 v0.21.4 Intelligent cross-referencing
Package cleveref Info: `hyperref' support loaded on input line 2370.
LaTeX Info: Redefining \cref on input line 2370.
LaTeX Info: Redefining \Cref on input line 2370.
LaTeX Info: Redefining \crefrange on input line 2370.
LaTeX Info: Redefining \Crefrange on input line 2370.
LaTeX Info: Redefining \cpageref on input line 2370.
LaTeX Info: Redefining \Cpageref on input line 2370.
LaTeX Info: Redefining \cpagerefrange on input line 2370.
LaTeX Info: Redefining \Cpagerefrange on input line 2370.
LaTeX Info: Redefining \labelcref on input line 2370.
LaTeX Info: Redefining \labelcpageref on input line 2370.
Package cleveref Info: `amsthm' support loaded on input line 3026.
Package cleveref Info: `listings' support loaded on input line 3131.
Package cleveref Info: include cross-reference names in hyperlinks on input lin
e 7836.
Package cleveref Info: include cross-reference names in hyperlinks on input lin
e 7852.
Package cleveref Info: no abbreviation of names on input line 7852.
)
==> First Aid for cleveref.sty applied!
Package hyperref Info: Option `colorlinks' set `true' on input line 42.
(../../../../fabius-notation.tex)
(C:\Users\vresh\AppData\Local\Programs\MiKTeX\tex/latex/aliascnt\aliascnt.sty
Package: aliascnt 2026-03-08 v1.7 Alias counters (HO)
)
\c@theorem=\count367

(C:\Users\vresh\AppData\Local\Programs\MiKTeX\tex/latex/multirow\multirow.sty
Package: multirow 2024/11/12 v2.9 Span multiple rows of a table
\multirow@colwidth=\skip86
\multirow@cntb=\count368
\multirow@dima=\skip87
\bigstrutjot=\dimen328
)
(C:\Users\vresh\AppData\Local\Programs\MiKTeX\tex/latex/tools\multicol.sty
Package: multicol 2025/10/21 v2.0b multicolumn formatting (FMi)
\c@tracingmulticols=\count369
\mult@box=\box92
\multicol@leftmargin=\dimen329
\c@unbalance=\count370
\c@collectmore=\count371
\doublecol@number=\count372
\multicoltolerance=\count373
\multicolpretolerance=\count374
\full@width=\dimen330
\page@free=\dimen331
\premulticols=\dimen332
\postmulticols=\dimen333
\multicolsep=\skip88
\multicolbaselineskip=\skip89
\partial@page=\box93
\last@line=\box94
\mc@boxedresult=\box95
\maxbalancingoverflow=\dimen334
\mult@rightbox=\box96
\mult@grightbox=\box97
\mult@firstbox=\box98
\mult@gfirstbox=\box99
\@tempa=\box100
\@tempa=\box101
\@tempa=\box102
\@tempa=\box103
\@tempa=\box104
\@tempa=\box105
\@tempa=\box106
\@tempa=\box107
\@tempa=\box108
\@tempa=\box109
\@tempa=\box110
\@tempa=\box111
\@tempa=\box112
\@tempa=\box113
\@tempa=\box114
\@tempa=\box115
\@tempa=\box116
\@tempa=\box117
\@tempa=\box118
\@tempa=\box119
\@tempa=\box120
\@tempa=\box121
\@tempa=\box122
\@tempa=\box123
\@tempa=\box124
\@tempa=\box125
\@tempa=\box126
\@tempa=\box127
\@tempa=\box128
\@tempa=\box129
\@tempa=\box130
\@tempa=\box131
\@tempa=\box132
\@tempa=\box133
\@tempa=\box134
\@tempa=\box135
\c@minrows=\count375
\c@columnbadness=\count376
\c@finalcolumnbadness=\count377
\last@try=\dimen335
\multicolovershoot=\dimen336
\multicolundershoot=\dimen337
\mult@nat@firstbox=\box136
\colbreak@box=\box137
\mc@col@check@num=\count378
\g__mc_curr_col_int=\count379
)
(C:\Users\vresh\AppData\Local\Programs\MiKTeX\tex/latex/caption\caption.sty
Package: caption 2023/08/05 v3.6o Customizing captions (AR)

(C:\Users\vresh\AppData\Local\Programs\MiKTeX\tex/latex/caption\caption3.sty
Package: caption3 2023/07/31 v2.4d caption3 kernel (AR)
\caption@tempdima=\dimen338
\captionmargin=\dimen339
\caption@leftmargin=\dimen340
\caption@rightmargin=\dimen341
\caption@width=\dimen342
\caption@indent=\dimen343
\caption@parindent=\dimen344
\caption@hangindent=\dimen345
Package caption Info: Standard document class detected.
)
\c@caption@flags=\count380
\c@continuedfloat=\count381
Package caption Info: hyperref package is loaded.
Package caption Info: listings package is loaded.
Package caption Info: longtable package is loaded.

(C:\Users\vresh\AppData\Local\Programs\MiKTeX\tex/latex/caption\ltcaption.sty
Package: ltcaption 2021/01/08 v1.4c longtable captions (AR)
)) (C:\Users\vresh\AppData\Local\Programs\MiKTeX\tex/latex/float\float.sty
Package: float 2001/11/08 v1.3d Float enhancements (AL)
\c@float@type=\count382
\float@exts=\toks57
\float@box=\box138
\@float@everytoks=\toks58
\@floatcapt=\box139
)
(C:\Users\vresh\AppData\Local\Programs\MiKTeX\tex/latex/siunitx\siunitx.sty
Package: siunitx 2026-05-15 v3.5.5 A comprehensive (SI) units package
\l__siunitx_number_uncert_offset_int=\count383
\l__siunitx_number_exponent_fixed_int=\count384
\l__siunitx_number_min_decimal_int=\count385
\l__siunitx_number_min_integer_int=\count386
\l__siunitx_number_round_precision_int=\count387
\l__siunitx_number_lower_threshold_int=\count388
\l__siunitx_number_upper_threshold_int=\count389
\l__siunitx_number_group_first_int=\count390
\l__siunitx_number_group_size_int=\count391
\l__siunitx_number_group_min_int=\count392
\l__siunitx_number_group_minimum_int=\count393
\l__siunitx_compound_count_int=\count394

(C:\Users\vresh\AppData\Local\Programs\MiKTeX\tex/latex/translations\translatio
ns.sty
Package: translations 2022/02/05 v1.12 internationalization of LaTeX2e packages
 (CN)
)
\l__siunitx_table_tmp_box=\box140
\l__siunitx_table_tmp_dim=\dimen346
\l__siunitx_table_column_width_dim=\dimen347
\l__siunitx_table_integer_box=\box141
\l__siunitx_table_decimal_box=\box142
\l__siunitx_table_uncert_box=\box143
\l__siunitx_table_before_box=\box144
\l__siunitx_table_after_box=\box145
\l__siunitx_table_before_dim=\dimen348
\l__siunitx_table_carry_dim=\dimen349
\l__siunitx_unit_tmp_int=\count395
\l__siunitx_unit_position_int=\count396
\l__siunitx_unit_total_int=\count397
\l__siunitx_sexagesimal_tmp_dim=\dimen350
\l__siunitx_sexagesimal_marker_box=\box146
\l__siunitx_sexagesimal_unit_box=\box147
)
Package translations Info: No language package found. I am going to use `englis
h' as default language. on input line 133.
LaTeX Font Info:    Trying to load font information for T1+LibertinusSerif-TLF 
on input line 133.

(C:\Users\vresh\AppData\Local\Programs\MiKTeX\tex/latex/libertinus-type1\t1libe
rtinusserif-tlf.fd
File: T1LibertinusSerif-TLF.fd 2024/09/22 (autoinst) Font definitions for T1/Li
bertinusSerif-TLF.
)
LaTeX Font Info:    Font shape `T1/LibertinusSerif-TLF/m/n' will be
(Font)              scaled to size 10.95pt on input line 133.

(C:\Users\vresh\AppData\Local\Programs\MiKTeX\tex/latex/l3backend\l3backend-pdf
tex.def
File: l3backend-pdftex.def 2026-02-18 L3 backend support: PDF output (pdfTeX)
\l__color_backend_stack_int=\count398
) (C:\Temp\pv-g22yuhaf\out\Integration_and_Transform_Frontiers.aux)
\openout1 = `Integration_and_Transform_Frontiers.aux'.

LaTeX Font Info:    Checking defaults for OML/cmm/m/it on input line 133.
LaTeX Font Info:    ... okay on input line 133.
LaTeX Font Info:    Checking defaults for OMS/cmsy/m/n on input line 133.
LaTeX Font Info:    ... okay on input line 133.
LaTeX Font Info:    Checking defaults for OT1/cmr/m/n on input line 133.
LaTeX Font Info:    ... okay on input line 133.
LaTeX Font Info:    Checking defaults for T1/cmr/m/n on input line 133.
LaTeX Font Info:    ... okay on input line 133.
LaTeX Font Info:    Checking defaults for TS1/cmr/m/n on input line 133.
LaTeX Font Info:    ... okay on input line 133.
LaTeX Font Info:    Checking defaults for OMX/cmex/m/n on input line 133.
LaTeX Font Info:    ... okay on input line 133.
LaTeX Font Info:    Checking defaults for U/cmr/m/n on input line 133.
LaTeX Font Info:    ... okay on input line 133.
LaTeX Font Info:    Checking defaults for PD1/pdf/m/n on input line 133.
LaTeX Font Info:    ... okay on input line 133.
LaTeX Font Info:    Checking defaults for PU/pdf/m/n on input line 133.
LaTeX Font Info:    ... okay on input line 133.

*geometry* driver: auto-detecting
*geometry* detected driver: pdftex
*geometry* verbose mode - [ preamble ] result:
* driver: pdftex
* paper: a4paper
* layout: <same size as paper>
* layoutoffset:(h,v)=(0.0pt,0.0pt)
* modes: 
* h-part:(L,W,R)=(76.82243pt, 443.863pt, 76.82243pt)
* v-part:(T,H,B)=(76.82243pt, 691.40198pt, 76.82243pt)
* \paperwidth=597.50787pt
* \paperheight=845.04684pt
* \textwidth=443.863pt
* \textheight=691.40198pt
* \oddsidemargin=4.55244pt
* \evensidemargin=4.55244pt
* \topmargin=-35.44756pt
* \headheight=15.0pt
* \headsep=25.0pt
* \topskip=11.0pt
* \footskip=30.0pt
* \marginparwidth=59.0pt
* \marginparsep=10.0pt
* \columnsep=10.0pt
* \skip\footins=10.0pt plus 4.0pt minus 2.0pt
* \hoffset=0.0pt
* \voffset=0.0pt
* \mag=1000
* \@twocolumnfalse
* \@twosidefalse
* \@mparswitchfalse
* \@reversemarginfalse
* (1in=72.27pt=25.4mm, 1cm=28.453pt)

\c@mv@tabular=\count399
\c@mv@boldtabular=\count400
LaTeX Info: Redefining \microtypecontext on input line 133.
Package microtype Info: Applying patch `item' on input line 133.
Package microtype Info: Applying patch `toc' on input line 133.
Package microtype Info: Applying patch `eqnum' on input line 133.
Package microtype Info: Applying patch `footnote' on input line 133.
Package microtype Info: Applying patch `verbatim' on input line 133.
LaTeX Info: Redefining \microtypesetup on input line 133.
Package microtype Info: Generating PDF output.
Package microtype Info: Character protrusion enabled (level 2).
Package microtype Info: Using default protrusion set `alltext'.
Package microtype Info: Automatic font expansion enabled (level 2),
(microtype)             stretch: 20, shrink: 20, step: 1, non-selected.
Package microtype Info: Using default expansion set `alltext-nott'.
Package microtype Info: Patching command `\showhyphens'.
Package microtype Info: No adjustment of tracking.
Package microtype Info: No adjustment of interword spacing.
Package microtype Info: No adjustment of character kerning.
Package microtype Info: Loading generic protrusion settings for font family
(microtype)             `LibertinusSerif-TLF' (encoding: T1).
(microtype)             For optimal results, create family-specific settings.
(microtype)             See the microtype manual for details.

(C:\Users\vresh\AppData\Local\Programs\MiKTeX\tex/context/base/mkii\supp-pdf.mk
ii
[Loading MPS to PDF converter (version 2006.09.02).]
\scratchcounter=\count401
\scratchdimen=\dimen351
\scratchbox=\box148
\nofMPsegments=\count402
\nofMParguments=\count403
\everyMPshowfont=\toks59
\MPscratchCnt=\count404
\MPscratchDim=\dimen352
\MPnumerator=\count405
\makeMPintoPDFobject=\count406
\everyMPtoPDFconversion=\toks60
)
(C:\Users\vresh\AppData\Local\Programs\MiKTeX\tex/latex/epstopdf-pkg\epstopdf-b
ase.sty
Package: epstopdf-base 2020-01-24 v2.11 Base part for package epstopdf


Package epstopdf Warning: Shell escape feature is not enabled.

Package epstopdf-base Info: Redefining graphics rule for `.eps' on input line 4
85.

(C:\Users\vresh\AppData\Local\Programs\MiKTeX\tex/latex/00miktex\epstopdf-sys.c
fg
File: epstopdf-sys.cfg 2021/03/18 v2.0 Configuration of epstopdf for MiKTeX
))
\c@lstlisting=\count407
Package hyperref Info: Link coloring ON on input line 133.
 (C:\Temp\pv-g22yuhaf\out\Integration_and_Transform_Frontiers.out)
(C:\Temp\pv-g22yuhaf\out\Integration_and_Transform_Frontiers.out)
\@outlinefile=\write4
\openout4 = `Integration_and_Transform_Frontiers.out'.

Package caption Info: Begin \AtBeginDocument code.
Package caption Info: float package is loaded.
Package caption Info: End \AtBeginDocument code.

(C:\Users\vresh\AppData\Local\Programs\MiKTeX\tex/latex/translations/dicts\tran
slations-basic-dictionary-english.trsl
File: translations-basic-dictionary-english.trsl (english translation file `tra
nslations-basic-dictionary')
)
Package translations Info: loading dictionary `translations-basic-dictionary' f
or `english'. on input line 133.
LaTeX Font Info:    Font shape `T1/LibertinusSerif-TLF/m/n' will be
(Font)              scaled to size 17.28pt on input line 135.
LaTeX Font Info:    Font shape `T1/LibertinusSerif-TLF/b/n' will be
(Font)              scaled to size 17.28pt on input line 135.
LaTeX Font Info:    Font shape `T1/LibertinusSerif-TLF/m/n' will be
(Font)              scaled to size 12.0pt on input line 135.

(C:\Users\vresh\AppData\Local\Programs\MiKTeX\tex/latex/microtype\mt-cmr.cfg
File: mt-cmr.cfg 2013/05/19 v2.2 microtype config. file: Computer Modern Roman 
(RS)
)
LaTeX Font Info:    Trying to load font information for U+msa on input line 135
.

(C:\Users\vresh\AppData\Local\Programs\MiKTeX\tex/latex/amsfonts\umsa.fd
File: umsa.fd 2013/01/14 v3.01 AMS symbols A
)
(C:\Users\vresh\AppData\Local\Programs\MiKTeX\tex/latex/microtype\mt-msa.cfg
File: mt-msa.cfg 2006/02/04 v1.1 microtype config. file: AMS symbols (a) (RS)
)
LaTeX Font Info:    Trying to load font information for U+msb on input line 135
.

(C:\Users\vresh\AppData\Local\Programs\MiKTeX\tex/latex/amsfonts\umsb.fd
File: umsb.fd 2013/01/14 v3.01 AMS symbols B
)
(C:\Users\vresh\AppData\Local\Programs\MiKTeX\tex/latex/microtype\mt-msb.cfg
File: mt-msb.cfg 2005/06/01 v1.0 microtype config. file: AMS symbols (b) (RS)
)
LaTeX Font Info:    Trying to load font information for U+rsfs on input line 13
5.

(C:\Users\vresh\AppData\Local\Programs\MiKTeX\tex/latex/jknappen\ursfs.fd
File: ursfs.fd 1998/03/24 rsfs font definition file (jk)
)
LaTeX Font Info:    Font shape `T1/LibertinusSerif-TLF/m/n' will be
(Font)              scaled to size 14.4pt on input line 137.
LaTeX Font Info:    Font shape `T1/LibertinusSerif-TLF/b/n' will be
(Font)              scaled to size 14.4pt on input line 137.

(C:\Temp\pv-g22yuhaf\out\Integration_and_Transform_Frontiers.toc
LaTeX Font Info:    Font shape `T1/LibertinusSerif-TLF/b/n' will be
(Font)              scaled to size 12.0pt on input line 1.
LaTeX Font Info:    Font shape `T1/LibertinusSerif-TLF/b/n' will be
(Font)              scaled to size 10.95pt on input line 2.
 [1

{C:/Users/vresh/AppData/Local/MiKTeX/fonts/map/pdftex/pdftex.map}{C:/Users/vres
h/AppData/Local/Programs/MiKTeX/fonts/enc/dvips/libertinus-type1/lbn1_sfissr.en
c}{C:/Users/vresh/AppData/Local/Programs/MiKTeX/fonts/enc/dvips/libertinus-type
1/lbn1_75t36g.enc}]
LaTeX Font Info:    Font shape `T1/LibertinusSerif-TLF/m/n' will be
(Font)              scaled to size 10.0pt on input line 63.
 [2] [3] [4] [5]
LaTeX Font Info:    Trying to load font information for U+euf on input line 208
.

(C:\Users\vresh\AppData\Local\Programs\MiKTeX\tex/latex/amsfonts\ueuf.fd
File: ueuf.fd 2013/01/14 v3.01 Euler Fraktur
)
(C:\Users\vresh\AppData\Local\Programs\MiKTeX\tex/latex/microtype\mt-euf.cfg
File: mt-euf.cfg 2006/07/03 v1.1 microtype config. file: AMS Euler Fraktur (RS)

)
[6] [7] [8] [9] [10] [11] [12] [13] [14] [15] [16] [17] [18])
\tf@toc=\write5
\openout5 = `Integration_and_Transform_Frontiers.toc'.

 [19]
LaTeX Font Info:    Trying to load font information for TS1+LibertinusSerif-TLF
 on input line 147.

(C:\Users\vresh\AppData\Local\Programs\MiKTeX\tex/latex/libertinus-type1\ts1lib
ertinusserif-tlf.fd
File: TS1LibertinusSerif-TLF.fd 2024/09/22 (autoinst) Font definitions for TS1/
LibertinusSerif-TLF.
)
LaTeX Font Info:    Font shape `TS1/LibertinusSerif-TLF/m/n' will be
(Font)              scaled to size 10.95pt on input line 147.
Package microtype Info: Loading generic protrusion settings for font family
(microtype)             `LibertinusSerif-TLF' (encoding: TS1).
(microtype)             For optimal results, create family-specific settings.
(microtype)             See the microtype manual for details.
LaTeX Font Info:    Trying to load font information for T1+LibertinusMono-TLF o
n input line 147.

(C:\Users\vresh\AppData\Local\Programs\MiKTeX\tex/latex/libertinus-type1\t1libe
rtinusmono-tlf.fd
File: T1LibertinusMono-TLF.fd 2025/01/11 (autoinst) Font definitions for T1/Lib
ertinusMono-TLF.
)
LaTeX Font Info:    Font shape `T1/LibertinusMono-TLF/m/n' will be
(Font)              scaled to size 9.30756pt on input line 147.
Package microtype Info: Loading generic protrusion settings for font family
(microtype)             `LibertinusMono-TLF' (encoding: T1).
(microtype)             For optimal results, create family-specific settings.
(microtype)             See the microtype manual for details.
Package microtype Info: Character `guilsinglleft ' is missing
(microtype)             in font `T1/LibertinusMono-TLF/m/n/10.95'.
(microtype)             Ignoring protrusion settings for this character.
Package microtype Info: Character `guilsinglright ' is missing
(microtype)             in font `T1/LibertinusMono-TLF/m/n/10.95'.
(microtype)             Ignoring protrusion settings for this character.
LaTeX Font Info:    Font shape `T1/LibertinusSerif-TLF/m/n' will be
(Font)              scaled to size 9.0pt on input line 147.
LaTeX Font Info:    Font shape `T1/LibertinusMono-TLF/m/n' will be
(Font)              scaled to size 7.65005pt on input line 147.
Package microtype Info: Character `guilsinglleft ' is missing
(microtype)             in font `T1/LibertinusMono-TLF/m/n/9'.
(microtype)             Ignoring protrusion settings for this character.
Package microtype Info: Character `guilsinglright ' is missing
(microtype)             in font `T1/LibertinusMono-TLF/m/n/9'.
(microtype)             Ignoring protrusion settings for this character.
 [20

{C:/Users/vresh/AppData/Local/Programs/MiKTeX/fonts/enc/dvips/libertinus-type1/
lbn1_rlktsf.enc}{C:/Users/vresh/AppData/Local/Programs/MiKTeX/fonts/enc/dvips/l
ibertinus-type1/lbn1_or3pzs.enc}]
LaTeX Font Info:    Font shape `T1/LibertinusSerif-TLF/m/it' will be
(Font)              scaled to size 10.95pt on input line 291.
 [21] [22] [23{C:/Users/vresh/AppData/Local/Programs/MiKTeX/fonts/enc/dvips/lib
ertinus-type1/lbn1_sncvby.enc}] [24] [25]
Package microtype Info: Loading generic protrusion settings for font family
(microtype)             `cmtt' (encoding: OT1).
(microtype)             For optimal results, create family-specific settings.
(microtype)             See the microtype manual for details.
Package microtype Info: Loading generic protrusion settings for font family
(microtype)             `cmss' (encoding: OT1).
(microtype)             For optimal results, create family-specific settings.
(microtype)             See the microtype manual for details.
 [26] [27] [28] [29] [30] [31] [32]
LaTeX Font Info:    Font shape `T1/LibertinusSerif-TLF/b/n' will be
(Font)              scaled to size 20.74pt on input line 984.
LaTeX Font Info:    Font shape `T1/LibertinusSerif-TLF/b/n' will be
(Font)              scaled to size 10.0pt on input line 990.
 [33


] [34]
Underfull \hbox (badness 5316) in paragraph at lines 1135--1135
[]|\T1/LibertinusSerif-TLF/m/n/10.95 (+20) Normalized ker-nel and literal-
 []


Underfull \hbox (badness 5175) in paragraph at lines 1155--1155
[]|\T1/LibertinusSerif-TLF/m/n/10.95 (+20) Positive affine co-vari-ance and
 []


Underfull \hbox (badness 1983) in paragraph at lines 1194--1194
[]|\T1/LibertinusSerif-TLF/m/n/10.95 (+20) Finite natural-monomial Fabius
 []


ignored: Infinite glue shrinkage found in box being split [35] [36] [37] [38] [39] [40] 
[41] [42] [43] [44] [45] [46]
LaTeX Font Info:    Font shape `T1/LibertinusSerif-TLF/m/n' will be
(Font)              scaled to size 8.0pt on input line 2053.
LaTeX Font Info:    Font shape `T1/LibertinusSerif-TLF/m/n' will be
(Font)              scaled to size 6.0pt on input line 2053.
 [47] [48] [49]
[50] [51] [52] [53] [54] [55] [56] [57]
Underfull \hbox (badness 1629) in paragraph at lines 2850--2850
[]|\T1/LibertinusSerif-TLF/m/n/10.95 (+20) Generic positive-real frac-
 []


Underfull \hbox (badness 1264) in paragraph at lines 2871--2871
[]|$\OML/cmm/m/it/10.95 n$\T1/LibertinusSerif-TLF/m/n/10.95 (+20) -fold prim-i-
tive of $\OML/cmm/m/it/10.95 F$ \T1/LibertinusSerif-TLF/m/n/10.95 (+20) for
 []


ignored: Infinite glue shrinkage found in box being split [58]
ignored: Infinite glue shrinkage fo
und in box being split [59] [60] [61]
Underfull \hbox (badness 2635) in paragraph at lines 3107--3112
[]\T1/LibertinusSerif-TLF/m/n/10.95 (+20) V. Reshet-nikov, \T1/LibertinusSerif-
TLF/m/it/10.95 (+20) Exponent-Sequence and Newton-Basis Fron-tiers for the Fabi
us--Rvachev
 []


Underfull \hbox (badness 4846) in paragraph at lines 3107--3112
\T1/LibertinusSerif-TLF/m/it/10.95 (+20) Sys-tem\T1/LibertinusSerif-TLF/m/n/10.
95 (+20) , archive README record-ing the 67-path re-cur-sive La-TeX au-dit at c
om-mit
 []


Underfull \hbox (badness 6078) in paragraph at lines 3126--3130
[]\T1/LibertinusSerif-TLF/m/n/10.95 (+20) V. A. Rvachev, ``Com-pactly sup-porte
d so-lu-tions of functional-differential equa-tions
 []


Underfull \hbox (badness 10000) in paragraph at lines 3126--3130
\T1/LibertinusSerif-TLF/m/n/10.95 (+20) and their ap-pli-ca-tions,'' \T1/Libert
inusSerif-TLF/m/it/10.95 (+20) Rus-sian Math-e-mat-i-cal Sur-veys \T1/Libertinu
sSerif-TLF/b/n/10.95 (+20) 45\T1/LibertinusSerif-TLF/m/n/10.95 (+20) :1 (1990),
 87--120. DOI:
 []

[62]
LaTeX Font Info:    Font shape `T1/LibertinusMono-TLF/m/n' will be
(Font)              scaled to size 8.50006pt on input line 3216.
Package microtype Info: Character `guilsinglleft ' is missing
(microtype)             in font `T1/LibertinusMono-TLF/m/n/10'.
(microtype)             Ignoring protrusion settings for this character.
Package microtype Info: Character `guilsinglright ' is missing
(microtype)             in font `T1/LibertinusMono-TLF/m/n/10'.
(microtype)             Ignoring protrusion settings for this character.
 [63

] [64]
Underfull \hbox (badness 10000) in paragraph at lines 3398--3398
[]|\T1/LibertinusSerif-TLF/m/n/10 (+20) Lean-formalized,
 []


Underfull \hbox (badness 10000) in paragraph at lines 3398--3398
[]|\T1/LibertinusSerif-TLF/m/n/10 (+20) Lean-formalized,
 []


Underfull \hbox (badness 10000) in paragraph at lines 3398--3398
[]|\T1/LibertinusSerif-TLF/m/n/10 (+20) Frontier here;
 []


Underfull \hbox (badness 2913) in paragraph at lines 3398--3398
\T1/LibertinusSerif-TLF/m/n/10 (+20) arith-metic in-puts
 []


Underfull \hbox (badness 10000) in paragraph at lines 3398--3398
[]|\T1/LibertinusSerif-TLF/m/n/10 (+20) Generic positive-
 []


Underfull \hbox (badness 10000) in paragraph at lines 3398--3398
\T1/LibertinusSerif-TLF/m/n/10 (+20) real ordered-
 []


Underfull \hbox (badness 7777) in paragraph at lines 3398--3398
\T1/LibertinusSerif-TLF/m/n/10 (+20) continuous semi-
 []


Underfull \hbox (badness 10000) in paragraph at lines 3398--3398
\T1/LibertinusSerif-TLF/m/n/10 (+20) group, pos-i-tive
 []


Underfull \hbox (badness 2951) in paragraph at lines 3398--3398
\T1/LibertinusSerif-TLF/m/n/10 (+20) affine co-vari-ance,
 []


Underfull \hbox (badness 10000) in paragraph at lines 3398--3398
\T1/LibertinusSerif-TLF/m/n/10 (+20) deriva-tive or-der
 []


Underfull \hbox (badness 5970) in paragraph at lines 3398--3398
\T1/LibertinusSerif-TLF/m/n/10 (+20) rais-ing, and the
 []


Underfull \hbox (badness 10000) in paragraph at lines 3398--3398
\T1/LibertinusSerif-TLF/m/n/10 (+20) real one-step
 []


Underfull \hbox (badness 10000) in paragraph at lines 3398--3398
\T1/LibertinusSerif-TLF/m/n/10 (+20) Fabius--Rvachev
 []


Underfull \hbox (badness 4001) in paragraph at lines 3398--3398
\T1/LibertinusSerif-TLF/m/n/10 (+20) shifts for-mal-ized;
 []


Underfull \hbox (badness 10000) in paragraph at lines 3398--3398
\T1/LibertinusSerif-TLF/m/n/10 (+20) it-er-ated/complex
 []


Underfull \hbox (badness 10000) in paragraph at lines 3398--3398
\OML/cmm/m/it/10 q$\T1/LibertinusSerif-TLF/m/n/10 (+20) -dilation struc-
 []

[65] [66] [67] [68] [69] [70] [71] [72] [73] [74] [75] [76] [77]
LaTeX Font Info:    Font shape `T1/LibertinusSerif-TLF/m/it' will be
(Font)              scaled to size 8.0pt on input line 4372.
LaTeX Font Info:    Font shape `T1/LibertinusSerif-TLF/m/it' will be
(Font)              scaled to size 6.0pt on input line 4372.
 [78] [79]
[80]
LaTeX Font Info:    Font shape `T1/LibertinusMono-TLF/m/it' will be
(Font)              scaled to size 9.30756pt on input line 4582.
Package microtype Info: Character `guilsinglleft ' is missing
(microtype)             in font `T1/LibertinusMono-TLF/m/it/10.95'.
(microtype)             Ignoring protrusion settings for this character.
Package microtype Info: Character `guilsinglright ' is missing
(microtype)             in font `T1/LibertinusMono-TLF/m/it/10.95'.
(microtype)             Ignoring protrusion settings for this character.
 [81]
ignored: Infinite glue shrinkage found in box being split [82] [83] [84] [85] [86] 
[87]
LaTeX Font Info:    Font shape `T1/LibertinusSerif-TLF/m/sc' will be
(Font)              scaled to size 10.0pt on input line 5009.
 [88

{C:/Users/vresh/AppData/Local/Programs/MiKTeX/fonts/enc/dvips/libertinus-type1/
lbn1_cb34qf.enc}] [89

] [90] [91]
[92] [93] [94] [95] [96] [97] [98] [99] [100] [101] [102] [103] [104]
<assets/fabius_monomial_antiderivatives_report-2/newton_series_convergence.png,
 id=4915, 520.344pt x 332.0405pt>
File: assets/fabius_monomial_antiderivatives_report-2/newton_series_convergence
.png Graphic file (type png)
<use assets/fabius_monomial_antiderivatives_report-2/newton_series_convergence.
png>
Package pdftex.def Info: assets/fabius_monomial_antiderivatives_report-2/newton
_series_convergence.png  used on input line 6269.
(pdftex.def)             Requested size: 363.9709pt x 232.26463pt.
 [105]
[106 <./assets/fabius_monomial_antiderivatives_report-2/newton_series_convergen
ce.png>] [107] [108] [109] [110]
ignored: Infinite glue shrinkage found in box being spli
t [111]
ignored: Infinite glue shrinkage found in box being split [112]
(C:\Users\vresh\AppData\Local\Programs\MiKTeX\tex/latex/listings\lstlang1.sty
File: lstlang1.sty 2025/11/14 1.11b listings language file
)
LaTeX Font Info:    Font shape `T1/LibertinusMono-TLF/b/n' will be
(Font)              scaled to size 8.50006pt on input line 6739.
Package microtype Info: Character `guilsinglleft ' is missing
(microtype)             in font `T1/LibertinusMono-TLF/b/n/10'.
(microtype)             Ignoring protrusion settings for this character.
Package microtype Info: Character `guilsinglright ' is missing
(microtype)             in font `T1/LibertinusMono-TLF/b/n/10'.
(microtype)             Ignoring protrusion settings for this character.

[113] [114] [115] [116

]
Underfull \hbox (badness 1701) in paragraph at lines 6949--6950
\T1/LibertinusSerif-TLF/m/n/10.95 (+20) com-pact sup-port and re-fine-
 []


Underfull \hbox (badness 10000) in paragraph at lines 6962--6962
[]|\T1/LibertinusSerif-TLF/m/n/10.95 (+20) Lambert--$\OML/cmm/m/it/10.95 W$ \T1
/LibertinusSerif-TLF/m/n/10.95 (+20) end-point and
 []


Underfull \hbox (badness 10000) in paragraph at lines 6965--6966
\T1/LibertinusSerif-TLF/m/n/10.95 (+20) ture, finite-prefix in-verse
 []


Underfull \hbox (badness 1552) in paragraph at lines 6965--6966
\T1/LibertinusSerif-TLF/m/n/10.95 (+20) and inverse-moment poly-no-
 []


Underfull \hbox (badness 10000) in paragraph at lines 6971--6971
[]|\T1/LibertinusSerif-TLF/m/n/10.95 (+20) Normalized integer-order
 []


Underfull \hbox (badness 10000) in paragraph at lines 6972--6976
[]|\T1/LibertinusSerif-TLF/m/n/10.95 (+20) Now for-mal-ized in-de-pen-dently in

 []


Underfull \hbox (badness 10000) in paragraph at lines 6972--6976
\T1/LibertinusMono-TLF/m/n/10.95 NormalizedVolterra.lean \T1/LibertinusSerif-TL
F/m/n/10.95 (+20) and
 []


Underfull \hbox (badness 10000) in paragraph at lines 6972--6976
\T1/LibertinusMono-TLF/m/n/10.95 FabiusAntiderivatives.lean\T1/LibertinusSerif-
TLF/m/n/10.95 (+20) : arbitrary-base ori-
 []


ignored: Infinite glue shrinkage found in box being split [117] [118] [119] [120] [121] 
[122] [123] [124]
Underfull \hbox (badness 1412) in paragraph at lines 7517--7537
\T1/LibertinusMono-TLF/m/n/10.95 l I n t e g r a l _ d e r i v _ m u l _ c o m 
p _ a d d _ c o m p _ m u l _ d e r i v _ o f _ l t _ i f f _ lt$ \T1/Libertinu
sSerif-TLF/m/n/10.95 (+20) in
 []

[125] [126] [127] [128] [129] [130] [131] [132] [133] [134] [135] [136]

Package hyperref Warning: Token not allowed in a PDF string (Unicode):
(hyperref)                removing `math shift' on input line 8334.

[137] [138] [139] [140] [141]

Package hyperref Warning: Token not allowed in a PDF string (Unicode):
(hyperref)                removing `math shift' on input line 8668.


Package hyperref Warning: Token not allowed in a PDF string (Unicode):
(hyperref)                removing `superscript' on input line 8668.

[142] [143] (assets/Fabius_Integral_Transforms_Report/numerical_results.tex)
[144] [145] [146] [147]
Underfull \hbox (badness 10000) in paragraph at lines 9046--9046
[]|\T1/LibertinusSerif-TLF/m/n/10.95 (+20) Glossary and Lean walk-
 []

[148]
Underfull \hbox (badness 1448) in paragraph at lines 9090--9093
[]\T1/LibertinusSerif-TLF/m/n/10.95 (+20) J. Arias de Reyna, \T1/LibertinusSeri
f-TLF/m/it/10.95 (+20) Arith-metic of the Fabius func-tion\T1/LibertinusSerif-T
LF/m/n/10.95 (+20) , In-te-gers \T1/LibertinusSerif-TLF/b/n/10.95 (+20) 18 \T1/
LibertinusSerif-TLF/m/n/10.95 (+20) (2018), Ar-ti-cle A51;
 []

[149] [150

]
LaTeX Font Info:    Font shape `TS1/LibertinusSerif-TLF/m/n' will be
(Font)              scaled to size 10.0pt on input line 9178.
 [151

] [152]

Package hyperref Warning: Token not allowed in a PDF string (Unicode):
(hyperref)                removing `math shift' on input line 9354.


Package hyperref Warning: Token not allowed in a PDF string (Unicode):
(hyperref)                removing `math shift' on input line 9354.

[153]

Package hyperref Warning: Token not allowed in a PDF string (Unicode):
(hyperref)                removing `math shift' on input line 9399.


Package hyperref Warning: Token not allowed in a PDF string (Unicode):
(hyperref)                removing `\new@ifnextchar' on input line 9399.


Package hyperref Warning: Token not allowed in a PDF string (Unicode):
(hyperref)                removing `math shift' on input line 9399.

[154] [155] [156] [157] [158]

Package hyperref Warning: Token not allowed in a PDF string (Unicode):
(hyperref)                removing `math shift' on input line 9717.


Package hyperref Warning: Token not allowed in a PDF string (Unicode):
(hyperref)                removing `math shift' on input line 9717.


Package hyperref Warning: Token not allowed in a PDF string (Unicode):
(hyperref)                removing `math shift' on input line 9717.


Package hyperref Warning: Token not allowed in a PDF string (Unicode):
(hyperref)                removing `\new@ifnextchar' on input line 9717.


Package hyperref Warning: Token not allowed in a PDF string (Unicode):
(hyperref)                removing `math shift' on input line 9717.

[159] [160] [161]

Package hyperref Warning: Token not allowed in a PDF string (Unicode):
(hyperref)                removing `math shift' on input line 9917.


Package hyperref Warning: Token not allowed in a PDF string (Unicode):
(hyperref)                removing `\new@ifnextchar' on input line 9917.


Package hyperref Warning: Token not allowed in a PDF string (Unicode):
(hyperref)                removing `math shift' on input line 9917.

[162] [163] [164] [165] [166]

Package hyperref Warning: Token not allowed in a PDF string (Unicode):
(hyperref)                removing `math shift' on input line 10233.


Package hyperref Warning: Token not allowed in a PDF string (Unicode):
(hyperref)                removing `math shift' on input line 10233.


Package hyperref Warning: Token not allowed in a PDF string (Unicode):
(hyperref)                removing `math shift' on input line 10233.


Package hyperref Warning: Token not allowed in a PDF string (Unicode):
(hyperref)                removing `math shift' on input line 10233.

[167] [168]
(assets/Fabius_Integral_and_Transform_Frontiers/numerical_results.tex)
(C:\Users\vresh\AppData\Local\Programs\MiKTeX\tex/latex/listings\lstlang1.sty
File: lstlang1.sty 2025/11/14 1.11b listings language file
)
(C:\Users\vresh\AppData\Local\Programs\MiKTeX\tex/latex/listings\lstlang1.sty
File: lstlang1.sty 2025/11/14 1.11b listings language file
)
[169] [170] [171] [172]
Underfull \hbox (badness 10000) in paragraph at lines 10593--10594
[]|\T1/LibertinusSerif-TLF/m/n/10.95 (+20) baseline, partly
 []


Underfull \hbox (badness 10000) in paragraph at lines 10604--10605
[]|\T1/LibertinusSerif-TLF/m/n/10.95 (+20) Newton--Mellin for-mula
 []


Underfull \hbox (badness 3780) in paragraph at lines 10617--10618
[]|\T1/LibertinusSerif-TLF/m/n/10.95 (+20) standard in-verse
 []


Underfull \hbox (badness 10000) in paragraph at lines 10617--10618
\T1/LibertinusSerif-TLF/m/n/10.95 (+20) cal-cu-lus, new
 []


Underfull \hbox (badness 3977) in paragraph at lines 10624--10625
[]|\T1/LibertinusSerif-TLF/m/n/10.95 (+20) Refined in-verse prim-i-tive
 []


Underfull \hbox (badness 10000) in paragraph at lines 10625--10626
\T1/LibertinusSerif-TLF/m/n/10.95 (+20) of repos-i-tory
 []


Underfull \hbox (badness 3240) in paragraph at lines 10628--10629
[]|\T1/LibertinusSerif-TLF/m/n/10.95 (+20) Stieltjes/logarithmic trans-
 []


Underfull \hbox (badness 10000) in paragraph at lines 10629--10630
[]|\T1/LibertinusSerif-TLF/m/n/10.95 (+20) new sys-tem-atic
 []


Underfull \hbox (badness 10000) in paragraph at lines 10637--10638
[]|\T1/LibertinusSerif-TLF/m/n/10.95 (+20) centered all-
 []


Underfull \hbox (badness 10000) in paragraph at lines 10637--10638
\T1/LibertinusSerif-TLF/m/n/10.95 (+20) degree ra-tio-nal
 []


Underfull \hbox (badness 10000) in paragraph at lines 10637--10638
\T1/LibertinusSerif-TLF/m/n/10.95 (+20) re-cur-rence,
 []


Underfull \hbox (badness 10000) in paragraph at lines 10637--10638
\T1/LibertinusSerif-TLF/m/n/10.95 (+20) coherent-basis
 []


Underfull \hbox (badness 10000) in paragraph at lines 10637--10638
\T1/LibertinusSerif-TLF/m/n/10.95 (+20) and Leg-en-dre
 []


Underfull \hbox (badness 10000) in paragraph at lines 10637--10638
\T1/LibertinusSerif-TLF/m/n/10.95 (+20) de-ter-mi-nant
 []


Underfull \hbox (badness 10000) in paragraph at lines 10637--10638
\OML/cmm/m/it/10.95 H[]; ^^L[]$ \T1/LibertinusSerif-TLF/m/n/10.95 (+20) eval-u-

 []


Underfull \hbox (badness 10000) in paragraph at lines 10637--10638
\T1/LibertinusSerif-TLF/m/n/10.95 (+20) a-tions, fi-nite
 []


Underfull \hbox (badness 10000) in paragraph at lines 10637--10638
\T1/LibertinusSerif-TLF/m/n/10.95 (+20) Gaunt en-tries,
 []


Underfull \hbox (badness 2608) in paragraph at lines 10637--10638
\T1/LibertinusSerif-TLF/m/n/10.95 (+20) in-te-ger zero-row
 []


Underfull \hbox (badness 10000) in paragraph at lines 10637--10638
\T1/LibertinusSerif-TLF/m/n/10.95 (+20) for-mal; affine
 []


ignored: Infinite glue shrinkage found in box being split [173] [174] [175] [176]
LaTeX Font Info:    Font shape `T1/LibertinusSerif-TLF/m/it' will be
(Font)              scaled to size 10.0pt on input line 10783.
 [177

]
Underfull \hbox (badness 10000) in paragraph at lines 10881--10881
[]|\T1/LibertinusSerif-TLF/m/n/10.95 (+20) Two-sided in-te-ger deriva-
 []


Underfull \hbox (badness 10000) in paragraph at lines 10888--10889
[]|\T1/LibertinusSerif-TLF/m/n/10.95 (+20) Riemann--Liouville con-vo-lu-tion an
d
 []


Underfull \hbox (badness 10000) in paragraph at lines 10889--10889
[]|\T1/LibertinusSerif-TLF/m/n/10.95 (+20) Laplace/Fourier/Mellin/Cauchy
 []


Underfull \hbox (badness 10000) in paragraph at lines 10891--10891
[]|\T1/LibertinusSerif-TLF/m/n/10.95 (+20) Derivative push-for-
 []


Underfull \hbox (badness 1303) in paragraph at lines 10895--10895
[]|\T1/LibertinusSerif-TLF/m/n/10.95 (+20) No ex-act non-in-te-ger fractional-
 []


Underfull \hbox (badness 10000) in paragraph at lines 10897--10897
[]|\T1/LibertinusSerif-TLF/m/n/10.95 (+20) Higher inverse-derivative $\OML/cmm/
m/it/10.95 L[]$
 []


ignored: Infinite glue shrinkage found in box being split [178] [179] [180] [181]

Package hyperref Warning: Token not allowed in a PDF string (Unicode):
(hyperref)                removing `math shift' on input line 11110.


Package hyperref Warning: Token not allowed in a PDF string (Unicode):
(hyperref)                removing `\new@ifnextchar' on input line 11110.

[182] [183] [184] [185]

Package hyperref Warning: Token not allowed in a PDF string (Unicode):
(hyperref)                removing `math shift' on input line 11438.


Package hyperref Warning: Token not allowed in a PDF string (Unicode):
(hyperref)                removing `\new@ifnextchar' on input line 11438.

[186]

Package hyperref Warning: Token not allowed in a PDF string (Unicode):
(hyperref)                removing `math shift' on input line 11531.


Package hyperref Warning: Token not allowed in a PDF string (Unicode):
(hyperref)                removing `math shift' on input line 11531.


Package hyperref Warning: Token not allowed in a PDF string (Unicode):
(hyperref)                removing `\new@ifnextchar' on input line 11531.

[187] [188]

Package hyperref Warning: Token not allowed in a PDF string (Unicode):
(hyperref)                removing `math shift' on input line 11626.


Package hyperref Warning: Token not allowed in a PDF string (Unicode):
(hyperref)                removing `math shift' on input line 11626.


Package hyperref Warning: Token not allowed in a PDF string (Unicode):
(hyperref)                removing `\new@ifnextchar' on input line 11626.

[189] [190]

Package hyperref Warning: Token not allowed in a PDF string (Unicode):
(hyperref)                removing `math shift' on input line 11829.


Package hyperref Warning: Token not allowed in a PDF string (Unicode):
(hyperref)                removing `superscript' on input line 11829.

[191] [192] [193]
Underfull \hbox (badness 1194) in paragraph at lines 12004--12009
\T1/LibertinusSerif-TLF/m/n/10.95 (+20) After sub-sti-tut-ing [], these be-come
 ex-act mul-ti-scale in-te-gral re-la-tions among the scales
 []


Package hyperref Warning: Token not allowed in a PDF string (Unicode):
(hyperref)                removing `math shift' on input line 12012.


Package hyperref Warning: Token not allowed in a PDF string (Unicode):
(hyperref)                removing `\new@ifnextchar' on input line 12012.

[194] [195] [196]
<assets/fabius_integral_frontiers_bundle/functions_and_primitives.png, id=6207,
 592.2125pt x 346.896pt>
File: assets/fabius_integral_frontiers_bundle/functions_and_primitives.png Grap
hic file (type png)
<use assets/fabius_integral_frontiers_bundle/functions_and_primitives.png>
Package pdftex.def Info: assets/fabius_integral_frontiers_bundle/functions_and_
primitives.png  used on input line 12187.
(pdftex.def)             Requested size: 408.35315pt x 239.20499pt.
 [197 <./assets/fabius_integral_frontiers_bundle/functions_and_primitives.png>]
<assets/fabius_integral_frontiers_bundle/pushforward_cdf.png, id=6216, 549.252p
t x 346.896pt>
File: assets/fabius_integral_frontiers_bundle/pushforward_cdf.png Graphic file 
(type png)
<use assets/fabius_integral_frontiers_bundle/pushforward_cdf.png>
Package pdftex.def Info: assets/fabius_integral_frontiers_bundle/pushforward_cd
f.png  used on input line 12227.
(pdftex.def)             Requested size: 363.9709pt x 229.87308pt.
<assets/fabius_integral_frontiers_bundle/fractional_defect.png, id=6219, 549.25
2pt x 346.896pt>
File: assets/fabius_integral_frontiers_bundle/fractional_defect.png Graphic fil
e (type png)
<use assets/fabius_integral_frontiers_bundle/fractional_defect.png>
Package pdftex.def Info: assets/fabius_integral_frontiers_bundle/fractional_def
ect.png  used on input line 12235.
(pdftex.def)             Requested size: 363.9709pt x 229.87308pt.
 [198 <./assets/fabius_integral_frontiers_bundle/pushforward_cdf.png>] [199 <./
assets/fabius_integral_frontiers_bundle/fractional_defect.png>]

Package hyperref Warning: Token not allowed in a PDF string (Unicode):
(hyperref)                removing `math shift' on input line 12301.

[200

] [201] [202]
Underfull \hbox (badness 2111) in paragraph at lines 12440--12443
[]\T1/LibertinusSerif-TLF/m/n/10.95 (+20) J. Arias de Reyna, \T1/LibertinusSeri
f-TLF/m/it/10.95 (+20) Arith-metic of the Fabius func-tion\T1/LibertinusSerif-T
LF/m/n/10.95 (+20) , In-te-gers 18 (2018), Pa-per A51;
 []

[203] [204

] [205] [206

] [207]
LaTeX Font Info:    Font shape `T1/LibertinusSerif-TLF/b/it' will be
(Font)              scaled to size 10.95pt on input line 12783.
 [208{C:/Users/vresh/AppData/Local/Programs/MiKTeX/fonts/enc/dvips/libertinus-t
ype1/lbn1_opzo24.enc}] [209] [210] [211]

Package hyperref Warning: Token not allowed in a PDF string (Unicode):
(hyperref)                removing `math shift' on input line 13109.


Package hyperref Warning: Token not allowed in a PDF string (Unicode):
(hyperref)                removing `\new@ifnextchar' on input line 13109.


Package hyperref Warning: Token not allowed in a PDF string (Unicode):
(hyperref)                removing `math shift' on input line 13109.

[212] [213]

Package hyperref Warning: Token not allowed in a PDF string (Unicode):
(hyperref)                removing `math shift' on input line 13236.


Package hyperref Warning: Token not allowed in a PDF string (Unicode):
(hyperref)                removing `math shift' on input line 13236.


Package hyperref Warning: Token not allowed in a PDF string (Unicode):
(hyperref)                removing `math shift' on input line 13236.


Package hyperref Warning: Token not allowed in a PDF string (Unicode):
(hyperref)                removing `math shift' on input line 13236.


Package hyperref Warning: Token not allowed in a PDF string (Unicode):
(hyperref)                removing `math shift' on input line 13266.


Package hyperref Warning: Token not allowed in a PDF string (Unicode):
(hyperref)                removing `math shift' on input line 13266.

[214]

Package hyperref Warning: Token not allowed in a PDF string (Unicode):
(hyperref)                removing `math shift' on input line 13326.


Package hyperref Warning: Token not allowed in a PDF string (Unicode):
(hyperref)                removing `superscript' on input line 13326.


Package hyperref Warning: Token not allowed in a PDF string (Unicode):
(hyperref)                removing `math shift' on input line 13326.


Package hyperref Warning: Token not allowed in a PDF string (Unicode):
(hyperref)                removing `math shift' on input line 13373.


Package hyperref Warning: Token not allowed in a PDF string (Unicode):
(hyperref)                removing `math shift' on input line 13373.


Package hyperref Warning: Token not allowed in a PDF string (Unicode):
(hyperref)                removing `math shift' on input line 13373.


Package hyperref Warning: Token not allowed in a PDF string (Unicode):
(hyperref)                removing `\new@ifnextchar' on input line 13373.


Package hyperref Warning: Token not allowed in a PDF string (Unicode):
(hyperref)                removing `math shift' on input line 13373.

[215] (assets/Fabius_Rvachev_Integral_Frontiers/moment_table.tex) [216]
[217] [218]

Package hyperref Warning: Token not allowed in a PDF string (Unicode):
(hyperref)                removing `math shift' on input line 13614.


Package hyperref Warning: Token not allowed in a PDF string (Unicode):
(hyperref)                removing `math shift' on input line 13614.


Package hyperref Warning: Token not allowed in a PDF string (Unicode):
(hyperref)                removing `math shift' on input line 13614.


Package hyperref Warning: Token not allowed in a PDF string (Unicode):
(hyperref)                removing `\new@ifnextchar' on input line 13614.


Package hyperref Warning: Token not allowed in a PDF string (Unicode):
(hyperref)                removing `math shift' on input line 13614.

[219] [220] [221]

Package hyperref Warning: Token not allowed in a PDF string (Unicode):
(hyperref)                removing `math shift' on input line 13889.


Package hyperref Warning: Token not allowed in a PDF string (Unicode):
(hyperref)                removing `\new@ifnextchar' on input line 13889.


Package hyperref Warning: Token not allowed in a PDF string (Unicode):
(hyperref)                removing `math shift' on input line 13889.


Package hyperref Warning: Token not allowed in a PDF string (Unicode):
(hyperref)                removing `math shift' on input line 13934.


Package hyperref Warning: Token not allowed in a PDF string (Unicode):
(hyperref)                removing `math shift' on input line 13934.

[222] [223] [224]
<assets/Fabius_Rvachev_Integral_Frontiers/gamma_zeta_fractional_defect.png, id=
6644, 462.528pt x 346.896pt>
File: assets/Fabius_Rvachev_Integral_Frontiers/gamma_zeta_fractional_defect.png
 Graphic file (type png)
<use assets/Fabius_Rvachev_Integral_Frontiers/gamma_zeta_fractional_defect.png>

Package pdftex.def Info: assets/Fabius_Rvachev_Integral_Frontiers/gamma_zeta_fr
actional_defect.png  used on input line 14197.
(pdftex.def)             Requested size: 381.72244pt x 286.30388pt.
 [225]
<assets/Fabius_Rvachev_Integral_Frontiers/fractional_dilation_defect.png, id=66
62, 462.528pt x 346.896pt>
File: assets/Fabius_Rvachev_Integral_Frontiers/fractional_dilation_defect.png G
raphic file (type png)
<use assets/Fabius_Rvachev_Integral_Frontiers/fractional_dilation_defect.png>
Package pdftex.def Info: assets/Fabius_Rvachev_Integral_Frontiers/fractional_di
lation_defect.png  used on input line 14205.
(pdftex.def)             Requested size: 381.72244pt x 286.30388pt.
 [226 <./assets/Fabius_Rvachev_Integral_Frontiers/gamma_zeta_fractional_defect.
png> <./assets/Fabius_Rvachev_Integral_Frontiers/fractional_dilation_defect.png
>]

Package hyperref Warning: Token not allowed in a PDF string (Unicode):
(hyperref)                removing `math shift' on input line 14232.


Package hyperref Warning: Token not allowed in a PDF string (Unicode):
(hyperref)                removing `\new@ifnextchar' on input line 14232.


Package hyperref Warning: Token not allowed in a PDF string (Unicode):
(hyperref)                removing `math shift' on input line 14232.

[227] [228] [229] [230]

Package hyperref Warning: Token not allowed in a PDF string (Unicode):
(hyperref)                removing `math shift' on input line 14532.


Package hyperref Warning: Token not allowed in a PDF string (Unicode):
(hyperref)                removing `math shift' on input line 14532.


Package hyperref Warning: Token not allowed in a PDF string (Unicode):
(hyperref)                removing `math shift' on input line 14532.


Package hyperref Warning: Token not allowed in a PDF string (Unicode):
(hyperref)                removing `math shift' on input line 14532.


Package hyperref Warning: Token not allowed in a PDF string (Unicode):
(hyperref)                removing `math shift' on input line 14565.


Package hyperref Warning: Token not allowed in a PDF string (Unicode):
(hyperref)                removing `math shift' on input line 14565.

[231]
ignored: Infinite glue shrinkage found in box being split [232]

Package hyperref Warning: Token not allowed in a PDF string (Unicode):
(hyperref)                removing `math shift' on input line 14672.


Package hyperref Warning: Token not allowed in a PDF string (Unicode):
(hyperref)                removing `\new@ifnextchar' on input line 14672.


Package hyperref Warning: Token not allowed in a PDF string (Unicode):
(hyperref)                removing `math shift' on input line 14672.

[233] [234] [235] [236

] [237]
Underfull \hbox (badness 10000) in paragraph at lines 15029--15029
[]|\T1/LibertinusSerif-TLF/m/n/10 (+20) Rational in-te-ger mo-ments from
 []


Underfull \hbox (badness 4967) in paragraph at lines 15029--15029
[]|\T1/LibertinusSerif-TLF/m/n/10 (+20) Entire New-ton in-ter-po-la-tion $\OML/
cmm/m/it/10 m\OT1/cmr/m/n/10 (\OML/cmm/m/it/10 s\OT1/cmr/m/n/10 )$\T1/Libertinu
sSerif-TLF/m/n/10 (+20) ,
 []


Underfull \hbox (badness 1424) in paragraph at lines 15029--15029
[]|\T1/LibertinusSerif-TLF/m/n/10 (+20) Layer-cake trans-forms, quan-tile an-
 []


Underfull \hbox (badness 6910) in paragraph at lines 15029--15029
[]|\T1/LibertinusSerif-TLF/m/n/10 (+20) Endpoint/inverse asymp-totics suf-fi-
 []


Underfull \hbox (badness 1048) in paragraph at lines 15029--15029
[]|\T1/LibertinusSerif-TLF/m/n/10 (+20) No Riemann--Liouville/Caputo treat-
 []

[238

] [239] [240] [241] [242] [243] [244] [245] [246] [247] [248] [249]
[250] [251] [252]
(assets/Fabius_Integral_Transform_Fractional_Frontiers/jacobi_coefficients.tex)
<assets/Fabius_Integral_Transform_Fractional_Frontiers/jacobi_coefficients.png,
 id=7007, 505.89pt x 303.534pt>
File: assets/Fabius_Integral_Transform_Fractional_Frontiers/jacobi_coefficients
.png Graphic file (type png)
<use assets/Fabius_Integral_Transform_Fractional_Frontiers/jacobi_coefficients.
png>
Package pdftex.def Info: assets/Fabius_Integral_Transform_Fractional_Frontiers/
jacobi_coefficients.png  used on input line 16168.
(pdftex.def)             Requested size: 346.2126pt x 207.72963pt.
[253] [254 <./assets/Fabius_Integral_Transform_Fractional_Frontiers/jacobi_coef
ficients.png>]
<assets/Fabius_Integral_Transform_Fractional_Frontiers/power_quantile_ratio.png
, id=7037, 505.89pt x 303.534pt>
File: assets/Fabius_Integral_Transform_Fractional_Frontiers/power_quantile_rati
o.png Graphic file (type png)
<use assets/Fabius_Integral_Transform_Fractional_Frontiers/power_quantile_ratio
.png>
Package pdftex.def Info: assets/Fabius_Integral_Transform_Fractional_Frontiers/
power_quantile_ratio.png  used on input line 16299.
(pdftex.def)             Requested size: 346.2126pt x 207.72963pt.
 [255 <./assets/Fabius_Integral_Transform_Fractional_Frontiers/power_quantile_r
atio.png>] [256]
<assets/Fabius_Integral_Transform_Fractional_Frontiers/up_reconstruction.png, i
d=7067, 505.89pt x 303.534pt>
File: assets/Fabius_Integral_Transform_Fractional_Frontiers/up_reconstruction.p
ng Graphic file (type png)
<use assets/Fabius_Integral_Transform_Fractional_Frontiers/up_reconstruction.pn
g>
Package pdftex.def Info: assets/Fabius_Integral_Transform_Fractional_Frontiers/
up_reconstruction.png  used on input line 16453.
(pdftex.def)             Requested size: 346.2126pt x 207.72963pt.
 [257] [258 <./assets/Fabius_Integral_Transform_Fractional_Frontiers/up_reconst
ruction.png>] [259] [260] [261]
ignored: Infinite glue shrinkage found in box being split
 [262] [263]
Underfull \hbox (badness 10000) in paragraph at lines 16907--16910
[]\T1/LibertinusSerif-TLF/m/it/10.95 (+20) Exponent-Sequence and Newton-Basis F
ron-tiers for the Fabius--Rvachev Sys-
 []


Underfull \hbox (badness 10000) in paragraph at lines 16907--16910
\T1/LibertinusSerif-TLF/m/it/10.95 (+20) tem\T1/LibertinusSerif-TLF/m/n/10.95 (
+20) ,  ac-tive fron-tier re-port and 67-source au-dit in-ven-tory,  com-mit
 []

[264] [265

] [266

]
Underfull \hbox (badness 1281) in paragraph at lines 17216--17220
\T1/LibertinusSerif-TLF/m/n/10.95 (+20) Following the prob-a-bilis-tic con-stru
c-tion of Fabius and the compact-support for-mu-la-tion of
 []

[267] [268] [269] [270] [271] [272] [273] [274] [275] [276] [277] [278]
[279] [280] [281] [282] [283]
(assets/Fabius_Rvachev_Fractional_Integral_Report/numerical_results.tex)
[284]
<assets/Fabius_Rvachev_Fractional_Integral_Report/./caputo_endpoint_ratio.png, 
id=7496, 462.528pt x 274.626pt>
File: assets/Fabius_Rvachev_Fractional_Integral_Report/./caputo_endpoint_ratio.
png Graphic file (type png)
<use assets/Fabius_Rvachev_Fractional_Integral_Report/./caputo_endpoint_ratio.p
ng>
Package pdftex.def Info: assets/Fabius_Rvachev_Fractional_Integral_Report/./cap
uto_endpoint_ratio.png  used on input line 18684.
(pdftex.def)             Requested size: 363.9709pt x 216.11826pt.
<assets/Fabius_Rvachev_Fractional_Integral_Report/./riesz_fractional_profiles.p
ng, id=7499, 462.528pt x 274.626pt>
File: assets/Fabius_Rvachev_Fractional_Integral_Report/./riesz_fractional_profi
les.png Graphic file (type png)
<use assets/Fabius_Rvachev_Fractional_Integral_Report/./riesz_fractional_profil
es.png>
Package pdftex.def Info: assets/Fabius_Rvachev_Fractional_Integral_Report/./rie
sz_fractional_profiles.png  used on input line 18695.
(pdftex.def)             Requested size: 363.9709pt x 216.11826pt.
 [285 <./assets/Fabius_Rvachev_Fractional_Integral_Report/./caputo_endpoint_rat
io.png>] [286 <./assets/Fabius_Rvachev_Fractional_Integral_Report/./riesz_fract
ional_profiles.png>] [287]
Underfull \hbox (badness 10000) in paragraph at lines 18880--18881
[]|\T1/LibertinusSerif-TLF/m/n/10.95 (+20) Integer deriva-tive of
 []


ignored: Infinite glue shrinkage found in box being split [288] [289] [290]
Underfull \hbox (badness 1701) in paragraph at lines 19116--19117
\T1/LibertinusSerif-TLF/m/n/10.95 (+20) com-pact sup-port and re-fine-
 []


Underfull \hbox (badness 10000) in paragraph at lines 19122--19122
[]|\T1/LibertinusSerif-TLF/m/n/10.95 (+20) Lambert--$\OML/cmm/m/it/10.95 W$ \T1
/LibertinusSerif-TLF/m/n/10.95 (+20) end-point and
 []


Underfull \hbox (badness 10000) in paragraph at lines 19125--19126
\T1/LibertinusSerif-TLF/m/n/10.95 (+20) ture, finite-prefix in-verse
 []


Underfull \hbox (badness 10000) in paragraph at lines 19125--19126
\T1/LibertinusSerif-TLF/m/n/10.95 (+20) Newton/exponent-sequence,
 []


Underfull \hbox (badness 1552) in paragraph at lines 19125--19126
\T1/LibertinusSerif-TLF/m/n/10.95 (+20) and inverse-moment poly-no-
 []


Underfull \hbox (badness 10000) in paragraph at lines 19129--19130
[]|\T1/LibertinusSerif-TLF/m/n/10.95 (+20) Canonical in-te-gra-tion and
 []


Underfull \hbox (badness 10000) in paragraph at lines 19129--19130
\T1/LibertinusSerif-TLF/m/n/10.95 (+20) repeated-integration note-
 []


Underfull \hbox (badness 10000) in paragraph at lines 19129--19130
\T1/LibertinusSerif-TLF/m/n/10.95 (+20) books, inverse-function
 []

[291

] [292] [293] [294] [295] [296] [297] [298] [299] [300] [301] [302]
[303] [304] [305]

Package hyperref Warning: Token not allowed in a PDF string (Unicode):
(hyperref)                removing `math shift' on input line 20096.

[306] [307] [308] [309] [310] [311] [312] [313] [314] [315]

Package hyperref Warning: Token not allowed in a PDF string (Unicode):
(hyperref)                removing `math shift' on input line 20950.


Package hyperref Warning: Token not allowed in a PDF string (Unicode):
(hyperref)                removing `superscript' on input line 20950.

[316] [317]
(assets/Fabius_Fractional_Integral_Transform_Frontiers/new_numerical_results.te
x) [318] [319] [320] [321] [322] [323]
Underfull \hbox (badness 10000) in paragraph at lines 21411--21411
[]|\T1/LibertinusSerif-TLF/m/n/10.95 (+20) Glossary and Lean walk-
 []

Package hyperref Info: bookmark level for unknown lstlisting defaults to 0 on i
nput line 21440.
LaTeX Font Info:    Font shape `T1/LibertinusMono-TLF/m/n' will be
(Font)              scaled to size 5.10004pt on input line 21440.
Package microtype Info: Character `guilsinglleft ' is missing
(microtype)             in font `T1/LibertinusMono-TLF/m/n/6'.
(microtype)             Ignoring protrusion settings for this character.
Package microtype Info: Character `guilsinglright ' is missing
(microtype)             in font `T1/LibertinusMono-TLF/m/n/6'.
(microtype)             Ignoring protrusion settings for this character.
(assets/Fabius_Fractional_Integral_Transform_Frontiers/corpus_manifest.txt
[324] [325]) [326]
Underfull \hbox (badness 1448) in paragraph at lines 21494--21497
[]\T1/LibertinusSerif-TLF/m/n/10.95 (+20) J. Arias de Reyna, \T1/LibertinusSeri
f-TLF/m/it/10.95 (+20) Arith-metic of the Fabius func-tion\T1/LibertinusSerif-T
LF/m/n/10.95 (+20) , In-te-gers \T1/LibertinusSerif-TLF/b/n/10.95 (+20) 18 \T1/
LibertinusSerif-TLF/m/n/10.95 (+20) (2018), Ar-ti-cle A51;
 []

[327] [328

] [329] [330] [331] [332] [333] [334] [335] [336] [337] [338]
[339] [340] [341] [342] [343] [344]
(assets/fabius_fractional_transform_frontiers_bundle/numerical_results.tex)
<assets/fabius_fractional_transform_frontiers_bundle/figure_quantile_fractional
.png, id=8636, 520.344pt x 332.0405pt>
File: assets/fabius_fractional_transform_frontiers_bundle/figure_quantile_fract
ional.png Graphic file (type png)
<use assets/fabius_fractional_transform_frontiers_bundle/figure_quantile_fracti
onal.png>
Package pdftex.def Info: assets/fabius_fractional_transform_frontiers_bundle/fi
gure_quantile_fractional.png  used on input line 23149.
(pdftex.def)             Requested size: 390.60161pt x 249.26282pt.
<assets/fabius_fractional_transform_frontiers_bundle/figure_stieltjes_convergen
ce.png, id=8637, 520.344pt x 332.0405pt>
File: assets/fabius_fractional_transform_frontiers_bundle/figure_stieltjes_conv
ergence.png Graphic file (type png)
<use assets/fabius_fractional_transform_frontiers_bundle/figure_stieltjes_conve
rgence.png>
Package pdftex.def Info: assets/fabius_fractional_transform_frontiers_bundle/fi
gure_stieltjes_convergence.png  used on input line 23159.
(pdftex.def)             Requested size: 390.60161pt x 249.26282pt.
<assets/fabius_fractional_transform_frontiers_bundle/figure_difference_hierarch
y.png, id=8640, 520.344pt x 332.0405pt>
File: assets/fabius_fractional_transform_frontiers_bundle/figure_difference_hie
rarchy.png Graphic file (type png)
<use assets/fabius_fractional_transform_frontiers_bundle/figure_difference_hier
archy.png>
Package pdftex.def Info: assets/fabius_fractional_transform_frontiers_bundle/fi
gure_difference_hierarchy.png  used on input line 23167.
(pdftex.def)             Requested size: 390.60161pt x 249.26282pt.
<assets/fabius_fractional_transform_frontiers_bundle/figure_nonlocal_tails.png,
 id=8641, 520.344pt x 332.0405pt>
File: assets/fabius_fractional_transform_frontiers_bundle/figure_nonlocal_tails
.png Graphic file (type png)
<use assets/fabius_fractional_transform_frontiers_bundle/figure_nonlocal_tails.
png>
Package pdftex.def Info: assets/fabius_fractional_transform_frontiers_bundle/fi
gure_nonlocal_tails.png  used on input line 23176.
(pdftex.def)             Requested size: 390.60161pt x 249.26282pt.

[345] [346] [347 <./assets/fabius_fractional_transform_frontiers_bundle/figure_
quantile_fractional.png>] [348 <./assets/fabius_fractional_transform_frontiers_
bundle/figure_stieltjes_convergence.png> <./assets/fabius_fractional_transform_
frontiers_bundle/figure_difference_hierarchy.png>] [349 <./assets/fabius_fracti
onal_transform_frontiers_bundle/figure_nonlocal_tails.png>] [350] [351]
[352] [353] [354] [355]
Underfull \hbox (badness 1163) in paragraph at lines 23673--23682
[]\T1/LibertinusSerif-TLF/m/n/10 (+20) Further re-sults in-clude: a mono-tone b
eta-normalized bal-anced se-quence con-verg-ing
 []

[356

]
LaTeX Font Info:    Font shape `T1/LibertinusSerif-TLF/b/n' will be
(Font)              scaled to size 8.0pt on input line 23717.
 [357] [358] [359] [360] [361]

Package hyperref Warning: Token not allowed in a PDF string (Unicode):
(hyperref)                removing `math shift' on input line 24124.


Package hyperref Warning: Token not allowed in a PDF string (Unicode):
(hyperref)                removing `math shift' on input line 24124.

[362] [363] [364] [365]

Package hyperref Warning: Token not allowed in a PDF string (Unicode):
(hyperref)                removing `math shift' on input line 24402.


Package hyperref Warning: Token not allowed in a PDF string (Unicode):
(hyperref)                removing `\new@ifnextchar' on input line 24402.

[366]

Package hyperref Warning: Token not allowed in a PDF string (Unicode):
(hyperref)                removing `math shift' on input line 24449.


Package hyperref Warning: Token not allowed in a PDF string (Unicode):
(hyperref)                removing `math shift' on input line 24488.

[367]

Package hyperref Warning: Token not allowed in a PDF string (Unicode):
(hyperref)                removing `math shift' on input line 24537.


Package hyperref Warning: Token not allowed in a PDF string (Unicode):
(hyperref)                removing `\new@ifnextchar' on input line 24537.

[368] [369]

Package hyperref Warning: Token not allowed in a PDF string (Unicode):
(hyperref)                removing `math shift' on input line 24629.


Package hyperref Warning: Token not allowed in a PDF string (Unicode):
(hyperref)                removing `math shift' on input line 24629.


Package hyperref Warning: Token not allowed in a PDF string (Unicode):
(hyperref)                removing `math shift' on input line 24681.


Package hyperref Warning: Token not allowed in a PDF string (Unicode):
(hyperref)                removing `\intop' on input line 24681.


Package hyperref Warning: Token not allowed in a PDF string (Unicode):
(hyperref)                removing `\ilimits@' on input line 24681.


Package hyperref Warning: Token not allowed in a PDF string (Unicode):
(hyperref)                removing `subscript' on input line 24681.


Package hyperref Warning: Token not allowed in a PDF string (Unicode):
(hyperref)                removing `superscript' on input line 24681.


Package hyperref Warning: Token not allowed in a PDF string (Unicode):
(hyperref)                removing `superscript' on input line 24681.

[370] [371]

Package hyperref Warning: Token not allowed in a PDF string (Unicode):
(hyperref)                removing `math shift' on input line 24796.


Package hyperref Warning: Token not allowed in a PDF string (Unicode):
(hyperref)                removing `\new@ifnextchar' on input line 24796.


Package hyperref Warning: Token not allowed in a PDF string (Unicode):
(hyperref)                removing `math shift' on input line 24815.


Package hyperref Warning: Token not allowed in a PDF string (Unicode):
(hyperref)                removing `math shift' on input line 24815.

[372] [373] [374]
ignored: Infinite glue shrinkage found in box being split [375] [376] [
377]
(C:\Temp\pv-g22yuhaf\out\Integration_and_Transform_Frontiers.aux)
 ***********
LaTeX2e <2025-11-01>
L3 programming layer <2026-03-20>
 ***********
Package rerunfilecheck Info: File `Integration_and_Transform_Frontiers.out' has
 not changed.
(rerunfilecheck)             Checksum: 658FD0177728F6CDAE7BDC7AD416B6E4;180398.

 ) 
Here is how much of TeX's memory you used:
 50806 strings out of 467691
 1073853 string characters out of 5414987
 2499131 words of memory out of 5000000
 74745 multiletter control sequences out of 15000+600000
 827896 words of font info for 618 fonts, out of 8000000 for 9000
 1141 hyphenation exceptions out of 8191
 98i,15n,117p,1091b,2901s stack positions out of 10000i,1000n,20000p,200000b,200000s
<C:/Users/vresh/AppData/Local/Programs/MiKTeX/fonts/type1/public/libertinus-t
ype1/LibertinusMono-Bold.pfb><C:/Users/vresh/AppData/Local/Programs/MiKTeX/font
s/type1/public/libertinus-type1/LibertinusMono-Italic.pfb><C:/Users/vresh/AppDa
ta/Local/Programs/MiKTeX/fonts/type1/public/libertinus-type1/LibertinusMono-Reg
ular.pfb><C:/Users/vresh/AppData/Local/Programs/MiKTeX/fonts/type1/public/liber
tinus-type1/LibertinusSerif-Bold.pfb><C:/Users/vresh/AppData/Local/Programs/MiK
TeX/fonts/type1/public/libertinus-type1/LibertinusSerif-BoldItalic.pfb><C:/User
s/vresh/AppData/Local/Programs/MiKTeX/fonts/type1/public/libertinus-type1/Liber
tinusSerif-Italic.pfb><C:/Users/vresh/AppData/Local/Programs/MiKTeX/fonts/type1
/public/libertinus-type1/LibertinusSerif-Regular.pfb><C:/Users/vresh/AppData/Lo
cal/Programs/MiKTeX/fonts/type1/public/amsfonts/cm/cmbsy10.pfb><C:/Users/vresh/
AppData/Local/Programs/MiKTeX/fonts/type1/public/amsfonts/cm/cmbx10.pfb><C:/Use
rs/vresh/AppData/Local/Programs/MiKTeX/fonts/type1/public/amsfonts/cm/cmex10.pf
b><C:/Users/vresh/AppData/Local/Programs/MiKTeX/fonts/type1/public/amsfonts/cme
xtra/cmex8.pfb><C:/Users/vresh/AppData/Local/Programs/MiKTeX/fonts/type1/public
/amsfonts/cm/cmmi10.pfb><C:/Users/vresh/AppData/Local/Programs/MiKTeX/fonts/typ
e1/public/amsfonts/cm/cmmi12.pfb><C:/Users/vresh/AppData/Local/Programs/MiKTeX/
fonts/type1/public/amsfonts/cm/cmmi5.pfb><C:/Users/vresh/AppData/Local/Programs
/MiKTeX/fonts/type1/public/amsfonts/cm/cmmi6.pfb><C:/Users/vresh/AppData/Local/
Programs/MiKTeX/fonts/type1/public/amsfonts/cm/cmmi7.pfb><C:/Users/vresh/AppDat
a/Local/Programs/MiKTeX/fonts/type1/public/amsfonts/cm/cmmi8.pfb><C:/Users/vres
h/AppData/Local/Programs/MiKTeX/fonts/type1/public/amsfonts/cm/cmmi9.pfb><C:/Us
ers/vresh/AppData/Local/Programs/MiKTeX/fonts/type1/public/amsfonts/cm/cmmib10.
pfb><C:/Users/vresh/AppData/Local/Programs/MiKTeX/fonts/type1/public/amsfonts/c
mextra/cmmib8.pfb><C:/Users/vresh/AppData/Local/Programs/MiKTeX/fonts/type1/pub
lic/amsfonts/cm/cmr10.pfb><C:/Users/vresh/AppData/Local/Programs/MiKTeX/fonts/t
ype1/public/amsfonts/cm/cmr12.pfb><C:/Users/vresh/AppData/Local/Programs/MiKTeX
/fonts/type1/public/amsfonts/cm/cmr5.pfb><C:/Users/vresh/AppData/Local/Programs
/MiKTeX/fonts/type1/public/amsfonts/cm/cmr6.pfb><C:/Users/vresh/AppData/Local/P
rograms/MiKTeX/fonts/type1/public/amsfonts/cm/cmr7.pfb><C:/Users/vresh/AppData/
Local/Programs/MiKTeX/fonts/type1/public/amsfonts/cm/cmr8.pfb><C:/Users/vresh/A
ppData/Local/Programs/MiKTeX/fonts/type1/public/amsfonts/cm/cmr9.pfb><C:/Users/
vresh/AppData/Local/Programs/MiKTeX/fonts/type1/public/amsfonts/cm/cmss10.pfb><
C:/Users/vresh/AppData/Local/Programs/MiKTeX/fonts/type1/public/amsfonts/cm/cms
s8.pfb><C:/Users/vresh/AppData/Local/Programs/MiKTeX/fonts/type1/public/amsfont
s/cm/cmsy10.pfb><C:/Users/vresh/AppData/Local/Programs/MiKTeX/fonts/type1/publi
c/amsfonts/cm/cmsy6.pfb><C:/Users/vresh/AppData/Local/Programs/MiKTeX/fonts/typ
e1/public/amsfonts/cm/cmsy7.pfb><C:/Users/vresh/AppData/Local/Programs/MiKTeX/f
onts/type1/public/amsfonts/cm/cmsy8.pfb><C:/Users/vresh/AppData/Local/Programs/
MiKTeX/fonts/type1/public/amsfonts/cm/cmsy9.pfb><C:/Users/vresh/AppData/Local/P
rograms/MiKTeX/fonts/type1/public/amsfonts/cm/cmtt10.pfb><C:/Users/vresh/AppDat
a/Local/Programs/MiKTeX/fonts/type1/public/amsfonts/euler/eufm10.pfb><C:/Users/
vresh/AppData/Local/Programs/MiKTeX/fonts/type1/public/amsfonts/symbols/msam10.
pfb><C:/Users/vresh/AppData/Local/Programs/MiKTeX/fonts/type1/public/amsfonts/s
ymbols/msbm10.pfb><C:/Users/vresh/AppData/Local/Programs/MiKTeX/fonts/type1/pub
lic/amsfonts/symbols/msbm7.pfb><C:/Users/vresh/AppData/Local/Programs/MiKTeX/fo
nts/type1/public/rsfs/rsfs10.pfb>
Output written on C:\Temp\pv-g22yuhaf\out\Integration_and_Transform_Frontiers.p
df (377 pages, 4452188 bytes).
PDF statistics:
 10048 PDF objects out of 10688 (max. 8388607)
 3759 named destinations out of 4296 (max. 500000)
 109336 words of extra memory for PDF output out of 128383 (max. 10000000)

